filename,y_min,y_max,x_min,x_max,height,width,size
cr1_0001p_00001.cbf,532,563,271,314,31,43,1333
cr1_0001p_00002.cbf,532,563,271,315,31,44,1364
cr1_0001p_00003.cbf,532,563,273,317,31,44,1364
cr1_0001p_00004.cbf,532,562,276,319,30,43,1290
cr1_0001p_00005.cbf,532,562,276,318,30,42,1260
cr1_0001p_00006.cbf,532,562,274,317,30,43,1290
cr1_0001p_00007.cbf,532,563,273,316,31,43,1333
cr1_0001p_00008.cbf,532,563,273,316,31,43,1333
cr1_0002p_00001.cbf,532,563,274,317,31,43,1333
cr1_0002p_00002.cbf,532,563,273,316,31,43,1333
cr1_0002p_00003.cbf,532,563,273,316,31,43,1333
cr1_0002p_00004.cbf,532,563,273,315,31,42,1302
cr1_0002p_00005.cbf,532,563,273,315,31,42,1302
cr1_0002p_00006.cbf,532,563,273,315,31,42,1302
cr1_0002p_00007.cbf,532,562,273,316,30,43,1290
cr1_0002p_00008.cbf,532,562,273,317,30,44,1320
cr1_0003p_00001.cbf,532,562,275,318,30,43,1290
cr1_0003p_00002.cbf,532,563,273,316,31,43,1333
cr1_0003p_00003.cbf,532,562,272,316,30,44,1320
cr1_0003p_00004.cbf,532,562,272,315,30,43,1290
cr1_0003p_00005.cbf,532,562,272,315,30,43,1290
cr1_0003p_00006.cbf,532,562,272,315,30,43,1290
cr1_0003p_00007.cbf,532,562,272,315,30,43,1290
cr1_0003p_00008.cbf,532,562,273,316,30,43,1290
cr1_0004p_00001.cbf,532,562,275,318,30,43,1290
cr1_0004p_00002.cbf,532,562,274,316,30,42,1260
cr1_0004p_00003.cbf,532,562,273,315,30,42,1260
cr1_0004p_00004.cbf,532,562,272,314,30,42,1260
cr1_0004p_00005.cbf,532,562,271,313,30,42,1260
cr1_0004p_00006.cbf,532,562,272,314,30,42,1260
cr1_0004p_00007.cbf,532,562,273,314,30,41,1230
cr1_0004p_00008.cbf,532,562,274,316,30,42,1260
cr1_0005p_00001.cbf,532,562,276,318,30,42,1260
cr1_0005p_00002.cbf,532,562,274,316,30,42,1260
cr1_0005p_00003.cbf,532,562,273,315,30,42,1260
cr1_0005p_00004.cbf,532,562,272,314,30,42,1260
cr1_0005p_00005.cbf,532,562,272,313,30,41,1230
cr1_0005p_00006.cbf,532,562,272,314,30,42,1260
cr1_0005p_00007.cbf,532,562,273,315,30,42,1260
cr1_0005p_00008.cbf,532,562,274,316,30,42,1260
cr1_0006p_00001.cbf,532,562,277,318,30,41,1230
cr1_0006p_00002.cbf,531,562,275,316,31,41,1271
cr1_0006p_00003.cbf,532,562,274,315,30,41,1230
cr1_0006p_00004.cbf,532,562,273,314,30,41,1230
cr1_0006p_00005.cbf,532,562,272,313,30,41,1230
cr1_0006p_00006.cbf,532,562,272,314,30,42,1260
cr1_0006p_00007.cbf,532,562,274,315,30,41,1230
cr1_0006p_00008.cbf,532,562,275,316,30,41,1230
cr1_0007p_00001.cbf,532,562,277,318,30,41,1230
cr1_0007p_00002.cbf,532,562,275,317,30,42,1260
cr1_0007p_00003.cbf,532,562,274,316,30,42,1260
cr1_0007p_00004.cbf,532,562,273,314,30,41,1230
cr1_0007p_00005.cbf,532,562,272,314,30,42,1260
cr1_0007p_00006.cbf,532,562,272,314,30,42,1260
cr1_0007p_00007.cbf,532,562,273,315,30,42,1260
cr1_0007p_00008.cbf,532,562,275,317,30,42,1260
cr1_0008p_00001.cbf,532,562,276,318,30,42,1260
cr1_0008p_00002.cbf,532,562,275,317,30,42,1260
cr1_0008p_00003.cbf,532,562,274,316,30,42,1260
cr1_0008p_00004.cbf,532,561,274,315,29,41,1189
cr1_0008p_00005.cbf,532,561,272,315,29,43,1247
cr1_0008p_00006.cbf,532,562,272,314,30,42,1260
cr1_0008p_00007.cbf,532,562,273,316,30,43,1290
cr1_0008p_00008.cbf,532,562,274,317,30,43,1290
cr1_0009p_00001.cbf,532,562,276,318,30,42,1260
cr1_0009p_00002.cbf,532,562,274,316,30,42,1260
cr1_0009p_00003.cbf,532,562,274,316,30,42,1260
cr1_0009p_00004.cbf,532,562,273,315,30,42,1260
cr1_0009p_00005.cbf,532,561,272,314,29,42,1218
cr1_0009p_00006.cbf,532,561,273,315,29,42,1218
cr1_0009p_00007.cbf,532,561,274,316,29,42,1218
cr1_0009p_00008.cbf,532,562,275,317,30,42,1260
cr1_0010p_00001.cbf,532,562,276,318,30,42,1260
cr1_0010p_00002.cbf,532,561,275,316,29,41,1189
cr1_0010p_00003.cbf,532,561,274,316,29,42,1218
cr1_0010p_00004.cbf,532,561,274,315,29,41,1189
cr1_0010p_00005.cbf,532,561,273,314,29,41,1189
cr1_0010p_00006.cbf,532,561,273,315,29,42,1218
cr1_0010p_00007.cbf,532,561,275,316,29,41,1189
cr1_0010p_00008.cbf,532,561,276,316,29,40,1160
cr1_0011p_00001.cbf,532,561,277,318,29,41,1189
cr1_0011p_00002.cbf,532,561,276,316,29,40,1160
cr1_0011p_00003.cbf,532,561,275,316,29,41,1189
cr1_0011p_00004.cbf,532,561,275,315,29,40,1160
cr1_0011p_00005.cbf,532,560,274,314,28,40,1120
cr1_0011p_00006.cbf,532,561,274,315,29,41,1189
cr1_0011p_00007.cbf,532,561,275,316,29,41,1189
cr1_0011p_00008.cbf,532,561,275,316,29,41,1189
cr1_0012p_00001.cbf,532,561,276,317,29,41,1189
cr1_0012p_00002.cbf,532,561,275,316,29,41,1189
cr1_0012p_00003.cbf,532,561,275,316,29,41,1189
cr1_0012p_00004.cbf,532,561,274,315,29,41,1189
cr1_0012p_00005.cbf,532,561,273,314,29,41,1189
cr1_0012p_00006.cbf,532,561,274,315,29,41,1189
cr1_0012p_00007.cbf,532,561,275,316,29,41,1189
cr1_0012p_00008.cbf,532,561,276,316,29,40,1160
cr1_0013p_00001.cbf,532,561,277,317,29,40,1160
cr1_0013p_00002.cbf,532,561,276,316,29,40,1160
cr1_0013p_00003.cbf,532,561,275,316,29,41,1189
cr1_0013p_00004.cbf,532,561,275,315,29,40,1160
cr1_0013p_00005.cbf,532,561,274,314,29,40,1160
cr1_0013p_00006.cbf,532,561,275,315,29,40,1160
cr1_0013p_00007.cbf,532,561,276,316,29,40,1160
cr1_0013p_00008.cbf,532,561,276,316,29,40,1160
cr1_0014p_00001.cbf,532,561,277,317,29,40,1160
cr1_0014p_00002.cbf,532,561,276,316,29,40,1160
cr1_0014p_00003.cbf,532,561,276,316,29,40,1160
cr1_0014p_00004.cbf,532,561,275,315,29,40,1160
cr1_0014p_00005.cbf,532,561,274,314,29,40,1160
cr1_0014p_00006.cbf,532,561,275,315,29,40,1160
cr1_0014p_00007.cbf,532,561,277,316,29,39,1131
cr1_0014p_00008.cbf,532,561,277,317,29,40,1160
cr1_0015p_00001.cbf,533,561,277,317,28,40,1120
cr1_0015p_00002.cbf,532,561,276,316,29,40,1160
cr1_0015p_00003.cbf,532,561,276,316,29,40,1160
cr1_0015p_00004.cbf,532,560,276,316,28,40,1120
cr1_0015p_00005.cbf,532,560,274,314,28,40,1120
cr1_0015p_00006.cbf,532,560,276,316,28,40,1120
cr1_0015p_00007.cbf,532,560,277,317,28,40,1120
cr1_0015p_00008.cbf,532,561,277,317,29,40,1160
cr1_0016p_00001.cbf,532,561,278,317,29,39,1131
cr1_0016p_00002.cbf,532,561,277,317,29,40,1160
cr1_0016p_00003.cbf,532,561,277,316,29,39,1131
cr1_0016p_00004.cbf,532,560,277,316,28,39,1092
cr1_0016p_00005.cbf,532,560,276,316,28,40,1120
cr1_0016p_00006.cbf,532,560,277,316,28,39,1092
cr1_0016p_00007.cbf,532,561,278,317,29,39,1131
cr1_0016p_00008.cbf,532,561,278,317,29,39,1131
cr1_0017p_00001.cbf,532,561,278,317,29,39,1131
cr1_0017p_00002.cbf,532,561,277,317,29,40,1160
cr1_0017p_00003.cbf,532,561,278,317,29,39,1131
cr1_0017p_00004.cbf,532,561,277,317,29,40,1160
cr1_0017p_00005.cbf,532,560,276,316,28,40,1120
cr1_0017p_00006.cbf,532,560,277,317,28,40,1120
cr1_0017p_00007.cbf,532,561,278,318,29,40,1160
cr1_0017p_00008.cbf,532,561,278,318,29,40,1160
cr1_0018p_00001.cbf,532,561,278,317,29,39,1131
cr1_0018p_00002.cbf,532,561,277,317,29,40,1160
cr1_0018p_00003.cbf,532,561,277,317,29,40,1160
cr1_0018p_00004.cbf,532,560,277,317,28,40,1120
cr1_0018p_00005.cbf,532,560,277,317,28,40,1120
cr1_0018p_00006.cbf,532,560,278,317,28,39,1092
cr1_0018p_00007.cbf,532,561,279,318,29,39,1131
cr1_0018p_00008.cbf,532,561,278,318,29,40,1160
cr1_0019p_00001.cbf,532,561,278,318,29,40,1160
cr1_0019p_00002.cbf,532,561,278,317,29,39,1131
cr1_0019p_00003.cbf,532,561,278,317,29,39,1131
cr1_0019p_00004.cbf,532,561,278,318,29,40,1160
cr1_0019p_00005.cbf,532,560,277,317,28,40,1120
cr1_0019p_00006.cbf,532,561,278,318,29,40,1160
cr1_0019p_00007.cbf,532,561,279,318,29,39,1131
cr1_0019p_00008.cbf,532,561,279,318,29,39,1131
cr1_0020p_00001.cbf,532,561,278,318,29,40,1160
cr1_0020p_00002.cbf,532,561,278,317,29,39,1131
cr1_0020p_00003.cbf,532,561,278,318,29,40,1160
cr1_0020p_00004.cbf,532,560,278,318,28,40,1120
cr1_0020p_00005.cbf,532,561,278,317,29,39,1131
cr1_0020p_00006.cbf,532,560,279,319,28,40,1120
cr1_0020p_00007.cbf,532,560,279,319,28,40,1120
cr1_0020p_00008.cbf,532,560,279,318,28,39,1092
cr1_0021p_00001.cbf,532,561,278,318,29,40,1160
cr1_0021p_00002.cbf,532,561,278,318,29,40,1160
cr1_0021p_00003.cbf,532,560,278,318,28,40,1120
cr1_0021p_00004.cbf,532,560,278,318,28,40,1120
cr1_0021p_00005.cbf,532,560,278,317,28,39,1092
cr1_0021p_00006.cbf,532,560,279,319,28,40,1120
cr1_0021p_00007.cbf,532,561,280,319,29,39,1131
cr1_0021p_00008.cbf,532,561,279,318,29,39,1131
cr1_0022p_00001.cbf,533,561,278,317,28,39,1092
cr1_0022p_00002.cbf,532,561,278,317,29,39,1131
cr1_0022p_00003.cbf,532,561,278,318,29,40,1160
cr1_0022p_00004.cbf,532,560,279,318,28,39,1092
cr1_0022p_00005.cbf,532,560,278,317,28,39,1092
cr1_0022p_00006.cbf,532,560,279,318,28,39,1092
cr1_0022p_00007.cbf,532,560,279,319,28,40,1120
cr1_0022p_00008.cbf,532,561,279,318,29,39,1131
cr1_0023p_00001.cbf,532,561,278,317,29,39,1131
cr1_0023p_00002.cbf,532,561,278,317,29,39,1131
cr1_0023p_00003.cbf,532,560,279,318,28,39,1092
cr1_0023p_00004.cbf,532,560,279,319,28,40,1120
cr1_0023p_00005.cbf,532,560,278,318,28,40,1120
cr1_0023p_00006.cbf,532,561,279,319,29,40,1160
cr1_0023p_00007.cbf,532,561,279,319,29,40,1160
cr1_0023p_00008.cbf,533,561,279,318,28,39,1092
cr1_0024p_00001.cbf,533,561,278,318,28,40,1120
cr1_0024p_00002.cbf,532,561,278,318,29,40,1160
cr1_0024p_00003.cbf,532,561,279,319,29,40,1160
cr1_0024p_00004.cbf,532,561,279,319,29,40,1160
cr1_0024p_00005.cbf,532,561,278,318,29,40,1160
cr1_0024p_00006.cbf,532,561,279,319,29,40,1160
cr1_0024p_00007.cbf,532,561,279,320,29,41,1189
cr1_0024p_00008.cbf,532,562,278,319,30,41,1230
cr1_0025p_00001.cbf,532,562,277,318,30,41,1230
cr1_0025p_00002.cbf,532,561,278,318,29,40,1160
cr1_0025p_00003.cbf,532,561,279,319,29,40,1160
cr1_0025p_00004.cbf,532,561,279,319,29,40,1160
cr1_0025p_00005.cbf,532,561,277,318,29,41,1189
cr1_0025p_00006.cbf,532,562,278,319,30,41,1230
cr1_0025p_00007.cbf,532,562,278,319,30,41,1230
cr1_0025p_00008.cbf,532,562,278,318,30,40,1200
cr1_0026p_00001.cbf,533,562,277,318,29,41,1189
cr1_0026p_00002.cbf,532,561,278,318,29,40,1160
cr1_0026p_00003.cbf,532,561,278,319,29,41,1189
cr1_0026p_00004.cbf,532,561,278,319,29,41,1189
cr1_0026p_00005.cbf,533,562,276,317,29,41,1189
cr1_0026p_00006.cbf,532,562,277,318,30,41,1230
cr1_0026p_00007.cbf,532,562,278,318,30,40,1200
cr1_0026p_00008.cbf,533,562,277,318,29,41,1189
cr1_0027p_00001.cbf,533,562,277,318,29,41,1189
cr1_0027p_00002.cbf,533,561,278,318,28,40,1120
cr1_0027p_00003.cbf,532,561,278,319,29,41,1189
cr1_0027p_00004.cbf,532,561,278,318,29,40,1160
cr1_0027p_00005.cbf,532,561,276,316,29,40,1160
cr1_0027p_00006.cbf,533,562,276,317,29,41,1189
cr1_0027p_00007.cbf,533,562,277,318,29,41,1189
cr1_0027p_00008.cbf,532,562,277,318,30,41,1230
cr1_0028p_00001.cbf,533,562,277,318,29,41,1189
cr1_0028p_00002.cbf,533,561,278,318,28,40,1120
cr1_0028p_00003.cbf,532,561,278,318,29,40,1160
cr1_0028p_00004.cbf,532,561,277,318,29,41,1189
cr1_0028p_00005.cbf,532,561,275,316,29,41,1189
cr1_0028p_00006.cbf,533,562,276,317,29,41,1189
cr1_0028p_00007.cbf,532,562,277,318,30,41,1230
cr1_0028p_00008.cbf,533,562,278,318,29,40,1160
cr1_0029p_00001.cbf,533,562,277,318,29,41,1189
cr1_0029p_00002.cbf,532,561,278,318,29,40,1160
cr1_0029p_00003.cbf,532,561,278,318,29,40,1160
cr1_0029p_00004.cbf,533,561,277,318,28,41,1148
cr1_0029p_00005.cbf,532,561,275,316,29,41,1189
cr1_0029p_00006.cbf,532,561,277,318,29,41,1189
cr1_0029p_00007.cbf,533,562,278,319,29,41,1189
cr1_0029p_00008.cbf,533,562,278,318,29,40,1160
cr1_0030p_00001.cbf,533,562,278,318,29,40,1160
cr1_0030p_00002.cbf,533,562,278,318,29,40,1160
cr1_0030p_00003.cbf,532,561,278,318,29,40,1160
cr1_0030p_00004.cbf,532,561,277,318,29,41,1189
cr1_0030p_00005.cbf,533,562,275,316,29,41,1189
cr1_0030p_00006.cbf,533,562,277,318,29,41,1189
cr1_0030p_00007.cbf,533,562,278,319,29,41,1189
cr1_0030p_00008.cbf,533,562,278,318,29,40,1160
cr1_0031p_00001.cbf,533,562,278,318,29,40,1160
cr1_0031p_00002.cbf,533,561,278,318,28,40,1120
cr1_0031p_00003.cbf,533,561,278,318,28,40,1120
cr1_0031p_00004.cbf,533,561,277,317,28,40,1120
cr1_0031p_00005.cbf,533,561,275,316,28,41,1148
cr1_0031p_00006.cbf,533,561,277,318,28,41,1148
cr1_0031p_00007.cbf,532,562,278,319,30,41,1230
cr1_0031p_00008.cbf,533,562,278,318,29,40,1160
cr1_0032p_00001.cbf,533,562,278,318,29,40,1160
cr1_0032p_00002.cbf,533,562,278,318,29,40,1160
cr1_0032p_00003.cbf,532,561,277,317,29,40,1160
cr1_0032p_00004.cbf,532,561,277,317,29,40,1160
cr1_0032p_00005.cbf,533,561,275,316,28,41,1148
cr1_0032p_00006.cbf,533,562,277,317,29,40,1160
cr1_0032p_00007.cbf,532,562,278,318,30,40,1200
cr1_0032p_00008.cbf,533,562,278,318,29,40,1160
cr1_0033p_00001.cbf,533,562,278,318,29,40,1160
cr1_0033p_00002.cbf,533,562,278,318,29,40,1160
cr1_0033p_00003.cbf,532,562,277,317,30,40,1200
cr1_0033p_00004.cbf,533,561,276,316,28,40,1120
cr1_0033p_00005.cbf,533,562,275,316,29,41,1189
cr1_0033p_00006.cbf,533,562,276,317,29,41,1189
cr1_0033p_00007.cbf,533,562,278,318,29,40,1160
cr1_0033p_00008.cbf,533,562,278,318,29,40,1160
cr1_0034p_00001.cbf,533,562,278,319,29,41,1189
cr1_0034p_00002.cbf,533,562,278,318,29,40,1160
cr1_0034p_00003.cbf,533,562,277,317,29,40,1160
cr1_0034p_00004.cbf,533,561,276,316,28,40,1120
cr1_0034p_00005.cbf,533,561,275,315,28,40,1120
cr1_0034p_00006.cbf,533,562,277,317,29,40,1160
cr1_0034p_00007.cbf,532,562,278,318,30,40,1200
cr1_0034p_00008.cbf,533,562,278,319,29,41,1189
cr1_0035p_00001.cbf,533,562,279,319,29,40,1160
cr1_0035p_00002.cbf,533,562,278,318,29,40,1160
cr1_0035p_00003.cbf,532,562,277,317,30,40,1200
cr1_0035p_00004.cbf,532,562,276,316,30,40,1200
cr1_0035p_00005.cbf,533,561,275,316,28,41,1148
cr1_0035p_00006.cbf,533,562,277,317,29,40,1160
cr1_0035p_00007.cbf,532,562,278,319,30,41,1230
cr1_0035p_00008.cbf,533,562,279,319,29,40,1160
cr1_0036p_00001.cbf,533,562,279,319,29,40,1160
cr1_0036p_00002.cbf,533,562,279,318,29,39,1131
cr1_0036p_00003.cbf,532,562,277,317,30,40,1200
cr1_0036p_00004.cbf,532,561,276,316,29,40,1160
cr1_0036p_00005.cbf,532,561,275,316,29,41,1189
cr1_0036p_00006.cbf,532,561,278,318,29,40,1160
cr1_0036p_00007.cbf,532,561,279,319,29,40,1160
cr1_0036p_00008.cbf,533,562,279,319,29,40,1160
cr1_0037p_00001.cbf,532,562,279,319,30,40,1200
cr1_0037p_00002.cbf,532,562,279,318,30,39,1170
cr1_0037p_00003.cbf,532,561,278,318,29,40,1160
cr1_0037p_00004.cbf,532,561,276,316,29,40,1160
cr1_0037p_00005.cbf,532,561,276,317,29,41,1189
cr1_0037p_00006.cbf,532,561,279,319,29,40,1160
cr1_0037p_00007.cbf,532,562,280,320,30,40,1200
cr1_0037p_00008.cbf,533,562,280,319,29,39,1131
cr1_0038p_00001.cbf,532,562,279,319,30,40,1200
cr1_0038p_00002.cbf,532,562,279,318,30,39,1170
cr1_0038p_00003.cbf,532,561,278,318,29,40,1160
cr1_0038p_00004.cbf,533,561,277,317,28,40,1120
cr1_0038p_00005.cbf,532,561,277,317,29,40,1160
cr1_0038p_00006.cbf,532,561,279,319,29,40,1160
cr1_0038p_00007.cbf,532,561,280,320,29,40,1160
cr1_0038p_00008.cbf,532,562,280,319,30,39,1170
cr1_0039p_00001.cbf,532,562,279,319,30,40,1200
cr1_0039p_00002.cbf,532,561,279,318,29,39,1131
cr1_0039p_00003.cbf,533,561,278,318,28,40,1120
cr1_0039p_00004.cbf,532,561,277,317,29,40,1160
cr1_0039p_00005.cbf,533,561,277,317,28,40,1120
cr1_0039p_00006.cbf,532,561,279,319,29,40,1160
cr1_0039p_00007.cbf,532,561,280,320,29,40,1160
cr1_0039p_00008.cbf,532,561,279,319,29,40,1160
cr1_0040p_00001.cbf,533,562,280,319,29,39,1131
cr1_0040p_00002.cbf,532,562,279,318,30,39,1170
cr1_0040p_00003.cbf,532,561,278,318,29,40,1160
cr1_0040p_00004.cbf,532,561,278,317,29,39,1131
cr1_0040p_00005.cbf,532,561,278,318,29,40,1160
cr1_0040p_00006.cbf,532,561,279,319,29,40,1160
cr1_0040p_00007.cbf,532,561,280,320,29,40,1160
cr1_0040p_00008.cbf,532,562,279,319,30,40,1200
cr1_0041p_00001.cbf,532,562,279,319,30,40,1200
cr1_0041p_00002.cbf,532,561,279,318,29,39,1131
cr1_0041p_00003.cbf,532,561,278,318,29,40,1160
cr1_0041p_00004.cbf,532,561,278,318,29,40,1160
cr1_0041p_00005.cbf,532,561,278,318,29,40,1160
cr1_0041p_00006.cbf,532,561,280,320,29,40,1160
cr1_0041p_00007.cbf,532,561,280,320,29,40,1160
cr1_0041p_00008.cbf,532,561,279,319,29,40,1160
cr1_0042p_00001.cbf,532,562,279,318,30,39,1170
cr1_0042p_00002.cbf,532,561,279,318,29,39,1131
cr1_0042p_00003.cbf,532,561,279,319,29,40,1160
cr1_0042p_00004.cbf,532,561,280,319,29,39,1131
cr1_0042p_00005.cbf,532,561,279,320,29,41,1189
cr1_0042p_00006.cbf,532,561,280,320,29,40,1160
cr1_0042p_00007.cbf,532,561,280,320,29,40,1160
cr1_0042p_00008.cbf,533,562,279,318,29,39,1131
cr1_0043p_00001.cbf,533,562,278,318,29,40,1160
cr1_0043p_00002.cbf,532,561,279,319,29,40,1160
cr1_0043p_00003.cbf,532,561,279,319,29,40,1160
cr1_0043p_00004.cbf,532,561,280,320,29,40,1160
cr1_0043p_00005.cbf,532,561,280,320,29,40,1160
cr1_0043p_00006.cbf,532,561,280,320,29,40,1160
cr1_0043p_00007.cbf,532,561,280,320,29,40,1160
cr1_0043p_00008.cbf,532,562,278,318,30,40,1200
cr1_0044p_00001.cbf,532,562,278,318,30,40,1200
cr1_0044p_00002.cbf,532,561,279,319,29,40,1160
cr1_0044p_00003.cbf,532,561,279,319,29,40,1160
cr1_0044p_00004.cbf,532,561,280,320,29,40,1160
cr1_0044p_00005.cbf,532,561,280,320,29,40,1160
cr1_0044p_00006.cbf,532,561,280,320,29,40,1160
cr1_0044p_00007.cbf,532,561,281,320,29,39,1131
cr1_0044p_00008.cbf,532,561,279,319,29,40,1160
cr1_0045p_00001.cbf,533,562,279,318,29,39,1131
cr1_0045p_00002.cbf,532,561,279,319,29,40,1160
cr1_0045p_00003.cbf,532,561,279,319,29,40,1160
cr1_0045p_00004.cbf,532,561,280,319,29,39,1131
cr1_0045p_00005.cbf,532,561,280,320,29,40,1160
cr1_0045p_00006.cbf,532,561,281,321,29,40,1160
cr1_0045p_00007.cbf,532,561,281,321,29,40,1160
cr1_0045p_00008.cbf,532,561,279,319,29,40,1160
cr1_0046p_00001.cbf,532,561,279,318,29,39,1131
cr1_0046p_00002.cbf,532,561,279,319,29,40,1160
cr1_0046p_00003.cbf,532,561,279,319,29,40,1160
cr1_0046p_00004.cbf,532,560,280,320,28,40,1120
cr1_0046p_00005.cbf,532,560,280,320,28,40,1120
cr1_0046p_00006.cbf,532,561,282,321,29,39,1131
cr1_0046p_00007.cbf,532,561,281,321,29,40,1160
cr1_0046p_00008.cbf,532,561,279,319,29,40,1160
cr1_0047p_00001.cbf,532,561,279,319,29,40,1160
cr1_0047p_00002.cbf,532,561,279,319,29,40,1160
cr1_0047p_00003.cbf,532,561,280,319,29,39,1131
cr1_0047p_00004.cbf,532,560,281,320,28,39,1092
cr1_0047p_00005.cbf,532,560,281,322,28,41,1148
cr1_0047p_00006.cbf,532,561,283,323,29,40,1160
cr1_0047p_00007.cbf,532,561,282,322,29,40,1160
cr1_0047p_00008.cbf,532,561,280,319,29,39,1131
cr1_0048p_00001.cbf,532,561,279,319,29,40,1160
cr1_0048p_00002.cbf,532,561,279,319,29,40,1160
cr1_0048p_00003.cbf,532,561,280,320,29,40,1160
cr1_0048p_00004.cbf,532,561,281,321,29,40,1160
cr1_0048p_00005.cbf,532,561,282,322,29,40,1160
cr1_0048p_00006.cbf,532,561,283,323,29,40,1160
cr1_0048p_00007.cbf,532,561,283,323,29,40,1160
cr1_0048p_00008.cbf,533,562,281,320,29,39,1131
cr1_0049p_00001.cbf,533,562,279,319,29,40,1160
cr1_0049p_00002.cbf,533,562,280,319,29,39,1131
cr1_0049p_00003.cbf,533,561,281,320,28,39,1092
cr1_0049p_00004.cbf,532,561,282,322,29,40,1160
cr1_0049p_00005.cbf,532,561,282,322,29,40,1160
cr1_0049p_00006.cbf,532,562,283,323,30,40,1200
cr1_0049p_00007.cbf,533,562,282,322,29,40,1160
cr1_0049p_00008.cbf,533,562,281,320,29,39,1131
cr1_0050p_00001.cbf,533,562,280,320,29,40,1160
cr1_0050p_00002.cbf,533,562,280,320,29,40,1160
cr1_0050p_00003.cbf,533,562,280,320,29,40,1160
cr1_0050p_00004.cbf,533,561,281,321,28,40,1120
cr1_0050p_00005.cbf,533,562,281,321,29,40,1160
cr1_0050p_00006.cbf,533,562,282,322,29,40,1160
cr1_0050p_00007.cbf,533,562,282,322,29,40,1160
cr1_0050p_00008.cbf,533,562,281,320,29,39,1131
cr1_0051p_00001.cbf,533,562,280,320,29,40,1160
cr1_0051p_00002.cbf,533,562,280,320,29,40,1160
cr1_0051p_00003.cbf,533,562,280,320,29,40,1160
cr1_0051p_00004.cbf,533,561,281,321,28,40,1120
cr1_0051p_00005.cbf,533,562,280,320,29,40,1160
cr1_0051p_00006.cbf,533,562,282,321,29,39,1131
cr1_0051p_00007.cbf,533,562,282,322,29,40,1160
cr1_0051p_00008.cbf,533,562,281,321,29,40,1160
cr1_0052p_00001.cbf,533,562,281,321,29,40,1160
cr1_0052p_00002.cbf,533,562,280,320,29,40,1160
cr1_0052p_00003.cbf,533,562,280,320,29,40,1160
cr1_0052p_00004.cbf,533,562,280,320,29,40,1160
cr1_0052p_00005.cbf,533,563,280,320,30,40,1200
cr1_0052p_00006.cbf,533,563,281,321,30,40,1200
cr1_0052p_00007.cbf,533,563,282,322,30,40,1200
cr1_0052p_00008.cbf,533,563,282,321,30,39,1170
cr1_0053p_00001.cbf,533,563,282,321,30,39,1170
cr1_0053p_00002.cbf,533,563,281,321,30,40,1200
cr1_0053p_00003.cbf,533,562,281,320,29,39,1131
cr1_0053p_00004.cbf,533,562,280,320,29,40,1160
cr1_0053p_00005.cbf,533,562,280,320,29,40,1160
cr1_0053p_00006.cbf,533,563,281,321,30,40,1200
cr1_0053p_00007.cbf,533,563,282,321,30,39,1170
cr1_0053p_00008.cbf,533,563,282,321,30,39,1170
cr1_0054p_00001.cbf,533,563,281,321,30,40,1200
cr1_0054p_00002.cbf,533,563,282,320,30,38,1140
cr1_0054p_00003.cbf,533,562,281,320,29,39,1131
cr1_0054p_00004.cbf,533,562,281,320,29,39,1131
cr1_0054p_00005.cbf,533,562,282,320,29,38,1102
cr1_0054p_00006.cbf,533,562,283,322,29,39,1131
cr1_0054p_00007.cbf,533,562,283,322,29,39,1131
cr1_0054p_00008.cbf,533,563,282,321,30,39,1170
cr1_0055p_00001.cbf,533,563,282,321,30,39,1170
cr1_0055p_00002.cbf,533,563,282,321,30,39,1170
cr1_0055p_00003.cbf,533,562,282,320,29,38,1102
cr1_0055p_00004.cbf,533,562,282,321,29,39,1131
cr1_0055p_00005.cbf,533,562,283,321,29,38,1102
cr1_0055p_00006.cbf,533,562,284,322,29,38,1102
cr1_0055p_00007.cbf,533,562,284,322,29,38,1102
cr1_0055p_00008.cbf,533,563,282,321,30,39,1170
cr1_0056p_00001.cbf,533,563,283,321,30,38,1140
cr1_0056p_00002.cbf,533,563,283,321,30,38,1140
cr1_0056p_00003.cbf,533,562,283,321,29,38,1102
cr1_0056p_00004.cbf,532,562,284,322,30,38,1140
cr1_0056p_00005.cbf,532,562,285,323,30,38,1140
cr1_0056p_00006.cbf,532,562,285,323,30,38,1140
cr1_0056p_00007.cbf,533,562,285,323,29,38,1102
cr1_0056p_00008.cbf,533,563,283,321,30,38,1140
cr1_0057p_00001.cbf,533,563,283,320,30,37,1110
cr1_0057p_00002.cbf,533,563,283,321,30,38,1140
cr1_0057p_00003.cbf,532,562,284,322,30,38,1140
cr1_0057p_00004.cbf,532,562,285,323,30,38,1140
cr1_0057p_00005.cbf,532,562,286,324,30,38,1140
cr1_0057p_00006.cbf,532,562,286,323,30,37,1110
cr1_0057p_00007.cbf,533,562,285,323,29,38,1102
cr1_0057p_00008.cbf,533,563,283,321,30,38,1140
cr1_0058p_00001.cbf,533,563,283,320,30,37,1110
cr1_0058p_00002.cbf,533,563,283,321,30,38,1140
cr1_0058p_00003.cbf,533,562,284,321,29,37,1073
cr1_0058p_00004.cbf,532,562,285,322,30,37,1110
cr1_0058p_00005.cbf,532,561,285,323,29,38,1102
cr1_0058p_00006.cbf,532,562,285,323,30,38,1140
cr1_0058p_00007.cbf,533,562,285,322,29,37,1073
cr1_0058p_00008.cbf,533,563,283,321,30,38,1140
cr1_0059p_00001.cbf,533,563,283,320,30,37,1110
cr1_0059p_00002.cbf,533,562,283,321,29,38,1102
cr1_0059p_00003.cbf,533,562,284,321,29,37,1073
cr1_0059p_00004.cbf,532,562,285,322,30,37,1110
cr1_0059p_00005.cbf,532,561,286,323,29,37,1073
cr1_0059p_00006.cbf,533,562,286,324,29,38,1102
cr1_0059p_00007.cbf,532,562,285,323,30,38,1140
cr1_0059p_00008.cbf,533,562,283,321,29,38,1102
cr1_0060p_00001.cbf,532,563,283,320,31,37,1147
cr1_0060p_00002.cbf,533,563,283,321,30,38,1140
cr1_0060p_00003.cbf,532,562,284,321,30,37,1110
cr1_0060p_00004.cbf,533,562,285,323,29,38,1102
cr1_0060p_00005.cbf,533,562,286,324,29,38,1102
cr1_0060p_00006.cbf,532,562,285,323,30,38,1140
cr1_0060p_00007.cbf,533,562,285,323,29,38,1102
cr1_0060p_00008.cbf,533,563,283,321,30,38,1140
cr1_0061p_00001.cbf,533,563,283,320,30,37,1110
cr1_0061p_00002.cbf,532,563,284,321,31,37,1147
cr1_0061p_00003.cbf,533,562,284,321,29,37,1073
cr1_0061p_00004.cbf,532,562,285,322,30,37,1110
cr1_0061p_00005.cbf,533,562,285,323,29,38,1102
cr1_0061p_00006.cbf,533,562,285,323,29,38,1102
cr1_0061p_00007.cbf,533,562,285,323,29,38,1102
cr1_0061p_00008.cbf,533,563,283,321,30,38,1140
cr1_0062p_00001.cbf,533,563,283,321,30,38,1140
cr1_0062p_00002.cbf,532,563,284,322,31,38,1178
cr1_0062p_00003.cbf,533,562,284,322,29,38,1102
cr1_0062p_00004.cbf,532,562,285,322,30,37,1110
cr1_0062p_00005.cbf,533,562,285,323,29,38,1102
cr1_0062p_00006.cbf,532,562,285,323,30,38,1140
cr1_0062p_00007.cbf,533,562,285,322,29,37,1073
cr1_0062p_00008.cbf,533,563,283,321,30,38,1140
cr1_0063p_00001.cbf,533,563,284,322,30,38,1140
cr1_0063p_00002.cbf,533,563,284,322,30,38,1140
cr1_0063p_00003.cbf,533,562,284,322,29,38,1102
cr1_0063p_00004.cbf,533,562,285,322,29,37,1073
cr1_0063p_00005.cbf,533,562,285,322,29,37,1073
cr1_0063p_00006.cbf,533,562,285,323,29,38,1102
cr1_0063p_00007.cbf,533,562,285,323,29,38,1102
cr1_0063p_00008.cbf,533,563,283,321,30,38,1140
cr1_0064p_00001.cbf,533,564,284,322,31,38,1178
cr1_0064p_00002.cbf,533,563,284,322,30,38,1140
cr1_0064p_00003.cbf,533,563,285,322,30,37,1110
cr1_0064p_00004.cbf,533,562,285,322,29,37,1073
cr1_0064p_00005.cbf,533,561,285,323,28,38,1064
cr1_0064p_00006.cbf,532,562,285,323,30,38,1140
cr1_0064p_00007.cbf,533,562,285,323,29,38,1102
cr1_0064p_00008.cbf,533,563,284,322,30,38,1140
cr1_0065p_00001.cbf,533,563,284,322,30,38,1140
cr1_0065p_00002.cbf,533,563,285,322,30,37,1110
cr1_0065p_00003.cbf,533,563,285,322,30,37,1110
cr1_0065p_00004.cbf,532,561,285,323,29,38,1102
cr1_0065p_00005.cbf,533,562,286,323,29,37,1073
cr1_0065p_00006.cbf,533,563,286,323,30,37,1110
cr1_0065p_00007.cbf,533,562,285,323,29,38,1102
cr1_0065p_00008.cbf,533,564,284,322,31,38,1178
cr1_0066p_00001.cbf,533,563,285,323,30,38,1140
cr1_0066p_00002.cbf,533,563,285,323,30,38,1140
cr1_0066p_00003.cbf,533,563,285,323,30,38,1140
cr1_0066p_00004.cbf,533,562,285,323,29,38,1102
cr1_0066p_00005.cbf,533,562,285,322,29,37,1073
cr1_0066p_00006.cbf,533,563,285,322,30,37,1110
cr1_0066p_00007.cbf,533,563,285,323,30,38,1140
cr1_0066p_00008.cbf,533,564,284,322,31,38,1178
cr1_0067p_00001.cbf,533,564,285,323,31,38,1178
cr1_0067p_00002.cbf,533,564,285,323,31,38,1178
cr1_0067p_00003.cbf,533,563,285,323,30,38,1140
cr1_0067p_00004.cbf,533,562,284,322,29,38,1102
cr1_0067p_00005.cbf,533,563,284,321,30,37,1110
cr1_0067p_00006.cbf,533,563,284,322,30,38,1140
cr1_0067p_00007.cbf,533,563,285,323,30,38,1140
cr1_0067p_00008.cbf,533,564,284,323,31,39,1209
cr1_0068p_00001.cbf,533,564,285,323,31,38,1178
cr1_0068p_00002.cbf,533,563,285,323,30,38,1140
cr1_0068p_00003.cbf,533,563,285,323,30,38,1140
cr1_0068p_00004.cbf,533,562,284,322,29,38,1102
cr1_0068p_00005.cbf,533,562,284,321,29,37,1073
cr1_0068p_00006.cbf,533,562,285,322,29,37,1073
cr1_0068p_00007.cbf,533,563,285,323,30,38,1140
cr1_0068p_00008.cbf,533,564,285,323,31,38,1178
cr1_0069p_00001.cbf,533,564,285,324,31,39,1209
cr1_0069p_00002.cbf,533,564,285,323,31,38,1178
cr1_0069p_00003.cbf,533,563,285,323,30,38,1140
cr1_0069p_00004.cbf,533,562,285,322,29,37,1073
cr1_0069p_00005.cbf,533,562,285,322,29,37,1073
cr1_0069p_00006.cbf,533,562,285,323,29,38,1102
cr1_0069p_00007.cbf,533,563,285,323,30,38,1140
cr1_0069p_00008.cbf,533,564,285,323,31,38,1178
cr1_0070p_00001.cbf,533,564,286,324,31,38,1178
cr1_0070p_00002.cbf,533,564,285,323,31,38,1178
cr1_0070p_00003.cbf,533,563,285,323,30,38,1140
cr1_0070p_00004.cbf,533,562,285,323,29,38,1102
cr1_0070p_00005.cbf,533,562,286,324,29,38,1102
cr1_0070p_00006.cbf,533,562,286,324,29,38,1102
cr1_0070p_00007.cbf,533,563,286,324,30,38,1140
cr1_0070p_00008.cbf,533,564,285,323,31,38,1178
cr1_0071p_00001.cbf,533,564,286,324,31,38,1178
cr1_0071p_00002.cbf,533,564,286,323,31,37,1147
cr1_0071p_00003.cbf,533,564,285,323,31,38,1178
cr1_0071p_00004.cbf,533,563,285,322,30,37,1110
cr1_0071p_00005.cbf,533,563,284,322,30,38,1140
cr1_0071p_00006.cbf,533,563,284,322,30,38,1140
cr1_0071p_00007.cbf,533,563,285,323,30,38,1140
cr1_0071p_00008.cbf,533,563,285,323,30,38,1140
cr1_0072p_00001.cbf,533,564,286,324,31,38,1178
cr1_0072p_00002.cbf,533,564,285,323,31,38,1178
cr1_0072p_00003.cbf,533,563,285,323,30,38,1140
cr1_0072p_00004.cbf,533,562,284,321,29,37,1073
cr1_0072p_00005.cbf,533,563,283,321,30,38,1140
cr1_0072p_00006.cbf,533,562,284,322,29,38,1102
cr1_0072p_00007.cbf,533,563,285,323,30,38,1140
cr1_0072p_00008.cbf,533,563,285,323,30,38,1140
cr1_0073p_00001.cbf,533,564,286,324,31,38,1178
cr1_0073p_00002.cbf,533,564,285,323,31,38,1178
cr1_0073p_00003.cbf,533,564,284,322,31,38,1178
cr1_0073p_00004.cbf,533,562,283,321,29,38,1102
cr1_0073p_00005.cbf,533,563,283,320,30,37,1110
cr1_0073p_00006.cbf,533,562,284,321,29,37,1073
cr1_0073p_00007.cbf,533,562,285,323,29,38,1102
cr1_0073p_00008.cbf,533,563,285,323,30,38,1140
cr1_0074p_00001.cbf,533,564,286,324,31,38,1178
cr1_0074p_00002.cbf,533,564,285,323,31,38,1178
cr1_0074p_00003.cbf,533,564,284,322,31,38,1178
cr1_0074p_00004.cbf,533,563,283,320,30,37,1110
cr1_0074p_00005.cbf,533,563,282,320,30,38,1140
cr1_0074p_00006.cbf,533,562,284,322,29,38,1102
cr1_0074p_00007.cbf,533,563,285,323,30,38,1140
cr1_0074p_00008.cbf,533,563,285,324,30,39,1170
cr1_0075p_00001.cbf,533,564,286,325,31,39,1209
cr1_0075p_00002.cbf,533,564,285,323,31,38,1178
cr1_0075p_00003.cbf,533,563,284,322,30,38,1140
cr1_0075p_00004.cbf,533,563,283,321,30,38,1140
cr1_0075p_00005.cbf,533,562,282,320,29,38,1102
cr1_0075p_00006.cbf,533,563,284,322,30,38,1140
cr1_0075p_00007.cbf,533,563,285,323,30,38,1140
cr1_0075p_00008.cbf,533,563,285,323,30,38,1140
cr1_0076p_00001.cbf,533,564,286,324,31,38,1178
cr1_0076p_00002.cbf,533,563,285,323,30,38,1140
cr1_0076p_00003.cbf,533,562,284,322,29,38,1102
cr1_0076p_00004.cbf,533,562,284,321,29,37,1073
cr1_0076p_00005.cbf,533,561,285,323,28,38,1064
cr1_0076p_00006.cbf,533,562,286,323,29,37,1073
cr1_0076p_00007.cbf,533,562,286,324,29,38,1102
cr1_0076p_00008.cbf,533,562,285,323,29,38,1102
cr1_0077p_00001.cbf,533,563,286,324,30,38,1140
cr1_0077p_00002.cbf,533,563,285,323,30,38,1140
cr1_0077p_00003.cbf,532,562,286,324,30,38,1140
cr1_0077p_00004.cbf,533,562,287,324,29,37,1073
cr1_0077p_00005.cbf,532,561,288,325,29,37,1073
cr1_0077p_00006.cbf,532,561,288,326,29,38,1102
cr1_0077p_00007.cbf,532,562,287,325,30,38,1140
cr1_0077p_00008.cbf,533,563,286,324,30,38,1140
cr1_0078p_00001.cbf,532,563,286,324,31,38,1178
cr1_0078p_00002.cbf,533,563,286,324,30,38,1140
cr1_0078p_00003.cbf,532,562,287,325,30,38,1140
cr1_0078p_00004.cbf,532,561,287,325,29,38,1102
cr1_0078p_00005.cbf,532,561,288,325,29,37,1073
cr1_0078p_00006.cbf,532,561,288,326,29,38,1102
cr1_0078p_00007.cbf,532,561,287,325,29,38,1102
cr1_0078p_00008.cbf,532,562,286,324,30,38,1140
cr1_0079p_00001.cbf,533,562,286,324,29,38,1102
cr1_0079p_00002.cbf,533,562,286,324,29,38,1102
cr1_0079p_00003.cbf,532,562,286,324,30,38,1140
cr1_0079p_00004.cbf,532,562,287,325,30,38,1140
cr1_0079p_00005.cbf,532,561,287,325,29,38,1102
cr1_0079p_00006.cbf,533,562,287,325,29,38,1102
cr1_0079p_00007.cbf,532,562,287,324,30,37,1110
cr1_0079p_00008.cbf,533,563,285,323,30,38,1140
cr1_0080p_00001.cbf,533,563,286,323,30,37,1110
cr1_0080p_00002.cbf,533,563,286,324,30,38,1140
cr1_0080p_00003.cbf,533,562,286,324,29,38,1102
cr1_0080p_00004.cbf,532,562,286,324,30,38,1140
cr1_0080p_00005.cbf,533,561,287,324,28,37,1036
cr1_0080p_00006.cbf,532,561,287,324,29,37,1073
cr1_0080p_00007.cbf,532,562,286,324,30,38,1140
cr1_0080p_00008.cbf,533,562,285,323,29,38,1102
cr1_0081p_00001.cbf,533,562,285,323,29,38,1102
cr1_0081p_00002.cbf,533,562,285,323,29,38,1102
cr1_0081p_00003.cbf,533,562,286,323,29,37,1073
cr1_0081p_00004.cbf,533,561,286,324,28,38,1064
cr1_0081p_00005.cbf,533,561,287,324,28,37,1036
cr1_0081p_00006.cbf,532,561,286,324,29,38,1102
cr1_0081p_00007.cbf,532,561,286,323,29,37,1073
cr1_0081p_00008.cbf,533,562,285,322,29,37,1073
cr1_0082p_00001.cbf,533,562,286,323,29,37,1073
cr1_0082p_00002.cbf,533,562,285,323,29,38,1102
cr1_0082p_00003.cbf,533,562,285,323,29,38,1102
cr1_0082p_00004.cbf,533,562,286,324,29,38,1102
cr1_0082p_00005.cbf,532,561,286,323,29,37,1073
cr1_0082p_00006.cbf,532,561,286,323,29,37,1073
cr1_0082p_00007.cbf,533,561,285,323,28,38,1064
cr1_0082p_00008.cbf,533,562,285,322,29,37,1073
cr1_0083p_00001.cbf,533,562,286,323,29,37,1073
cr1_0083p_00002.cbf,533,562,285,323,29,38,1102
cr1_0083p_00003.cbf,532,561,285,323,29,38,1102
cr1_0083p_00004.cbf,533,561,286,323,28,37,1036
cr1_0083p_00005.cbf,532,561,286,323,29,37,1073
cr1_0083p_00006.cbf,533,561,285,323,28,38,1064
cr1_0083p_00007.cbf,533,561,285,323,28,38,1064
cr1_0083p_00008.cbf,533,562,284,322,29,38,1102
cr1_0084p_00001.cbf,533,562,286,323,29,37,1073
cr1_0084p_00002.cbf,533,562,285,323,29,38,1102
cr1_0084p_00003.cbf,532,561,285,323,29,38,1102
cr1_0084p_00004.cbf,532,561,285,323,29,38,1102
cr1_0084p_00005.cbf,532,561,285,323,29,38,1102
cr1_0084p_00006.cbf,533,562,285,323,29,38,1102
cr1_0084p_00007.cbf,532,562,285,323,30,38,1140
cr1_0084p_00008.cbf,533,562,284,322,29,38,1102
cr1_0085p_00001.cbf,533,562,286,323,29,37,1073
cr1_0085p_00002.cbf,533,562,285,323,29,38,1102
cr1_0085p_00003.cbf,532,562,285,323,30,38,1140
cr1_0085p_00004.cbf,532,561,285,323,29,38,1102
cr1_0085p_00005.cbf,532,561,286,323,29,37,1073
cr1_0085p_00006.cbf,532,563,285,323,31,38,1178
cr1_0085p_00007.cbf,533,562,285,323,29,38,1102
cr1_0085p_00008.cbf,533,562,284,322,29,38,1102
cr1_0086p_00001.cbf,533,562,285,323,29,38,1102
cr1_0086p_00002.cbf,533,562,285,323,29,38,1102
cr1_0086p_00003.cbf,533,562,284,322,29,38,1102
cr1_0086p_00004.cbf,532,561,285,323,29,38,1102
cr1_0086p_00005.cbf,533,562,285,323,29,38,1102
cr1_0086p_00006.cbf,532,563,285,323,31,38,1178
cr1_0086p_00007.cbf,532,562,285,323,30,38,1140
cr1_0086p_00008.cbf,533,562,284,322,29,38,1102
cr1_0087p_00001.cbf,533,562,286,323,29,37,1073
cr1_0087p_00002.cbf,533,562,285,323,29,38,1102
cr1_0087p_00003.cbf,533,562,284,322,29,38,1102
cr1_0087p_00004.cbf,533,561,285,323,28,38,1064
cr1_0087p_00005.cbf,532,562,285,323,30,38,1140
cr1_0087p_00006.cbf,532,563,285,323,31,38,1178
cr1_0087p_00007.cbf,532,562,285,323,30,38,1140
cr1_0087p_00008.cbf,533,562,284,322,29,38,1102
cr1_0088p_00001.cbf,533,562,285,323,29,38,1102
cr1_0088p_00002.cbf,532,562,285,323,30,38,1140
cr1_0088p_00003.cbf,533,562,284,322,29,38,1102
cr1_0088p_00004.cbf,532,562,285,323,30,38,1140
cr1_0088p_00005.cbf,532,562,286,323,30,37,1110
cr1_0088p_00006.cbf,532,561,286,324,29,38,1102
cr1_0088p_00007.cbf,532,561,286,323,29,37,1073
cr1_0088p_00008.cbf,533,562,285,322,29,37,1073
cr1_0089p_00001.cbf,533,562,286,323,29,37,1073
cr1_0089p_00002.cbf,532,562,285,323,30,38,1140
cr1_0089p_00003.cbf,533,562,285,323,29,38,1102
cr1_0089p_00004.cbf,532,561,286,323,29,37,1073
cr1_0089p_00005.cbf,532,561,286,324,29,38,1102
cr1_0089p_00006.cbf,532,561,286,324,29,38,1102
cr1_0089p_00007.cbf,532,561,286,323,29,37,1073
cr1_0089p_00008.cbf,532,562,285,322,30,37,1110
cr1_0090p_00001.cbf,532,562,286,324,30,38,1140
cr1_0090p_00002.cbf,533,562,285,323,29,38,1102
cr1_0090p_00003.cbf,532,562,285,323,30,38,1140
cr1_0090p_00004.cbf,532,561,286,323,29,37,1073
cr1_0090p_00005.cbf,532,561,285,323,29,38,1102
cr1_0090p_00006.cbf,532,562,286,324,30,38,1140
cr1_0090p_00007.cbf,532,561,285,323,29,38,1102
cr1_0090p_00008.cbf,533,562,285,322,29,37,1073
cr1_0091p_00001.cbf,533,562,286,323,29,37,1073
cr1_0091p_00002.cbf,533,562,285,323,29,38,1102
cr1_0091p_00003.cbf,532,562,285,322,30,37,1110
cr1_0091p_00004.cbf,532,561,286,323,29,37,1073
cr1_0091p_00005.cbf,532,561,286,323,29,37,1073
cr1_0091p_00006.cbf,532,561,285,323,29,38,1102
cr1_0091p_00007.cbf,532,562,285,323,30,38,1140
cr1_0091p_00008.cbf,533,562,284,322,29,38,1102
cr1_0092p_00001.cbf,532,562,286,323,30,37,1110
cr1_0092p_00002.cbf,532,562,285,323,30,38,1140
cr1_0092p_00003.cbf,533,561,285,323,28,38,1064
cr1_0092p_00004.cbf,532,561,285,323,29,38,1102
cr1_0092p_00005.cbf,532,562,286,323,30,37,1110
cr1_0092p_00006.cbf,532,561,286,324,29,38,1102
cr1_0092p_00007.cbf,532,561,285,323,29,38,1102
cr1_0092p_00008.cbf,532,562,285,322,30,37,1110
cr1_0093p_00001.cbf,532,562,286,323,30,37,1110
cr1_0093p_00002.cbf,532,562,285,323,30,38,1140
cr1_0093p_00003.cbf,532,562,285,323,30,38,1140
cr1_0093p_00004.cbf,533,561,285,323,28,38,1064
cr1_0093p_00005.cbf,532,561,286,323,29,37,1073
cr1_0093p_00006.cbf,532,561,285,323,29,38,1102
cr1_0093p_00007.cbf,532,561,285,323,29,38,1102
cr1_0093p_00008.cbf,532,562,284,322,30,38,1140
cr1_0094p_00001.cbf,533,562,286,324,29,38,1102
cr1_0094p_00002.cbf,533,562,285,323,29,38,1102
cr1_0094p_00003.cbf,532,561,285,322,29,37,1073
cr1_0094p_00004.cbf,532,561,285,323,29,38,1102
cr1_0094p_00005.cbf,532,561,285,323,29,38,1102
cr1_0094p_00006.cbf,532,561,286,323,29,37,1073
cr1_0094p_00007.cbf,532,561,285,323,29,38,1102
cr1_0094p_00008.cbf,532,562,285,323,30,38,1140
cr1_0095p_00001.cbf,532,562,286,324,30,38,1140
cr1_0095p_00002.cbf,532,562,285,323,30,38,1140
cr1_0095p_00003.cbf,533,562,285,323,29,38,1102
cr1_0095p_00004.cbf,532,561,285,323,29,38,1102
cr1_0095p_00005.cbf,532,561,285,323,29,38,1102
cr1_0095p_00006.cbf,532,561,285,323,29,38,1102
cr1_0095p_00007.cbf,532,561,285,323,29,38,1102
cr1_0095p_00008.cbf,533,562,285,322,29,37,1073
cr1_0096p_00001.cbf,532,561,286,324,29,38,1102
cr1_0096p_00002.cbf,532,562,285,323,30,38,1140
cr1_0096p_00003.cbf,532,561,285,323,29,38,1102
cr1_0096p_00004.cbf,532,561,285,323,29,38,1102
cr1_0096p_00005.cbf,532,561,286,323,29,37,1073
cr1_0096p_00006.cbf,532,561,286,323,29,37,1073
cr1_0096p_00007.cbf,532,561,286,323,29,37,1073
cr1_0096p_00008.cbf,533,561,285,323,28,38,1064
cr1_0097p_00001.cbf,532,561,286,324,29,38,1102
cr1_0097p_00002.cbf,533,562,285,323,29,38,1102
cr1_0097p_00003.cbf,532,561,285,323,29,38,1102
cr1_0097p_00004.cbf,532,561,285,323,29,38,1102
cr1_0097p_00005.cbf,532,561,285,322,29,37,1073
cr1_0097p_00006.cbf,532,561,285,323,29,38,1102
cr1_0097p_00007.cbf,533,561,285,323,28,38,1064
cr1_0097p_00008.cbf,532,562,285,323,30,38,1140
cr1_0098p_00001.cbf,532,562,286,324,30,38,1140
cr1_0098p_00002.cbf,532,562,285,323,30,38,1140
cr1_0098p_00003.cbf,533,561,285,323,28,38,1064
cr1_0098p_00004.cbf,532,561,285,323,29,38,1102
cr1_0098p_00005.cbf,532,561,285,323,29,38,1102
cr1_0098p_00006.cbf,532,561,285,323,29,38,1102
cr1_0098p_00007.cbf,532,561,285,323,29,38,1102
cr1_0098p_00008.cbf,532,562,285,323,30,38,1140
cr1_0099p_00001.cbf,532,562,286,324,30,38,1140
cr1_0099p_00002.cbf,532,562,285,323,30,38,1140
cr1_0099p_00003.cbf,532,561,285,323,29,38,1102
cr1_0099p_00004.cbf,532,561,285,323,29,38,1102
cr1_0099p_00005.cbf,532,562,285,323,30,38,1140
cr1_0099p_00006.cbf,532,562,286,324,30,38,1140
cr1_0099p_00007.cbf,532,562,285,323,30,38,1140
cr1_0099p_00008.cbf,532,562,285,323,30,38,1140
cr1_0100p_00001.cbf,532,562,286,324,30,38,1140
cr1_0100p_00002.cbf,532,562,285,323,30,38,1140
cr1_0100p_00003.cbf,532,562,285,323,30,38,1140
cr1_0100p_00004.cbf,532,562,285,323,30,38,1140
cr1_0100p_00005.cbf,532,561,285,323,29,38,1102
cr1_0100p_00006.cbf,532,561,285,323,29,38,1102
cr1_0100p_00007.cbf,532,562,285,323,30,38,1140
cr1_0100p_00008.cbf,532,562,285,323,30,38,1140
cr1_0101p_00001.cbf,532,562,286,324,30,38,1140
cr1_0101p_00002.cbf,533,562,285,323,29,38,1102
cr1_0101p_00003.cbf,532,562,285,323,30,38,1140
cr1_0101p_00004.cbf,532,562,285,323,30,38,1140
cr1_0101p_00005.cbf,532,561,285,323,29,38,1102
cr1_0101p_00006.cbf,532,561,286,323,29,37,1073
cr1_0101p_00007.cbf,532,562,286,323,30,37,1110
cr1_0101p_00008.cbf,532,561,285,323,29,38,1102
cr1_0102p_00001.cbf,532,561,286,324,29,38,1102
cr1_0102p_00002.cbf,532,562,285,323,30,38,1140
cr1_0102p_00003.cbf,532,562,285,323,30,38,1140
cr1_0102p_00004.cbf,532,562,285,323,30,38,1140
cr1_0102p_00005.cbf,532,561,285,323,29,38,1102
cr1_0102p_00006.cbf,532,561,285,323,29,38,1102
cr1_0102p_00007.cbf,532,561,286,323,29,37,1073
cr1_0102p_00008.cbf,532,562,285,323,30,38,1140
cr1_0103p_00001.cbf,532,562,286,324,30,38,1140
cr1_0103p_00002.cbf,532,562,285,323,30,38,1140
cr1_0103p_00003.cbf,532,562,285,323,30,38,1140
cr1_0103p_00004.cbf,532,561,285,323,29,38,1102
cr1_0103p_00005.cbf,532,561,285,323,29,38,1102
cr1_0103p_00006.cbf,532,561,286,324,29,38,1102
cr1_0103p_00007.cbf,532,562,285,323,30,38,1140
cr1_0103p_00008.cbf,532,562,285,323,30,38,1140
cr1_0104p_00001.cbf,532,562,286,324,30,38,1140
cr1_0104p_00002.cbf,532,562,285,323,30,38,1140
cr1_0104p_00003.cbf,532,562,285,323,30,38,1140
cr1_0104p_00004.cbf,532,562,285,323,30,38,1140
cr1_0104p_00005.cbf,532,561,285,323,29,38,1102
cr1_0104p_00006.cbf,532,562,285,323,30,38,1140
cr1_0104p_00007.cbf,532,562,286,324,30,38,1140
cr1_0104p_00008.cbf,532,562,285,323,30,38,1140
cr1_0105p_00001.cbf,532,562,286,324,30,38,1140
cr1_0105p_00002.cbf,532,562,285,323,30,38,1140
cr1_0105p_00003.cbf,532,562,285,323,30,38,1140
cr1_0105p_00004.cbf,532,562,285,323,30,38,1140
cr1_0105p_00005.cbf,532,562,285,323,30,38,1140
cr1_0105p_00006.cbf,531,561,286,324,30,38,1140
cr1_0105p_00007.cbf,532,562,286,324,30,38,1140
cr1_0105p_00008.cbf,532,562,285,324,30,39,1170
cr1_0106p_00001.cbf,532,563,286,324,31,38,1178
cr1_0106p_00002.cbf,532,563,285,324,31,39,1209
cr1_0106p_00003.cbf,532,562,285,324,30,39,1170
cr1_0106p_00004.cbf,532,562,285,323,30,38,1140
cr1_0106p_00005.cbf,531,562,285,323,31,38,1178
cr1_0106p_00006.cbf,531,562,285,324,31,39,1209
cr1_0106p_00007.cbf,532,562,285,324,30,39,1170
cr1_0106p_00008.cbf,532,562,284,323,30,39,1170
cr1_0107p_00001.cbf,532,562,285,324,30,39,1170
cr1_0107p_00002.cbf,532,562,284,324,30,40,1200
cr1_0107p_00003.cbf,532,562,284,323,30,39,1170
cr1_0107p_00004.cbf,532,562,284,324,30,40,1200
cr1_0107p_00005.cbf,532,562,284,323,30,39,1170
cr1_0107p_00006.cbf,532,562,285,324,30,39,1170
cr1_0107p_00007.cbf,532,562,285,324,30,39,1170
cr1_0107p_00008.cbf,532,562,284,324,30,40,1200
cr1_0108p_00001.cbf,532,562,285,324,30,39,1170
cr1_0108p_00002.cbf,532,562,284,324,30,40,1200
cr1_0108p_00003.cbf,532,562,284,323,30,39,1170
cr1_0108p_00004.cbf,532,562,284,323,30,39,1170
cr1_0108p_00005.cbf,532,561,284,323,29,39,1131
cr1_0108p_00006.cbf,532,561,285,324,29,39,1131
cr1_0108p_00007.cbf,532,562,285,324,30,39,1170
cr1_0108p_00008.cbf,532,562,284,323,30,39,1170
cr1_0109p_00001.cbf,532,562,285,324,30,39,1170
cr1_0109p_00002.cbf,532,562,285,323,30,38,1140
cr1_0109p_00003.cbf,532,562,284,323,30,39,1170
cr1_0109p_00004.cbf,532,561,285,323,29,38,1102
cr1_0109p_00005.cbf,532,561,284,323,29,39,1131
cr1_0109p_00006.cbf,532,562,285,323,30,38,1140
cr1_0109p_00007.cbf,532,562,285,323,30,38,1140
cr1_0109p_00008.cbf,532,562,285,323,30,38,1140
cr1_0110p_00001.cbf,532,562,285,324,30,39,1170
cr1_0110p_00002.cbf,532,562,284,323,30,39,1170
cr1_0110p_00003.cbf,532,562,284,323,30,39,1170
cr1_0110p_00004.cbf,532,562,284,323,30,39,1170
cr1_0110p_00005.cbf,532,561,284,323,29,39,1131
cr1_0110p_00006.cbf,532,561,285,324,29,39,1131
cr1_0110p_00007.cbf,532,562,285,324,30,39,1170
cr1_0110p_00008.cbf,532,562,285,323,30,38,1140
cr1_0111p_00001.cbf,532,562,285,324,30,39,1170
cr1_0111p_00002.cbf,532,562,285,323,30,38,1140
cr1_0111p_00003.cbf,532,561,285,323,29,38,1102
cr1_0111p_00004.cbf,532,561,285,323,29,38,1102
cr1_0111p_00005.cbf,532,561,284,323,29,39,1131
cr1_0111p_00006.cbf,531,561,285,323,30,38,1140
cr1_0111p_00007.cbf,532,561,285,323,29,38,1102
cr1_0111p_00008.cbf,532,562,285,323,30,38,1140
cr1_0112p_00001.cbf,532,562,286,324,30,38,1140
cr1_0112p_00002.cbf,532,561,285,323,29,38,1102
cr1_0112p_00003.cbf,532,561,285,323,29,38,1102
cr1_0112p_00004.cbf,532,561,284,323,29,39,1131
cr1_0112p_00005.cbf,532,561,284,323,29,39,1131
cr1_0112p_00006.cbf,532,561,285,323,29,38,1102
cr1_0112p_00007.cbf,532,561,285,324,29,39,1131
cr1_0112p_00008.cbf,532,562,285,323,30,38,1140
cr1_0113p_00001.cbf,532,562,286,324,30,38,1140
cr1_0113p_00002.cbf,532,562,285,324,30,39,1170
cr1_0113p_00003.cbf,532,562,285,323,30,38,1140
cr1_0113p_00004.cbf,532,561,285,323,29,38,1102
cr1_0113p_00005.cbf,532,561,284,323,29,39,1131
cr1_0113p_00006.cbf,532,561,285,323,29,38,1102
cr1_0113p_00007.cbf,532,562,285,324,30,39,1170
cr1_0113p_00008.cbf,532,562,285,323,30,38,1140
cr1_0114p_00001.cbf,532,562,286,324,30,38,1140
cr1_0114p_00002.cbf,531,562,285,323,31,38,1178
cr1_0114p_00003.cbf,532,561,285,323,29,38,1102
cr1_0114p_00004.cbf,532,561,285,323,29,38,1102
cr1_0114p_00005.cbf,532,561,284,323,29,39,1131
cr1_0114p_00006.cbf,532,561,285,323,29,38,1102
cr1_0114p_00007.cbf,531,561,285,324,30,39,1170
cr1_0114p_00008.cbf,532,562,284,324,30,40,1200
cr1_0115p_00001.cbf,532,562,285,324,30,39,1170
cr1_0115p_00002.cbf,532,562,285,324,30,39,1170
cr1_0115p_00003.cbf,532,561,285,323,29,38,1102
cr1_0115p_00004.cbf,532,561,285,323,29,38,1102
cr1_0115p_00005.cbf,532,561,284,323,29,39,1131
cr1_0115p_00006.cbf,532,561,285,323,29,38,1102
cr1_0115p_00007.cbf,532,561,285,324,29,39,1131
cr1_0115p_00008.cbf,532,561,285,324,29,39,1131
cr1_0116p_00001.cbf,532,562,285,324,30,39,1170
cr1_0116p_00002.cbf,532,561,285,324,29,39,1131
cr1_0116p_00003.cbf,532,561,285,323,29,38,1102
cr1_0116p_00004.cbf,532,561,284,323,29,39,1131
cr1_0116p_00005.cbf,532,561,284,323,29,39,1131
cr1_0116p_00006.cbf,532,561,285,323,29,38,1102
cr1_0116p_00007.cbf,532,561,285,324,29,39,1131
cr1_0116p_00008.cbf,532,562,285,324,30,39,1170
cr1_0117p_00001.cbf,532,562,286,324,30,38,1140
cr1_0117p_00002.cbf,532,562,285,324,30,39,1170
cr1_0117p_00003.cbf,532,561,285,324,29,39,1131
cr1_0117p_00004.cbf,532,561,285,323,29,38,1102
cr1_0117p_00005.cbf,532,561,284,323,29,39,1131
cr1_0117p_00006.cbf,532,561,285,323,29,38,1102
cr1_0117p_00007.cbf,532,561,285,324,29,39,1131
cr1_0117p_00008.cbf,532,561,285,324,29,39,1131
cr1_0118p_00001.cbf,532,561,286,324,29,38,1102
cr1_0118p_00002.cbf,532,561,285,324,29,39,1131
cr1_0118p_00003.cbf,532,561,285,323,29,38,1102
cr1_0118p_00004.cbf,532,561,285,323,29,38,1102
cr1_0118p_00005.cbf,532,561,284,323,29,39,1131
cr1_0118p_00006.cbf,532,561,285,323,29,38,1102
cr1_0118p_00007.cbf,532,562,285,324,30,39,1170
cr1_0118p_00008.cbf,532,562,285,324,30,39,1170
cr1_0119p_00001.cbf,532,563,286,324,31,38,1178
cr1_0119p_00002.cbf,532,562,285,324,30,39,1170
cr1_0119p_00003.cbf,532,561,285,323,29,38,1102
cr1_0119p_00004.cbf,532,561,285,323,29,38,1102
cr1_0119p_00005.cbf,532,561,284,323,29,39,1131
cr1_0119p_00006.cbf,532,561,284,323,29,39,1131
cr1_0119p_00007.cbf,532,561,285,324,29,39,1131
cr1_0119p_00008.cbf,532,561,285,323,29,38,1102
cr1_0120p_00001.cbf,532,562,286,324,30,38,1140
cr1_0120p_00002.cbf,532,562,285,324,30,39,1170
cr1_0120p_00003.cbf,532,561,285,323,29,38,1102
cr1_0120p_00004.cbf,532,561,285,323,29,38,1102
cr1_0120p_00005.cbf,532,561,284,322,29,38,1102
cr1_0120p_00006.cbf,532,561,285,324,29,39,1131
cr1_0120p_00007.cbf,532,562,285,324,30,39,1170
cr1_0120p_00008.cbf,532,563,285,324,31,39,1209
cr1_0121p_00001.cbf,532,563,286,324,31,38,1178
cr1_0121p_00002.cbf,532,563,285,324,31,39,1209
cr1_0121p_00003.cbf,532,563,285,324,31,39,1209
cr1_0121p_00004.cbf,532,562,285,323,30,38,1140
cr1_0121p_00005.cbf,532,562,284,323,30,39,1170
cr1_0121p_00006.cbf,532,562,285,324,30,39,1170
cr1_0121p_00007.cbf,532,563,285,324,31,39,1209
cr1_0121p_00008.cbf,532,562,285,323,30,38,1140
cr1_0122p_00001.cbf,532,563,286,324,31,38,1178
cr1_0122p_00002.cbf,532,563,285,324,31,39,1209
cr1_0122p_00003.cbf,532,562,285,323,30,38,1140
cr1_0122p_00004.cbf,532,562,285,323,30,38,1140
cr1_0122p_00005.cbf,532,562,284,322,30,38,1140
cr1_0122p_00006.cbf,532,561,285,323,29,38,1102
cr1_0122p_00007.cbf,532,562,285,324,30,39,1170
cr1_0122p_00008.cbf,532,563,285,324,31,39,1209
cr1_0123p_00001.cbf,532,563,286,324,31,38,1178
cr1_0123p_00002.cbf,532,562,285,324,30,39,1170
cr1_0123p_00003.cbf,532,562,285,324,30,39,1170
cr1_0123p_00004.cbf,532,562,285,323,30,38,1140
cr1_0123p_00005.cbf,532,562,284,323,30,39,1170
cr1_0123p_00006.cbf,532,562,285,323,30,38,1140
cr1_0123p_00007.cbf,532,562,285,324,30,39,1170
cr1_0123p_00008.cbf,532,563,285,324,31,39,1209
cr1_0124p_00001.cbf,532,563,286,324,31,38,1178
cr1_0124p_00002.cbf,532,562,285,324,30,39,1170
cr1_0124p_00003.cbf,532,562,285,323,30,38,1140
cr1_0124p_00004.cbf,532,562,285,323,30,38,1140
cr1_0124p_00005.cbf,532,562,284,323,30,39,1170
cr1_0124p_00006.cbf,532,561,285,323,29,38,1102
cr1_0124p_00007.cbf,532,562,285,324,30,39,1170
cr1_0124p_00008.cbf,532,563,285,324,31,39,1209
cr1_0125p_00001.cbf,532,562,286,324,30,38,1140
cr1_0125p_00002.cbf,532,563,285,324,31,39,1209
cr1_0125p_00003.cbf,532,562,285,324,30,39,1170
cr1_0125p_00004.cbf,532,562,285,323,30,38,1140
cr1_0125p_00005.cbf,532,561,284,323,29,39,1131
cr1_0125p_00006.cbf,532,561,284,323,29,39,1131
cr1_0125p_00007.cbf,532,562,285,324,30,39,1170
cr1_0125p_00008.cbf,532,563,285,324,31,39,1209
cr1_0126p_00001.cbf,532,563,286,324,31,38,1178
cr1_0126p_00002.cbf,532,563,286,324,31,38,1178
cr1_0126p_00003.cbf,532,563,285,323,31,38,1178
cr1_0126p_00004.cbf,532,562,285,323,30,38,1140
cr1_0126p_00005.cbf,532,562,284,323,30,39,1170
cr1_0126p_00006.cbf,532,562,285,323,30,38,1140
cr1_0126p_00007.cbf,532,562,285,324,30,39,1170
cr1_0126p_00008.cbf,532,562,285,324,30,39,1170
cr1_0127p_00001.cbf,532,563,286,324,31,38,1178
cr1_0127p_00002.cbf,532,563,285,324,31,39,1209
cr1_0127p_00003.cbf,532,562,285,323,30,38,1140
cr1_0127p_00004.cbf,532,562,285,323,30,38,1140
cr1_0127p_00005.cbf,532,562,284,323,30,39,1170
cr1_0127p_00006.cbf,532,563,285,324,31,39,1209
cr1_0127p_00007.cbf,532,562,285,324,30,39,1170
cr1_0127p_00008.cbf,532,563,285,324,31,39,1209
cr1_0128p_00001.cbf,532,562,286,324,30,38,1140
cr1_0128p_00002.cbf,532,562,286,324,30,38,1140
cr1_0128p_00003.cbf,532,562,285,324,30,39,1170
cr1_0128p_00004.cbf,532,562,285,323,30,38,1140
cr1_0128p_00005.cbf,532,561,284,323,29,39,1131
cr1_0128p_00006.cbf,532,562,285,323,30,38,1140
cr1_0128p_00007.cbf,532,562,285,324,30,39,1170
cr1_0128p_00008.cbf,532,562,285,324,30,39,1170
cr1_0129p_00001.cbf,532,562,286,324,30,38,1140
cr1_0129p_00002.cbf,532,562,285,324,30,39,1170
cr1_0129p_00003.cbf,532,562,285,323,30,38,1140
cr1_0129p_00004.cbf,532,562,285,323,30,38,1140
cr1_0129p_00005.cbf,532,562,284,323,30,39,1170
cr1_0129p_00006.cbf,532,561,284,323,29,39,1131
cr1_0129p_00007.cbf,532,561,285,323,29,38,1102
cr1_0129p_00008.cbf,532,562,285,324,30,39,1170
cr1_0130p_00001.cbf,532,562,286,324,30,38,1140
cr1_0130p_00002.cbf,532,562,285,324,30,39,1170
cr1_0130p_00003.cbf,532,562,285,323,30,38,1140
cr1_0130p_00004.cbf,532,561,285,323,29,38,1102
cr1_0130p_00005.cbf,532,561,284,322,29,38,1102
cr1_0130p_00006.cbf,532,562,285,323,30,38,1140
cr1_0130p_00007.cbf,532,561,285,323,29,38,1102
cr1_0130p_00008.cbf,532,562,285,324,30,39,1170
cr1_0131p_00001.cbf,532,562,286,324,30,38,1140
cr1_0131p_00002.cbf,532,562,285,324,30,39,1170
cr1_0131p_00003.cbf,532,561,285,323,29,38,1102
cr1_0131p_00004.cbf,532,561,285,323,29,38,1102
cr1_0131p_00005.cbf,532,561,284,322,29,38,1102
cr1_0131p_00006.cbf,532,561,284,323,29,39,1131
cr1_0131p_00007.cbf,532,562,285,324,30,39,1170
cr1_0131p_00008.cbf,532,562,285,323,30,38,1140
cr1_0132p_00001.cbf,532,562,286,324,30,38,1140
cr1_0132p_00002.cbf,532,562,286,324,30,38,1140
cr1_0132p_00003.cbf,532,561,285,323,29,38,1102
cr1_0132p_00004.cbf,532,561,285,323,29,38,1102
cr1_0132p_00005.cbf,532,561,283,322,29,39,1131
cr1_0132p_00006.cbf,532,561,284,323,29,39,1131
cr1_0132p_00007.cbf,532,561,285,323,29,38,1102
cr1_0132p_00008.cbf,532,561,285,324,29,39,1131
cr1_0133p_00001.cbf,532,562,286,324,30,38,1140
cr1_0133p_00002.cbf,532,561,286,324,29,38,1102
cr1_0133p_00003.cbf,532,561,285,323,29,38,1102
cr1_0133p_00004.cbf,532,561,285,323,29,38,1102
cr1_0133p_00005.cbf,532,560,283,322,28,39,1092
cr1_0133p_00006.cbf,532,561,284,323,29,39,1131
cr1_0133p_00007.cbf,532,561,285,324,29,39,1131
cr1_0133p_00008.cbf,532,561,286,324,29,38,1102
cr1_0134p_00001.cbf,532,561,286,324,29,38,1102
cr1_0134p_00002.cbf,532,561,286,324,29,38,1102
cr1_0134p_00003.cbf,532,561,285,323,29,38,1102
cr1_0134p_00004.cbf,532,561,285,323,29,38,1102
cr1_0134p_00005.cbf,532,560,284,323,28,39,1092
cr1_0134p_00006.cbf,532,560,285,323,28,38,1064
cr1_0134p_00007.cbf,532,561,285,324,29,39,1131
cr1_0134p_00008.cbf,532,561,285,324,29,39,1131
cr1_0135p_00001.cbf,532,561,286,324,29,38,1102
cr1_0135p_00002.cbf,532,561,286,324,29,38,1102
cr1_0135p_00003.cbf,532,561,285,324,29,39,1131
cr1_0135p_00004.cbf,532,561,285,323,29,38,1102
cr1_0135p_00005.cbf,532,560,285,323,28,38,1064
cr1_0135p_00006.cbf,532,560,285,323,28,38,1064
cr1_0135p_00007.cbf,532,561,285,324,29,39,1131
cr1_0135p_00008.cbf,532,561,285,324,29,39,1131
cr1_0136p_00001.cbf,532,561,286,324,29,38,1102
cr1_0136p_00002.cbf,532,561,286,324,29,38,1102
cr1_0136p_00003.cbf,531,561,285,324,30,39,1170
cr1_0136p_00004.cbf,532,561,285,323,29,38,1102
cr1_0136p_00005.cbf,532,560,284,323,28,39,1092
cr1_0136p_00006.cbf,532,561,285,323,29,38,1102
cr1_0136p_00007.cbf,532,561,285,324,29,39,1131
cr1_0136p_00008.cbf,532,561,285,324,29,39,1131
cr1_0137p_00001.cbf,532,561,286,325,29,39,1131
cr1_0137p_00002.cbf,532,561,286,324,29,38,1102
cr1_0137p_00003.cbf,532,561,285,324,29,39,1131
cr1_0137p_00004.cbf,532,561,285,323,29,38,1102
cr1_0137p_00005.cbf,532,561,284,322,29,38,1102
cr1_0137p_00006.cbf,532,561,285,323,29,38,1102
cr1_0137p_00007.cbf,532,561,285,324,29,39,1131
cr1_0137p_00008.cbf,532,561,286,324,29,38,1102
cr1_0138p_00001.cbf,532,561,286,325,29,39,1131
cr1_0138p_00002.cbf,532,561,286,324,29,38,1102
cr1_0138p_00003.cbf,532,561,285,324,29,39,1131
cr1_0138p_00004.cbf,532,561,285,323,29,38,1102
cr1_0138p_00005.cbf,532,561,285,323,29,38,1102
cr1_0138p_00006.cbf,532,560,285,323,28,38,1064
cr1_0138p_00007.cbf,532,561,285,324,29,39,1131
cr1_0138p_00008.cbf,532,561,286,324,29,38,1102
cr1_0139p_00001.cbf,532,561,286,325,29,39,1131
cr1_0139p_00002.cbf,532,561,286,324,29,38,1102
cr1_0139p_00003.cbf,532,561,285,324,29,39,1131
cr1_0139p_00004.cbf,532,560,285,323,28,38,1064
cr1_0139p_00005.cbf,532,560,284,323,28,39,1092
cr1_0139p_00006.cbf,532,560,284,323,28,39,1092
cr1_0139p_00007.cbf,532,561,285,324,29,39,1131
cr1_0139p_00008.cbf,532,561,286,324,29,38,1102
cr1_0140p_00001.cbf,532,561,286,325,29,39,1131
cr1_0140p_00002.cbf,532,561,286,324,29,38,1102
cr1_0140p_00003.cbf,532,561,285,324,29,39,1131
cr1_0140p_00004.cbf,532,561,285,323,29,38,1102
cr1_0140p_00005.cbf,532,561,285,323,29,38,1102
cr1_0140p_00006.cbf,532,561,285,324,29,39,1131
cr1_0140p_00007.cbf,532,561,286,324,29,38,1102
cr1_0140p_00008.cbf,532,561,286,324,29,38,1102
cr1_0141p_00001.cbf,532,561,286,325,29,39,1131
cr1_0141p_00002.cbf,532,561,286,324,29,38,1102
cr1_0141p_00003.cbf,532,561,285,324,29,39,1131
cr1_0141p_00004.cbf,532,561,285,323,29,38,1102
cr1_0141p_00005.cbf,532,561,284,323,29,39,1131
cr1_0141p_00006.cbf,532,560,285,323,28,38,1064
cr1_0141p_00007.cbf,532,561,285,324,29,39,1131
cr1_0141p_00008.cbf,532,561,286,324,29,38,1102
cr1_0142p_00001.cbf,532,561,286,325,29,39,1131
cr1_0142p_00002.cbf,532,561,286,324,29,38,1102
cr1_0142p_00003.cbf,532,561,285,324,29,39,1131
cr1_0142p_00004.cbf,532,560,285,324,28,39,1092
cr1_0142p_00005.cbf,532,560,285,323,28,38,1064
cr1_0142p_00006.cbf,532,560,286,324,28,38,1064
cr1_0142p_00007.cbf,532,560,286,324,28,38,1064
cr1_0142p_00008.cbf,532,560,286,324,28,38,1064
cr1_0143p_00001.cbf,532,561,286,325,29,39,1131
cr1_0143p_00002.cbf,532,560,286,325,28,39,1092
cr1_0143p_00003.cbf,532,560,285,324,28,39,1092
cr1_0143p_00004.cbf,532,560,285,324,28,39,1092
cr1_0143p_00005.cbf,532,560,284,323,28,39,1092
cr1_0143p_00006.cbf,532,560,285,323,28,38,1064
cr1_0143p_00007.cbf,532,560,285,324,28,39,1092
cr1_0143p_00008.cbf,532,561,286,324,29,38,1102
cr1_0144p_00001.cbf,532,561,286,325,29,39,1131
cr1_0144p_00002.cbf,532,561,286,324,29,38,1102
cr1_0144p_00003.cbf,532,560,285,324,28,39,1092
cr1_0144p_00004.cbf,532,560,285,323,28,38,1064
cr1_0144p_00005.cbf,532,560,284,323,28,39,1092
cr1_0144p_00006.cbf,532,561,284,323,29,39,1131
cr1_0144p_00007.cbf,532,561,285,324,29,39,1131
cr1_0144p_00008.cbf,532,561,286,324,29,38,1102
cr1_0145p_00001.cbf,532,561,286,325,29,39,1131
cr1_0145p_00002.cbf,532,561,286,325,29,39,1131
cr1_0145p_00003.cbf,532,561,285,324,29,39,1131
cr1_0145p_00004.cbf,532,561,285,323,29,38,1102
cr1_0145p_00005.cbf,532,560,285,323,28,38,1064
cr1_0145p_00006.cbf,532,560,285,323,28,38,1064
cr1_0145p_00007.cbf,532,561,285,324,29,39,1131
cr1_0145p_00008.cbf,532,561,286,324,29,38,1102
cr1_0146p_00001.cbf,532,561,286,325,29,39,1131
cr1_0146p_00002.cbf,532,561,286,325,29,39,1131
cr1_0146p_00003.cbf,532,561,285,324,29,39,1131
cr1_0146p_00004.cbf,532,561,285,323,29,38,1102
cr1_0146p_00005.cbf,532,560,284,323,28,39,1092
cr1_0146p_00006.cbf,532,560,284,323,28,39,1092
cr1_0146p_00007.cbf,532,561,285,324,29,39,1131
cr1_0146p_00008.cbf,532,561,286,324,29,38,1102
cr1_0147p_00001.cbf,532,561,286,325,29,39,1131
cr1_0147p_00002.cbf,532,561,286,325,29,39,1131
cr1_0147p_00003.cbf,532,561,285,324,29,39,1131
cr1_0147p_00004.cbf,532,561,285,324,29,39,1131
cr1_0147p_00005.cbf,532,560,285,323,28,38,1064
cr1_0147p_00006.cbf,532,560,285,323,28,38,1064
cr1_0147p_00007.cbf,532,561,285,324,29,39,1131
cr1_0147p_00008.cbf,532,561,286,324,29,38,1102
cr1_0148p_00001.cbf,532,561,286,325,29,39,1131
cr1_0148p_00002.cbf,532,561,286,324,29,38,1102
cr1_0148p_00003.cbf,532,561,285,324,29,39,1131
cr1_0148p_00004.cbf,532,561,285,324,29,39,1131
cr1_0148p_00005.cbf,532,560,284,323,28,39,1092
cr1_0148p_00006.cbf,532,561,285,323,29,38,1102
cr1_0148p_00007.cbf,532,561,285,324,29,39,1131
cr1_0148p_00008.cbf,532,561,286,324,29,38,1102
cr1_0149p_00001.cbf,531,561,286,325,30,39,1170
cr1_0149p_00002.cbf,532,561,286,324,29,38,1102
cr1_0149p_00003.cbf,532,561,285,324,29,39,1131
cr1_0149p_00004.cbf,532,561,285,324,29,39,1131
cr1_0149p_00005.cbf,532,560,285,323,28,38,1064
cr1_0149p_00006.cbf,532,561,285,324,29,39,1131
cr1_0149p_00007.cbf,532,561,285,324,29,39,1131
cr1_0149p_00008.cbf,532,561,286,324,29,38,1102
cr1_0150p_00001.cbf,532,561,286,325,29,39,1131
cr1_0150p_00002.cbf,532,561,286,325,29,39,1131
cr1_0150p_00003.cbf,532,561,285,324,29,39,1131
cr1_0150p_00004.cbf,532,561,285,324,29,39,1131
cr1_0150p_00005.cbf,532,560,285,324,28,39,1092
cr1_0150p_00006.cbf,532,561,285,324,29,39,1131
cr1_0150p_00007.cbf,531,561,285,324,30,39,1170
cr1_0150p_00008.cbf,532,561,286,325,29,39,1131
cr1_0151p_00001.cbf,532,562,286,325,30,39,1170
cr1_0151p_00002.cbf,532,561,286,325,29,39,1131
cr1_0151p_00003.cbf,532,561,285,324,29,39,1131
cr1_0151p_00004.cbf,532,561,285,324,29,39,1131
cr1_0151p_00005.cbf,532,561,285,323,29,38,1102
cr1_0151p_00006.cbf,531,561,285,324,30,39,1170
cr1_0151p_00007.cbf,532,561,286,324,29,38,1102
cr1_0151p_00008.cbf,532,561,286,325,29,39,1131
cr1_0152p_00001.cbf,532,561,286,325,29,39,1131
cr1_0152p_00002.cbf,532,561,286,325,29,39,1131
cr1_0152p_00003.cbf,532,561,285,324,29,39,1131
cr1_0152p_00004.cbf,532,561,285,324,29,39,1131
cr1_0152p_00005.cbf,532,561,284,323,29,39,1131
cr1_0152p_00006.cbf,532,561,285,324,29,39,1131
cr1_0152p_00007.cbf,532,561,286,325,29,39,1131
cr1_0152p_00008.cbf,532,562,286,325,30,39,1170
cr1_0153p_00001.cbf,532,562,286,325,30,39,1170
cr1_0153p_00002.cbf,531,561,286,325,30,39,1170
cr1_0153p_00003.cbf,531,561,285,324,30,39,1170
cr1_0153p_00004.cbf,532,561,285,324,29,39,1131
cr1_0153p_00005.cbf,532,561,284,323,29,39,1131
cr1_0153p_00006.cbf,532,561,285,324,29,39,1131
cr1_0153p_00007.cbf,532,562,286,325,30,39,1170
cr1_0153p_00008.cbf,532,562,286,325,30,39,1170
cr1_0154p_00001.cbf,532,562,286,325,30,39,1170
cr1_0154p_00002.cbf,532,561,286,325,29,39,1131
cr1_0154p_00003.cbf,532,561,285,324,29,39,1131
cr1_0154p_00004.cbf,532,561,285,324,29,39,1131
cr1_0154p_00005.cbf,531,561,285,324,30,39,1170
cr1_0154p_00006.cbf,532,561,285,324,29,39,1131
cr1_0154p_00007.cbf,532,562,286,324,30,38,1140
cr1_0154p_00008.cbf,532,562,286,325,30,39,1170
cr1_0155p_00001.cbf,532,562,287,325,30,38,1140
cr1_0155p_00002.cbf,532,562,286,325,30,39,1170
cr1_0155p_00003.cbf,532,562,285,324,30,39,1170
cr1_0155p_00004.cbf,532,562,285,324,30,39,1170
cr1_0155p_00005.cbf,531,561,285,324,30,39,1170
cr1_0155p_00006.cbf,531,562,285,324,31,39,1209
cr1_0155p_00007.cbf,532,562,286,325,30,39,1170
cr1_0155p_00008.cbf,532,562,286,325,30,39,1170
cr1_0156p_00001.cbf,532,562,287,325,30,38,1140
cr1_0156p_00002.cbf,532,562,286,325,30,39,1170
cr1_0156p_00003.cbf,532,562,285,324,30,39,1170
cr1_0156p_00004.cbf,532,562,285,324,30,39,1170
cr1_0156p_00005.cbf,532,561,285,324,29,39,1131
cr1_0156p_00006.cbf,531,562,285,324,31,39,1209
cr1_0156p_00007.cbf,532,562,285,324,30,39,1170
cr1_0156p_00008.cbf,532,562,286,325,30,39,1170
cr1_0157p_00001.cbf,532,562,286,325,30,39,1170
cr1_0157p_00002.cbf,532,562,286,325,30,39,1170
cr1_0157p_00003.cbf,532,562,285,324,30,39,1170
cr1_0157p_00004.cbf,532,562,285,324,30,39,1170
cr1_0157p_00005.cbf,532,561,284,323,29,39,1131
cr1_0157p_00006.cbf,532,561,285,324,29,39,1131
cr1_0157p_00007.cbf,532,563,286,325,31,39,1209
cr1_0157p_00008.cbf,532,562,286,325,30,39,1170
cr1_0158p_00001.cbf,532,563,286,325,31,39,1209
cr1_0158p_00002.cbf,532,562,286,325,30,39,1170
cr1_0158p_00003.cbf,532,562,285,324,30,39,1170
cr1_0158p_00004.cbf,532,561,285,324,29,39,1131
cr1_0158p_00005.cbf,532,562,285,324,30,39,1170
cr1_0158p_00006.cbf,532,562,285,324,30,39,1170
cr1_0158p_00007.cbf,531,562,286,324,31,38,1178
cr1_0158p_00008.cbf,532,563,286,325,31,39,1209
cr1_0159p_00001.cbf,532,562,286,325,30,39,1170
cr1_0159p_00002.cbf,532,562,286,325,30,39,1170
cr1_0159p_00003.cbf,532,562,285,324,30,39,1170
cr1_0159p_00004.cbf,531,561,285,324,30,39,1170
cr1_0159p_00005.cbf,532,562,284,323,30,39,1170
cr1_0159p_00006.cbf,532,562,285,324,30,39,1170
cr1_0159p_00007.cbf,532,562,286,325,30,39,1170
cr1_0159p_00008.cbf,532,563,286,325,31,39,1209
cr1_0160p_00001.cbf,532,563,287,325,31,38,1178
cr1_0160p_00002.cbf,532,562,286,325,30,39,1170
cr1_0160p_00003.cbf,532,562,286,324,30,38,1140
cr1_0160p_00004.cbf,532,561,285,324,29,39,1131
cr1_0160p_00005.cbf,532,562,284,323,30,39,1170
cr1_0160p_00006.cbf,532,562,285,324,30,39,1170
cr1_0160p_00007.cbf,532,562,286,325,30,39,1170
cr1_0160p_00008.cbf,532,563,286,325,31,39,1209
cr1_0161p_00001.cbf,532,563,287,325,31,38,1178
cr1_0161p_00002.cbf,532,563,286,325,31,39,1209
cr1_0161p_00003.cbf,532,562,286,324,30,38,1140
cr1_0161p_00004.cbf,532,562,285,324,30,39,1170
cr1_0161p_00005.cbf,532,562,285,324,30,39,1170
cr1_0161p_00006.cbf,532,562,285,324,30,39,1170
cr1_0161p_00007.cbf,532,562,286,324,30,38,1140
cr1_0161p_00008.cbf,532,563,286,325,31,39,1209
cr1_0162p_00001.cbf,532,563,287,325,31,38,1178
cr1_0162p_00002.cbf,532,563,286,325,31,39,1209
cr1_0162p_00003.cbf,532,563,285,324,31,39,1209
cr1_0162p_00004.cbf,532,561,285,324,29,39,1131
cr1_0162p_00005.cbf,532,561,285,324,29,39,1131
cr1_0162p_00006.cbf,532,562,285,324,30,39,1170
cr1_0162p_00007.cbf,532,562,286,324,30,38,1140
cr1_0162p_00008.cbf,532,563,286,325,31,39,1209
cr1_0163p_00001.cbf,532,562,287,325,30,38,1140
cr1_0163p_00002.cbf,532,562,286,325,30,39,1170
cr1_0163p_00003.cbf,532,562,286,324,30,38,1140
cr1_0163p_00004.cbf,532,561,286,324,29,38,1102
cr1_0163p_00005.cbf,532,561,285,324,29,39,1131
cr1_0163p_00006.cbf,532,561,285,324,29,39,1131
cr1_0163p_00007.cbf,532,562,286,324,30,38,1140
cr1_0163p_00008.cbf,532,562,286,325,30,39,1170
cr1_0164p_00001.cbf,532,563,287,325,31,38,1178
cr1_0164p_00002.cbf,532,562,286,325,30,39,1170
cr1_0164p_00003.cbf,532,562,286,324,30,38,1140
cr1_0164p_00004.cbf,532,563,285,324,31,39,1209
cr1_0164p_00005.cbf,532,562,285,323,30,38,1140
cr1_0164p_00006.cbf,532,563,285,324,31,39,1209
cr1_0164p_00007.cbf,532,563,286,324,31,38,1178
cr1_0164p_00008.cbf,532,563,286,325,31,39,1209
cr1_0165p_00001.cbf,532,563,287,325,31,38,1178
cr1_0165p_00002.cbf,532,563,286,325,31,39,1209
cr1_0165p_00003.cbf,532,562,285,324,30,39,1170
cr1_0165p_00004.cbf,532,562,285,324,30,39,1170
cr1_0165p_00005.cbf,531,562,285,323,31,38,1178
cr1_0165p_00006.cbf,532,562,285,324,30,39,1170
cr1_0165p_00007.cbf,532,563,286,324,31,38,1178
cr1_0165p_00008.cbf,532,563,286,325,31,39,1209
cr1_0166p_00001.cbf,532,563,287,325,31,38,1178
cr1_0166p_00002.cbf,532,563,286,325,31,39,1209
cr1_0166p_00003.cbf,532,563,286,324,31,38,1178
cr1_0166p_00004.cbf,532,563,285,324,31,39,1209
cr1_0166p_00005.cbf,532,562,285,324,30,39,1170
cr1_0166p_00006.cbf,532,562,285,324,30,39,1170
cr1_0166p_00007.cbf,532,563,286,325,31,39,1209
cr1_0166p_00008.cbf,532,563,286,325,31,39,1209
cr1_0167p_00001.cbf,532,564,287,326,32,39,1248
cr1_0167p_00002.cbf,532,563,286,325,31,39,1209
cr1_0167p_00003.cbf,532,562,286,325,30,39,1170
cr1_0167p_00004.cbf,532,562,286,324,30,38,1140
cr1_0167p_00005.cbf,532,562,285,324,30,39,1170
cr1_0167p_00006.cbf,532,562,286,324,30,38,1140
cr1_0167p_00007.cbf,532,563,286,325,31,39,1209
cr1_0167p_00008.cbf,532,563,286,325,31,39,1209
cr1_0168p_00001.cbf,532,564,287,326,32,39,1248
cr1_0168p_00002.cbf,532,563,286,325,31,39,1209
cr1_0168p_00003.cbf,532,563,285,324,31,39,1209
cr1_0168p_00004.cbf,532,562,285,324,30,39,1170
cr1_0168p_00005.cbf,532,562,285,324,30,39,1170
cr1_0168p_00006.cbf,532,563,285,324,31,39,1209
cr1_0168p_00007.cbf,532,563,286,325,31,39,1209
cr1_0168p_00008.cbf,532,564,286,325,32,39,1248
cr1_0169p_00001.cbf,532,564,287,325,32,38,1216
cr1_0169p_00002.cbf,532,563,286,325,31,39,1209
cr1_0169p_00003.cbf,532,563,286,324,31,38,1178
cr1_0169p_00004.cbf,532,562,285,324,30,39,1170
cr1_0169p_00005.cbf,531,562,285,324,31,39,1209
cr1_0169p_00006.cbf,531,563,285,324,32,39,1248
cr1_0169p_00007.cbf,532,563,286,325,31,39,1209
cr1_0169p_00008.cbf,532,563,286,325,31,39,1209
cr1_0170p_00001.cbf,532,564,287,326,32,39,1248
cr1_0170p_00002.cbf,532,563,286,325,31,39,1209
cr1_0170p_00003.cbf,531,563,285,324,32,39,1248
cr1_0170p_00004.cbf,532,562,285,324,30,39,1170
cr1_0170p_00005.cbf,532,562,285,324,30,39,1170
cr1_0170p_00006.cbf,532,562,285,324,30,39,1170
cr1_0170p_00007.cbf,531,563,286,325,32,39,1248
cr1_0170p_00008.cbf,532,564,286,325,32,39,1248
cr1_0171p_00001.cbf,531,564,287,326,33,39,1287
cr1_0171p_00002.cbf,531,563,286,325,32,39,1248
cr1_0171p_00003.cbf,532,563,286,325,31,39,1209
cr1_0171p_00004.cbf,531,562,285,324,31,39,1209
cr1_0171p_00005.cbf,531,562,285,324,31,39,1209
cr1_0171p_00006.cbf,532,562,285,324,30,39,1170
cr1_0171p_00007.cbf,532,563,286,325,31,39,1209
cr1_0171p_00008.cbf,532,564,286,325,32,39,1248
cr1_0172p_00001.cbf,532,564,287,325,32,38,1216
cr1_0172p_00002.cbf,532,564,286,325,32,39,1248
cr1_0172p_00003.cbf,532,563,285,324,31,39,1209
cr1_0172p_00004.cbf,532,562,285,324,30,39,1170
cr1_0172p_00005.cbf,531,562,285,324,31,39,1209
cr1_0172p_00006.cbf,532,563,285,324,31,39,1209
cr1_0172p_00007.cbf,532,563,286,325,31,39,1209
cr1_0172p_00008.cbf,532,563,286,325,31,39,1209
cr1_0173p_00001.cbf,531,564,287,326,33,39,1287
cr1_0173p_00002.cbf,532,563,286,325,31,39,1209
cr1_0173p_00003.cbf,531,563,286,325,32,39,1248
cr1_0173p_00004.cbf,532,562,285,324,30,39,1170
cr1_0173p_00005.cbf,531,562,285,324,31,39,1209
cr1_0173p_00006.cbf,531,563,285,324,32,39,1248
cr1_0173p_00007.cbf,531,563,286,325,32,39,1248
cr1_0173p_00008.cbf,532,564,286,325,32,39,1248
cr1_0174p_00001.cbf,531,564,287,326,33,39,1287
cr1_0174p_00002.cbf,532,564,286,325,32,39,1248
cr1_0174p_00003.cbf,532,563,286,324,31,38,1178
cr1_0174p_00004.cbf,532,562,285,324,30,39,1170
cr1_0174p_00005.cbf,531,562,285,324,31,39,1209
cr1_0174p_00006.cbf,531,562,285,324,31,39,1209
cr1_0174p_00007.cbf,531,563,286,325,32,39,1248
cr1_0174p_00008.cbf,531,564,286,325,33,39,1287
cr1_0175p_00001.cbf,532,564,287,326,32,39,1248
cr1_0175p_00002.cbf,532,563,286,325,31,39,1209
cr1_0175p_00003.cbf,532,562,286,324,30,38,1140
cr1_0175p_00004.cbf,532,562,285,324,30,39,1170
cr1_0175p_00005.cbf,531,562,285,324,31,39,1209
cr1_0175p_00006.cbf,532,562,286,324,30,38,1140
cr1_0175p_00007.cbf,532,562,286,325,30,39,1170
cr1_0175p_00008.cbf,532,563,286,325,31,39,1209
cr1_0176p_00001.cbf,532,563,287,326,31,39,1209
cr1_0176p_00002.cbf,532,563,286,325,31,39,1209
cr1_0176p_00003.cbf,531,562,286,325,31,39,1209
cr1_0176p_00004.cbf,531,562,285,324,31,39,1209
cr1_0176p_00005.cbf,532,562,285,324,30,39,1170
cr1_0176p_00006.cbf,531,562,285,324,31,39,1209
cr1_0176p_00007.cbf,531,562,286,325,31,39,1209
cr1_0176p_00008.cbf,532,562,286,325,30,39,1170
cr1_0177p_00001.cbf,532,563,287,326,31,39,1209
cr1_0177p_00002.cbf,532,562,286,325,30,39,1170
cr1_0177p_00003.cbf,532,562,286,324,30,38,1140
cr1_0177p_00004.cbf,532,561,285,324,29,39,1131
cr1_0177p_00005.cbf,531,562,285,324,31,39,1209
cr1_0177p_00006.cbf,531,561,285,324,30,39,1170
cr1_0177p_00007.cbf,531,562,286,325,31,39,1209
cr1_0177p_00008.cbf,532,562,286,325,30,39,1170
cr1_0178p_00001.cbf,532,562,287,326,30,39,1170
cr1_0178p_00002.cbf,532,562,286,325,30,39,1170
cr1_0178p_00003.cbf,532,562,285,324,30,39,1170
cr1_0178p_00004.cbf,531,562,285,324,31,39,1209
cr1_0178p_00005.cbf,531,561,285,324,30,39,1170
cr1_0178p_00006.cbf,531,562,285,324,31,39,1209
cr1_0178p_00007.cbf,531,562,286,325,31,39,1209
cr1_0178p_00008.cbf,532,562,286,325,30,39,1170
cr1_0179p_00001.cbf,532,562,287,326,30,39,1170
cr1_0179p_00002.cbf,531,562,286,325,31,39,1209
cr1_0179p_00003.cbf,532,562,286,325,30,39,1170
cr1_0179p_00004.cbf,532,562,286,325,30,39,1170
cr1_0179p_00005.cbf,531,562,285,324,31,39,1209
cr1_0179p_00006.cbf,531,562,285,324,31,39,1209
cr1_0179p_00007.cbf,531,562,286,325,31,39,1209
cr1_0179p_00008.cbf,531,562,286,325,31,39,1209
cr1_0180p_00001.cbf,532,562,287,326,30,39,1170
cr1_0180p_00002.cbf,532,562,286,325,30,39,1170
cr1_0180p_00003.cbf,532,562,286,324,30,38,1140
cr1_0180p_00004.cbf,532,561,285,324,29,39,1131
cr1_0180p_00005.cbf,531,562,285,324,31,39,1209
cr1_0180p_00006.cbf,531,562,286,324,31,38,1178
cr1_0180p_00007.cbf,531,561,286,325,30,39,1170
cr1_0180p_00008.cbf,531,562,286,325,31,39,1209
cr1_0181p_00001.cbf,532,562,287,326,30,39,1170
cr1_0181p_00002.cbf,532,562,286,325,30,39,1170
cr1_0181p_00003.cbf,531,562,286,324,31,38,1178
cr1_0181p_00004.cbf,532,561,285,324,29,39,1131
cr1_0181p_00005.cbf,531,561,285,324,30,39,1170
cr1_0181p_00006.cbf,532,562,285,324,30,39,1170
cr1_0181p_00007.cbf,532,562,286,325,30,39,1170
cr1_0181p_00008.cbf,532,562,286,325,30,39,1170
cr1_0182p_00001.cbf,531,562,287,326,31,39,1209
cr1_0182p_00002.cbf,532,562,286,325,30,39,1170
cr1_0182p_00003.cbf,532,562,286,324,30,38,1140
cr1_0182p_00004.cbf,532,562,285,324,30,39,1170
cr1_0182p_00005.cbf,531,562,285,324,31,39,1209
cr1_0182p_00006.cbf,532,562,285,324,30,39,1170
cr1_0182p_00007.cbf,531,562,286,325,31,39,1209
cr1_0182p_00008.cbf,532,562,286,325,30,39,1170
cr1_0183p_00001.cbf,531,562,287,326,31,39,1209
cr1_0183p_00002.cbf,531,562,286,325,31,39,1209
cr1_0183p_00003.cbf,531,562,286,324,31,38,1178
cr1_0183p_00004.cbf,531,561,285,324,30,39,1170
cr1_0183p_00005.cbf,531,561,285,324,30,39,1170
cr1_0183p_00006.cbf,532,562,285,324,30,39,1170
cr1_0183p_00007.cbf,531,562,286,325,31,39,1209
cr1_0183p_00008.cbf,532,562,286,325,30,39,1170
cr1_0184p_00001.cbf,531,562,287,326,31,39,1209
cr1_0184p_00002.cbf,531,562,286,325,31,39,1209
cr1_0184p_00003.cbf,532,562,286,324,30,38,1140
cr1_0184p_00004.cbf,531,561,285,324,30,39,1170
cr1_0184p_00005.cbf,532,561,285,324,29,39,1131
cr1_0184p_00006.cbf,531,561,285,324,30,39,1170
cr1_0184p_00007.cbf,531,561,286,325,30,39,1170
cr1_0184p_00008.cbf,531,562,286,325,31,39,1209
cr1_0185p_00001.cbf,531,562,287,326,31,39,1209
cr1_0185p_00002.cbf,531,562,286,325,31,39,1209
cr1_0185p_00003.cbf,532,562,286,325,30,39,1170
cr1_0185p_00004.cbf,531,561,286,324,30,38,1140
cr1_0185p_00005.cbf,531,561,285,324,30,39,1170
cr1_0185p_00006.cbf,531,561,285,324,30,39,1170
cr1_0185p_00007.cbf,531,561,286,325,30,39,1170
cr1_0185p_00008.cbf,532,562,286,326,30,40,1200
cr1_0186p_00001.cbf,532,562,287,326,30,39,1170
cr1_0186p_00002.cbf,531,561,286,326,30,40,1200
cr1_0186p_00003.cbf,532,561,286,325,29,39,1131
cr1_0186p_00004.cbf,531,561,286,325,30,39,1170
cr1_0186p_00005.cbf,531,561,285,325,30,40,1200
cr1_0186p_00006.cbf,532,561,285,325,29,40,1160
cr1_0186p_00007.cbf,531,561,286,326,30,40,1200
cr1_0186p_00008.cbf,532,561,286,326,29,40,1160
cr1_0187p_00001.cbf,531,562,287,326,31,39,1209
cr1_0187p_00002.cbf,531,561,286,326,30,40,1200
cr1_0187p_00003.cbf,531,561,286,325,30,39,1170
cr1_0187p_00004.cbf,531,561,286,325,30,39,1170
cr1_0187p_00005.cbf,531,560,285,325,29,40,1160
cr1_0187p_00006.cbf,531,561,286,325,30,39,1170
cr1_0187p_00007.cbf,531,561,286,326,30,40,1200
cr1_0187p_00008.cbf,532,561,286,326,29,40,1160
cr1_0188p_00001.cbf,532,561,287,326,29,39,1131
cr1_0188p_00002.cbf,531,561,286,326,30,40,1200
cr1_0188p_00003.cbf,531,561,286,325,30,39,1170
cr1_0188p_00004.cbf,531,561,286,325,30,39,1170
cr1_0188p_00005.cbf,531,561,285,324,30,39,1170
cr1_0188p_00006.cbf,531,561,285,324,30,39,1170
cr1_0188p_00007.cbf,531,561,286,326,30,40,1200
cr1_0188p_00008.cbf,531,561,286,326,30,40,1200
cr1_0189p_00001.cbf,531,561,287,326,30,39,1170
cr1_0189p_00002.cbf,532,561,287,326,29,39,1131
cr1_0189p_00003.cbf,531,561,286,325,30,39,1170
cr1_0189p_00004.cbf,532,561,286,325,29,39,1131
cr1_0189p_00005.cbf,531,560,285,325,29,40,1160
cr1_0189p_00006.cbf,531,561,285,324,30,39,1170
cr1_0189p_00007.cbf,531,561,286,326,30,40,1200
cr1_0189p_00008.cbf,532,561,286,326,29,40,1160
cr1_0190p_00001.cbf,531,561,287,326,30,39,1170
cr1_0190p_00002.cbf,531,561,286,326,30,40,1200
cr1_0190p_00003.cbf,532,561,286,325,29,39,1131
cr1_0190p_00004.cbf,531,561,286,325,30,39,1170
cr1_0190p_00005.cbf,531,561,285,325,30,40,1200
cr1_0190p_00006.cbf,531,561,285,325,30,40,1200
cr1_0190p_00007.cbf,532,561,286,325,29,39,1131
cr1_0190p_00008.cbf,531,561,286,326,30,40,1200
cr1_0191p_00001.cbf,531,561,287,326,30,39,1170
cr1_0191p_00002.cbf,531,561,287,326,30,39,1170
cr1_0191p_00003.cbf,531,561,286,325,30,39,1170
cr1_0191p_00004.cbf,531,561,286,325,30,39,1170
cr1_0191p_00005.cbf,531,561,285,325,30,40,1200
cr1_0191p_00006.cbf,531,561,286,324,30,38,1140
cr1_0191p_00007.cbf,532,561,286,325,29,39,1131
cr1_0191p_00008.cbf,531,561,286,325,30,39,1170
cr1_0192p_00001.cbf,532,561,287,326,29,39,1131
cr1_0192p_00002.cbf,532,561,287,326,29,39,1131
cr1_0192p_00003.cbf,532,561,286,325,29,39,1131
cr1_0192p_00004.cbf,531,561,286,325,30,39,1170
cr1_0192p_00005.cbf,531,560,285,324,29,39,1131
cr1_0192p_00006.cbf,531,560,286,324,29,38,1102
cr1_0192p_00007.cbf,531,561,286,325,30,39,1170
cr1_0192p_00008.cbf,532,561,287,325,29,38,1102
cr1_0193p_00001.cbf,531,561,287,326,30,39,1170
cr1_0193p_00002.cbf,531,561,287,325,30,38,1140
cr1_0193p_00003.cbf,531,561,286,325,30,39,1170
cr1_0193p_00004.cbf,531,560,286,325,29,39,1131
cr1_0193p_00005.cbf,531,560,286,324,29,38,1102
cr1_0193p_00006.cbf,531,561,286,324,30,38,1140
cr1_0193p_00007.cbf,531,561,287,325,30,38,1140
cr1_0193p_00008.cbf,531,561,287,325,30,38,1140
cr1_0194p_00001.cbf,532,561,287,325,29,38,1102
cr1_0194p_00002.cbf,532,561,287,325,29,38,1102
cr1_0194p_00003.cbf,531,561,286,325,30,39,1170
cr1_0194p_00004.cbf,531,561,286,324,30,38,1140
cr1_0194p_00005.cbf,531,560,286,324,29,38,1102
cr1_0194p_00006.cbf,531,560,286,324,29,38,1102
cr1_0194p_00007.cbf,531,561,287,325,30,38,1140
cr1_0194p_00008.cbf,531,561,287,325,30,38,1140
cr1_0195p_00001.cbf,532,561,287,325,29,38,1102
cr1_0195p_00002.cbf,531,561,287,325,30,38,1140
cr1_0195p_00003.cbf,531,561,286,324,30,38,1140
cr1_0195p_00004.cbf,531,560,286,324,29,38,1102
cr1_0195p_00005.cbf,531,560,286,324,29,38,1102
cr1_0195p_00006.cbf,531,560,286,324,29,38,1102
cr1_0195p_00007.cbf,531,561,287,325,30,38,1140
cr1_0195p_00008.cbf,532,561,287,325,29,38,1102
cr1_0196p_00001.cbf,532,561,287,325,29,38,1102
cr1_0196p_00002.cbf,532,561,287,325,29,38,1102
cr1_0196p_00003.cbf,531,561,286,324,30,38,1140
cr1_0196p_00004.cbf,531,560,286,324,29,38,1102
cr1_0196p_00005.cbf,531,560,286,324,29,38,1102
cr1_0196p_00006.cbf,531,561,286,324,30,38,1140
cr1_0196p_00007.cbf,532,561,287,325,29,38,1102
cr1_0196p_00008.cbf,531,561,287,325,30,38,1140
cr1_0197p_00001.cbf,532,561,287,325,29,38,1102
cr1_0197p_00002.cbf,532,561,287,325,29,38,1102
cr1_0197p_00003.cbf,532,561,286,324,29,38,1102
cr1_0197p_00004.cbf,531,561,286,324,30,38,1140
cr1_0197p_00005.cbf,532,560,286,324,28,38,1064
cr1_0197p_00006.cbf,532,560,286,324,28,38,1064
cr1_0197p_00007.cbf,531,561,287,324,30,37,1110
cr1_0197p_00008.cbf,532,561,287,325,29,38,1102
cr1_0198p_00001.cbf,532,561,288,325,29,37,1073
cr1_0198p_00002.cbf,532,561,287,325,29,38,1102
cr1_0198p_00003.cbf,531,561,286,324,30,38,1140
cr1_0198p_00004.cbf,531,560,286,324,29,38,1102
cr1_0198p_00005.cbf,531,560,286,324,29,38,1102
cr1_0198p_00006.cbf,531,560,286,324,29,38,1102
cr1_0198p_00007.cbf,532,561,287,325,29,38,1102
cr1_0198p_00008.cbf,532,561,287,325,29,38,1102
cr1_0199p_00001.cbf,531,561,288,325,30,37,1110
cr1_0199p_00002.cbf,531,561,287,325,30,38,1140
cr1_0199p_00003.cbf,531,561,286,324,30,38,1140
cr1_0199p_00004.cbf,531,560,286,324,29,38,1102
cr1_0199p_00005.cbf,531,559,286,324,28,38,1064
cr1_0199p_00006.cbf,531,561,286,324,30,38,1140
cr1_0199p_00007.cbf,531,561,286,324,30,38,1140
cr1_0199p_00008.cbf,531,561,287,325,30,38,1140
cr1_0200p_00001.cbf,532,561,287,325,29,38,1102
cr1_0200p_00002.cbf,532,561,287,325,29,38,1102
cr1_0200p_00003.cbf,532,561,286,324,29,38,1102
cr1_0200p_00004.cbf,532,561,286,324,29,38,1102
cr1_0200p_00005.cbf,531,560,285,323,29,38,1102
cr1_0200p_00006.cbf,531,560,286,324,29,38,1102
cr1_0200p_00007.cbf,531,561,286,324,30,38,1140
cr1_0200p_00008.cbf,532,561,287,325,29,38,1102
cr1_0201p_00001.cbf,532,561,287,325,29,38,1102
cr1_0201p_00002.cbf,532,561,287,325,29,38,1102
cr1_0201p_00003.cbf,532,561,286,324,29,38,1102
cr1_0201p_00004.cbf,531,560,286,324,29,38,1102
cr1_0201p_00005.cbf,531,560,285,324,29,39,1131
cr1_0201p_00006.cbf,531,561,286,324,30,38,1140
cr1_0201p_00007.cbf,531,561,286,324,30,38,1140
cr1_0201p_00008.cbf,532,561,287,325,29,38,1102
cr1_0202p_00001.cbf,532,561,287,325,29,38,1102
cr1_0202p_00002.cbf,532,561,287,325,29,38,1102
cr1_0202p_00003.cbf,531,561,286,324,30,38,1140
cr1_0202p_00004.cbf,531,560,286,324,29,38,1102
cr1_0202p_00005.cbf,531,560,285,323,29,38,1102
cr1_0202p_00006.cbf,532,560,285,323,28,38,1064
cr1_0202p_00007.cbf,531,561,286,324,30,38,1140
cr1_0202p_00008.cbf,531,561,287,325,30,38,1140
cr1_0203p_00001.cbf,531,561,287,325,30,38,1140
cr1_0203p_00002.cbf,532,561,287,325,29,38,1102
cr1_0203p_00003.cbf,531,561,286,324,30,38,1140
cr1_0203p_00004.cbf,531,561,286,324,30,38,1140
cr1_0203p_00005.cbf,531,560,286,324,29,38,1102
cr1_0203p_00006.cbf,531,560,286,324,29,38,1102
cr1_0203p_00007.cbf,532,561,286,324,29,38,1102
cr1_0203p_00008.cbf,532,561,287,325,29,38,1102
cr1_0204p_00001.cbf,531,562,287,325,31,38,1178
cr1_0204p_00002.cbf,532,561,287,325,29,38,1102
cr1_0204p_00003.cbf,531,561,286,324,30,38,1140
cr1_0204p_00004.cbf,531,560,286,324,29,38,1102
cr1_0204p_00005.cbf,531,560,285,323,29,38,1102
cr1_0204p_00006.cbf,531,561,285,323,30,38,1140
cr1_0204p_00007.cbf,531,561,286,324,30,38,1140
cr1_0204p_00008.cbf,531,561,287,324,30,37,1110
cr1_0205p_00001.cbf,531,562,287,325,31,38,1178
cr1_0205p_00002.cbf,531,561,287,325,30,38,1140
cr1_0205p_00003.cbf,531,561,286,324,30,38,1140
cr1_0205p_00004.cbf,531,560,286,324,29,38,1102
cr1_0205p_00005.cbf,531,560,285,323,29,38,1102
cr1_0205p_00006.cbf,531,561,285,324,30,39,1170
cr1_0205p_00007.cbf,531,561,286,324,30,38,1140
cr1_0205p_00008.cbf,532,561,287,325,29,38,1102
cr1_0206p_00001.cbf,531,562,287,325,31,38,1178
cr1_0206p_00002.cbf,531,561,287,325,30,38,1140
cr1_0206p_00003.cbf,531,561,286,324,30,38,1140
cr1_0206p_00004.cbf,531,561,286,324,30,38,1140
cr1_0206p_00005.cbf,531,560,285,323,29,38,1102
cr1_0206p_00006.cbf,531,560,286,324,29,38,1102
cr1_0206p_00007.cbf,531,561,286,324,30,38,1140
cr1_0206p_00008.cbf,531,561,287,325,30,38,1140
cr1_0207p_00001.cbf,531,561,287,325,30,38,1140
cr1_0207p_00002.cbf,531,561,287,325,30,38,1140
cr1_0207p_00003.cbf,531,561,286,324,30,38,1140
cr1_0207p_00004.cbf,531,560,286,324,29,38,1102
cr1_0207p_00005.cbf,531,560,285,324,29,39,1131
cr1_0207p_00006.cbf,531,560,286,324,29,38,1102
cr1_0207p_00007.cbf,531,561,287,324,30,37,1110
cr1_0207p_00008.cbf,532,561,287,325,29,38,1102
cr1_0208p_00001.cbf,532,561,287,325,29,38,1102
cr1_0208p_00002.cbf,531,561,287,325,30,38,1140
cr1_0208p_00003.cbf,531,561,286,324,30,38,1140
cr1_0208p_00004.cbf,531,561,286,324,30,38,1140
cr1_0208p_00005.cbf,531,560,286,324,29,38,1102
cr1_0208p_00006.cbf,531,560,286,324,29,38,1102
cr1_0208p_00007.cbf,531,560,286,324,29,38,1102
cr1_0208p_00008.cbf,531,561,287,325,30,38,1140
cr1_0209p_00001.cbf,531,561,287,325,30,38,1140
cr1_0209p_00002.cbf,531,561,287,325,30,38,1140
cr1_0209p_00003.cbf,531,561,286,324,30,38,1140
cr1_0209p_00004.cbf,531,560,286,324,29,38,1102
cr1_0209p_00005.cbf,531,560,286,324,29,38,1102
cr1_0209p_00006.cbf,531,560,286,324,29,38,1102
cr1_0209p_00007.cbf,531,561,286,324,30,38,1140
cr1_0209p_00008.cbf,531,561,287,325,30,38,1140
cr1_0210p_00001.cbf,531,561,287,325,30,38,1140
cr1_0210p_00002.cbf,531,561,287,325,30,38,1140
cr1_0210p_00003.cbf,531,561,286,324,30,38,1140
cr1_0210p_00004.cbf,531,560,286,324,29,38,1102
cr1_0210p_00005.cbf,531,560,286,324,29,38,1102
cr1_0210p_00006.cbf,531,560,285,323,29,38,1102
cr1_0210p_00007.cbf,531,561,286,324,30,38,1140
cr1_0210p_00008.cbf,532,561,287,325,29,38,1102
cr1_0211p_00001.cbf,531,561,288,325,30,37,1110
cr1_0211p_00002.cbf,531,561,287,325,30,38,1140
cr1_0211p_00003.cbf,531,561,286,324,30,38,1140
cr1_0211p_00004.cbf,531,560,286,324,29,38,1102
cr1_0211p_00005.cbf,531,560,286,324,29,38,1102
cr1_0211p_00006.cbf,531,560,286,324,29,38,1102
cr1_0211p_00007.cbf,531,561,286,324,30,38,1140
cr1_0211p_00008.cbf,532,561,287,325,29,38,1102
cr1_0212p_00001.cbf,532,561,288,326,29,38,1102
cr1_0212p_00002.cbf,532,561,287,325,29,38,1102
cr1_0212p_00003.cbf,531,561,286,324,30,38,1140
cr1_0212p_00004.cbf,531,560,286,324,29,38,1102
cr1_0212p_00005.cbf,531,560,285,324,29,39,1131
cr1_0212p_00006.cbf,531,560,286,324,29,38,1102
cr1_0212p_00007.cbf,532,561,286,324,29,38,1102
cr1_0212p_00008.cbf,531,561,287,325,30,38,1140
cr1_0213p_00001.cbf,531,561,287,325,30,38,1140
cr1_0213p_00002.cbf,531,561,287,325,30,38,1140
cr1_0213p_00003.cbf,532,561,286,324,29,38,1102
cr1_0213p_00004.cbf,532,560,286,324,28,38,1064
cr1_0213p_00005.cbf,532,560,286,324,28,38,1064
cr1_0213p_00006.cbf,531,560,286,324,29,38,1102
cr1_0213p_00007.cbf,531,561,286,324,30,38,1140
cr1_0213p_00008.cbf,532,561,287,325,29,38,1102
cr1_0214p_00001.cbf,531,561,287,326,30,39,1170
cr1_0214p_00002.cbf,531,561,287,325,30,38,1140
cr1_0214p_00003.cbf,531,561,286,324,30,38,1140
cr1_0214p_00004.cbf,531,560,286,324,29,38,1102
cr1_0214p_00005.cbf,531,560,286,324,29,38,1102
cr1_0214p_00006.cbf,531,560,286,324,29,38,1102
cr1_0214p_00007.cbf,531,560,286,324,29,38,1102
cr1_0214p_00008.cbf,532,561,287,325,29,38,1102
cr1_0215p_00001.cbf,532,561,287,325,29,38,1102
cr1_0215p_00002.cbf,531,561,287,325,30,38,1140
cr1_0215p_00003.cbf,531,560,286,324,29,38,1102
cr1_0215p_00004.cbf,532,560,286,324,28,38,1064
cr1_0215p_00005.cbf,531,559,286,324,28,38,1064
cr1_0215p_00006.cbf,531,560,286,324,29,38,1102
cr1_0215p_00007.cbf,531,560,286,325,29,39,1131
cr1_0215p_00008.cbf,532,561,287,325,29,38,1102
cr1_0216p_00001.cbf,531,561,287,325,30,38,1140
cr1_0216p_00002.cbf,532,560,287,325,28,38,1064
cr1_0216p_00003.cbf,532,560,286,324,28,38,1064
cr1_0216p_00004.cbf,531,560,286,324,29,38,1102
cr1_0216p_00005.cbf,531,560,286,324,29,38,1102
cr1_0216p_00006.cbf,531,560,286,324,29,38,1102
cr1_0216p_00007.cbf,531,560,286,324,29,38,1102
cr1_0216p_00008.cbf,532,560,287,325,28,38,1064
cr1_0217p_00001.cbf,531,561,288,326,30,38,1140
cr1_0217p_00002.cbf,531,560,287,325,29,38,1102
cr1_0217p_00003.cbf,532,560,286,324,28,38,1064
cr1_0217p_00004.cbf,531,560,286,324,29,38,1102
cr1_0217p_00005.cbf,531,560,286,324,29,38,1102
cr1_0217p_00006.cbf,531,560,286,324,29,38,1102
cr1_0217p_00007.cbf,531,560,286,324,29,38,1102
cr1_0217p_00008.cbf,532,561,287,325,29,38,1102
cr1_0218p_00001.cbf,531,561,287,326,30,39,1170
cr1_0218p_00002.cbf,532,560,287,325,28,38,1064
cr1_0218p_00003.cbf,532,560,286,324,28,38,1064
cr1_0218p_00004.cbf,531,560,286,324,29,38,1102
cr1_0218p_00005.cbf,531,559,286,324,28,38,1064
cr1_0218p_00006.cbf,531,560,286,324,29,38,1102
cr1_0218p_00007.cbf,531,560,286,324,29,38,1102
cr1_0218p_00008.cbf,531,560,287,325,29,38,1102
cr1_0219p_00001.cbf,532,561,288,326,29,38,1102
cr1_0219p_00002.cbf,531,560,287,325,29,38,1102
cr1_0219p_00003.cbf,531,560,286,324,29,38,1102
cr1_0219p_00004.cbf,531,560,286,324,29,38,1102
cr1_0219p_00005.cbf,531,559,286,324,28,38,1064
cr1_0219p_00006.cbf,531,559,286,324,28,38,1064
cr1_0219p_00007.cbf,532,560,287,325,28,38,1064
cr1_0219p_00008.cbf,531,560,287,325,29,38,1102
cr1_0220p_00001.cbf,531,560,288,326,29,38,1102
cr1_0220p_00002.cbf,531,560,287,325,29,38,1102
cr1_0220p_00003.cbf,531,560,286,324,29,38,1102
cr1_0220p_00004.cbf,531,560,286,324,29,38,1102
cr1_0220p_00005.cbf,531,559,286,324,28,38,1064
cr1_0220p_00006.cbf,531,560,286,324,29,38,1102
cr1_0220p_00007.cbf,532,560,287,325,28,38,1064
cr1_0220p_00008.cbf,532,560,287,325,28,38,1064
cr1_0221p_00001.cbf,532,560,288,326,28,38,1064
cr1_0221p_00002.cbf,531,560,287,325,29,38,1102
cr1_0221p_00003.cbf,531,560,286,324,29,38,1102
cr1_0221p_00004.cbf,532,560,286,324,28,38,1064
cr1_0221p_00005.cbf,531,559,286,324,28,38,1064
cr1_0221p_00006.cbf,531,559,286,324,28,38,1064
cr1_0221p_00007.cbf,531,560,286,325,29,39,1131
cr1_0221p_00008.cbf,532,560,287,325,28,38,1064
cr1_0222p_00001.cbf,531,560,288,326,29,38,1102
cr1_0222p_00002.cbf,532,560,287,325,28,38,1064
cr1_0222p_00003.cbf,532,560,286,324,28,38,1064
cr1_0222p_00004.cbf,532,559,286,324,27,38,1026
cr1_0222p_00005.cbf,531,559,286,324,28,38,1064
cr1_0222p_00006.cbf,531,559,286,324,28,38,1064
cr1_0222p_00007.cbf,531,560,287,324,29,37,1073
cr1_0222p_00008.cbf,531,560,287,325,29,38,1102
cr1_0223p_00001.cbf,532,560,288,326,28,38,1064
cr1_0223p_00002.cbf,531,560,287,325,29,38,1102
cr1_0223p_00003.cbf,532,560,286,324,28,38,1064
cr1_0223p_00004.cbf,532,559,286,324,27,38,1026
cr1_0223p_00005.cbf,531,559,286,324,28,38,1064
cr1_0223p_00006.cbf,531,559,286,324,28,38,1064
cr1_0223p_00007.cbf,532,560,287,325,28,38,1064
cr1_0223p_00008.cbf,531,560,287,325,29,38,1102
cr1_0224p_00001.cbf,532,560,288,326,28,38,1064
cr1_0224p_00002.cbf,531,560,287,325,29,38,1102
cr1_0224p_00003.cbf,532,560,286,324,28,38,1064
cr1_0224p_00004.cbf,531,560,286,324,29,38,1102
cr1_0224p_00005.cbf,531,559,286,324,28,38,1064
cr1_0224p_00006.cbf,531,559,286,324,28,38,1064
cr1_0224p_00007.cbf,532,560,286,324,28,38,1064
cr1_0224p_00008.cbf,532,560,287,325,28,38,1064
cr1_0225p_00001.cbf,531,560,288,326,29,38,1102
cr1_0225p_00002.cbf,531,560,287,325,29,38,1102
cr1_0225p_00003.cbf,532,560,286,324,28,38,1064
cr1_0225p_00004.cbf,531,559,286,324,28,38,1064
cr1_0225p_00005.cbf,531,559,286,324,28,38,1064
cr1_0225p_00006.cbf,531,560,286,324,29,38,1102
cr1_0225p_00007.cbf,532,560,287,325,28,38,1064
cr1_0225p_00008.cbf,531,560,287,325,29,38,1102
cr1_0226p_00001.cbf,532,560,288,326,28,38,1064
cr1_0226p_00002.cbf,531,560,287,325,29,38,1102
cr1_0226p_00003.cbf,531,560,286,324,29,38,1102
cr1_0226p_00004.cbf,532,560,286,324,28,38,1064
cr1_0226p_00005.cbf,532,559,286,324,27,38,1026
cr1_0226p_00006.cbf,531,559,286,324,28,38,1064
cr1_0226p_00007.cbf,531,560,287,325,29,38,1102
cr1_0226p_00008.cbf,532,560,287,325,28,38,1064
cr1_0227p_00001.cbf,531,560,288,326,29,38,1102
cr1_0227p_00002.cbf,532,560,287,325,28,38,1064
cr1_0227p_00003.cbf,532,559,286,324,27,38,1026
cr1_0227p_00004.cbf,532,559,286,324,27,38,1026
cr1_0227p_00005.cbf,532,559,286,324,27,38,1026
cr1_0227p_00006.cbf,532,559,286,324,27,38,1026
cr1_0227p_00007.cbf,531,559,287,325,28,38,1064
cr1_0227p_00008.cbf,531,560,287,325,29,38,1102
cr1_0228p_00001.cbf,531,560,288,326,29,38,1102
cr1_0228p_00002.cbf,532,559,287,325,27,38,1026
cr1_0228p_00003.cbf,532,559,286,324,27,38,1026
cr1_0228p_00004.cbf,531,559,286,324,28,38,1064
cr1_0228p_00005.cbf,531,559,286,324,28,38,1064
cr1_0228p_00006.cbf,531,559,286,324,28,38,1064
cr1_0228p_00007.cbf,531,560,287,325,29,38,1102
cr1_0228p_00008.cbf,532,560,287,325,28,38,1064
cr1_0229p_00001.cbf,532,560,288,326,28,38,1064
cr1_0229p_00002.cbf,531,559,287,325,28,38,1064
cr1_0229p_00003.cbf,531,559,286,324,28,38,1064
cr1_0229p_00004.cbf,532,559,286,324,27,38,1026
cr1_0229p_00005.cbf,531,559,286,324,28,38,1064
cr1_0229p_00006.cbf,531,559,286,324,28,38,1064
cr1_0229p_00007.cbf,531,559,287,325,28,38,1064
cr1_0229p_00008.cbf,532,560,287,325,28,38,1064
cr1_0230p_00001.cbf,531,560,288,326,29,38,1102
cr1_0230p_00002.cbf,531,559,287,325,28,38,1064
cr1_0230p_00003.cbf,532,559,286,324,27,38,1026
cr1_0230p_00004.cbf,531,559,286,324,28,38,1064
cr1_0230p_00005.cbf,532,559,286,324,27,38,1026
cr1_0230p_00006.cbf,531,559,286,324,28,38,1064
cr1_0230p_00007.cbf,532,559,287,325,27,38,1026
cr1_0230p_00008.cbf,532,560,287,325,28,38,1064
cr1_0231p_00001.cbf,531,560,288,326,29,38,1102
cr1_0231p_00002.cbf,532,560,288,326,28,38,1064
cr1_0231p_00003.cbf,532,559,286,324,27,38,1026
cr1_0231p_00004.cbf,531,559,286,324,28,38,1064
cr1_0231p_00005.cbf,531,559,286,324,28,38,1064
cr1_0231p_00006.cbf,531,559,286,325,28,39,1092
cr1_0231p_00007.cbf,531,560,287,325,29,38,1102
cr1_0231p_00008.cbf,531,560,287,325,29,38,1102
cr1_0232p_00001.cbf,531,560,288,326,29,38,1102
cr1_0232p_00002.cbf,532,559,287,325,27,38,1026
cr1_0232p_00003.cbf,531,559,286,324,28,38,1064
cr1_0232p_00004.cbf,532,559,286,324,27,38,1026
cr1_0232p_00005.cbf,531,559,286,324,28,38,1064
cr1_0232p_00006.cbf,531,559,286,324,28,38,1064
cr1_0232p_00007.cbf,531,559,287,325,28,38,1064
cr1_0232p_00008.cbf,531,560,287,325,29,38,1102
cr1_0233p_00001.cbf,532,560,288,326,28,38,1064
cr1_0233p_00002.cbf,531,559,287,326,28,39,1092
cr1_0233p_00003.cbf,532,559,286,324,27,38,1026
cr1_0233p_00004.cbf,531,559,286,324,28,38,1064
cr1_0233p_00005.cbf,531,559,286,324,28,38,1064
cr1_0233p_00006.cbf,531,559,286,324,28,38,1064
cr1_0233p_00007.cbf,531,559,287,325,28,38,1064
cr1_0233p_00008.cbf,531,560,287,325,29,38,1102
cr1_0234p_00001.cbf,532,560,288,326,28,38,1064
cr1_0234p_00002.cbf,531,560,288,326,29,38,1102
cr1_0234p_00003.cbf,531,559,286,324,28,38,1064
cr1_0234p_00004.cbf,531,559,286,324,28,38,1064
cr1_0234p_00005.cbf,531,559,286,324,28,38,1064
cr1_0234p_00006.cbf,531,559,286,325,28,39,1092
cr1_0234p_00007.cbf,531,559,287,325,28,38,1064
cr1_0234p_00008.cbf,531,560,287,325,29,38,1102
cr1_0235p_00001.cbf,531,560,288,326,29,38,1102
cr1_0235p_00002.cbf,532,560,288,326,28,38,1064
cr1_0235p_00003.cbf,531,560,286,324,29,38,1102
cr1_0235p_00004.cbf,531,559,286,324,28,38,1064
cr1_0235p_00005.cbf,531,559,286,324,28,38,1064
cr1_0235p_00006.cbf,531,559,286,324,28,38,1064
cr1_0235p_00007.cbf,531,559,287,325,28,38,1064
cr1_0235p_00008.cbf,531,559,287,326,28,39,1092
cr1_0236p_00001.cbf,531,560,288,326,29,38,1102
cr1_0236p_00002.cbf,531,559,288,326,28,38,1064
cr1_0236p_00003.cbf,531,559,286,325,28,39,1092
cr1_0236p_00004.cbf,531,559,286,325,28,39,1092
cr1_0236p_00005.cbf,531,559,286,324,28,38,1064
cr1_0236p_00006.cbf,531,559,287,325,28,38,1064
cr1_0236p_00007.cbf,531,560,287,325,29,38,1102
cr1_0236p_00008.cbf,531,560,287,325,29,38,1102
cr1_0237p_00001.cbf,531,560,288,326,29,38,1102
cr1_0237p_00002.cbf,531,560,288,326,29,38,1102
cr1_0237p_00003.cbf,531,560,286,324,29,38,1102
cr1_0237p_00004.cbf,531,560,286,324,29,38,1102
cr1_0237p_00005.cbf,531,559,286,324,28,38,1064
cr1_0237p_00006.cbf,531,559,287,325,28,38,1064
cr1_0237p_00007.cbf,531,559,287,325,28,38,1064
cr1_0237p_00008.cbf,531,560,287,326,29,39,1131
cr1_0238p_00001.cbf,531,560,288,326,29,38,1102
cr1_0238p_00002.cbf,531,560,288,326,29,38,1102
cr1_0238p_00003.cbf,531,560,287,325,29,38,1102
cr1_0238p_00004.cbf,531,559,286,325,28,39,1092
cr1_0238p_00005.cbf,531,559,286,324,28,38,1064
cr1_0238p_00006.cbf,531,559,287,325,28,38,1064
cr1_0238p_00007.cbf,531,559,287,325,28,38,1064
cr1_0238p_00008.cbf,531,560,288,326,29,38,1102
cr1_0239p_00001.cbf,531,560,288,326,29,38,1102
cr1_0239p_00002.cbf,531,560,288,326,29,38,1102
cr1_0239p_00003.cbf,531,559,287,325,28,38,1064
cr1_0239p_00004.cbf,531,559,286,325,28,39,1092
cr1_0239p_00005.cbf,531,559,286,324,28,38,1064
cr1_0239p_00006.cbf,531,559,287,325,28,38,1064
cr1_0239p_00007.cbf,531,559,287,325,28,38,1064
cr1_0239p_00008.cbf,531,560,288,326,29,38,1102
cr1_0240p_00001.cbf,531,560,288,326,29,38,1102
cr1_0240p_00002.cbf,531,560,288,326,29,38,1102
cr1_0240p_00003.cbf,531,560,287,325,29,38,1102
cr1_0240p_00004.cbf,531,559,286,325,28,39,1092
cr1_0240p_00005.cbf,531,559,286,324,28,38,1064
cr1_0240p_00006.cbf,531,559,287,325,28,38,1064
cr1_0240p_00007.cbf,531,560,287,325,29,38,1102
cr1_0240p_00008.cbf,531,560,288,326,29,38,1102
cr1_0241p_00001.cbf,531,560,288,326,29,38,1102
cr1_0241p_00002.cbf,531,560,288,326,29,38,1102
cr1_0241p_00003.cbf,531,560,287,325,29,38,1102
cr1_0241p_00004.cbf,531,559,287,325,28,38,1064
cr1_0241p_00005.cbf,531,559,286,325,28,39,1092
cr1_0241p_00006.cbf,531,559,287,325,28,38,1064
cr1_0241p_00007.cbf,531,560,287,325,29,38,1102
cr1_0241p_00008.cbf,531,560,288,326,29,38,1102
cr1_0242p_00001.cbf,531,560,288,326,29,38,1102
cr1_0242p_00002.cbf,531,560,288,326,29,38,1102
cr1_0242p_00003.cbf,531,560,287,325,29,38,1102
cr1_0242p_00004.cbf,531,559,287,325,28,38,1064
cr1_0242p_00005.cbf,531,559,286,324,28,38,1064
cr1_0242p_00006.cbf,531,559,287,325,28,38,1064
cr1_0242p_00007.cbf,531,559,287,325,28,38,1064
cr1_0242p_00008.cbf,531,560,288,326,29,38,1102
cr1_0243p_00001.cbf,531,560,288,326,29,38,1102
cr1_0243p_00002.cbf,531,560,288,326,29,38,1102
cr1_0243p_00003.cbf,531,559,287,325,28,38,1064
cr1_0243p_00004.cbf,531,559,286,325,28,39,1092
cr1_0243p_00005.cbf,531,559,286,324,28,38,1064
cr1_0243p_00006.cbf,531,559,286,325,28,39,1092
cr1_0243p_00007.cbf,531,559,287,325,28,38,1064
cr1_0243p_00008.cbf,531,559,288,326,28,38,1064
cr1_0244p_00001.cbf,531,560,288,326,29,38,1102
cr1_0244p_00002.cbf,531,559,288,326,28,38,1064
cr1_0244p_00003.cbf,531,559,287,325,28,38,1064
cr1_0244p_00004.cbf,531,559,287,325,28,38,1064
cr1_0244p_00005.cbf,531,559,286,324,28,38,1064
cr1_0244p_00006.cbf,531,559,287,325,28,38,1064
cr1_0244p_00007.cbf,531,559,287,326,28,39,1092
cr1_0244p_00008.cbf,531,560,288,326,29,38,1102
cr1_0245p_00001.cbf,531,560,289,326,29,37,1073
cr1_0245p_00002.cbf,531,560,288,326,29,38,1102
cr1_0245p_00003.cbf,531,559,287,325,28,38,1064
cr1_0245p_00004.cbf,531,559,287,325,28,38,1064
cr1_0245p_00005.cbf,531,559,287,324,28,37,1036
cr1_0245p_00006.cbf,531,559,287,325,28,38,1064
cr1_0245p_00007.cbf,531,559,288,325,28,37,1036
cr1_0245p_00008.cbf,531,560,288,326,29,38,1102
cr1_0246p_00001.cbf,531,560,289,326,29,37,1073
cr1_0246p_00002.cbf,531,560,288,326,29,38,1102
cr1_0246p_00003.cbf,531,559,287,325,28,38,1064
cr1_0246p_00004.cbf,531,559,287,325,28,38,1064
cr1_0246p_00005.cbf,531,559,287,325,28,38,1064
cr1_0246p_00006.cbf,531,559,287,325,28,38,1064
cr1_0246p_00007.cbf,531,559,288,325,28,37,1036
cr1_0246p_00008.cbf,531,559,288,326,28,38,1064
cr1_0247p_00001.cbf,531,559,289,326,28,37,1036
cr1_0247p_00002.cbf,531,559,288,326,28,38,1064
cr1_0247p_00003.cbf,531,559,287,325,28,38,1064
cr1_0247p_00004.cbf,531,559,287,325,28,38,1064
cr1_0247p_00005.cbf,531,559,287,324,28,37,1036
cr1_0247p_00006.cbf,531,559,287,325,28,38,1064
cr1_0247p_00007.cbf,531,559,287,325,28,38,1064
cr1_0247p_00008.cbf,531,559,288,326,28,38,1064
cr1_0248p_00001.cbf,531,559,289,326,28,37,1036
cr1_0248p_00002.cbf,531,559,288,326,28,38,1064
cr1_0248p_00003.cbf,531,559,287,325,28,38,1064
cr1_0248p_00004.cbf,531,559,287,325,28,38,1064
cr1_0248p_00005.cbf,531,559,287,325,28,38,1064
cr1_0248p_00006.cbf,531,559,287,325,28,38,1064
cr1_0248p_00007.cbf,531,559,287,325,28,38,1064
cr1_0248p_00008.cbf,531,559,288,326,28,38,1064
cr1_0249p_00001.cbf,531,559,289,326,28,37,1036
cr1_0249p_00002.cbf,531,559,288,326,28,38,1064
cr1_0249p_00003.cbf,531,559,287,325,28,38,1064
cr1_0249p_00004.cbf,531,559,287,325,28,38,1064
cr1_0249p_00005.cbf,531,559,287,324,28,37,1036
cr1_0249p_00006.cbf,531,559,287,325,28,38,1064
cr1_0249p_00007.cbf,531,559,288,325,28,37,1036
cr1_0249p_00008.cbf,531,559,288,326,28,38,1064
cr1_0250p_00001.cbf,531,559,289,326,28,37,1036
cr1_0250p_00002.cbf,531,559,288,326,28,38,1064
cr1_0250p_00003.cbf,531,559,287,325,28,38,1064
cr1_0250p_00004.cbf,531,559,287,325,28,38,1064
cr1_0250p_00005.cbf,531,559,287,324,28,37,1036
cr1_0250p_00006.cbf,531,559,287,325,28,38,1064
cr1_0250p_00007.cbf,531,559,288,325,28,37,1036
cr1_0250p_00008.cbf,531,559,288,326,28,38,1064
cr1_0251p_00001.cbf,531,559,289,326,28,37,1036
cr1_0251p_00002.cbf,531,559,288,326,28,38,1064
cr1_0251p_00003.cbf,532,559,287,325,27,38,1026
cr1_0251p_00004.cbf,531,559,287,325,28,38,1064
cr1_0251p_00005.cbf,531,559,287,325,28,38,1064
cr1_0251p_00006.cbf,531,559,287,325,28,38,1064
cr1_0251p_00007.cbf,531,559,287,325,28,38,1064
cr1_0251p_00008.cbf,531,559,288,326,28,38,1064
cr1_0252p_00001.cbf,531,559,289,326,28,37,1036
cr1_0252p_00002.cbf,531,559,288,326,28,38,1064
cr1_0252p_00003.cbf,531,559,287,325,28,38,1064
cr1_0252p_00004.cbf,531,559,287,325,28,38,1064
cr1_0252p_00005.cbf,531,559,287,325,28,38,1064
cr1_0252p_00006.cbf,531,559,287,325,28,38,1064
cr1_0252p_00007.cbf,531,559,288,325,28,37,1036
cr1_0252p_00008.cbf,531,559,288,326,28,38,1064
cr1_0253p_00001.cbf,531,559,288,326,28,38,1064
cr1_0253p_00002.cbf,531,559,288,326,28,38,1064
cr1_0253p_00003.cbf,531,559,287,325,28,38,1064
cr1_0253p_00004.cbf,531,559,287,325,28,38,1064
cr1_0253p_00005.cbf,531,559,287,324,28,37,1036
cr1_0253p_00006.cbf,531,559,287,325,28,38,1064
cr1_0253p_00007.cbf,531,559,287,326,28,39,1092
cr1_0253p_00008.cbf,531,559,288,326,28,38,1064
cr1_0254p_00001.cbf,531,559,289,326,28,37,1036
cr1_0254p_00002.cbf,531,559,288,326,28,38,1064
cr1_0254p_00003.cbf,531,559,287,325,28,38,1064
cr1_0254p_00004.cbf,531,559,287,325,28,38,1064
cr1_0254p_00005.cbf,531,558,287,325,27,38,1026
cr1_0254p_00006.cbf,531,559,287,325,28,38,1064
cr1_0254p_00007.cbf,531,559,287,325,28,38,1064
cr1_0254p_00008.cbf,531,559,288,326,28,38,1064
cr1_0255p_00001.cbf,531,559,289,326,28,37,1036
cr1_0255p_00002.cbf,531,559,288,326,28,38,1064
cr1_0255p_00003.cbf,531,559,287,325,28,38,1064
cr1_0255p_00004.cbf,531,559,287,325,28,38,1064
cr1_0255p_00005.cbf,531,559,287,325,28,38,1064
cr1_0255p_00006.cbf,531,559,287,325,28,38,1064
cr1_0255p_00007.cbf,531,559,287,325,28,38,1064
cr1_0255p_00008.cbf,531,559,288,326,28,38,1064
cr1_0256p_00001.cbf,531,559,289,326,28,37,1036
cr1_0256p_00002.cbf,531,559,288,326,28,38,1064
cr1_0256p_00003.cbf,531,559,287,325,28,38,1064
cr1_0256p_00004.cbf,531,559,287,325,28,38,1064
cr1_0256p_00005.cbf,531,559,287,324,28,37,1036
cr1_0256p_00006.cbf,531,559,287,325,28,38,1064
cr1_0256p_00007.cbf,531,559,287,325,28,38,1064
cr1_0256p_00008.cbf,531,559,288,326,28,38,1064
cr1_0257p_00001.cbf,531,559,289,326,28,37,1036
cr1_0257p_00002.cbf,531,559,288,326,28,38,1064
cr1_0257p_00003.cbf,531,559,287,325,28,38,1064
cr1_0257p_00004.cbf,531,559,287,325,28,38,1064
cr1_0257p_00005.cbf,531,559,286,324,28,38,1064
cr1_0257p_00006.cbf,531,559,287,325,28,38,1064
cr1_0257p_00007.cbf,531,559,287,325,28,38,1064
cr1_0257p_00008.cbf,531,559,288,326,28,38,1064
cr1_0258p_00001.cbf,531,559,289,326,28,37,1036
cr1_0258p_00002.cbf,531,559,288,326,28,38,1064
cr1_0258p_00003.cbf,531,559,287,325,28,38,1064
cr1_0258p_00004.cbf,531,559,287,325,28,38,1064
cr1_0258p_00005.cbf,531,559,287,324,28,37,1036
cr1_0258p_00006.cbf,531,559,287,325,28,38,1064
cr1_0258p_00007.cbf,531,559,287,325,28,38,1064
cr1_0258p_00008.cbf,531,559,288,326,28,38,1064
cr1_0259p_00001.cbf,531,559,289,326,28,37,1036
cr1_0259p_00002.cbf,531,559,288,326,28,38,1064
cr1_0259p_00003.cbf,531,559,287,325,28,38,1064
cr1_0259p_00004.cbf,531,559,287,324,28,37,1036
cr1_0259p_00005.cbf,531,559,286,324,28,38,1064
cr1_0259p_00006.cbf,531,559,287,325,28,38,1064
cr1_0259p_00007.cbf,531,559,287,325,28,38,1064
cr1_0259p_00008.cbf,531,559,288,326,28,38,1064
cr1_0260p_00001.cbf,531,559,289,326,28,37,1036
cr1_0260p_00002.cbf,531,559,288,326,28,38,1064
cr1_0260p_00003.cbf,532,559,287,325,27,38,1026
cr1_0260p_00004.cbf,531,559,287,324,28,37,1036
cr1_0260p_00005.cbf,531,559,286,324,28,38,1064
cr1_0260p_00006.cbf,531,559,287,325,28,38,1064
cr1_0260p_00007.cbf,531,559,287,325,28,38,1064
cr1_0260p_00008.cbf,531,559,288,326,28,38,1064
cr1_0261p_00001.cbf,531,559,289,326,28,37,1036
cr1_0261p_00002.cbf,531,559,288,326,28,38,1064
cr1_0261p_00003.cbf,531,559,287,325,28,38,1064
cr1_0261p_00004.cbf,531,559,287,325,28,38,1064
cr1_0261p_00005.cbf,531,558,287,324,27,37,999
cr1_0261p_00006.cbf,531,559,287,325,28,38,1064
cr1_0261p_00007.cbf,531,559,287,325,28,38,1064
cr1_0261p_00008.cbf,531,559,288,326,28,38,1064
cr1_0262p_00001.cbf,531,559,289,326,28,37,1036
cr1_0262p_00002.cbf,532,559,288,326,27,38,1026
cr1_0262p_00003.cbf,531,559,287,325,28,38,1064
cr1_0262p_00004.cbf,531,559,287,325,28,38,1064
cr1_0262p_00005.cbf,531,559,286,324,28,38,1064
cr1_0262p_00006.cbf,531,559,287,325,28,38,1064
cr1_0262p_00007.cbf,531,559,287,325,28,38,1064
cr1_0262p_00008.cbf,532,559,288,326,27,38,1026
cr1_0263p_00001.cbf,531,559,289,326,28,37,1036
cr1_0263p_00002.cbf,531,559,288,326,28,38,1064
cr1_0263p_00003.cbf,531,559,287,325,28,38,1064
cr1_0263p_00004.cbf,531,559,287,325,28,38,1064
cr1_0263p_00005.cbf,531,559,287,325,28,38,1064
cr1_0263p_00006.cbf,531,559,287,325,28,38,1064
cr1_0263p_00007.cbf,531,559,288,325,28,37,1036
cr1_0263p_00008.cbf,531,559,288,326,28,38,1064
cr1_0264p_00001.cbf,531,559,289,326,28,37,1036
cr1_0264p_00002.cbf,531,559,288,326,28,38,1064
cr1_0264p_00003.cbf,531,559,287,325,28,38,1064
cr1_0264p_00004.cbf,531,559,287,325,28,38,1064
cr1_0264p_00005.cbf,531,559,287,325,28,38,1064
cr1_0264p_00006.cbf,531,559,287,325,28,38,1064
cr1_0264p_00007.cbf,531,559,288,325,28,37,1036
cr1_0264p_00008.cbf,531,559,288,326,28,38,1064
cr1_0265p_00001.cbf,531,559,289,326,28,37,1036
cr1_0265p_00002.cbf,531,559,288,326,28,38,1064
cr1_0265p_00003.cbf,531,559,287,325,28,38,1064
cr1_0265p_00004.cbf,531,559,287,325,28,38,1064
cr1_0265p_00005.cbf,531,559,287,325,28,38,1064
cr1_0265p_00006.cbf,531,559,287,325,28,38,1064
cr1_0265p_00007.cbf,531,559,288,325,28,37,1036
cr1_0265p_00008.cbf,531,559,288,326,28,38,1064
cr1_0266p_00001.cbf,531,559,289,326,28,37,1036
cr1_0266p_00002.cbf,531,559,288,326,28,38,1064
cr1_0266p_00003.cbf,531,559,287,325,28,38,1064
cr1_0266p_00004.cbf,531,559,287,325,28,38,1064
cr1_0266p_00005.cbf,531,558,287,325,27,38,1026
cr1_0266p_00006.cbf,531,559,287,325,28,38,1064
cr1_0266p_00007.cbf,531,559,287,325,28,38,1064
cr1_0266p_00008.cbf,531,559,288,326,28,38,1064
cr1_0267p_00001.cbf,532,559,289,326,27,37,999
cr1_0267p_00002.cbf,531,559,288,326,28,38,1064
cr1_0267p_00003.cbf,531,559,287,325,28,38,1064
cr1_0267p_00004.cbf,531,559,287,325,28,38,1064
cr1_0267p_00005.cbf,531,559,287,325,28,38,1064
cr1_0267p_00006.cbf,531,559,287,325,28,38,1064
cr1_0267p_00007.cbf,531,559,287,325,28,38,1064
cr1_0267p_00008.cbf,531,559,288,326,28,38,1064
cr1_0268p_00001.cbf,531,559,289,326,28,37,1036
cr1_0268p_00002.cbf,531,559,288,326,28,38,1064
cr1_0268p_00003.cbf,531,559,287,325,28,38,1064
cr1_0268p_00004.cbf,531,559,287,325,28,38,1064
cr1_0268p_00005.cbf,531,558,286,324,27,38,1026
cr1_0268p_00006.cbf,531,559,287,325,28,38,1064
cr1_0268p_00007.cbf,531,559,288,325,28,37,1036
cr1_0268p_00008.cbf,531,559,288,326,28,38,1064
cr1_0269p_00001.cbf,531,559,289,326,28,37,1036
cr1_0269p_00002.cbf,531,559,288,326,28,38,1064
cr1_0269p_00003.cbf,531,559,287,325,28,38,1064
cr1_0269p_00004.cbf,531,559,287,325,28,38,1064
cr1_0269p_00005.cbf,531,559,287,324,28,37,1036
cr1_0269p_00006.cbf,531,559,287,325,28,38,1064
cr1_0269p_00007.cbf,531,559,287,325,28,38,1064
cr1_0269p_00008.cbf,531,559,288,326,28,38,1064
cr1_0270p_00001.cbf,531,559,288,326,28,38,1064
cr1_0270p_00002.cbf,531,559,288,326,28,38,1064
cr1_0270p_00003.cbf,531,559,287,325,28,38,1064
cr1_0270p_00004.cbf,531,559,287,325,28,38,1064
cr1_0270p_00005.cbf,531,559,287,325,28,38,1064
cr1_0270p_00006.cbf,531,559,287,325,28,38,1064
cr1_0270p_00007.cbf,531,559,287,325,28,38,1064
cr1_0270p_00008.cbf,531,559,288,326,28,38,1064
cr1_0271p_00001.cbf,531,559,289,326,28,37,1036
cr1_0271p_00002.cbf,531,559,288,326,28,38,1064
cr1_0271p_00003.cbf,531,559,287,325,28,38,1064
cr1_0271p_00004.cbf,531,559,287,325,28,38,1064
cr1_0271p_00005.cbf,531,559,287,325,28,38,1064
cr1_0271p_00006.cbf,531,559,287,325,28,38,1064
cr1_0271p_00007.cbf,531,559,287,325,28,38,1064
cr1_0271p_00008.cbf,531,559,288,326,28,38,1064
cr1_0272p_00001.cbf,531,559,288,326,28,38,1064
cr1_0272p_00002.cbf,531,559,288,326,28,38,1064
cr1_0272p_00003.cbf,531,559,287,325,28,38,1064
cr1_0272p_00004.cbf,531,559,287,325,28,38,1064
cr1_0272p_00005.cbf,531,559,287,325,28,38,1064
cr1_0272p_00006.cbf,531,559,287,325,28,38,1064
cr1_0272p_00007.cbf,531,559,287,325,28,38,1064
cr1_0272p_00008.cbf,531,559,288,326,28,38,1064
cr1_0273p_00001.cbf,531,559,288,326,28,38,1064
cr1_0273p_00002.cbf,531,559,288,326,28,38,1064
cr1_0273p_00003.cbf,531,559,287,325,28,38,1064
cr1_0273p_00004.cbf,531,559,287,325,28,38,1064
cr1_0273p_00005.cbf,531,558,287,325,27,38,1026
cr1_0273p_00006.cbf,531,559,287,325,28,38,1064
cr1_0273p_00007.cbf,531,559,287,325,28,38,1064
cr1_0273p_00008.cbf,531,559,288,326,28,38,1064
cr1_0274p_00001.cbf,531,559,289,326,28,37,1036
cr1_0274p_00002.cbf,531,559,288,326,28,38,1064
cr1_0274p_00003.cbf,531,559,287,325,28,38,1064
cr1_0274p_00004.cbf,531,559,287,325,28,38,1064
cr1_0274p_00005.cbf,531,559,287,325,28,38,1064
cr1_0274p_00006.cbf,531,559,287,325,28,38,1064
cr1_0274p_00007.cbf,531,559,287,325,28,38,1064
cr1_0274p_00008.cbf,531,559,288,326,28,38,1064
cr1_0275p_00001.cbf,531,559,288,326,28,38,1064
cr1_0275p_00002.cbf,531,559,288,326,28,38,1064
cr1_0275p_00003.cbf,531,559,287,325,28,38,1064
cr1_0275p_00004.cbf,531,559,287,325,28,38,1064
cr1_0275p_00005.cbf,531,559,287,325,28,38,1064
cr1_0275p_00006.cbf,531,559,287,325,28,38,1064
cr1_0275p_00007.cbf,531,559,287,325,28,38,1064
cr1_0275p_00008.cbf,531,559,288,326,28,38,1064
cr1_0276p_00001.cbf,531,559,288,326,28,38,1064
cr1_0276p_00002.cbf,531,559,288,326,28,38,1064
cr1_0276p_00003.cbf,531,559,287,325,28,38,1064
cr1_0276p_00004.cbf,531,559,287,325,28,38,1064
cr1_0276p_00005.cbf,531,558,287,325,27,38,1026
cr1_0276p_00006.cbf,531,559,287,325,28,38,1064
cr1_0276p_00007.cbf,531,559,287,326,28,39,1092
cr1_0276p_00008.cbf,531,559,288,326,28,38,1064
cr1_0277p_00001.cbf,531,559,288,326,28,38,1064
cr1_0277p_00002.cbf,531,559,288,326,28,38,1064
cr1_0277p_00003.cbf,531,559,287,325,28,38,1064
cr1_0277p_00004.cbf,531,559,287,325,28,38,1064
cr1_0277p_00005.cbf,531,559,287,325,28,38,1064
cr1_0277p_00006.cbf,531,559,287,325,28,38,1064
cr1_0277p_00007.cbf,531,559,287,325,28,38,1064
cr1_0277p_00008.cbf,531,559,288,326,28,38,1064
cr1_0278p_00001.cbf,531,559,288,326,28,38,1064
cr1_0278p_00002.cbf,531,559,288,326,28,38,1064
cr1_0278p_00003.cbf,531,559,287,325,28,38,1064
cr1_0278p_00004.cbf,531,559,287,325,28,38,1064
cr1_0278p_00005.cbf,531,559,287,326,28,39,1092
cr1_0278p_00006.cbf,531,559,287,326,28,39,1092
cr1_0278p_00007.cbf,531,559,288,326,28,38,1064
cr1_0278p_00008.cbf,531,559,288,326,28,38,1064
cr1_0279p_00001.cbf,531,559,288,326,28,38,1064
cr1_0279p_00002.cbf,531,559,288,326,28,38,1064
cr1_0279p_00003.cbf,531,559,287,325,28,38,1064
cr1_0279p_00004.cbf,531,559,287,325,28,38,1064
cr1_0279p_00005.cbf,531,559,287,326,28,39,1092
cr1_0279p_00006.cbf,531,559,288,326,28,38,1064
cr1_0279p_00007.cbf,531,559,288,325,28,37,1036
cr1_0279p_00008.cbf,531,559,288,326,28,38,1064
cr1_0280p_00001.cbf,531,559,289,326,28,37,1036
cr1_0280p_00002.cbf,531,559,288,326,28,38,1064
cr1_0280p_00003.cbf,531,559,287,325,28,38,1064
cr1_0280p_00004.cbf,531,559,288,325,28,37,1036
cr1_0280p_00005.cbf,531,558,288,325,27,37,999
cr1_0280p_00006.cbf,531,559,288,325,28,37,1036
cr1_0280p_00007.cbf,531,559,288,326,28,38,1064
cr1_0280p_00008.cbf,531,559,288,326,28,38,1064
cr1_0281p_00001.cbf,531,559,289,326,28,37,1036
cr1_0281p_00002.cbf,531,559,288,326,28,38,1064
cr1_0281p_00003.cbf,531,559,287,325,28,38,1064
cr1_0281p_00004.cbf,531,559,287,325,28,38,1064
cr1_0281p_00005.cbf,531,558,288,326,27,38,1026
cr1_0281p_00006.cbf,531,559,288,326,28,38,1064
cr1_0281p_00007.cbf,531,559,288,326,28,38,1064
cr1_0281p_00008.cbf,531,559,288,326,28,38,1064
cr1_0282p_00001.cbf,531,560,289,326,29,37,1073
cr1_0282p_00002.cbf,531,559,288,326,28,38,1064
cr1_0282p_00003.cbf,531,559,287,325,28,38,1064
cr1_0282p_00004.cbf,531,559,287,325,28,38,1064
cr1_0282p_00005.cbf,530,558,283,326,28,43,1204
cr1_0282p_00006.cbf,531,559,285,327,28,42,1176
cr1_0282p_00007.cbf,531,560,284,326,29,42,1218
cr1_0282p_00008.cbf,531,561,287,326,30,39,1170
cr1_0283p_00001.cbf,531,561,288,327,30,39,1170
cr1_0283p_00002.cbf,531,560,288,326,29,38,1102
cr1_0283p_00003.cbf,531,560,287,325,29,38,1102
cr1_0283p_00004.cbf,531,559,285,326,28,41,1148
cr1_0283p_00005.cbf,530,558,285,326,28,41,1148
cr1_0283p_00006.cbf,530,559,283,326,29,43,1247
cr1_0283p_00007.cbf,531,560,287,326,29,39,1131
cr1_0283p_00008.cbf,531,560,287,326,29,39,1131
cr1_0284p_00001.cbf,531,560,288,326,29,38,1102
cr1_0284p_00002.cbf,531,560,288,326,29,38,1102
cr1_0284p_00003.cbf,531,559,287,325,28,38,1064
cr1_0284p_00004.cbf,531,559,287,326,28,39,1092
cr1_0284p_00005.cbf,530,558,284,326,28,42,1176
cr1_0284p_00006.cbf,530,559,287,326,29,39,1131
cr1_0284p_00007.cbf,531,559,287,326,28,39,1092
cr1_0284p_00008.cbf,531,560,287,326,29,39,1131
cr1_0285p_00001.cbf,531,560,288,327,29,39,1131
cr1_0285p_00002.cbf,531,560,288,326,29,38,1102
cr1_0285p_00003.cbf,531,559,287,325,28,38,1064
cr1_0285p_00004.cbf,531,559,287,326,28,39,1092
cr1_0285p_00005.cbf,530,559,284,326,29,42,1218
cr1_0285p_00006.cbf,531,559,283,326,28,43,1204
cr1_0285p_00007.cbf,531,560,287,326,29,39,1131
cr1_0285p_00008.cbf,531,560,287,326,29,39,1131
cr1_0286p_00001.cbf,531,560,288,326,29,38,1102
cr1_0286p_00002.cbf,531,560,288,326,29,38,1102
cr1_0286p_00003.cbf,531,560,287,325,29,38,1102
cr1_0286p_00004.cbf,531,559,287,326,28,39,1092
cr1_0286p_00005.cbf,530,558,287,326,28,39,1092
cr1_0286p_00006.cbf,531,559,287,326,28,39,1092
cr1_0286p_00007.cbf,530,560,287,326,30,39,1170
cr1_0286p_00008.cbf,531,560,287,326,29,39,1131
cr1_0287p_00001.cbf,531,560,288,326,29,38,1102
cr1_0287p_00002.cbf,531,560,288,326,29,38,1102
cr1_0287p_00003.cbf,531,560,287,325,29,38,1102
cr1_0287p_00004.cbf,531,559,287,325,28,38,1064
cr1_0287p_00005.cbf,530,558,287,326,28,39,1092
cr1_0287p_00006.cbf,530,560,286,326,30,40,1200
cr1_0287p_00007.cbf,531,560,287,326,29,39,1131
cr1_0287p_00008.cbf,531,561,287,326,30,39,1170
cr1_0288p_00001.cbf,531,561,288,326,30,38,1140
cr1_0288p_00002.cbf,531,561,288,326,30,38,1140
cr1_0288p_00003.cbf,531,560,287,325,29,38,1102
cr1_0288p_00004.cbf,531,559,287,326,28,39,1092
cr1_0288p_00005.cbf,531,559,287,325,28,38,1064
cr1_0288p_00006.cbf,531,559,287,326,28,39,1092
cr1_0288p_00007.cbf,531,560,287,326,29,39,1131
cr1_0288p_00008.cbf,531,561,287,326,30,39,1170
cr1_0289p_00001.cbf,531,561,288,326,30,38,1140
cr1_0289p_00002.cbf,531,561,288,326,30,38,1140
cr1_0289p_00003.cbf,531,560,287,325,29,38,1102
cr1_0289p_00004.cbf,531,559,287,325,28,38,1064
cr1_0289p_00005.cbf,531,558,287,326,27,39,1053
cr1_0289p_00006.cbf,531,560,286,326,29,40,1160
cr1_0289p_00007.cbf,531,560,287,326,29,39,1131
cr1_0289p_00008.cbf,531,560,287,326,29,39,1131
cr1_0290p_00001.cbf,531,560,288,326,29,38,1102
cr1_0290p_00002.cbf,531,560,288,326,29,38,1102
cr1_0290p_00003.cbf,531,560,287,325,29,38,1102
cr1_0290p_00004.cbf,531,559,287,325,28,38,1064
cr1_0290p_00005.cbf,531,559,287,325,28,38,1064
cr1_0290p_00006.cbf,531,559,286,326,28,40,1120
cr1_0290p_00007.cbf,531,560,286,325,29,39,1131
cr1_0290p_00008.cbf,531,560,287,326,29,39,1131
cr1_0291p_00001.cbf,531,560,287,326,29,39,1131
cr1_0291p_00002.cbf,531,561,288,326,30,38,1140
cr1_0291p_00003.cbf,531,560,287,325,29,38,1102
cr1_0291p_00004.cbf,531,559,287,325,28,38,1064
cr1_0291p_00005.cbf,531,558,287,325,27,38,1026
cr1_0291p_00006.cbf,531,560,284,326,29,42,1218
cr1_0291p_00007.cbf,531,560,286,326,29,40,1160
cr1_0291p_00008.cbf,531,561,287,326,30,39,1170
cr1_0292p_00001.cbf,531,561,287,326,30,39,1170
cr1_0292p_00002.cbf,531,561,287,326,30,39,1170
cr1_0292p_00003.cbf,531,560,287,325,29,38,1102
cr1_0292p_00004.cbf,531,559,287,325,28,38,1064
cr1_0292p_00005.cbf,530,559,287,326,29,39,1131
cr1_0292p_00006.cbf,531,560,286,326,29,40,1160
cr1_0292p_00007.cbf,531,560,287,326,29,39,1131
cr1_0292p_00008.cbf,531,561,287,326,30,39,1170
cr1_0293p_00001.cbf,531,561,287,326,30,39,1170
cr1_0293p_00002.cbf,531,561,288,326,30,38,1140
cr1_0293p_00003.cbf,531,560,287,325,29,38,1102
cr1_0293p_00004.cbf,531,559,288,325,28,37,1036
cr1_0293p_00005.cbf,530,559,287,326,29,39,1131
cr1_0293p_00006.cbf,531,560,283,326,29,43,1247
cr1_0293p_00007.cbf,531,561,287,326,30,39,1170
cr1_0293p_00008.cbf,531,561,287,326,30,39,1170
cr1_0294p_00001.cbf,531,561,288,326,30,38,1140
cr1_0294p_00002.cbf,531,561,288,326,30,38,1140
cr1_0294p_00003.cbf,531,560,287,325,29,38,1102
cr1_0294p_00004.cbf,531,560,287,325,29,38,1102
cr1_0294p_00005.cbf,530,559,287,326,29,39,1131
cr1_0294p_00006.cbf,531,561,286,326,30,40,1200
cr1_0294p_00007.cbf,531,561,286,325,30,39,1170
cr1_0294p_00008.cbf,531,561,287,325,30,38,1140
cr1_0295p_00001.cbf,531,562,288,326,31,38,1178
cr1_0295p_00002.cbf,531,561,288,326,30,38,1140
cr1_0295p_00003.cbf,531,561,287,325,30,38,1140
cr1_0295p_00004.cbf,531,560,287,325,29,38,1102
cr1_0295p_00005.cbf,531,560,287,325,29,38,1102
cr1_0295p_00006.cbf,531,560,286,325,29,39,1131
cr1_0295p_00007.cbf,531,561,287,325,30,38,1140
cr1_0295p_00008.cbf,531,561,287,325,30,38,1140
cr1_0296p_00001.cbf,531,562,288,326,31,38,1178
cr1_0296p_00002.cbf,531,561,288,325,30,37,1110
cr1_0296p_00003.cbf,531,561,287,325,30,38,1140
cr1_0296p_00004.cbf,531,560,288,325,29,37,1073
cr1_0296p_00005.cbf,531,559,287,325,28,38,1064
cr1_0296p_00006.cbf,531,561,286,325,30,39,1170
cr1_0296p_00007.cbf,531,561,286,325,30,39,1170
cr1_0296p_00008.cbf,532,562,287,325,30,38,1140
cr1_0297p_00001.cbf,532,562,288,326,30,38,1140
cr1_0297p_00002.cbf,531,561,288,325,30,37,1110
cr1_0297p_00003.cbf,531,561,287,325,30,38,1140
cr1_0297p_00004.cbf,531,560,287,325,29,38,1102
cr1_0297p_00005.cbf,531,559,286,325,28,39,1092
cr1_0297p_00006.cbf,531,560,285,325,29,40,1160
cr1_0297p_00007.cbf,531,561,286,325,30,39,1170
cr1_0297p_00008.cbf,531,561,286,325,30,39,1170
cr1_0298p_00001.cbf,531,561,287,326,30,39,1170
cr1_0298p_00002.cbf,531,561,287,325,30,38,1140
cr1_0298p_00003.cbf,532,561,287,324,29,37,1073
cr1_0298p_00004.cbf,531,560,287,325,29,38,1102
cr1_0298p_00005.cbf,531,560,285,325,29,40,1160
cr1_0298p_00006.cbf,531,561,282,325,30,43,1290
cr1_0298p_00007.cbf,531,562,285,325,31,40,1240
cr1_0298p_00008.cbf,531,562,286,325,31,39,1209
cr1_0299p_00001.cbf,531,562,287,326,31,39,1209
cr1_0299p_00002.cbf,532,562,287,326,30,39,1170
cr1_0299p_00003.cbf,532,561,287,325,29,38,1102
cr1_0299p_00004.cbf,531,561,287,325,30,38,1140
cr1_0299p_00005.cbf,531,560,285,325,29,40,1160
cr1_0299p_00006.cbf,531,561,283,325,30,42,1260
cr1_0299p_00007.cbf,531,561,285,325,30,40,1200
cr1_0299p_00008.cbf,532,562,286,325,30,39,1170
cr1_0300p_00001.cbf,531,562,287,326,31,39,1209
cr1_0300p_00002.cbf,532,561,287,325,29,38,1102
cr1_0300p_00003.cbf,532,561,287,325,29,38,1102
cr1_0300p_00004.cbf,531,561,287,325,30,38,1140
cr1_0300p_00005.cbf,531,560,286,325,29,39,1131
cr1_0300p_00006.cbf,531,561,286,325,30,39,1170
cr1_0300p_00007.cbf,532,561,286,325,29,39,1131
cr1_0300p_00008.cbf,531,562,287,325,31,38,1178
cr1_0301p_00001.cbf,531,562,288,326,31,38,1178
cr1_0301p_00002.cbf,532,561,288,326,29,38,1102
cr1_0301p_00003.cbf,531,561,287,325,30,38,1140
cr1_0301p_00004.cbf,531,561,288,325,30,37,1110
cr1_0301p_00005.cbf,531,560,286,325,29,39,1131
cr1_0301p_00006.cbf,531,561,286,325,30,39,1170
cr1_0301p_00007.cbf,531,561,287,325,30,38,1140
cr1_0301p_00008.cbf,532,562,287,325,30,38,1140
cr1_0302p_00001.cbf,531,562,288,326,31,38,1178
cr1_0302p_00002.cbf,532,561,288,326,29,38,1102
cr1_0302p_00003.cbf,532,561,287,325,29,38,1102
cr1_0302p_00004.cbf,531,561,288,325,30,37,1110
cr1_0302p_00005.cbf,531,560,287,325,29,38,1102
cr1_0302p_00006.cbf,531,561,287,325,30,38,1140
cr1_0302p_00007.cbf,531,561,287,325,30,38,1140
cr1_0302p_00008.cbf,532,561,287,325,29,38,1102
cr1_0303p_00001.cbf,531,561,288,326,30,38,1140
cr1_0303p_00002.cbf,532,561,288,325,29,37,1073
cr1_0303p_00003.cbf,531,561,287,325,30,38,1140
cr1_0303p_00004.cbf,531,561,288,325,30,37,1110
cr1_0303p_00005.cbf,531,560,287,325,29,38,1102
cr1_0303p_00006.cbf,531,560,287,325,29,38,1102
cr1_0303p_00007.cbf,531,561,287,325,30,38,1140
cr1_0303p_00008.cbf,531,561,287,325,30,38,1140
cr1_0304p_00001.cbf,531,561,288,326,30,38,1140
cr1_0304p_00002.cbf,531,561,288,326,30,38,1140
cr1_0304p_00003.cbf,531,561,287,325,30,38,1140
cr1_0304p_00004.cbf,531,560,288,325,29,37,1073
cr1_0304p_00005.cbf,531,560,287,325,29,38,1102
cr1_0304p_00006.cbf,531,560,286,325,29,39,1131
cr1_0304p_00007.cbf,531,561,286,325,30,39,1170
cr1_0304p_00008.cbf,531,561,287,325,30,38,1140
cr1_0305p_00001.cbf,531,561,288,326,30,38,1140
cr1_0305p_00002.cbf,531,561,288,325,30,37,1110
cr1_0305p_00003.cbf,532,561,287,325,29,38,1102
cr1_0305p_00004.cbf,531,560,288,325,29,37,1073
cr1_0305p_00005.cbf,531,560,287,325,29,38,1102
cr1_0305p_00006.cbf,531,560,283,325,29,42,1218
cr1_0305p_00007.cbf,531,561,285,325,30,40,1200
cr1_0305p_00008.cbf,531,561,286,325,30,39,1170
cr1_0306p_00001.cbf,531,562,288,326,31,38,1178
cr1_0306p_00002.cbf,531,561,288,326,30,38,1140
cr1_0306p_00003.cbf,531,561,287,325,30,38,1140
cr1_0306p_00004.cbf,531,561,288,325,30,37,1110
cr1_0306p_00005.cbf,531,560,287,325,29,38,1102
cr1_0306p_00006.cbf,531,560,286,325,29,39,1131
cr1_0306p_00007.cbf,531,561,286,325,30,39,1170
cr1_0306p_00008.cbf,531,561,287,325,30,38,1140
cr1_0307p_00001.cbf,531,561,288,326,30,38,1140
cr1_0307p_00002.cbf,531,561,288,326,30,38,1140
cr1_0307p_00003.cbf,532,561,287,325,29,38,1102
cr1_0307p_00004.cbf,531,560,287,325,29,38,1102
cr1_0307p_00005.cbf,530,560,286,325,30,39,1170
cr1_0307p_00006.cbf,531,560,286,325,29,39,1131
cr1_0307p_00007.cbf,531,561,286,325,30,39,1170
cr1_0307p_00008.cbf,531,561,287,325,30,38,1140
cr1_0308p_00001.cbf,531,561,288,326,30,38,1140
cr1_0308p_00002.cbf,531,561,288,326,30,38,1140
cr1_0308p_00003.cbf,532,561,287,325,29,38,1102
cr1_0308p_00004.cbf,531,560,288,325,29,37,1073
cr1_0308p_00005.cbf,531,560,287,325,29,38,1102
cr1_0308p_00006.cbf,531,560,287,325,29,38,1102
cr1_0308p_00007.cbf,532,560,287,325,28,38,1064
cr1_0308p_00008.cbf,531,561,287,325,30,38,1140
cr1_0309p_00001.cbf,532,561,288,326,29,38,1102
cr1_0309p_00002.cbf,531,561,288,325,30,37,1110
cr1_0309p_00003.cbf,531,560,287,324,29,37,1073
cr1_0309p_00004.cbf,531,560,287,325,29,38,1102
cr1_0309p_00005.cbf,531,560,286,325,29,39,1131
cr1_0309p_00006.cbf,531,560,286,325,29,39,1131
cr1_0309p_00007.cbf,531,560,287,325,29,38,1102
cr1_0309p_00008.cbf,531,560,287,325,29,38,1102
cr1_0310p_00001.cbf,532,561,288,326,29,38,1102
cr1_0310p_00002.cbf,532,561,288,326,29,38,1102
cr1_0310p_00003.cbf,531,560,287,325,29,38,1102
cr1_0310p_00004.cbf,531,560,287,325,29,38,1102
cr1_0310p_00005.cbf,531,560,285,325,29,40,1160
cr1_0310p_00006.cbf,531,561,283,325,30,42,1260
cr1_0310p_00007.cbf,531,561,286,325,30,39,1170
cr1_0310p_00008.cbf,531,562,287,325,31,38,1178
cr1_0311p_00001.cbf,531,562,288,326,31,38,1178
cr1_0311p_00002.cbf,531,561,288,326,30,38,1140
cr1_0311p_00003.cbf,532,561,287,325,29,38,1102
cr1_0311p_00004.cbf,531,561,287,325,30,38,1140
cr1_0311p_00005.cbf,531,560,287,325,29,38,1102
cr1_0311p_00006.cbf,531,560,286,325,29,39,1131
cr1_0311p_00007.cbf,531,561,286,325,30,39,1170
cr1_0311p_00008.cbf,531,561,287,325,30,38,1140
cr1_0312p_00001.cbf,531,561,288,326,30,38,1140
cr1_0312p_00002.cbf,531,561,288,326,30,38,1140
cr1_0312p_00003.cbf,531,561,287,325,30,38,1140
cr1_0312p_00004.cbf,531,560,287,325,29,38,1102
cr1_0312p_00005.cbf,531,560,287,325,29,38,1102
cr1_0312p_00006.cbf,531,560,286,325,29,39,1131
cr1_0312p_00007.cbf,531,560,287,325,29,38,1102
cr1_0312p_00008.cbf,531,561,287,325,30,38,1140
cr1_0313p_00001.cbf,531,561,288,326,30,38,1140
cr1_0313p_00002.cbf,531,561,288,326,30,38,1140
cr1_0313p_00003.cbf,532,560,287,325,28,38,1064
cr1_0313p_00004.cbf,531,560,288,325,29,37,1073
cr1_0313p_00005.cbf,531,560,287,325,29,38,1102
cr1_0313p_00006.cbf,531,560,286,325,29,39,1131
cr1_0313p_00007.cbf,531,560,287,325,29,38,1102
cr1_0313p_00008.cbf,531,561,287,325,30,38,1140
cr1_0314p_00001.cbf,531,561,288,326,30,38,1140
cr1_0314p_00002.cbf,531,561,288,325,30,37,1110
cr1_0314p_00003.cbf,531,560,287,324,29,37,1073
cr1_0314p_00004.cbf,531,560,288,325,29,37,1073
cr1_0314p_00005.cbf,531,559,287,325,28,38,1064
cr1_0314p_00006.cbf,531,559,287,325,28,38,1064
cr1_0314p_00007.cbf,531,560,287,325,29,38,1102
cr1_0314p_00008.cbf,531,560,287,325,29,38,1102
cr1_0315p_00001.cbf,531,561,288,326,30,38,1140
cr1_0315p_00002.cbf,531,560,288,326,29,38,1102
cr1_0315p_00003.cbf,531,560,287,325,29,38,1102
cr1_0315p_00004.cbf,531,560,288,325,29,37,1073
cr1_0315p_00005.cbf,531,559,286,325,28,39,1092
cr1_0315p_00006.cbf,531,559,286,325,28,39,1092
cr1_0315p_00007.cbf,531,560,287,325,29,38,1102
cr1_0315p_00008.cbf,531,560,287,325,29,38,1102
cr1_0316p_00001.cbf,531,560,288,326,29,38,1102
cr1_0316p_00002.cbf,531,560,288,326,29,38,1102
cr1_0316p_00003.cbf,531,560,287,325,29,38,1102
cr1_0316p_00004.cbf,531,560,288,325,29,37,1073
cr1_0316p_00005.cbf,531,559,287,325,28,38,1064
cr1_0316p_00006.cbf,531,560,287,325,29,38,1102
cr1_0316p_00007.cbf,531,561,286,325,30,39,1170
cr1_0316p_00008.cbf,531,561,287,325,30,38,1140
cr1_0317p_00001.cbf,531,561,288,326,30,38,1140
cr1_0317p_00002.cbf,531,561,288,325,30,37,1110
cr1_0317p_00003.cbf,531,561,287,325,30,38,1140
cr1_0317p_00004.cbf,531,560,288,325,29,37,1073
cr1_0317p_00005.cbf,531,560,287,325,29,38,1102
cr1_0317p_00006.cbf,531,560,287,325,29,38,1102
cr1_0317p_00007.cbf,531,560,287,325,29,38,1102
cr1_0317p_00008.cbf,531,560,287,325,29,38,1102
cr1_0318p_00001.cbf,531,561,288,326,30,38,1140
cr1_0318p_00002.cbf,532,560,288,326,28,38,1064
cr1_0318p_00003.cbf,531,560,287,325,29,38,1102
cr1_0318p_00004.cbf,531,560,288,325,29,37,1073
cr1_0318p_00005.cbf,531,559,287,325,28,38,1064
cr1_0318p_00006.cbf,531,559,287,325,28,38,1064
cr1_0318p_00007.cbf,531,560,287,325,29,38,1102
cr1_0318p_00008.cbf,531,561,287,325,30,38,1140
cr1_0319p_00001.cbf,531,560,288,326,29,38,1102
cr1_0319p_00002.cbf,532,560,288,325,28,37,1036
cr1_0319p_00003.cbf,531,560,287,325,29,38,1102
cr1_0319p_00004.cbf,531,560,288,325,29,37,1073
cr1_0319p_00005.cbf,531,559,286,325,28,39,1092
cr1_0319p_00006.cbf,531,560,283,325,29,42,1218
cr1_0319p_00007.cbf,531,561,286,325,30,39,1170
cr1_0319p_00008.cbf,531,561,287,325,30,38,1140
cr1_0320p_00001.cbf,531,561,288,326,30,38,1140
cr1_0320p_00002.cbf,532,561,288,325,29,37,1073
cr1_0320p_00003.cbf,531,561,287,325,30,38,1140
cr1_0320p_00004.cbf,531,560,287,325,29,38,1102
cr1_0320p_00005.cbf,531,560,287,325,29,38,1102
cr1_0320p_00006.cbf,531,560,287,324,29,37,1073
cr1_0320p_00007.cbf,531,560,287,325,29,38,1102
cr1_0320p_00008.cbf,532,561,287,325,29,38,1102
cr1_0321p_00001.cbf,532,561,288,326,29,38,1102
cr1_0321p_00002.cbf,532,561,287,325,29,38,1102
cr1_0321p_00003.cbf,531,560,287,325,29,38,1102
cr1_0321p_00004.cbf,531,560,288,325,29,37,1073
cr1_0321p_00005.cbf,531,560,287,325,29,38,1102
cr1_0321p_00006.cbf,531,560,287,324,29,37,1073
cr1_0321p_00007.cbf,532,560,287,325,28,38,1064
cr1_0321p_00008.cbf,531,560,287,325,29,38,1102
cr1_0322p_00001.cbf,532,561,288,326,29,38,1102
cr1_0322p_00002.cbf,531,560,287,325,29,38,1102
cr1_0322p_00003.cbf,531,560,287,325,29,38,1102
cr1_0322p_00004.cbf,531,560,288,325,29,37,1073
cr1_0322p_00005.cbf,531,560,287,324,29,37,1073
cr1_0322p_00006.cbf,531,560,287,325,29,38,1102
cr1_0322p_00007.cbf,532,560,287,325,28,38,1064
cr1_0322p_00008.cbf,532,561,287,325,29,38,1102
cr1_0323p_00001.cbf,531,561,288,326,30,38,1140
cr1_0323p_00002.cbf,531,560,287,325,29,38,1102
cr1_0323p_00003.cbf,531,560,287,325,29,38,1102
cr1_0323p_00004.cbf,531,560,288,325,29,37,1073
cr1_0323p_00005.cbf,531,559,287,325,28,38,1064
cr1_0323p_00006.cbf,531,560,287,325,29,38,1102
cr1_0323p_00007.cbf,532,560,287,325,28,38,1064
cr1_0323p_00008.cbf,531,561,287,325,30,38,1140
cr1_0324p_00001.cbf,531,561,288,326,30,38,1140
cr1_0324p_00002.cbf,532,560,287,325,28,38,1064
cr1_0324p_00003.cbf,531,560,287,325,29,38,1102
cr1_0324p_00004.cbf,531,560,288,325,29,37,1073
cr1_0324p_00005.cbf,531,560,287,325,29,38,1102
cr1_0324p_00006.cbf,531,559,287,325,28,38,1064
cr1_0324p_00007.cbf,531,560,287,325,29,38,1102
cr1_0324p_00008.cbf,531,560,287,325,29,38,1102
cr1_0325p_00001.cbf,531,561,288,326,30,38,1140
cr1_0325p_00002.cbf,531,561,287,325,30,38,1140
cr1_0325p_00003.cbf,531,560,287,325,29,38,1102
cr1_0325p_00004.cbf,531,560,287,325,29,38,1102
cr1_0325p_00005.cbf,531,560,287,325,29,38,1102
cr1_0325p_00006.cbf,531,560,283,325,29,42,1218
cr1_0325p_00007.cbf,531,560,286,325,29,39,1131
cr1_0325p_00008.cbf,531,560,287,325,29,38,1102
cr1_0326p_00001.cbf,531,561,287,326,30,39,1170
cr1_0326p_00002.cbf,531,560,287,325,29,38,1102
cr1_0326p_00003.cbf,532,560,287,325,28,38,1064
cr1_0326p_00004.cbf,531,560,288,325,29,37,1073
cr1_0326p_00005.cbf,531,560,287,325,29,38,1102
cr1_0326p_00006.cbf,531,560,286,325,29,39,1131
cr1_0326p_00007.cbf,531,560,286,325,29,39,1131
cr1_0326p_00008.cbf,532,560,286,325,28,39,1092
cr1_0327p_00001.cbf,531,560,287,326,29,39,1131
cr1_0327p_00002.cbf,531,560,287,325,29,38,1102
cr1_0327p_00003.cbf,531,560,287,325,29,38,1102
cr1_0327p_00004.cbf,531,560,288,325,29,37,1073
cr1_0327p_00005.cbf,531,560,288,325,29,37,1073
cr1_0327p_00006.cbf,531,559,284,325,28,41,1148
cr1_0327p_00007.cbf,531,560,283,325,29,42,1218
cr1_0327p_00008.cbf,532,561,286,325,29,39,1131
cr1_0328p_00001.cbf,531,561,287,326,30,39,1170
cr1_0328p_00002.cbf,531,561,288,325,30,37,1110
cr1_0328p_00003.cbf,531,560,287,325,29,38,1102
cr1_0328p_00004.cbf,531,560,287,325,29,38,1102
cr1_0328p_00005.cbf,531,560,287,325,29,38,1102
cr1_0328p_00006.cbf,531,560,283,325,29,42,1218
cr1_0328p_00007.cbf,531,560,283,325,29,42,1218
cr1_0328p_00008.cbf,531,561,286,325,30,39,1170
cr1_0329p_00001.cbf,532,561,287,326,29,39,1131
cr1_0329p_00002.cbf,531,561,288,326,30,38,1140
cr1_0329p_00003.cbf,531,560,287,325,29,38,1102
cr1_0329p_00004.cbf,531,560,288,325,29,37,1073
cr1_0329p_00005.cbf,531,559,284,325,28,41,1148
cr1_0329p_00006.cbf,531,561,284,324,30,40,1200
cr1_0329p_00007.cbf,532,561,284,324,29,40,1160
cr1_0329p_00008.cbf,532,561,287,324,29,37,1073
cr1_0330p_00001.cbf,532,561,288,325,29,37,1073
cr1_0330p_00002.cbf,532,561,288,325,29,37,1073
cr1_0330p_00003.cbf,532,560,287,324,28,37,1036
cr1_0330p_00004.cbf,532,560,284,325,28,41,1148
cr1_0330p_00005.cbf,532,560,284,324,28,40,1120
cr1_0330p_00006.cbf,532,560,284,324,28,40,1120
cr1_0330p_00007.cbf,532,561,284,324,29,40,1160
cr1_0330p_00008.cbf,532,561,283,324,29,41,1189
cr1_0331p_00001.cbf,532,561,288,325,29,37,1073
cr1_0331p_00002.cbf,532,561,288,325,29,37,1073
cr1_0331p_00003.cbf,532,560,287,324,28,37,1036
cr1_0331p_00004.cbf,532,560,283,324,28,41,1148
cr1_0331p_00005.cbf,532,560,283,324,28,41,1148
cr1_0331p_00006.cbf,532,560,284,323,28,39,1092
cr1_0331p_00007.cbf,532,561,284,323,29,39,1131
cr1_0331p_00008.cbf,532,561,287,324,29,37,1073
cr1_0332p_00001.cbf,532,561,288,325,29,37,1073
cr1_0332p_00002.cbf,532,560,288,324,28,36,1008
cr1_0332p_00003.cbf,532,560,287,324,28,37,1036
cr1_0332p_00004.cbf,532,560,288,324,28,36,1008
cr1_0332p_00005.cbf,532,560,283,324,28,41,1148
cr1_0332p_00006.cbf,532,559,284,323,27,39,1053
cr1_0332p_00007.cbf,532,560,283,323,28,40,1120
cr1_0332p_00008.cbf,532,560,287,323,28,36,1008
cr1_0333p_00001.cbf,532,560,288,325,28,37,1036
cr1_0333p_00002.cbf,532,560,288,324,28,36,1008
cr1_0333p_00003.cbf,532,560,287,324,28,37,1036
cr1_0333p_00004.cbf,532,560,288,324,28,36,1008
cr1_0333p_00005.cbf,532,559,284,323,27,39,1053
cr1_0333p_00006.cbf,532,560,284,323,28,39,1092
cr1_0333p_00007.cbf,532,560,284,323,28,39,1092
cr1_0333p_00008.cbf,532,560,287,324,28,37,1036
cr1_0334p_00001.cbf,532,561,288,325,29,37,1073
cr1_0334p_00002.cbf,532,560,288,324,28,36,1008
cr1_0334p_00003.cbf,532,560,287,324,28,37,1036
cr1_0334p_00004.cbf,532,560,284,324,28,40,1120
cr1_0334p_00005.cbf,532,559,284,323,27,39,1053
cr1_0334p_00006.cbf,532,560,284,323,28,39,1092
cr1_0334p_00007.cbf,532,560,283,323,28,40,1120
cr1_0334p_00008.cbf,532,560,287,323,28,36,1008
cr1_0335p_00001.cbf,532,561,288,324,29,36,1044
cr1_0335p_00002.cbf,532,560,288,324,28,36,1008
cr1_0335p_00003.cbf,532,560,287,324,28,37,1036
cr1_0335p_00004.cbf,532,560,288,324,28,36,1008
cr1_0335p_00005.cbf,532,559,284,323,27,39,1053
cr1_0335p_00006.cbf,532,560,284,323,28,39,1092
cr1_0335p_00007.cbf,532,561,284,323,29,39,1131
cr1_0335p_00008.cbf,532,560,283,323,28,40,1120
cr1_0336p_00001.cbf,532,560,288,324,28,36,1008
cr1_0336p_00002.cbf,532,560,288,324,28,36,1008
cr1_0336p_00003.cbf,532,560,287,324,28,37,1036
cr1_0336p_00004.cbf,532,559,284,324,27,40,1080
cr1_0336p_00005.cbf,532,559,285,323,27,38,1026
cr1_0336p_00006.cbf,532,560,285,322,28,37,1036
cr1_0336p_00007.cbf,532,560,284,322,28,38,1064
cr1_0336p_00008.cbf,532,560,283,323,28,40,1120
cr1_0337p_00001.cbf,532,560,288,324,28,36,1008
cr1_0337p_00002.cbf,532,560,288,324,28,36,1008
cr1_0337p_00003.cbf,532,560,287,323,28,36,1008
cr1_0337p_00004.cbf,532,559,284,323,27,39,1053
cr1_0337p_00005.cbf,532,559,285,323,27,38,1026
cr1_0337p_00006.cbf,532,560,285,322,28,37,1036
cr1_0337p_00007.cbf,532,560,284,322,28,38,1064
cr1_0337p_00008.cbf,532,560,283,322,28,39,1092
cr1_0338p_00001.cbf,532,560,287,324,28,37,1036
cr1_0338p_00002.cbf,532,560,287,323,28,36,1008
cr1_0338p_00003.cbf,532,560,282,323,28,41,1148
cr1_0338p_00004.cbf,532,560,285,323,28,38,1064
cr1_0338p_00005.cbf,532,560,285,322,28,37,1036
cr1_0338p_00006.cbf,532,560,285,322,28,37,1036
cr1_0338p_00007.cbf,532,560,285,322,28,37,1036
cr1_0338p_00008.cbf,532,560,283,323,28,40,1120
cr1_0339p_00001.cbf,532,560,287,324,28,37,1036
cr1_0339p_00002.cbf,532,560,287,323,28,36,1008
cr1_0339p_00003.cbf,532,560,286,323,28,37,1036
cr1_0339p_00004.cbf,532,560,284,323,28,39,1092
cr1_0339p_00005.cbf,532,560,284,323,28,39,1092
cr1_0339p_00006.cbf,532,560,286,323,28,37,1036
cr1_0339p_00007.cbf,532,560,286,323,28,37,1036
cr1_0339p_00008.cbf,532,560,287,323,28,36,1008
cr1_0340p_00001.cbf,532,560,287,324,28,37,1036
cr1_0340p_00002.cbf,532,560,287,324,28,37,1036
cr1_0340p_00003.cbf,532,559,287,323,27,36,972
cr1_0340p_00004.cbf,532,559,287,323,27,36,972
cr1_0340p_00005.cbf,531,559,287,323,28,36,1008
cr1_0340p_00006.cbf,531,559,284,323,28,39,1092
cr1_0340p_00007.cbf,532,560,286,323,28,37,1036
cr1_0340p_00008.cbf,532,560,287,323,28,36,1008
cr1_0341p_00001.cbf,532,560,288,324,28,36,1008
cr1_0341p_00002.cbf,531,560,288,324,29,36,1044
cr1_0341p_00003.cbf,532,560,287,323,28,36,1008
cr1_0341p_00004.cbf,532,559,287,323,27,36,972
cr1_0341p_00005.cbf,532,559,287,323,27,36,972
cr1_0341p_00006.cbf,531,559,286,323,28,37,1036
cr1_0341p_00007.cbf,531,559,287,323,28,36,1008
cr1_0341p_00008.cbf,532,560,287,323,28,36,1008
cr1_0342p_00001.cbf,532,560,288,324,28,36,1008
cr1_0342p_00002.cbf,532,560,288,324,28,36,1008
cr1_0342p_00003.cbf,532,560,287,323,28,36,1008
cr1_0342p_00004.cbf,531,559,287,323,28,36,1008
cr1_0342p_00005.cbf,532,559,287,323,27,36,972
cr1_0342p_00006.cbf,531,559,287,323,28,36,1008
cr1_0342p_00007.cbf,532,559,287,323,27,36,972
cr1_0342p_00008.cbf,532,559,287,323,27,36,972
cr1_0343p_00001.cbf,532,560,288,324,28,36,1008
cr1_0343p_00002.cbf,532,560,288,324,28,36,1008
cr1_0343p_00003.cbf,532,559,287,323,27,36,972
cr1_0343p_00004.cbf,532,559,288,324,27,36,972
cr1_0343p_00005.cbf,531,559,287,323,28,36,1008
cr1_0343p_00006.cbf,531,558,285,324,27,39,1053
cr1_0343p_00007.cbf,532,559,286,324,27,38,1026
cr1_0343p_00008.cbf,532,559,287,324,27,37,999
cr1_0344p_00001.cbf,532,560,288,324,28,36,1008
cr1_0344p_00002.cbf,532,560,288,324,28,36,1008
cr1_0344p_00003.cbf,532,559,287,324,27,37,999
cr1_0344p_00004.cbf,532,559,288,324,27,36,972
cr1_0344p_00005.cbf,532,559,286,324,27,38,1026
cr1_0344p_00006.cbf,532,559,284,324,27,40,1080
cr1_0344p_00007.cbf,532,559,286,324,27,38,1026
cr1_0344p_00008.cbf,532,559,287,324,27,37,999
cr1_0345p_00001.cbf,532,560,288,324,28,36,1008
cr1_0345p_00002.cbf,532,560,288,324,28,36,1008
cr1_0345p_00003.cbf,532,559,287,324,27,37,999
cr1_0345p_00004.cbf,532,559,288,324,27,36,972
cr1_0345p_00005.cbf,531,558,285,324,27,39,1053
cr1_0345p_00006.cbf,532,559,285,324,27,39,1053
cr1_0345p_00007.cbf,532,559,283,323,27,40,1080
cr1_0345p_00008.cbf,532,560,286,324,28,38,1064
cr1_0346p_00001.cbf,532,560,287,324,28,37,1036
cr1_0346p_00002.cbf,532,560,287,324,28,37,1036
cr1_0346p_00003.cbf,532,559,287,324,27,37,999
cr1_0346p_00004.cbf,532,559,286,324,27,38,1026
cr1_0346p_00005.cbf,532,559,285,324,27,39,1053
cr1_0346p_00006.cbf,532,559,284,323,27,39,1053
cr1_0346p_00007.cbf,532,560,284,323,28,39,1092
cr1_0346p_00008.cbf,532,560,287,324,28,37,1036
cr1_0347p_00001.cbf,532,560,287,324,28,37,1036
cr1_0347p_00002.cbf,532,560,287,324,28,37,1036
cr1_0347p_00003.cbf,532,560,287,323,28,36,1008
cr1_0347p_00004.cbf,532,559,288,324,27,36,972
cr1_0347p_00005.cbf,531,558,285,324,27,39,1053
cr1_0347p_00006.cbf,532,560,285,324,28,39,1092
cr1_0347p_00007.cbf,532,560,284,323,28,39,1092
cr1_0347p_00008.cbf,532,560,287,324,28,37,1036
cr1_0348p_00001.cbf,532,560,287,324,28,37,1036
cr1_0348p_00002.cbf,532,560,287,324,28,37,1036
cr1_0348p_00003.cbf,532,560,287,323,28,36,1008
cr1_0348p_00004.cbf,531,559,285,324,28,39,1092
cr1_0348p_00005.cbf,532,559,285,323,27,38,1026
cr1_0348p_00006.cbf,532,559,285,323,27,38,1026
cr1_0348p_00007.cbf,532,560,283,323,28,40,1120
cr1_0348p_00008.cbf,532,560,287,323,28,36,1008
cr1_0349p_00001.cbf,532,560,287,324,28,37,1036
cr1_0349p_00002.cbf,531,560,287,324,29,37,1073
cr1_0349p_00003.cbf,532,560,287,323,28,36,1008
cr1_0349p_00004.cbf,532,559,287,323,27,36,972
cr1_0349p_00005.cbf,531,559,285,323,28,38,1064
cr1_0349p_00006.cbf,532,560,285,323,28,38,1064
cr1_0349p_00007.cbf,532,560,284,323,28,39,1092
cr1_0349p_00008.cbf,532,560,287,323,28,36,1008
cr1_0350p_00001.cbf,532,560,287,324,28,37,1036
cr1_0350p_00002.cbf,532,560,287,324,28,37,1036
cr1_0350p_00003.cbf,532,560,287,323,28,36,1008
cr1_0350p_00004.cbf,532,559,287,324,27,37,999
cr1_0350p_00005.cbf,531,559,284,323,28,39,1092
cr1_0350p_00006.cbf,532,559,285,324,27,39,1053
cr1_0350p_00007.cbf,532,560,284,323,28,39,1092
cr1_0350p_00008.cbf,532,560,287,323,28,36,1008
cr1_0351p_00001.cbf,532,560,287,324,28,37,1036
cr1_0351p_00002.cbf,532,560,287,324,28,37,1036
cr1_0351p_00003.cbf,532,560,287,324,28,37,1036
cr1_0351p_00004.cbf,532,559,288,324,27,36,972
cr1_0351p_00005.cbf,532,559,285,323,27,38,1026
cr1_0351p_00006.cbf,532,559,284,323,27,39,1053
cr1_0351p_00007.cbf,532,560,285,323,28,38,1064
cr1_0351p_00008.cbf,532,560,286,323,28,37,1036
cr1_0352p_00001.cbf,532,561,287,324,29,37,1073
cr1_0352p_00002.cbf,532,560,287,324,28,37,1036
cr1_0352p_00003.cbf,532,560,287,323,28,36,1008
cr1_0352p_00004.cbf,532,559,287,324,27,37,999
cr1_0352p_00005.cbf,532,559,285,323,27,38,1026
cr1_0352p_00006.cbf,532,560,285,323,28,38,1064
cr1_0352p_00007.cbf,532,560,284,323,28,39,1092
cr1_0352p_00008.cbf,532,560,284,323,28,39,1092
cr1_0353p_00001.cbf,532,561,287,324,29,37,1073
cr1_0353p_00002.cbf,532,560,287,324,28,37,1036
cr1_0353p_00003.cbf,532,560,287,324,28,37,1036
cr1_0353p_00004.cbf,532,559,287,324,27,37,999
cr1_0353p_00005.cbf,532,559,285,323,27,38,1026
cr1_0353p_00006.cbf,532,559,285,323,27,38,1026
cr1_0353p_00007.cbf,532,560,284,323,28,39,1092
cr1_0353p_00008.cbf,532,560,285,323,28,38,1064
cr1_0354p_00001.cbf,532,561,287,324,29,37,1073
cr1_0354p_00002.cbf,532,560,287,324,28,37,1036
cr1_0354p_00003.cbf,532,560,287,323,28,36,1008
cr1_0354p_00004.cbf,532,559,287,324,27,37,999
cr1_0354p_00005.cbf,532,559,285,323,27,38,1026
cr1_0354p_00006.cbf,532,559,285,323,27,38,1026
cr1_0354p_00007.cbf,532,560,285,323,28,38,1064
cr1_0354p_00008.cbf,532,560,285,323,28,38,1064
cr1_0355p_00001.cbf,532,561,287,324,29,37,1073
cr1_0355p_00002.cbf,532,560,287,324,28,37,1036
cr1_0355p_00003.cbf,532,560,287,323,28,36,1008
cr1_0355p_00004.cbf,532,559,286,324,27,38,1026
cr1_0355p_00005.cbf,532,559,286,323,27,37,999
cr1_0355p_00006.cbf,532,560,286,323,28,37,1036
cr1_0355p_00007.cbf,532,560,285,323,28,38,1064
cr1_0355p_00008.cbf,532,561,285,323,29,38,1102
cr1_0356p_00001.cbf,532,561,287,324,29,37,1073
cr1_0356p_00002.cbf,532,560,287,324,28,37,1036
cr1_0356p_00003.cbf,532,560,287,323,28,36,1008
cr1_0356p_00004.cbf,532,559,285,324,27,39,1053
cr1_0356p_00005.cbf,532,559,285,323,27,38,1026
cr1_0356p_00006.cbf,532,560,285,323,28,38,1064
cr1_0356p_00007.cbf,532,560,285,323,28,38,1064
cr1_0356p_00008.cbf,532,561,285,323,29,38,1102
cr1_0357p_00001.cbf,532,561,287,324,29,37,1073
cr1_0357p_00002.cbf,532,561,287,324,29,37,1073
cr1_0357p_00003.cbf,532,560,287,323,28,36,1008
cr1_0357p_00004.cbf,532,560,286,324,28,38,1064
cr1_0357p_00005.cbf,532,559,285,323,27,38,1026
cr1_0357p_00006.cbf,532,560,284,323,28,39,1092
cr1_0357p_00007.cbf,532,560,284,323,28,39,1092
cr1_0357p_00008.cbf,532,561,286,323,29,37,1073
cr1_0358p_00001.cbf,532,561,287,324,29,37,1073
cr1_0358p_00002.cbf,532,561,287,324,29,37,1073
cr1_0358p_00003.cbf,532,560,287,323,28,36,1008
cr1_0358p_00004.cbf,532,559,287,324,27,37,999
cr1_0358p_00005.cbf,532,559,286,323,27,37,999
cr1_0358p_00006.cbf,532,560,285,323,28,38,1064
cr1_0358p_00007.cbf,532,560,285,323,28,38,1064
cr1_0358p_00008.cbf,532,561,286,323,29,37,1073
cr1_0359p_00001.cbf,532,561,287,324,29,37,1073
cr1_0359p_00002.cbf,532,561,287,324,29,37,1073
cr1_0359p_00003.cbf,532,560,287,323,28,36,1008
cr1_0359p_00004.cbf,532,560,287,323,28,36,1008
cr1_0359p_00005.cbf,532,559,285,323,27,38,1026
cr1_0359p_00006.cbf,532,560,285,323,28,38,1064
cr1_0359p_00007.cbf,532,560,284,323,28,39,1092
cr1_0359p_00008.cbf,532,561,286,323,29,37,1073
cr1_0360p_00001.cbf,532,561,287,324,29,37,1073
cr1_0360p_00002.cbf,532,561,287,324,29,37,1073
cr1_0360p_00003.cbf,532,560,287,323,28,36,1008
cr1_0360p_00004.cbf,532,560,287,323,28,36,1008
cr1_0360p_00005.cbf,532,559,285,323,27,38,1026
cr1_0360p_00006.cbf,532,560,285,323,28,38,1064
cr1_0360p_00007.cbf,532,560,284,323,28,39,1092
cr1_0360p_00008.cbf,532,561,285,324,29,39,1131
cr1_0361p_00001.cbf,532,561,287,324,29,37,1073
cr1_0361p_00002.cbf,532,561,287,324,29,37,1073
cr1_0361p_00003.cbf,532,560,287,323,28,36,1008
cr1_0361p_00004.cbf,532,560,287,324,28,37,1036
cr1_0361p_00005.cbf,532,559,286,324,27,38,1026
cr1_0361p_00006.cbf,532,560,285,324,28,39,1092
cr1_0361p_00007.cbf,532,560,285,323,28,38,1064
cr1_0361p_00008.cbf,532,561,286,323,29,37,1073
cr1_0362p_00001.cbf,532,561,287,324,29,37,1073
cr1_0362p_00002.cbf,532,561,287,324,29,37,1073
cr1_0362p_00003.cbf,532,560,287,323,28,36,1008
cr1_0362p_00004.cbf,532,560,286,324,28,38,1064
cr1_0362p_00005.cbf,531,559,285,323,28,38,1064
cr1_0362p_00006.cbf,532,560,285,324,28,39,1092
cr1_0362p_00007.cbf,531,560,284,323,29,39,1131
cr1_0362p_00008.cbf,532,561,285,323,29,38,1102
cr1_0363p_00001.cbf,532,561,287,324,29,37,1073
cr1_0363p_00002.cbf,532,561,287,324,29,37,1073
cr1_0363p_00003.cbf,532,560,287,324,28,37,1036
cr1_0363p_00004.cbf,532,560,287,323,28,36,1008
cr1_0363p_00005.cbf,532,559,286,323,27,37,999
cr1_0363p_00006.cbf,532,560,286,324,28,38,1064
cr1_0363p_00007.cbf,532,560,285,323,28,38,1064
cr1_0363p_00008.cbf,532,561,285,323,29,38,1102
cr1_0364p_00001.cbf,532,561,287,324,29,37,1073
cr1_0364p_00002.cbf,532,561,287,324,29,37,1073
cr1_0364p_00003.cbf,532,560,287,324,28,37,1036
cr1_0364p_00004.cbf,532,560,286,324,28,38,1064
cr1_0364p_00005.cbf,532,559,286,323,27,37,999
cr1_0364p_00006.cbf,532,560,286,323,28,37,1036
cr1_0364p_00007.cbf,532,560,285,323,28,38,1064
cr1_0364p_00008.cbf,532,561,285,323,29,38,1102
cr1_0365p_00001.cbf,532,561,287,324,29,37,1073
cr1_0365p_00002.cbf,532,561,287,324,29,37,1073
cr1_0365p_00003.cbf,532,560,287,323,28,36,1008
cr1_0365p_00004.cbf,532,559,286,324,27,38,1026
cr1_0365p_00005.cbf,532,559,285,323,27,38,1026
cr1_0365p_00006.cbf,532,560,286,323,28,37,1036
cr1_0365p_00007.cbf,532,560,285,323,28,38,1064
cr1_0365p_00008.cbf,532,561,285,323,29,38,1102
cr1_0366p_00001.cbf,532,561,287,324,29,37,1073
cr1_0366p_00002.cbf,532,561,287,324,29,37,1073
cr1_0366p_00003.cbf,532,560,286,323,28,37,1036
cr1_0366p_00004.cbf,532,560,286,324,28,38,1064
cr1_0366p_00005.cbf,532,560,286,324,28,38,1064
cr1_0366p_00006.cbf,532,560,286,323,28,37,1036
cr1_0366p_00007.cbf,532,560,285,323,28,38,1064
cr1_0366p_00008.cbf,532,561,285,323,29,38,1102
cr1_0367p_00001.cbf,532,561,287,324,29,37,1073
cr1_0367p_00002.cbf,532,561,287,324,29,37,1073
cr1_0367p_00003.cbf,532,560,286,323,28,37,1036
cr1_0367p_00004.cbf,532,559,285,324,27,39,1053
cr1_0367p_00005.cbf,532,559,286,323,27,37,999
cr1_0367p_00006.cbf,532,560,286,323,28,37,1036
cr1_0367p_00007.cbf,532,560,286,323,28,37,1036
cr1_0367p_00008.cbf,532,561,284,323,29,39,1131
cr1_0368p_00001.cbf,532,561,286,324,29,38,1102
cr1_0368p_00002.cbf,532,561,287,323,29,36,1044
cr1_0368p_00003.cbf,532,560,285,323,28,38,1064
cr1_0368p_00004.cbf,532,560,285,324,28,39,1092
cr1_0368p_00005.cbf,532,559,286,323,27,37,999
cr1_0368p_00006.cbf,532,560,286,323,28,37,1036
cr1_0368p_00007.cbf,532,560,285,323,28,38,1064
cr1_0368p_00008.cbf,532,561,284,323,29,39,1131
cr1_0369p_00001.cbf,532,561,286,324,29,38,1102
cr1_0369p_00002.cbf,532,561,287,324,29,37,1073
cr1_0369p_00003.cbf,532,560,286,323,28,37,1036
cr1_0369p_00004.cbf,532,559,285,323,27,38,1026
cr1_0369p_00005.cbf,532,559,286,323,27,37,999
cr1_0369p_00006.cbf,532,560,287,323,28,36,1008
cr1_0369p_00007.cbf,532,560,286,323,28,37,1036
cr1_0369p_00008.cbf,532,561,285,323,29,38,1102
cr1_0370p_00001.cbf,532,561,286,324,29,38,1102
cr1_0370p_00002.cbf,532,561,287,324,29,37,1073
cr1_0370p_00003.cbf,532,560,286,323,28,37,1036
cr1_0370p_00004.cbf,532,559,285,324,27,39,1053
cr1_0370p_00005.cbf,532,559,286,323,27,37,999
cr1_0370p_00006.cbf,532,560,287,323,28,36,1008
cr1_0370p_00007.cbf,532,560,286,323,28,37,1036
cr1_0370p_00008.cbf,532,561,285,323,29,38,1102
cr1_0371p_00001.cbf,532,561,286,324,29,38,1102
cr1_0371p_00002.cbf,532,561,287,324,29,37,1073
cr1_0371p_00003.cbf,532,560,287,323,28,36,1008
cr1_0371p_00004.cbf,532,559,286,324,27,38,1026
cr1_0371p_00005.cbf,532,559,286,323,27,37,999
cr1_0371p_00006.cbf,532,560,286,323,28,37,1036
cr1_0371p_00007.cbf,532,560,285,323,28,38,1064
cr1_0371p_00008.cbf,532,561,286,323,29,37,1073
cr1_0372p_00001.cbf,532,561,286,324,29,38,1102
cr1_0372p_00002.cbf,532,561,286,324,29,38,1102
cr1_0372p_00003.cbf,532,560,286,323,28,37,1036
cr1_0372p_00004.cbf,532,559,286,324,27,38,1026
cr1_0372p_00005.cbf,532,559,286,324,27,38,1026
cr1_0372p_00006.cbf,532,560,286,324,28,38,1064
cr1_0372p_00007.cbf,532,560,285,323,28,38,1064
cr1_0372p_00008.cbf,532,561,285,323,29,38,1102
cr1_0373p_00001.cbf,532,561,287,324,29,37,1073
cr1_0373p_00002.cbf,532,561,286,324,29,38,1102
cr1_0373p_00003.cbf,532,560,286,324,28,38,1064
cr1_0373p_00004.cbf,531,559,286,324,28,38,1064
cr1_0373p_00005.cbf,532,559,286,324,27,38,1026
cr1_0373p_00006.cbf,532,560,286,323,28,37,1036
cr1_0373p_00007.cbf,532,560,285,323,28,38,1064
cr1_0373p_00008.cbf,532,561,285,323,29,38,1102
cr1_0374p_00001.cbf,532,561,287,324,29,37,1073
cr1_0374p_00002.cbf,532,561,287,324,29,37,1073
cr1_0374p_00003.cbf,532,560,285,324,28,39,1092
cr1_0374p_00004.cbf,532,559,286,324,27,38,1026
cr1_0374p_00005.cbf,532,559,286,323,27,37,999
cr1_0374p_00006.cbf,532,560,287,324,28,37,1036
cr1_0374p_00007.cbf,532,560,286,323,28,37,1036
cr1_0374p_00008.cbf,532,561,285,323,29,38,1102
cr1_0375p_00001.cbf,532,561,286,324,29,38,1102
cr1_0375p_00002.cbf,532,561,286,324,29,38,1102
cr1_0375p_00003.cbf,532,560,286,324,28,38,1064
cr1_0375p_00004.cbf,532,559,286,324,27,38,1026
cr1_0375p_00005.cbf,532,559,286,323,27,37,999
cr1_0375p_00006.cbf,532,560,287,324,28,37,1036
cr1_0375p_00007.cbf,532,560,286,324,28,38,1064
cr1_0375p_00008.cbf,532,561,285,323,29,38,1102
cr1_0376p_00001.cbf,532,561,287,324,29,37,1073
cr1_0376p_00002.cbf,532,561,287,324,29,37,1073
cr1_0376p_00003.cbf,532,560,286,324,28,38,1064
cr1_0376p_00004.cbf,531,559,286,324,28,38,1064
cr1_0376p_00005.cbf,531,559,287,324,28,37,1036
cr1_0376p_00006.cbf,532,559,287,324,27,37,999
cr1_0376p_00007.cbf,532,560,286,323,28,37,1036
cr1_0376p_00008.cbf,532,561,285,323,29,38,1102
cr1_0377p_00001.cbf,532,561,287,324,29,37,1073
cr1_0377p_00002.cbf,532,561,287,324,29,37,1073
cr1_0377p_00003.cbf,532,560,285,324,28,39,1092
cr1_0377p_00004.cbf,532,560,286,324,28,38,1064
cr1_0377p_00005.cbf,532,559,287,324,27,37,999
cr1_0377p_00006.cbf,532,560,287,324,28,37,1036
cr1_0377p_00007.cbf,531,560,287,323,29,36,1044
cr1_0377p_00008.cbf,532,561,285,324,29,39,1131
cr1_0378p_00001.cbf,532,561,286,324,29,38,1102
cr1_0378p_00002.cbf,532,561,286,324,29,38,1102
cr1_0378p_00003.cbf,532,560,285,324,28,39,1092
cr1_0378p_00004.cbf,531,559,286,324,28,38,1064
cr1_0378p_00005.cbf,532,559,287,324,27,37,999
cr1_0378p_00006.cbf,532,559,287,324,27,37,999
cr1_0378p_00007.cbf,532,560,287,323,28,36,1008
cr1_0378p_00008.cbf,532,561,286,323,29,37,1073
cr1_0379p_00001.cbf,532,561,286,324,29,38,1102
cr1_0379p_00002.cbf,532,561,287,324,29,37,1073
cr1_0379p_00003.cbf,532,560,285,324,28,39,1092
cr1_0379p_00004.cbf,532,559,286,324,27,38,1026
cr1_0379p_00005.cbf,532,559,287,324,27,37,999
cr1_0379p_00006.cbf,532,559,287,324,27,37,999
cr1_0379p_00007.cbf,532,560,287,323,28,36,1008
cr1_0379p_00008.cbf,532,561,286,323,29,37,1073
cr1_0380p_00001.cbf,531,561,286,324,30,38,1140
cr1_0380p_00002.cbf,532,561,287,324,29,37,1073
cr1_0380p_00003.cbf,532,560,286,323,28,37,1036
cr1_0380p_00004.cbf,532,559,286,324,27,38,1026
cr1_0380p_00005.cbf,532,559,287,324,27,37,999
cr1_0380p_00006.cbf,532,560,287,324,28,37,1036
cr1_0380p_00007.cbf,532,560,286,323,28,37,1036
cr1_0380p_00008.cbf,532,561,285,323,29,38,1102
cr1_0381p_00001.cbf,532,561,286,324,29,38,1102
cr1_0381p_00002.cbf,532,561,286,324,29,38,1102
cr1_0381p_00003.cbf,532,560,285,324,28,39,1092
cr1_0381p_00004.cbf,532,560,286,324,28,38,1064
cr1_0381p_00005.cbf,532,559,287,323,27,36,972
cr1_0381p_00006.cbf,532,560,287,323,28,36,1008
cr1_0381p_00007.cbf,532,560,286,323,28,37,1036
cr1_0381p_00008.cbf,532,561,285,323,29,38,1102
cr1_0382p_00001.cbf,531,561,286,324,30,38,1140
cr1_0382p_00002.cbf,531,561,286,324,30,38,1140
cr1_0382p_00003.cbf,532,560,286,323,28,37,1036
cr1_0382p_00004.cbf,532,559,286,324,27,38,1026
cr1_0382p_00005.cbf,531,559,287,324,28,37,1036
cr1_0382p_00006.cbf,532,560,287,324,28,37,1036
cr1_0382p_00007.cbf,532,560,286,323,28,37,1036
cr1_0382p_00008.cbf,532,561,286,323,29,37,1073
cr1_0383p_00001.cbf,532,561,286,324,29,38,1102
cr1_0383p_00002.cbf,532,561,286,324,29,38,1102
cr1_0383p_00003.cbf,532,560,285,323,28,38,1064
cr1_0383p_00004.cbf,531,559,286,324,28,38,1064
cr1_0383p_00005.cbf,532,559,286,324,27,38,1026
cr1_0383p_00006.cbf,532,559,287,324,27,37,999
cr1_0383p_00007.cbf,532,560,286,323,28,37,1036
cr1_0383p_00008.cbf,532,561,286,323,29,37,1073
cr1_0384p_00001.cbf,532,561,286,324,29,38,1102
cr1_0384p_00002.cbf,532,561,286,324,29,38,1102
cr1_0384p_00003.cbf,532,560,285,323,28,38,1064
cr1_0384p_00004.cbf,531,560,286,324,29,38,1102
cr1_0384p_00005.cbf,531,559,287,323,28,36,1008
cr1_0384p_00006.cbf,532,560,287,324,28,37,1036
cr1_0384p_00007.cbf,532,560,286,323,28,37,1036
cr1_0384p_00008.cbf,532,561,286,323,29,37,1073
cr1_0385p_00001.cbf,532,561,286,324,29,38,1102
cr1_0385p_00002.cbf,531,561,287,324,30,37,1110
cr1_0385p_00003.cbf,532,560,286,324,28,38,1064
cr1_0385p_00004.cbf,532,559,286,324,27,38,1026
cr1_0385p_00005.cbf,532,559,287,324,27,37,999
cr1_0385p_00006.cbf,532,560,287,324,28,37,1036
cr1_0385p_00007.cbf,532,560,287,323,28,36,1008
cr1_0385p_00008.cbf,532,561,285,323,29,38,1102
cr1_0386p_00001.cbf,532,561,286,324,29,38,1102
cr1_0386p_00002.cbf,532,561,286,324,29,38,1102
cr1_0386p_00003.cbf,532,560,286,324,28,38,1064
cr1_0386p_00004.cbf,532,560,286,324,28,38,1064
cr1_0386p_00005.cbf,531,559,287,324,28,37,1036
cr1_0386p_00006.cbf,532,560,287,324,28,37,1036
cr1_0386p_00007.cbf,532,560,286,323,28,37,1036
cr1_0386p_00008.cbf,532,561,286,323,29,37,1073
cr1_0387p_00001.cbf,532,561,286,324,29,38,1102
cr1_0387p_00002.cbf,531,561,287,324,30,37,1110
cr1_0387p_00003.cbf,532,560,286,323,28,37,1036
cr1_0387p_00004.cbf,532,559,286,324,27,38,1026
cr1_0387p_00005.cbf,532,559,287,324,27,37,999
cr1_0387p_00006.cbf,532,559,287,324,27,37,999
cr1_0387p_00007.cbf,532,560,286,323,28,37,1036
cr1_0387p_00008.cbf,532,561,286,323,29,37,1073
cr1_0388p_00001.cbf,532,561,286,324,29,38,1102
cr1_0388p_00002.cbf,532,561,286,324,29,38,1102
cr1_0388p_00003.cbf,532,560,286,324,28,38,1064
cr1_0388p_00004.cbf,532,559,286,324,27,38,1026
cr1_0388p_00005.cbf,531,559,287,324,28,37,1036
cr1_0388p_00006.cbf,532,559,287,324,27,37,999
cr1_0388p_00007.cbf,532,560,287,324,28,37,1036
cr1_0388p_00008.cbf,532,561,286,323,29,37,1073
cr1_0389p_00001.cbf,531,561,286,324,30,38,1140
cr1_0389p_00002.cbf,532,561,286,324,29,38,1102
cr1_0389p_00003.cbf,531,560,285,324,29,39,1131
cr1_0389p_00004.cbf,532,559,286,324,27,38,1026
cr1_0389p_00005.cbf,531,559,287,324,28,37,1036
cr1_0389p_00006.cbf,532,559,287,324,27,37,999
cr1_0389p_00007.cbf,532,560,286,324,28,38,1064
cr1_0389p_00008.cbf,532,561,286,323,29,37,1073
cr1_0390p_00001.cbf,532,561,287,324,29,37,1073
cr1_0390p_00002.cbf,532,561,286,324,29,38,1102
cr1_0390p_00003.cbf,532,560,286,323,28,37,1036
cr1_0390p_00004.cbf,531,559,286,324,28,38,1064
cr1_0390p_00005.cbf,531,559,287,324,28,37,1036
cr1_0390p_00006.cbf,532,560,287,324,28,37,1036
cr1_0390p_00007.cbf,532,560,287,324,28,37,1036
cr1_0390p_00008.cbf,532,561,286,324,29,38,1102
cr1_0391p_00001.cbf,532,561,287,324,29,37,1073
cr1_0391p_00002.cbf,532,561,286,324,29,38,1102
cr1_0391p_00003.cbf,532,560,286,323,28,37,1036
cr1_0391p_00004.cbf,531,559,286,324,28,38,1064
cr1_0391p_00005.cbf,532,559,287,324,27,37,999
cr1_0391p_00006.cbf,531,559,287,324,28,37,1036
cr1_0391p_00007.cbf,532,560,287,323,28,36,1008
cr1_0391p_00008.cbf,532,561,286,323,29,37,1073
cr1_0392p_00001.cbf,532,561,287,324,29,37,1073
cr1_0392p_00002.cbf,532,561,286,324,29,38,1102
cr1_0392p_00003.cbf,532,560,286,323,28,37,1036
cr1_0392p_00004.cbf,532,559,287,324,27,37,999
cr1_0392p_00005.cbf,532,559,287,324,27,37,999
cr1_0392p_00006.cbf,532,559,287,324,27,37,999
cr1_0392p_00007.cbf,532,560,287,323,28,36,1008
cr1_0392p_00008.cbf,532,561,286,324,29,38,1102
cr1_0393p_00001.cbf,532,561,287,324,29,37,1073
cr1_0393p_00002.cbf,532,561,286,324,29,38,1102
cr1_0393p_00003.cbf,532,560,286,323,28,37,1036
cr1_0393p_00004.cbf,532,559,286,324,27,38,1026
cr1_0393p_00005.cbf,532,559,287,324,27,37,999
cr1_0393p_00006.cbf,532,559,287,324,27,37,999
cr1_0393p_00007.cbf,532,560,287,324,28,37,1036
cr1_0393p_00008.cbf,532,561,286,324,29,38,1102
cr1_0394p_00001.cbf,532,561,287,324,29,37,1073
cr1_0394p_00002.cbf,532,561,287,324,29,37,1073
cr1_0394p_00003.cbf,532,560,286,324,28,38,1064
cr1_0394p_00004.cbf,532,559,287,324,27,37,999
cr1_0394p_00005.cbf,532,559,288,324,27,36,972
cr1_0394p_00006.cbf,532,559,287,324,27,37,999
cr1_0394p_00007.cbf,532,560,287,324,28,37,1036
cr1_0394p_00008.cbf,532,561,286,324,29,38,1102
cr1_0395p_00001.cbf,532,561,287,324,29,37,1073
cr1_0395p_00002.cbf,532,561,287,324,29,37,1073
cr1_0395p_00003.cbf,532,560,286,324,28,38,1064
cr1_0395p_00004.cbf,532,559,287,324,27,37,999
cr1_0395p_00005.cbf,532,559,288,324,27,36,972
cr1_0395p_00006.cbf,532,559,288,324,27,36,972
cr1_0395p_00007.cbf,532,560,287,324,28,37,1036
cr1_0395p_00008.cbf,532,561,287,324,29,37,1073
cr1_0396p_00001.cbf,532,561,287,324,29,37,1073
cr1_0396p_00002.cbf,532,561,287,324,29,37,1073
cr1_0396p_00003.cbf,532,560,286,323,28,37,1036
cr1_0396p_00004.cbf,532,559,287,324,27,37,999
cr1_0396p_00005.cbf,532,559,288,324,27,36,972
cr1_0396p_00006.cbf,532,560,288,324,28,36,1008
cr1_0396p_00007.cbf,532,560,287,324,28,37,1036
cr1_0396p_00008.cbf,532,561,287,323,29,36,1044
cr1_0397p_00001.cbf,532,561,287,324,29,37,1073
cr1_0397p_00002.cbf,532,561,287,324,29,37,1073
cr1_0397p_00003.cbf,532,560,286,323,28,37,1036
cr1_0397p_00004.cbf,532,559,287,324,27,37,999
cr1_0397p_00005.cbf,532,559,288,325,27,37,999
cr1_0397p_00006.cbf,532,559,288,324,27,36,972
cr1_0397p_00007.cbf,532,560,287,323,28,36,1008
cr1_0397p_00008.cbf,532,561,287,323,29,36,1044
cr1_0398p_00001.cbf,532,561,287,324,29,37,1073
cr1_0398p_00002.cbf,532,561,287,324,29,37,1073
cr1_0398p_00003.cbf,532,560,287,323,28,36,1008
cr1_0398p_00004.cbf,532,560,287,324,28,37,1036
cr1_0398p_00005.cbf,532,559,288,324,27,36,972
cr1_0398p_00006.cbf,532,560,287,324,28,37,1036
cr1_0398p_00007.cbf,532,560,287,323,28,36,1008
cr1_0398p_00008.cbf,532,561,287,323,29,36,1044
cr1_0399p_00001.cbf,532,561,287,324,29,37,1073
cr1_0399p_00002.cbf,532,561,287,324,29,37,1073
cr1_0399p_00003.cbf,532,561,286,323,29,37,1073
cr1_0399p_00004.cbf,532,560,286,323,28,37,1036
cr1_0399p_00005.cbf,532,560,286,323,28,37,1036
cr1_0399p_00006.cbf,532,560,286,323,28,37,1036
cr1_0399p_00007.cbf,532,561,286,323,29,37,1073
cr1_0399p_00008.cbf,532,561,287,323,29,36,1044
cr1_0400p_00001.cbf,532,561,287,324,29,37,1073
cr1_0400p_00002.cbf,532,561,287,324,29,37,1073
cr1_0400p_00003.cbf,532,561,286,323,29,37,1073
cr1_0400p_00004.cbf,532,560,287,323,28,36,1008
cr1_0400p_00005.cbf,532,560,287,323,28,36,1008
cr1_0400p_00006.cbf,532,560,286,323,28,37,1036
cr1_0400p_00007.cbf,532,561,286,323,29,37,1073
cr1_0400p_00008.cbf,532,561,287,323,29,36,1044
cr1_0401p_00001.cbf,532,561,287,324,29,37,1073
cr1_0401p_00002.cbf,532,561,287,324,29,37,1073
cr1_0401p_00003.cbf,532,561,286,323,29,37,1073
cr1_0401p_00004.cbf,532,560,287,323,28,36,1008
cr1_0401p_00005.cbf,532,560,287,323,28,36,1008
cr1_0401p_00006.cbf,532,560,286,323,28,37,1036
cr1_0401p_00007.cbf,532,561,286,322,29,36,1044
cr1_0401p_00008.cbf,532,561,286,323,29,37,1073
cr1_0402p_00001.cbf,532,561,287,324,29,37,1073
cr1_0402p_00002.cbf,532,561,287,324,29,37,1073
cr1_0402p_00003.cbf,532,560,286,323,28,37,1036
cr1_0402p_00004.cbf,532,560,287,323,28,36,1008
cr1_0402p_00005.cbf,532,560,287,323,28,36,1008
cr1_0402p_00006.cbf,532,560,287,323,28,36,1008
cr1_0402p_00007.cbf,532,560,287,323,28,36,1008
cr1_0402p_00008.cbf,532,561,286,323,29,37,1073
cr1_0403p_00001.cbf,532,561,287,324,29,37,1073
cr1_0403p_00002.cbf,532,561,287,324,29,37,1073
cr1_0403p_00003.cbf,532,561,286,323,29,37,1073
cr1_0403p_00004.cbf,532,560,287,324,28,37,1036
cr1_0403p_00005.cbf,532,560,287,324,28,37,1036
cr1_0403p_00006.cbf,532,560,287,323,28,36,1008
cr1_0403p_00007.cbf,532,560,287,323,28,36,1008
cr1_0403p_00008.cbf,532,561,287,323,29,36,1044
cr1_0404p_00001.cbf,532,561,287,324,29,37,1073
cr1_0404p_00002.cbf,532,561,287,323,29,36,1044
cr1_0404p_00003.cbf,532,561,286,323,29,37,1073
cr1_0404p_00004.cbf,532,560,287,323,28,36,1008
cr1_0404p_00005.cbf,532,560,287,323,28,36,1008
cr1_0404p_00006.cbf,532,560,287,323,28,36,1008
cr1_0404p_00007.cbf,532,560,287,323,28,36,1008
cr1_0404p_00008.cbf,532,561,286,323,29,37,1073
cr1_0405p_00001.cbf,532,561,287,324,29,37,1073
cr1_0405p_00002.cbf,532,561,287,324,29,37,1073
cr1_0405p_00003.cbf,532,560,286,323,28,37,1036
cr1_0405p_00004.cbf,532,560,287,324,28,37,1036
cr1_0405p_00005.cbf,532,560,287,324,28,37,1036
cr1_0405p_00006.cbf,532,560,287,323,28,36,1008
cr1_0405p_00007.cbf,532,560,287,323,28,36,1008
cr1_0405p_00008.cbf,532,561,286,323,29,37,1073
cr1_0406p_00001.cbf,532,561,287,324,29,37,1073
cr1_0406p_00002.cbf,531,561,287,324,30,37,1110
cr1_0406p_00003.cbf,532,561,286,323,29,37,1073
cr1_0406p_00004.cbf,532,560,287,324,28,37,1036
cr1_0406p_00005.cbf,532,559,287,324,27,37,999
cr1_0406p_00006.cbf,532,560,287,323,28,36,1008
cr1_0406p_00007.cbf,532,560,287,323,28,36,1008
cr1_0406p_00008.cbf,532,561,287,323,29,36,1044
cr1_0407p_00001.cbf,532,561,287,324,29,37,1073
cr1_0407p_00002.cbf,532,561,287,324,29,37,1073
cr1_0407p_00003.cbf,532,561,286,323,29,37,1073
cr1_0407p_00004.cbf,531,560,287,324,29,37,1073
cr1_0407p_00005.cbf,532,559,287,324,27,37,999
cr1_0407p_00006.cbf,532,560,287,323,28,36,1008
cr1_0407p_00007.cbf,532,561,287,323,29,36,1044
cr1_0407p_00008.cbf,532,561,287,323,29,36,1044
cr1_0408p_00001.cbf,532,561,287,324,29,37,1073
cr1_0408p_00002.cbf,532,561,286,324,29,38,1102
cr1_0408p_00003.cbf,532,561,286,323,29,37,1073
cr1_0408p_00004.cbf,532,560,287,324,28,37,1036
cr1_0408p_00005.cbf,532,560,287,324,28,37,1036
cr1_0408p_00006.cbf,532,560,287,323,28,36,1008
cr1_0408p_00007.cbf,532,561,287,323,29,36,1044
cr1_0408p_00008.cbf,532,561,286,323,29,37,1073
cr1_0409p_00001.cbf,532,561,287,324,29,37,1073
cr1_0409p_00002.cbf,532,561,287,324,29,37,1073
cr1_0409p_00003.cbf,532,561,286,323,29,37,1073
cr1_0409p_00004.cbf,532,560,287,324,28,37,1036
cr1_0409p_00005.cbf,532,560,287,323,28,36,1008
cr1_0409p_00006.cbf,532,561,287,323,29,36,1044
cr1_0409p_00007.cbf,532,561,287,323,29,36,1044
cr1_0409p_00008.cbf,532,561,287,323,29,36,1044
cr1_0410p_00001.cbf,532,561,287,324,29,37,1073
cr1_0410p_00002.cbf,531,561,287,324,30,37,1110
cr1_0410p_00003.cbf,532,561,287,323,29,36,1044
cr1_0410p_00004.cbf,532,560,288,324,28,36,1008
cr1_0410p_00005.cbf,532,560,287,324,28,37,1036
cr1_0410p_00006.cbf,532,560,288,324,28,36,1008
cr1_0410p_00007.cbf,532,561,287,324,29,37,1073
cr1_0410p_00008.cbf,532,561,286,323,29,37,1073
cr1_0411p_00001.cbf,531,561,287,324,30,37,1110
cr1_0411p_00002.cbf,531,561,287,324,30,37,1110
cr1_0411p_00003.cbf,532,561,286,323,29,37,1073
cr1_0411p_00004.cbf,532,560,288,324,28,36,1008
cr1_0411p_00005.cbf,532,560,288,324,28,36,1008
cr1_0411p_00006.cbf,532,560,288,325,28,37,1036
cr1_0411p_00007.cbf,532,561,288,324,29,36,1044
cr1_0411p_00008.cbf,532,561,286,323,29,37,1073
cr1_0412p_00001.cbf,531,561,287,324,30,37,1110
cr1_0412p_00002.cbf,531,561,287,324,30,37,1110
cr1_0412p_00003.cbf,532,561,287,324,29,37,1073
cr1_0412p_00004.cbf,532,560,288,324,28,36,1008
cr1_0412p_00005.cbf,532,560,288,324,28,36,1008
cr1_0412p_00006.cbf,532,560,288,325,28,37,1036
cr1_0412p_00007.cbf,532,561,288,324,29,36,1044
cr1_0412p_00008.cbf,532,561,286,323,29,37,1073
cr1_0413p_00001.cbf,531,561,287,324,30,37,1110
cr1_0413p_00002.cbf,531,561,287,324,30,37,1110
cr1_0413p_00003.cbf,532,561,287,324,29,37,1073
cr1_0413p_00004.cbf,532,560,288,324,28,36,1008
cr1_0413p_00005.cbf,532,561,288,324,29,36,1044
cr1_0413p_00006.cbf,532,561,289,325,29,36,1044
cr1_0413p_00007.cbf,532,561,288,324,29,36,1044
cr1_0413p_00008.cbf,532,561,287,324,29,37,1073
cr1_0414p_00001.cbf,531,561,287,324,30,37,1110
cr1_0414p_00002.cbf,531,561,287,324,30,37,1110
cr1_0414p_00003.cbf,532,561,286,324,29,38,1102
cr1_0414p_00004.cbf,532,560,288,324,28,36,1008
cr1_0414p_00005.cbf,532,560,288,325,28,37,1036
cr1_0414p_00006.cbf,532,560,289,326,28,37,1036
cr1_0414p_00007.cbf,532,561,288,325,29,37,1073
cr1_0414p_00008.cbf,532,561,287,324,29,37,1073
cr1_0415p_00001.cbf,532,561,287,325,29,38,1102
cr1_0415p_00002.cbf,532,561,287,324,29,37,1073
cr1_0415p_00003.cbf,532,561,287,324,29,37,1073
cr1_0415p_00004.cbf,532,561,288,325,29,37,1073
cr1_0415p_00005.cbf,532,561,289,325,29,36,1044
cr1_0415p_00006.cbf,532,560,290,327,28,37,1036
cr1_0415p_00007.cbf,532,561,288,325,29,37,1073
cr1_0415p_00008.cbf,532,561,287,324,29,37,1073
cr1_0416p_00001.cbf,532,561,287,325,29,38,1102
cr1_0416p_00002.cbf,531,561,287,325,30,38,1140
cr1_0416p_00003.cbf,532,561,287,324,29,37,1073
cr1_0416p_00004.cbf,532,561,288,325,29,37,1073
cr1_0416p_00005.cbf,532,561,288,325,29,37,1073
cr1_0416p_00006.cbf,532,561,289,326,29,37,1073
cr1_0416p_00007.cbf,532,561,288,325,29,37,1073
cr1_0416p_00008.cbf,532,561,287,324,29,37,1073
cr1_0417p_00001.cbf,531,561,287,325,30,38,1140
cr1_0417p_00002.cbf,531,561,287,325,30,38,1140
cr1_0417p_00003.cbf,532,561,287,324,29,37,1073
cr1_0417p_00004.cbf,532,560,288,325,28,37,1036
cr1_0417p_00005.cbf,532,560,288,325,28,37,1036
cr1_0417p_00006.cbf,532,561,289,325,29,36,1044
cr1_0417p_00007.cbf,532,561,288,324,29,36,1044
cr1_0417p_00008.cbf,532,561,287,324,29,37,1073
cr1_0418p_00001.cbf,532,561,287,325,29,38,1102
cr1_0418p_00002.cbf,532,561,287,325,29,38,1102
cr1_0418p_00003.cbf,532,561,287,324,29,37,1073
cr1_0418p_00004.cbf,532,560,288,325,28,37,1036
cr1_0418p_00005.cbf,532,560,288,325,28,37,1036
cr1_0418p_00006.cbf,532,561,289,326,29,37,1073
cr1_0418p_00007.cbf,532,561,289,325,29,36,1044
cr1_0418p_00008.cbf,532,561,287,324,29,37,1073
cr1_0419p_00001.cbf,531,561,288,325,30,37,1110
cr1_0419p_00002.cbf,531,561,288,325,30,37,1110
cr1_0419p_00003.cbf,532,561,287,324,29,37,1073
cr1_0419p_00004.cbf,532,560,287,324,28,37,1036
cr1_0419p_00005.cbf,532,560,289,325,28,36,1008
cr1_0419p_00006.cbf,532,560,290,326,28,36,1008
cr1_0419p_00007.cbf,532,561,289,325,29,36,1044
cr1_0419p_00008.cbf,532,561,287,324,29,37,1073
cr1_0420p_00001.cbf,532,561,288,325,29,37,1073
cr1_0420p_00002.cbf,532,561,288,325,29,37,1073
cr1_0420p_00003.cbf,532,561,287,324,29,37,1073
cr1_0420p_00004.cbf,532,560,288,325,28,37,1036
cr1_0420p_00005.cbf,532,561,289,326,29,37,1073
cr1_0420p_00006.cbf,532,561,289,327,29,38,1102
cr1_0420p_00007.cbf,532,561,289,326,29,37,1073
cr1_0420p_00008.cbf,532,561,287,324,29,37,1073
cr1_0421p_00001.cbf,532,561,288,325,29,37,1073
cr1_0421p_00002.cbf,532,561,288,325,29,37,1073
cr1_0421p_00003.cbf,532,561,287,324,29,37,1073
cr1_0421p_00004.cbf,532,561,289,325,29,36,1044
cr1_0421p_00005.cbf,532,561,290,327,29,37,1073
cr1_0421p_00006.cbf,532,561,289,326,29,37,1073
cr1_0421p_00007.cbf,532,561,289,326,29,37,1073
cr1_0421p_00008.cbf,532,561,288,325,29,37,1073
cr1_0422p_00001.cbf,531,561,288,325,30,37,1110
cr1_0422p_00002.cbf,532,561,288,325,29,37,1073
cr1_0422p_00003.cbf,532,561,288,325,29,37,1073
cr1_0422p_00004.cbf,532,561,289,326,29,37,1073
cr1_0422p_00005.cbf,532,561,289,327,29,38,1102
cr1_0422p_00006.cbf,532,561,288,326,29,38,1102
cr1_0422p_00007.cbf,532,561,288,326,29,38,1102
cr1_0422p_00008.cbf,532,561,288,325,29,37,1073
cr1_0423p_00001.cbf,532,561,288,325,29,37,1073
cr1_0423p_00002.cbf,532,561,288,325,29,37,1073
cr1_0423p_00003.cbf,532,561,288,325,29,37,1073
cr1_0423p_00004.cbf,532,561,289,326,29,37,1073
cr1_0423p_00005.cbf,532,561,289,326,29,37,1073
cr1_0423p_00006.cbf,532,561,288,326,29,38,1102
cr1_0423p_00007.cbf,532,561,288,326,29,38,1102
cr1_0423p_00008.cbf,531,561,287,325,30,38,1140
cr1_0424p_00001.cbf,531,561,288,326,30,38,1140
cr1_0424p_00002.cbf,531,561,288,325,30,37,1110
cr1_0424p_00003.cbf,532,561,287,325,29,38,1102
cr1_0424p_00004.cbf,531,560,289,326,29,37,1073
cr1_0424p_00005.cbf,532,561,289,327,29,38,1102
cr1_0424p_00006.cbf,532,561,288,326,29,38,1102
cr1_0424p_00007.cbf,532,561,288,326,29,38,1102
cr1_0424p_00008.cbf,532,561,287,325,29,38,1102
cr1_0425p_00001.cbf,531,561,288,326,30,38,1140
cr1_0425p_00002.cbf,532,561,288,325,29,37,1073
cr1_0425p_00003.cbf,531,561,288,325,30,37,1110
cr1_0425p_00004.cbf,532,561,289,326,29,37,1073
cr1_0425p_00005.cbf,532,561,289,327,29,38,1102
cr1_0425p_00006.cbf,532,561,288,326,29,38,1102
cr1_0425p_00007.cbf,532,561,288,326,29,38,1102
cr1_0425p_00008.cbf,532,561,287,325,29,38,1102
cr1_0426p_00001.cbf,531,561,288,326,30,38,1140
cr1_0426p_00002.cbf,532,561,288,325,29,37,1073
cr1_0426p_00003.cbf,532,561,288,325,29,37,1073
cr1_0426p_00004.cbf,532,561,288,326,29,38,1102
cr1_0426p_00005.cbf,532,561,289,327,29,38,1102
cr1_0426p_00006.cbf,532,561,287,326,29,39,1131
cr1_0426p_00007.cbf,532,561,288,326,29,38,1102
cr1_0426p_00008.cbf,531,561,287,325,30,38,1140
cr1_0427p_00001.cbf,531,561,288,326,30,38,1140
cr1_0427p_00002.cbf,532,561,288,326,29,38,1102
cr1_0427p_00003.cbf,532,561,288,326,29,38,1102
cr1_0427p_00004.cbf,532,561,288,327,29,39,1131
cr1_0427p_00005.cbf,532,561,288,327,29,39,1131
cr1_0427p_00006.cbf,532,561,286,325,29,39,1131
cr1_0427p_00007.cbf,532,561,287,325,29,38,1102
cr1_0427p_00008.cbf,531,561,287,325,30,38,1140
cr1_0428p_00001.cbf,531,561,288,326,30,38,1140
cr1_0428p_00002.cbf,532,561,288,325,29,37,1073
cr1_0428p_00003.cbf,532,561,288,325,29,37,1073
cr1_0428p_00004.cbf,532,561,288,326,29,38,1102
cr1_0428p_00005.cbf,532,561,285,323,29,38,1102
cr1_0428p_00006.cbf,532,561,284,321,29,37,1073
cr1_0428p_00007.cbf,532,561,284,322,29,38,1102
cr1_0428p_00008.cbf,531,561,285,323,30,38,1140
cr1_0429p_00001.cbf,531,561,287,325,30,38,1140
cr1_0429p_00002.cbf,531,561,287,325,30,38,1140
cr1_0429p_00003.cbf,532,561,287,324,29,37,1073
cr1_0429p_00004.cbf,531,561,286,323,30,37,1110
cr1_0429p_00005.cbf,532,562,284,321,30,37,1110
cr1_0429p_00006.cbf,532,561,282,320,29,38,1102
cr1_0429p_00007.cbf,532,561,283,321,29,38,1102
cr1_0429p_00008.cbf,532,561,284,322,29,38,1102
cr1_0430p_00001.cbf,531,561,287,325,30,38,1140
cr1_0430p_00002.cbf,531,561,287,325,30,38,1140
cr1_0430p_00003.cbf,532,561,286,324,29,38,1102
cr1_0430p_00004.cbf,532,561,286,322,29,36,1044
cr1_0430p_00005.cbf,532,561,284,321,29,37,1073
cr1_0430p_00006.cbf,532,561,283,321,29,38,1102
cr1_0430p_00007.cbf,532,561,284,321,29,37,1073
cr1_0430p_00008.cbf,531,561,285,322,30,37,1110
cr1_0431p_00001.cbf,531,561,287,325,30,38,1140
cr1_0431p_00002.cbf,531,561,287,325,30,38,1140
cr1_0431p_00003.cbf,532,561,287,324,29,37,1073
cr1_0431p_00004.cbf,532,561,286,323,29,37,1073
cr1_0431p_00005.cbf,532,561,284,321,29,37,1073
cr1_0431p_00006.cbf,533,561,283,320,28,37,1036
cr1_0431p_00007.cbf,532,561,284,321,29,37,1073
cr1_0431p_00008.cbf,532,561,285,322,29,37,1073
cr1_0432p_00001.cbf,531,561,288,325,30,37,1110
cr1_0432p_00002.cbf,531,561,288,325,30,37,1110
cr1_0432p_00003.cbf,532,561,288,324,29,36,1044
cr1_0432p_00004.cbf,532,561,286,322,29,36,1044
cr1_0432p_00005.cbf,533,562,282,318,29,36,1044
cr1_0432p_00006.cbf,532,561,283,319,29,36,1044
cr1_0432p_00007.cbf,532,561,285,321,29,36,1044
cr1_0432p_00008.cbf,532,561,286,322,29,36,1044
cr1_0433p_00001.cbf,531,561,288,325,30,37,1110
cr1_0433p_00002.cbf,532,561,288,325,29,37,1073
cr1_0433p_00003.cbf,532,561,288,324,29,36,1044
cr1_0433p_00004.cbf,532,561,286,321,29,35,1015
cr1_0433p_00005.cbf,533,562,282,318,29,36,1044
cr1_0433p_00006.cbf,533,561,283,319,28,36,1008
cr1_0433p_00007.cbf,532,561,284,320,29,36,1044
cr1_0433p_00008.cbf,532,561,285,321,29,36,1044
cr1_0434p_00001.cbf,531,561,289,325,30,36,1080
cr1_0434p_00002.cbf,532,561,288,325,29,37,1073
cr1_0434p_00003.cbf,531,561,288,323,30,35,1050
cr1_0434p_00004.cbf,532,561,285,320,29,35,1015
cr1_0434p_00005.cbf,533,561,281,318,28,37,1036
cr1_0434p_00006.cbf,533,561,283,319,28,36,1008
cr1_0434p_00007.cbf,532,561,284,320,29,36,1044
cr1_0434p_00008.cbf,532,561,285,321,29,36,1044
cr1_0435p_00001.cbf,531,561,288,325,30,37,1110
cr1_0435p_00002.cbf,531,561,288,324,30,36,1080
cr1_0435p_00003.cbf,532,561,287,323,29,36,1044
cr1_0435p_00004.cbf,532,561,284,320,29,36,1044
cr1_0435p_00005.cbf,532,561,283,319,29,36,1044
cr1_0435p_00006.cbf,532,561,284,320,29,36,1044
cr1_0435p_00007.cbf,532,561,284,320,29,36,1044
cr1_0435p_00008.cbf,532,561,284,321,29,37,1073
cr1_0436p_00001.cbf,532,561,288,324,29,36,1044
cr1_0436p_00002.cbf,531,561,288,324,30,36,1080
cr1_0436p_00003.cbf,532,561,287,322,29,35,1015
cr1_0436p_00004.cbf,532,561,285,321,29,36,1044
cr1_0436p_00005.cbf,532,561,285,321,29,36,1044
cr1_0436p_00006.cbf,532,561,284,320,29,36,1044
cr1_0436p_00007.cbf,532,561,285,320,29,35,1015
cr1_0436p_00008.cbf,532,561,285,321,29,36,1044
cr1_0437p_00001.cbf,531,561,288,324,30,36,1080
cr1_0437p_00002.cbf,531,561,287,324,30,37,1110
cr1_0437p_00003.cbf,532,561,286,322,29,36,1044
cr1_0437p_00004.cbf,532,561,285,321,29,36,1044
cr1_0437p_00005.cbf,532,561,285,321,29,36,1044
cr1_0437p_00006.cbf,532,561,285,321,29,36,1044
cr1_0437p_00007.cbf,532,561,286,321,29,35,1015
cr1_0437p_00008.cbf,532,561,285,321,29,36,1044
cr1_0438p_00001.cbf,531,561,287,324,30,37,1110
cr1_0438p_00002.cbf,531,561,287,324,30,37,1110
cr1_0438p_00003.cbf,532,561,286,322,29,36,1044
cr1_0438p_00004.cbf,532,561,285,321,29,36,1044
cr1_0438p_00005.cbf,532,561,285,321,29,36,1044
cr1_0438p_00006.cbf,532,561,286,322,29,36,1044
cr1_0438p_00007.cbf,532,560,286,322,28,36,1008
cr1_0438p_00008.cbf,532,561,286,322,29,36,1044
cr1_0439p_00001.cbf,531,561,288,324,30,36,1080
cr1_0439p_00002.cbf,531,561,287,324,30,37,1110
cr1_0439p_00003.cbf,532,561,286,322,29,36,1044
cr1_0439p_00004.cbf,532,561,285,321,29,36,1044
cr1_0439p_00005.cbf,532,560,286,322,28,36,1008
cr1_0439p_00006.cbf,532,560,286,322,28,36,1008
cr1_0439p_00007.cbf,532,560,287,322,28,35,980
cr1_0439p_00008.cbf,531,560,286,322,29,36,1044
cr1_0440p_00001.cbf,531,561,288,324,30,36,1080
cr1_0440p_00002.cbf,531,560,287,324,29,37,1073
cr1_0440p_00003.cbf,532,561,287,322,29,35,1015
cr1_0440p_00004.cbf,532,561,286,321,29,35,1015
cr1_0440p_00005.cbf,532,560,286,322,28,36,1008
cr1_0440p_00006.cbf,532,560,287,322,28,35,980
cr1_0440p_00007.cbf,532,560,287,322,28,35,980
cr1_0440p_00008.cbf,532,560,286,322,28,36,1008
cr1_0441p_00001.cbf,531,560,288,324,29,36,1044
cr1_0441p_00002.cbf,531,560,288,324,29,36,1044
cr1_0441p_00003.cbf,532,560,287,322,28,35,980
cr1_0441p_00004.cbf,532,561,287,322,29,35,1015
cr1_0441p_00005.cbf,531,560,289,324,29,35,1015
cr1_0441p_00006.cbf,531,560,288,324,29,36,1044
cr1_0441p_00007.cbf,531,560,288,324,29,36,1044
cr1_0441p_00008.cbf,532,560,287,323,28,36,1008
cr1_0442p_00001.cbf,531,560,288,324,29,36,1044
cr1_0442p_00002.cbf,531,560,288,324,29,36,1044
cr1_0442p_00003.cbf,531,560,288,323,29,35,1015
cr1_0442p_00004.cbf,532,560,290,325,28,35,980
cr1_0442p_00005.cbf,532,560,291,326,28,35,980
cr1_0442p_00006.cbf,531,560,288,324,29,36,1044
cr1_0442p_00007.cbf,532,560,288,324,28,36,1008
cr1_0442p_00008.cbf,531,560,287,322,29,35,1015
cr1_0443p_00001.cbf,531,560,288,324,29,36,1044
cr1_0443p_00002.cbf,531,560,288,324,29,36,1044
cr1_0443p_00003.cbf,531,560,289,324,29,35,1015
cr1_0443p_00004.cbf,531,560,289,324,29,35,1015
cr1_0443p_00005.cbf,531,560,290,326,29,36,1044
cr1_0443p_00006.cbf,531,560,289,324,29,35,1015
cr1_0443p_00007.cbf,531,560,288,324,29,36,1044
cr1_0443p_00008.cbf,531,560,287,323,29,36,1044
cr1_0444p_00001.cbf,531,560,288,324,29,36,1044
cr1_0444p_00002.cbf,531,560,288,324,29,36,1044
cr1_0444p_00003.cbf,531,560,289,324,29,35,1015
cr1_0444p_00004.cbf,532,560,289,324,28,35,980
cr1_0444p_00005.cbf,532,560,289,324,28,35,980
cr1_0444p_00006.cbf,532,560,288,323,28,35,980
cr1_0444p_00007.cbf,532,560,287,323,28,36,1008
cr1_0444p_00008.cbf,531,560,286,322,29,36,1044
cr1_0445p_00001.cbf,531,560,287,324,29,37,1073
cr1_0445p_00002.cbf,531,560,288,324,29,36,1044
cr1_0445p_00003.cbf,531,560,288,323,29,35,1015
cr1_0445p_00004.cbf,531,560,288,323,29,35,1015
cr1_0445p_00005.cbf,532,560,288,323,28,35,980
cr1_0445p_00006.cbf,532,560,287,322,28,35,980
cr1_0445p_00007.cbf,532,560,287,322,28,35,980
cr1_0445p_00008.cbf,531,560,286,322,29,36,1044
cr1_0446p_00001.cbf,531,560,287,324,29,37,1073
cr1_0446p_00002.cbf,531,560,288,324,29,36,1044
cr1_0446p_00003.cbf,532,560,287,323,28,36,1008
cr1_0446p_00004.cbf,532,560,287,322,28,35,980
cr1_0446p_00005.cbf,532,560,287,322,28,35,980
cr1_0446p_00006.cbf,532,560,287,322,28,35,980
cr1_0446p_00007.cbf,532,560,287,322,28,35,980
cr1_0446p_00008.cbf,531,560,286,322,29,36,1044
cr1_0447p_00001.cbf,531,560,288,324,29,36,1044
cr1_0447p_00002.cbf,531,560,288,324,29,36,1044
cr1_0447p_00003.cbf,531,560,287,322,29,35,1015
cr1_0447p_00004.cbf,532,560,287,322,28,35,980
cr1_0447p_00005.cbf,532,560,287,322,28,35,980
cr1_0447p_00006.cbf,532,560,287,322,28,35,980
cr1_0447p_00007.cbf,532,560,287,323,28,36,1008
cr1_0447p_00008.cbf,531,560,286,322,29,36,1044
cr1_0448p_00001.cbf,531,560,288,324,29,36,1044
cr1_0448p_00002.cbf,531,560,288,324,29,36,1044
cr1_0448p_00003.cbf,532,560,287,322,28,35,980
cr1_0448p_00004.cbf,532,560,287,322,28,35,980
cr1_0448p_00005.cbf,532,560,287,322,28,35,980
cr1_0448p_00006.cbf,532,560,287,322,28,35,980
cr1_0448p_00007.cbf,531,560,287,322,29,35,1015
cr1_0448p_00008.cbf,531,560,286,322,29,36,1044
cr1_0449p_00001.cbf,531,560,288,324,29,36,1044
cr1_0449p_00002.cbf,531,560,288,324,29,36,1044
cr1_0449p_00003.cbf,532,560,288,323,28,35,980
cr1_0449p_00004.cbf,532,560,288,322,28,34,952
cr1_0449p_00005.cbf,532,560,289,324,28,35,980
cr1_0449p_00006.cbf,532,560,289,324,28,35,980
cr1_0449p_00007.cbf,532,560,288,324,28,36,1008
cr1_0449p_00008.cbf,531,560,287,323,29,36,1044
cr1_0450p_00001.cbf,531,560,288,324,29,36,1044
cr1_0450p_00002.cbf,531,560,288,324,29,36,1044
cr1_0450p_00003.cbf,532,560,288,323,28,35,980
cr1_0450p_00004.cbf,532,560,290,325,28,35,980
cr1_0450p_00005.cbf,531,560,292,327,29,35,1015
cr1_0450p_00006.cbf,531,560,291,326,29,35,1015
cr1_0450p_00007.cbf,531,560,290,325,29,35,1015
cr1_0450p_00008.cbf,531,560,288,324,29,36,1044
cr1_0451p_00001.cbf,531,560,288,324,29,36,1044
cr1_0451p_00002.cbf,531,560,288,324,29,36,1044
cr1_0451p_00003.cbf,531,560,289,324,29,35,1015
cr1_0451p_00004.cbf,531,560,290,325,29,35,1015
cr1_0451p_00005.cbf,531,560,292,327,29,35,1015
cr1_0451p_00006.cbf,531,560,290,326,29,36,1044
cr1_0451p_00007.cbf,531,560,289,325,29,36,1044
cr1_0451p_00008.cbf,531,560,287,323,29,36,1044
cr1_0452p_00001.cbf,531,560,288,324,29,36,1044
cr1_0452p_00002.cbf,531,560,288,324,29,36,1044
cr1_0452p_00003.cbf,532,560,288,324,28,36,1008
cr1_0452p_00004.cbf,532,560,289,325,28,36,1008
cr1_0452p_00005.cbf,531,560,291,327,29,36,1044
cr1_0452p_00006.cbf,532,560,289,325,28,36,1008
cr1_0452p_00007.cbf,532,560,288,324,28,36,1008
cr1_0452p_00008.cbf,531,560,287,323,29,36,1044
cr1_0453p_00001.cbf,531,560,288,324,29,36,1044
cr1_0453p_00002.cbf,531,560,288,324,29,36,1044
cr1_0453p_00003.cbf,532,560,288,323,28,35,980
cr1_0453p_00004.cbf,531,560,289,325,29,36,1044
cr1_0453p_00005.cbf,532,560,291,327,28,36,1008
cr1_0453p_00006.cbf,532,560,289,325,28,36,1008
cr1_0453p_00007.cbf,532,560,289,324,28,35,980
cr1_0453p_00008.cbf,531,560,287,323,29,36,1044
cr1_0454p_00001.cbf,531,560,288,324,29,36,1044
cr1_0454p_00002.cbf,531,560,288,324,29,36,1044
cr1_0454p_00003.cbf,532,560,288,324,28,36,1008
cr1_0454p_00004.cbf,531,560,290,326,29,36,1044
cr1_0454p_00005.cbf,531,560,291,327,29,36,1044
cr1_0454p_00006.cbf,532,560,290,326,28,36,1008
cr1_0454p_00007.cbf,531,560,288,325,29,37,1073
cr1_0454p_00008.cbf,531,560,286,323,29,37,1073
cr1_0455p_00001.cbf,531,560,288,324,29,36,1044
cr1_0455p_00002.cbf,531,560,287,324,29,37,1073
cr1_0455p_00003.cbf,531,560,287,324,29,37,1073
cr1_0455p_00004.cbf,532,560,289,325,28,36,1008
cr1_0455p_00005.cbf,531,560,291,327,29,36,1044
cr1_0455p_00006.cbf,531,560,289,325,29,36,1044
cr1_0455p_00007.cbf,531,560,287,323,29,36,1044
cr1_0455p_00008.cbf,532,560,286,322,28,36,1008
cr1_0456p_00001.cbf,531,559,287,324,28,37,1036
cr1_0456p_00002.cbf,531,559,287,323,28,36,1008
cr1_0456p_00003.cbf,531,560,287,323,29,36,1044
cr1_0456p_00004.cbf,532,560,287,324,28,37,1036
cr1_0456p_00005.cbf,531,560,289,325,29,36,1044
cr1_0456p_00006.cbf,531,560,287,324,29,37,1073
cr1_0456p_00007.cbf,531,560,287,323,29,36,1044
cr1_0456p_00008.cbf,531,560,286,323,29,37,1073
cr1_0457p_00001.cbf,531,560,288,324,29,36,1044
cr1_0457p_00002.cbf,531,560,287,324,29,37,1073
cr1_0457p_00003.cbf,532,560,286,323,28,37,1036
cr1_0457p_00004.cbf,532,560,286,323,28,37,1036
cr1_0457p_00005.cbf,532,560,288,325,28,37,1036
cr1_0457p_00006.cbf,532,560,288,324,28,36,1008
cr1_0457p_00007.cbf,532,560,287,324,28,37,1036
cr1_0457p_00008.cbf,532,560,287,323,28,36,1008
cr1_0458p_00001.cbf,531,560,288,324,29,36,1044
cr1_0458p_00002.cbf,531,560,288,324,29,36,1044
cr1_0458p_00003.cbf,532,560,287,323,28,36,1008
cr1_0458p_00004.cbf,532,560,287,324,28,37,1036
cr1_0458p_00005.cbf,532,560,290,326,28,36,1008
cr1_0458p_00006.cbf,532,560,289,325,28,36,1008
cr1_0458p_00007.cbf,532,560,288,324,28,36,1008
cr1_0458p_00008.cbf,531,560,286,323,29,37,1073
cr1_0459p_00001.cbf,531,560,288,325,29,37,1073
cr1_0459p_00002.cbf,531,559,288,324,28,36,1008
cr1_0459p_00003.cbf,531,560,288,323,29,35,1015
cr1_0459p_00004.cbf,532,559,288,324,27,36,972
cr1_0459p_00005.cbf,532,560,290,325,28,35,980
cr1_0459p_00006.cbf,532,560,289,325,28,36,1008
cr1_0459p_00007.cbf,531,560,288,324,29,36,1044
cr1_0459p_00008.cbf,531,560,286,323,29,37,1073
cr1_0460p_00001.cbf,531,560,288,324,29,36,1044
cr1_0460p_00002.cbf,531,560,288,323,29,35,1015
cr1_0460p_00003.cbf,531,559,288,323,28,35,980
cr1_0460p_00004.cbf,532,559,288,324,27,36,972
cr1_0460p_00005.cbf,532,559,288,325,27,37,999
cr1_0460p_00006.cbf,532,560,287,323,28,36,1008
cr1_0460p_00007.cbf,531,559,287,323,28,36,1008
cr1_0460p_00008.cbf,531,560,286,322,29,36,1044
cr1_0461p_00001.cbf,531,560,288,324,29,36,1044
cr1_0461p_00002.cbf,531,560,287,323,29,36,1044
cr1_0461p_00003.cbf,531,560,287,322,29,35,1015
cr1_0461p_00004.cbf,532,559,286,322,27,36,972
cr1_0461p_00005.cbf,532,559,288,324,27,36,972
cr1_0461p_00006.cbf,532,560,287,323,28,36,1008
cr1_0461p_00007.cbf,531,559,287,323,28,36,1008
cr1_0461p_00008.cbf,531,560,287,322,29,35,1015
cr1_0462p_00001.cbf,531,560,288,324,29,36,1044
cr1_0462p_00002.cbf,531,560,287,323,29,36,1044
cr1_0462p_00003.cbf,532,559,287,322,27,35,945
cr1_0462p_00004.cbf,532,559,286,322,27,36,972
cr1_0462p_00005.cbf,532,559,287,324,27,37,999
cr1_0462p_00006.cbf,531,559,288,324,28,36,1008
cr1_0462p_00007.cbf,531,559,288,324,28,36,1008
cr1_0462p_00008.cbf,531,560,287,323,29,36,1044
cr1_0463p_00001.cbf,531,560,288,324,29,36,1044
cr1_0463p_00002.cbf,531,560,287,324,29,37,1073
cr1_0463p_00003.cbf,531,559,287,322,28,35,980
cr1_0463p_00004.cbf,532,559,287,323,27,36,972
cr1_0463p_00005.cbf,532,559,289,325,27,36,972
cr1_0463p_00006.cbf,532,559,288,324,27,36,972
cr1_0463p_00007.cbf,532,559,288,324,27,36,972
cr1_0463p_00008.cbf,531,560,287,322,29,35,1015
cr1_0464p_00001.cbf,531,560,288,324,29,36,1044
cr1_0464p_00002.cbf,531,560,288,324,29,36,1044
cr1_0464p_00003.cbf,532,560,287,323,28,36,1008
cr1_0464p_00004.cbf,532,560,287,323,28,36,1008
cr1_0464p_00005.cbf,532,559,290,326,27,36,972
cr1_0464p_00006.cbf,532,559,288,324,27,36,972
cr1_0464p_00007.cbf,532,559,287,323,27,36,972
cr1_0464p_00008.cbf,532,560,285,321,28,36,1008
cr1_0465p_00001.cbf,531,560,288,324,29,36,1044
cr1_0465p_00002.cbf,531,560,288,324,29,36,1044
cr1_0465p_00003.cbf,531,559,288,323,28,35,980
cr1_0465p_00004.cbf,531,559,287,322,28,35,980
cr1_0465p_00005.cbf,531,559,288,324,28,36,1008
cr1_0465p_00006.cbf,532,559,287,323,27,36,972
cr1_0465p_00007.cbf,532,559,287,323,27,36,972
cr1_0465p_00008.cbf,532,560,285,321,28,36,1008
cr1_0466p_00001.cbf,531,560,287,324,29,37,1073
cr1_0466p_00002.cbf,531,560,288,324,29,36,1044
cr1_0466p_00003.cbf,531,559,287,323,28,36,1008
cr1_0466p_00004.cbf,532,559,288,323,27,35,945
cr1_0466p_00005.cbf,532,559,288,324,27,36,972
cr1_0466p_00006.cbf,531,560,287,323,29,36,1044
cr1_0466p_00007.cbf,531,560,287,323,29,36,1044
cr1_0466p_00008.cbf,532,560,285,321,28,36,1008
cr1_0467p_00001.cbf,531,560,287,324,29,37,1073
cr1_0467p_00002.cbf,531,560,288,324,29,36,1044
cr1_0467p_00003.cbf,532,559,287,323,27,36,972
cr1_0467p_00004.cbf,532,559,287,323,27,36,972
cr1_0467p_00005.cbf,532,559,288,324,27,36,972
cr1_0467p_00006.cbf,531,559,288,324,28,36,1008
cr1_0467p_00007.cbf,532,559,287,323,27,36,972
cr1_0467p_00008.cbf,532,560,286,322,28,36,1008
cr1_0468p_00001.cbf,531,560,288,324,29,36,1044
cr1_0468p_00002.cbf,531,560,287,324,29,37,1073
cr1_0468p_00003.cbf,532,559,287,322,27,35,945
cr1_0468p_00004.cbf,531,559,287,323,28,36,1008
cr1_0468p_00005.cbf,531,559,288,324,28,36,1008
cr1_0468p_00006.cbf,531,559,287,323,28,36,1008
cr1_0468p_00007.cbf,531,559,287,323,28,36,1008
cr1_0468p_00008.cbf,532,560,286,322,28,36,1008
cr1_0469p_00001.cbf,531,560,287,324,29,37,1073
cr1_0469p_00002.cbf,531,560,287,323,29,36,1044
cr1_0469p_00003.cbf,531,560,286,322,29,36,1044
cr1_0469p_00004.cbf,532,559,286,322,27,36,972
cr1_0469p_00005.cbf,531,559,286,322,28,36,1008
cr1_0469p_00006.cbf,532,559,287,323,27,36,972
cr1_0469p_00007.cbf,531,560,287,323,29,36,1044
cr1_0469p_00008.cbf,531,560,286,322,29,36,1044
cr1_0470p_00001.cbf,531,560,288,324,29,36,1044
cr1_0470p_00002.cbf,531,560,287,323,29,36,1044
cr1_0470p_00003.cbf,531,560,286,322,29,36,1044
cr1_0470p_00004.cbf,532,559,286,322,27,36,972
cr1_0470p_00005.cbf,532,559,286,322,27,36,972
cr1_0470p_00006.cbf,532,559,286,322,27,36,972
cr1_0470p_00007.cbf,531,560,286,322,29,36,1044
cr1_0470p_00008.cbf,531,560,286,322,29,36,1044
cr1_0471p_00001.cbf,531,560,287,324,29,37,1073
cr1_0471p_00002.cbf,531,560,287,323,29,36,1044
cr1_0471p_00003.cbf,531,559,286,322,28,36,1008
cr1_0471p_00004.cbf,531,559,286,322,28,36,1008
cr1_0471p_00005.cbf,531,559,285,322,28,37,1036
cr1_0471p_00006.cbf,531,559,286,322,28,36,1008
cr1_0471p_00007.cbf,531,559,287,322,28,35,980
cr1_0471p_00008.cbf,532,560,286,322,28,36,1008
cr1_0472p_00001.cbf,531,559,287,324,28,37,1036
cr1_0472p_00002.cbf,531,560,287,323,29,36,1044
cr1_0472p_00003.cbf,531,559,286,322,28,36,1008
cr1_0472p_00004.cbf,531,559,286,322,28,36,1008
cr1_0472p_00005.cbf,531,559,285,322,28,37,1036
cr1_0472p_00006.cbf,531,559,285,322,28,37,1036
cr1_0472p_00007.cbf,531,559,286,322,28,36,1008
cr1_0472p_00008.cbf,531,560,286,322,29,36,1044
cr1_0473p_00001.cbf,531,560,287,324,29,37,1073
cr1_0473p_00002.cbf,531,559,287,323,28,36,1008
cr1_0473p_00003.cbf,531,559,285,322,28,37,1036
cr1_0473p_00004.cbf,531,559,286,322,28,36,1008
cr1_0473p_00005.cbf,531,559,284,321,28,37,1036
cr1_0473p_00006.cbf,531,559,285,322,28,37,1036
cr1_0473p_00007.cbf,531,559,286,322,28,36,1008
cr1_0473p_00008.cbf,531,560,286,322,29,36,1044
cr1_0474p_00001.cbf,531,560,287,324,29,37,1073
cr1_0474p_00002.cbf,531,559,287,323,28,36,1008
cr1_0474p_00003.cbf,531,559,285,322,28,37,1036
cr1_0474p_00004.cbf,531,559,285,322,28,37,1036
cr1_0474p_00005.cbf,532,559,283,321,27,38,1026
cr1_0474p_00006.cbf,531,559,284,321,28,37,1036
cr1_0474p_00007.cbf,531,559,286,322,28,36,1008
cr1_0474p_00008.cbf,531,560,285,322,29,37,1073
cr1_0475p_00001.cbf,531,560,287,324,29,37,1073
cr1_0475p_00002.cbf,531,560,287,323,29,36,1044
cr1_0475p_00003.cbf,531,559,286,322,28,36,1008
cr1_0475p_00004.cbf,531,559,285,322,28,37,1036
cr1_0475p_00005.cbf,531,559,284,320,28,36,1008
cr1_0475p_00006.cbf,531,559,285,321,28,36,1008
cr1_0475p_00007.cbf,531,559,286,322,28,36,1008
cr1_0475p_00008.cbf,531,560,286,322,29,36,1044
cr1_0476p_00001.cbf,531,560,287,324,29,37,1073
cr1_0476p_00002.cbf,531,560,286,323,29,37,1073
cr1_0476p_00003.cbf,531,559,286,322,28,36,1008
cr1_0476p_00004.cbf,531,559,286,322,28,36,1008
cr1_0476p_00005.cbf,532,559,284,321,27,37,999
cr1_0476p_00006.cbf,531,559,285,321,28,36,1008
cr1_0476p_00007.cbf,531,559,286,322,28,36,1008
cr1_0476p_00008.cbf,531,560,285,322,29,37,1073
cr1_0477p_00001.cbf,531,560,287,323,29,36,1044
cr1_0477p_00002.cbf,531,559,286,323,28,37,1036
cr1_0477p_00003.cbf,531,559,285,322,28,37,1036
cr1_0477p_00004.cbf,531,559,286,322,28,36,1008
cr1_0477p_00005.cbf,531,559,284,321,28,37,1036
cr1_0477p_00006.cbf,532,559,285,322,27,37,999
cr1_0477p_00007.cbf,531,559,285,322,28,37,1036
cr1_0477p_00008.cbf,531,560,285,322,29,37,1073
cr1_0478p_00001.cbf,531,560,287,324,29,37,1073
cr1_0478p_00002.cbf,531,560,286,323,29,37,1073
cr1_0478p_00003.cbf,531,559,285,322,28,37,1036
cr1_0478p_00004.cbf,531,559,285,322,28,37,1036
cr1_0478p_00005.cbf,531,559,284,321,28,37,1036
cr1_0478p_00006.cbf,532,559,285,321,27,36,972
cr1_0478p_00007.cbf,531,559,285,322,28,37,1036
cr1_0478p_00008.cbf,531,560,285,322,29,37,1073
cr1_0479p_00001.cbf,531,560,287,324,29,37,1073
cr1_0479p_00002.cbf,531,559,286,323,28,37,1036
cr1_0479p_00003.cbf,531,559,285,322,28,37,1036
cr1_0479p_00004.cbf,531,559,285,322,28,37,1036
cr1_0479p_00005.cbf,531,559,283,321,28,38,1064
cr1_0479p_00006.cbf,531,559,284,321,28,37,1036
cr1_0479p_00007.cbf,531,559,285,322,28,37,1036
cr1_0479p_00008.cbf,531,560,285,322,29,37,1073
cr1_0480p_00001.cbf,531,560,287,324,29,37,1073
cr1_0480p_00002.cbf,531,560,286,323,29,37,1073
cr1_0480p_00003.cbf,531,559,285,322,28,37,1036
cr1_0480p_00004.cbf,531,559,285,322,28,37,1036
cr1_0480p_00005.cbf,531,559,283,321,28,38,1064
cr1_0480p_00006.cbf,531,559,284,321,28,37,1036
cr1_0480p_00007.cbf,531,559,285,322,28,37,1036
cr1_0480p_00008.cbf,532,560,285,322,28,37,1036
cr1_0481p_00001.cbf,531,560,287,323,29,36,1044
cr1_0481p_00002.cbf,531,559,286,323,28,37,1036
cr1_0481p_00003.cbf,531,559,285,322,28,37,1036
cr1_0481p_00004.cbf,531,559,285,322,28,37,1036
cr1_0481p_00005.cbf,531,559,283,321,28,38,1064
cr1_0481p_00006.cbf,531,559,284,321,28,37,1036
cr1_0481p_00007.cbf,531,559,285,322,28,37,1036
cr1_0481p_00008.cbf,531,560,285,322,29,37,1073
cr1_0482p_00001.cbf,531,560,287,324,29,37,1073
cr1_0482p_00002.cbf,531,559,286,323,28,37,1036
cr1_0482p_00003.cbf,531,559,285,322,28,37,1036
cr1_0482p_00004.cbf,531,559,285,322,28,37,1036
cr1_0482p_00005.cbf,531,559,282,320,28,38,1064
cr1_0482p_00006.cbf,531,559,283,321,28,38,1064
cr1_0482p_00007.cbf,531,559,285,322,28,37,1036
cr1_0482p_00008.cbf,531,560,285,322,29,37,1073
cr1_0483p_00001.cbf,531,559,286,324,28,38,1064
cr1_0483p_00002.cbf,530,559,286,324,29,38,1102
cr1_0483p_00003.cbf,531,559,285,322,28,37,1036
cr1_0483p_00004.cbf,531,559,284,321,28,37,1036
cr1_0483p_00005.cbf,531,559,283,320,28,37,1036
cr1_0483p_00006.cbf,531,559,284,321,28,37,1036
cr1_0483p_00007.cbf,531,559,285,322,28,37,1036
cr1_0483p_00008.cbf,531,560,285,322,29,37,1073
cr1_0484p_00001.cbf,531,559,286,324,28,38,1064
cr1_0484p_00002.cbf,531,559,286,323,28,37,1036
cr1_0484p_00003.cbf,531,559,285,322,28,37,1036
cr1_0484p_00004.cbf,531,559,284,321,28,37,1036
cr1_0484p_00005.cbf,531,559,282,320,28,38,1064
cr1_0484p_00006.cbf,531,559,283,321,28,38,1064
cr1_0484p_00007.cbf,532,559,284,322,27,38,1026
cr1_0484p_00008.cbf,531,560,285,322,29,37,1073
cr1_0485p_00001.cbf,531,559,286,324,28,38,1064
cr1_0485p_00002.cbf,531,559,286,323,28,37,1036
cr1_0485p_00003.cbf,532,559,285,322,27,37,999
cr1_0485p_00004.cbf,531,559,284,322,28,38,1064
cr1_0485p_00005.cbf,532,559,282,319,27,37,999
cr1_0485p_00006.cbf,532,559,282,321,27,39,1053
cr1_0485p_00007.cbf,531,559,284,321,28,37,1036
cr1_0485p_00008.cbf,531,559,285,322,28,37,1036
cr1_0486p_00001.cbf,531,559,286,324,28,38,1064
cr1_0486p_00002.cbf,531,559,286,323,28,37,1036
cr1_0486p_00003.cbf,531,559,284,322,28,38,1064
cr1_0486p_00004.cbf,531,559,284,321,28,37,1036
cr1_0486p_00005.cbf,531,559,281,320,28,39,1092
cr1_0486p_00006.cbf,532,559,282,320,27,38,1026
cr1_0486p_00007.cbf,532,559,284,322,27,38,1026
cr1_0486p_00008.cbf,532,560,285,322,28,37,1036
cr1_0487p_00001.cbf,531,560,286,323,29,37,1073
cr1_0487p_00002.cbf,531,559,286,323,28,37,1036
cr1_0487p_00003.cbf,531,559,284,321,28,37,1036
cr1_0487p_00004.cbf,531,559,284,321,28,37,1036
cr1_0487p_00005.cbf,531,559,282,320,28,38,1064
cr1_0487p_00006.cbf,531,559,283,320,28,37,1036
cr1_0487p_00007.cbf,531,559,284,321,28,37,1036
cr1_0487p_00008.cbf,531,560,284,322,29,38,1102
cr1_0488p_00001.cbf,531,560,286,323,29,37,1073
cr1_0488p_00002.cbf,531,559,286,323,28,37,1036
cr1_0488p_00003.cbf,531,559,284,321,28,37,1036
cr1_0488p_00004.cbf,531,559,284,321,28,37,1036
cr1_0488p_00005.cbf,531,559,281,319,28,38,1064
cr1_0488p_00006.cbf,532,559,282,320,27,38,1026
cr1_0488p_00007.cbf,531,559,284,322,28,38,1064
cr1_0488p_00008.cbf,532,560,284,322,28,38,1064
cr1_0489p_00001.cbf,531,560,286,324,29,38,1102
cr1_0489p_00002.cbf,531,560,286,323,29,37,1073
cr1_0489p_00003.cbf,531,559,284,321,28,37,1036
cr1_0489p_00004.cbf,531,559,284,321,28,37,1036
cr1_0489p_00005.cbf,532,559,282,320,27,38,1026
cr1_0489p_00006.cbf,532,559,283,321,27,38,1026
cr1_0489p_00007.cbf,532,559,284,322,27,38,1026
cr1_0489p_00008.cbf,531,560,284,322,29,38,1102
cr1_0490p_00001.cbf,530,560,286,323,30,37,1110
cr1_0490p_00002.cbf,531,560,286,323,29,37,1073
cr1_0490p_00003.cbf,531,559,284,321,28,37,1036
cr1_0490p_00004.cbf,531,559,284,321,28,37,1036
cr1_0490p_00005.cbf,532,559,282,320,27,38,1026
cr1_0490p_00006.cbf,532,559,283,320,27,37,999
cr1_0490p_00007.cbf,531,559,285,322,28,37,1036
cr1_0490p_00008.cbf,531,560,285,322,29,37,1073
cr1_0491p_00001.cbf,531,560,286,323,29,37,1073
cr1_0491p_00002.cbf,531,560,286,323,29,37,1073
cr1_0491p_00003.cbf,532,559,284,322,27,38,1026
cr1_0491p_00004.cbf,532,559,284,321,27,37,999
cr1_0491p_00005.cbf,532,559,282,319,27,37,999
cr1_0491p_00006.cbf,532,559,283,321,27,38,1026
cr1_0491p_00007.cbf,532,559,285,322,27,37,999
cr1_0491p_00008.cbf,531,559,285,322,28,37,1036
cr1_0492p_00001.cbf,531,559,286,324,28,38,1064
cr1_0492p_00002.cbf,531,559,286,323,28,37,1036
cr1_0492p_00003.cbf,532,559,285,322,27,37,999
cr1_0492p_00004.cbf,532,559,284,321,27,37,999
cr1_0492p_00005.cbf,532,559,286,323,27,37,999
cr1_0492p_00006.cbf,531,559,286,323,28,37,1036
cr1_0492p_00007.cbf,531,559,286,323,28,37,1036
cr1_0492p_00008.cbf,531,560,285,323,29,38,1102
cr1_0493p_00001.cbf,531,560,286,324,29,38,1102
cr1_0493p_00002.cbf,531,560,286,323,29,37,1073
cr1_0493p_00003.cbf,532,559,285,322,27,37,999
cr1_0493p_00004.cbf,532,559,283,321,27,38,1026
cr1_0493p_00005.cbf,532,559,284,321,27,37,999
cr1_0493p_00006.cbf,532,559,285,322,27,37,999
cr1_0493p_00007.cbf,532,559,285,323,27,38,1026
cr1_0493p_00008.cbf,531,560,285,322,29,37,1073
cr1_0494p_00001.cbf,531,560,286,324,29,38,1102
cr1_0494p_00002.cbf,531,560,286,323,29,37,1073
cr1_0494p_00003.cbf,531,559,285,322,28,37,1036
cr1_0494p_00004.cbf,532,559,284,322,27,38,1026
cr1_0494p_00005.cbf,532,559,284,322,27,38,1026
cr1_0494p_00006.cbf,531,559,285,323,28,38,1064
cr1_0494p_00007.cbf,531,559,285,323,28,38,1064
cr1_0494p_00008.cbf,531,560,285,323,29,38,1102
cr1_0495p_00001.cbf,531,560,286,324,29,38,1102
cr1_0495p_00002.cbf,531,560,286,323,29,37,1073
cr1_0495p_00003.cbf,532,559,285,323,27,38,1026
cr1_0495p_00004.cbf,532,559,285,322,27,37,999
cr1_0495p_00005.cbf,532,559,285,323,27,38,1026
cr1_0495p_00006.cbf,532,559,286,324,27,38,1026
cr1_0495p_00007.cbf,532,559,286,323,27,37,999
cr1_0495p_00008.cbf,532,560,285,323,28,38,1064
cr1_0496p_00001.cbf,531,560,287,324,29,37,1073
cr1_0496p_00002.cbf,531,560,286,323,29,37,1073
cr1_0496p_00003.cbf,532,559,285,322,27,37,999
cr1_0496p_00004.cbf,532,559,283,321,27,38,1026
cr1_0496p_00005.cbf,532,559,285,323,27,38,1026
cr1_0496p_00006.cbf,532,559,286,324,27,38,1026
cr1_0496p_00007.cbf,531,559,285,323,28,38,1064
cr1_0496p_00008.cbf,532,560,285,323,28,38,1064
cr1_0497p_00001.cbf,531,560,287,324,29,37,1073
cr1_0497p_00002.cbf,531,560,286,324,29,38,1102
cr1_0497p_00003.cbf,531,559,285,322,28,37,1036
cr1_0497p_00004.cbf,532,559,284,322,27,38,1026
cr1_0497p_00005.cbf,532,559,284,322,27,38,1026
cr1_0497p_00006.cbf,532,559,285,323,27,38,1026
cr1_0497p_00007.cbf,532,559,286,323,27,37,999
cr1_0497p_00008.cbf,532,560,285,323,28,38,1064
cr1_0498p_00001.cbf,531,560,287,324,29,37,1073
cr1_0498p_00002.cbf,531,559,286,323,28,37,1036
cr1_0498p_00003.cbf,531,559,284,323,28,39,1092
cr1_0498p_00004.cbf,531,559,284,323,28,39,1092
cr1_0498p_00005.cbf,531,559,284,323,28,39,1092
cr1_0498p_00006.cbf,531,559,285,323,28,38,1064
cr1_0498p_00007.cbf,532,559,286,324,27,38,1026
cr1_0498p_00008.cbf,532,559,285,323,27,38,1026
cr1_0499p_00001.cbf,531,560,287,324,29,37,1073
cr1_0499p_00002.cbf,532,560,286,324,28,38,1064
cr1_0499p_00003.cbf,531,559,285,322,28,37,1036
cr1_0499p_00004.cbf,532,559,284,322,27,38,1026
cr1_0499p_00005.cbf,532,559,284,322,27,38,1026
cr1_0499p_00006.cbf,532,559,285,323,27,38,1026
cr1_0499p_00007.cbf,532,559,285,323,27,38,1026
cr1_0499p_00008.cbf,531,560,285,323,29,38,1102
cr1_0500p_00001.cbf,531,560,287,324,29,37,1073
cr1_0500p_00002.cbf,531,560,286,323,29,37,1073
cr1_0500p_00003.cbf,531,559,285,323,28,38,1064
cr1_0500p_00004.cbf,532,559,285,323,27,38,1026
cr1_0500p_00005.cbf,532,559,284,323,27,39,1053
cr1_0500p_00006.cbf,532,559,285,323,27,38,1026
cr1_0500p_00007.cbf,531,559,285,323,28,38,1064
cr1_0500p_00008.cbf,531,560,285,323,29,38,1102
cr1_0501p_00001.cbf,531,560,286,324,29,38,1102
cr1_0501p_00002.cbf,531,560,286,323,29,37,1073
cr1_0501p_00003.cbf,532,559,285,323,27,38,1026
cr1_0501p_00004.cbf,532,559,285,323,27,38,1026
cr1_0501p_00005.cbf,532,559,284,322,27,38,1026
cr1_0501p_00006.cbf,531,559,285,323,28,38,1064
cr1_0501p_00007.cbf,532,559,285,323,27,38,1026
cr1_0501p_00008.cbf,531,560,285,322,29,37,1073
cr1_0502p_00001.cbf,531,560,286,324,29,38,1102
cr1_0502p_00002.cbf,531,559,286,323,28,37,1036
cr1_0502p_00003.cbf,532,559,285,322,27,37,999
cr1_0502p_00004.cbf,532,559,284,322,27,38,1026
cr1_0502p_00005.cbf,532,559,285,323,27,38,1026
cr1_0502p_00006.cbf,532,559,285,323,27,38,1026
cr1_0502p_00007.cbf,532,559,285,323,27,38,1026
cr1_0502p_00008.cbf,531,560,285,322,29,37,1073
cr1_0503p_00001.cbf,531,560,287,324,29,37,1073
cr1_0503p_00002.cbf,531,560,286,323,29,37,1073
cr1_0503p_00003.cbf,532,559,284,321,27,37,999
cr1_0503p_00004.cbf,532,559,284,322,27,38,1026
cr1_0503p_00005.cbf,532,559,284,321,27,37,999
cr1_0503p_00006.cbf,532,559,285,323,27,38,1026
cr1_0503p_00007.cbf,532,559,285,323,27,38,1026
cr1_0503p_00008.cbf,532,560,285,323,28,38,1064
cr1_0504p_00001.cbf,531,560,287,324,29,37,1073
cr1_0504p_00002.cbf,532,560,286,323,28,37,1036
cr1_0504p_00003.cbf,531,559,285,322,28,37,1036
cr1_0504p_00004.cbf,532,559,285,322,27,37,999
cr1_0504p_00005.cbf,532,559,285,322,27,37,999
cr1_0504p_00006.cbf,532,559,285,323,27,38,1026
cr1_0504p_00007.cbf,532,559,285,323,27,38,1026
cr1_0504p_00008.cbf,532,560,285,323,28,38,1064
cr1_0505p_00001.cbf,531,560,287,324,29,37,1073
cr1_0505p_00002.cbf,531,560,286,323,29,37,1073
cr1_0505p_00003.cbf,532,559,285,322,27,37,999
cr1_0505p_00004.cbf,532,559,285,322,27,37,999
cr1_0505p_00005.cbf,532,559,285,322,27,37,999
cr1_0505p_00006.cbf,532,559,285,323,27,38,1026
cr1_0505p_00007.cbf,532,559,286,323,27,37,999
cr1_0505p_00008.cbf,531,560,286,323,29,37,1073
cr1_0506p_00001.cbf,531,560,287,324,29,37,1073
cr1_0506p_00002.cbf,531,560,286,324,29,38,1102
cr1_0506p_00003.cbf,531,559,285,322,28,37,1036
cr1_0506p_00004.cbf,531,559,284,322,28,38,1064
cr1_0506p_00005.cbf,531,559,284,321,28,37,1036
cr1_0506p_00006.cbf,532,559,285,323,27,38,1026
cr1_0506p_00007.cbf,531,559,286,323,28,37,1036
cr1_0506p_00008.cbf,531,560,286,323,29,37,1073
cr1_0507p_00001.cbf,531,560,287,324,29,37,1073
cr1_0507p_00002.cbf,531,560,286,324,29,38,1102
cr1_0507p_00003.cbf,531,559,285,322,28,37,1036
cr1_0507p_00004.cbf,532,559,284,321,27,37,999
cr1_0507p_00005.cbf,532,559,284,321,27,37,999
cr1_0507p_00006.cbf,532,559,285,322,27,37,999
cr1_0507p_00007.cbf,532,559,285,323,27,38,1026
cr1_0507p_00008.cbf,531,560,285,323,29,38,1102
cr1_0508p_00001.cbf,531,560,286,324,29,38,1102
cr1_0508p_00002.cbf,531,560,286,324,29,38,1102
cr1_0508p_00003.cbf,532,559,285,322,27,37,999
cr1_0508p_00004.cbf,532,559,285,322,27,37,999
cr1_0508p_00005.cbf,532,559,285,323,27,38,1026
cr1_0508p_00006.cbf,532,559,285,323,27,38,1026
cr1_0508p_00007.cbf,532,559,286,323,27,37,999
cr1_0508p_00008.cbf,531,560,285,323,29,38,1102
cr1_0509p_00001.cbf,531,560,286,324,29,38,1102
cr1_0509p_00002.cbf,531,560,286,324,29,38,1102
cr1_0509p_00003.cbf,531,559,284,322,28,38,1064
cr1_0509p_00004.cbf,531,559,284,321,28,37,1036
cr1_0509p_00005.cbf,532,559,285,322,27,37,999
cr1_0509p_00006.cbf,532,559,286,323,27,37,999
cr1_0509p_00007.cbf,532,559,286,323,27,37,999
cr1_0509p_00008.cbf,531,560,285,323,29,38,1102
cr1_0510p_00001.cbf,531,560,286,324,29,38,1102
cr1_0510p_00002.cbf,531,560,286,323,29,37,1073
cr1_0510p_00003.cbf,531,559,285,322,28,37,1036
cr1_0510p_00004.cbf,532,559,285,322,27,37,999
cr1_0510p_00005.cbf,532,559,286,324,27,38,1026
cr1_0510p_00006.cbf,532,559,286,324,27,38,1026
cr1_0510p_00007.cbf,531,559,286,324,28,38,1064
cr1_0510p_00008.cbf,531,560,285,323,29,38,1102
cr1_0511p_00001.cbf,531,560,287,324,29,37,1073
cr1_0511p_00002.cbf,531,560,286,323,29,37,1073
cr1_0511p_00003.cbf,532,559,286,323,27,37,999
cr1_0511p_00004.cbf,532,559,286,322,27,36,972
cr1_0511p_00005.cbf,531,559,286,324,28,38,1064
cr1_0511p_00006.cbf,532,559,286,324,27,38,1026
cr1_0511p_00007.cbf,531,559,286,323,28,37,1036
cr1_0511p_00008.cbf,531,560,286,323,29,37,1073
cr1_0512p_00001.cbf,531,560,287,324,29,37,1073
cr1_0512p_00002.cbf,531,560,286,324,29,38,1102
cr1_0512p_00003.cbf,531,560,285,322,29,37,1073
cr1_0512p_00004.cbf,532,559,284,322,27,38,1026
cr1_0512p_00005.cbf,532,559,285,322,27,37,999
cr1_0512p_00006.cbf,531,559,286,323,28,37,1036
cr1_0512p_00007.cbf,531,559,286,323,28,37,1036
cr1_0512p_00008.cbf,531,560,285,323,29,38,1102
cr1_0513p_00001.cbf,531,560,286,324,29,38,1102
cr1_0513p_00002.cbf,531,560,286,323,29,37,1073
cr1_0513p_00003.cbf,531,559,285,322,28,37,1036
cr1_0513p_00004.cbf,531,559,284,321,28,37,1036
cr1_0513p_00005.cbf,532,559,285,322,27,37,999
cr1_0513p_00006.cbf,532,559,285,322,27,37,999
cr1_0513p_00007.cbf,532,559,285,323,27,38,1026
cr1_0513p_00008.cbf,532,560,285,322,28,37,1036
cr1_0514p_00001.cbf,531,560,286,324,29,38,1102
cr1_0514p_00002.cbf,531,560,286,323,29,37,1073
cr1_0514p_00003.cbf,532,559,285,322,27,37,999
cr1_0514p_00004.cbf,532,559,284,321,27,37,999
cr1_0514p_00005.cbf,532,559,286,324,27,38,1026
cr1_0514p_00006.cbf,532,559,286,324,27,38,1026
cr1_0514p_00007.cbf,532,559,286,323,27,37,999
cr1_0514p_00008.cbf,531,560,285,323,29,38,1102
cr1_0515p_00001.cbf,531,560,286,324,29,38,1102
cr1_0515p_00002.cbf,531,560,287,324,29,37,1073
cr1_0515p_00003.cbf,531,559,285,323,28,38,1064
cr1_0515p_00004.cbf,532,559,285,322,27,37,999
cr1_0515p_00005.cbf,532,559,286,323,27,37,999
cr1_0515p_00006.cbf,532,559,286,323,27,37,999
cr1_0515p_00007.cbf,532,559,286,323,27,37,999
cr1_0515p_00008.cbf,531,560,285,323,29,38,1102
cr1_0516p_00001.cbf,531,560,286,324,29,38,1102
cr1_0516p_00002.cbf,531,560,286,323,29,37,1073
cr1_0516p_00003.cbf,531,559,285,322,28,37,1036
cr1_0516p_00004.cbf,532,559,284,322,27,38,1026
cr1_0516p_00005.cbf,531,559,284,322,28,38,1064
cr1_0516p_00006.cbf,531,559,285,324,28,39,1092
cr1_0516p_00007.cbf,531,559,286,324,28,38,1064
cr1_0516p_00008.cbf,531,560,285,323,29,38,1102
cr1_0517p_00001.cbf,531,560,286,324,29,38,1102
cr1_0517p_00002.cbf,531,560,286,323,29,37,1073
cr1_0517p_00003.cbf,531,559,286,323,28,37,1036
cr1_0517p_00004.cbf,532,559,286,323,27,37,999
cr1_0517p_00005.cbf,531,558,288,326,27,38,1026
cr1_0517p_00006.cbf,531,559,288,326,28,38,1064
cr1_0517p_00007.cbf,531,559,287,325,28,38,1064
cr1_0517p_00008.cbf,531,559,286,324,28,38,1064
cr1_0518p_00001.cbf,531,560,286,324,29,38,1102
cr1_0518p_00002.cbf,531,559,286,323,28,37,1036
cr1_0518p_00003.cbf,531,559,286,323,28,37,1036
cr1_0518p_00004.cbf,531,559,286,323,28,37,1036
cr1_0518p_00005.cbf,531,559,287,324,28,37,1036
cr1_0518p_00006.cbf,531,559,286,323,28,37,1036
cr1_0518p_00007.cbf,532,559,286,323,27,37,999
cr1_0518p_00008.cbf,531,560,285,323,29,38,1102
cr1_0519p_00001.cbf,531,560,287,323,29,36,1044
cr1_0519p_00002.cbf,531,560,286,323,29,37,1073
cr1_0519p_00003.cbf,531,560,285,322,29,37,1073
cr1_0519p_00004.cbf,532,559,284,321,27,37,999
cr1_0519p_00005.cbf,532,559,284,321,27,37,999
cr1_0519p_00006.cbf,531,559,284,323,28,39,1092
cr1_0519p_00007.cbf,532,559,285,323,27,38,1026
cr1_0519p_00008.cbf,531,560,285,323,29,38,1102
cr1_0520p_00001.cbf,531,560,286,324,29,38,1102
cr1_0520p_00002.cbf,531,560,286,324,29,38,1102
cr1_0520p_00003.cbf,531,559,285,323,28,38,1064
cr1_0520p_00004.cbf,531,559,284,323,28,39,1092
cr1_0520p_00005.cbf,531,558,285,325,27,40,1080
cr1_0520p_00006.cbf,531,558,286,326,27,40,1080
cr1_0520p_00007.cbf,531,559,286,325,28,39,1092
cr1_0520p_00008.cbf,531,559,286,324,28,38,1064
cr1_0521p_00001.cbf,531,560,287,324,29,37,1073
cr1_0521p_00002.cbf,531,559,286,324,28,38,1064
cr1_0521p_00003.cbf,531,559,285,323,28,38,1064
cr1_0521p_00004.cbf,531,559,285,323,28,38,1064
cr1_0521p_00005.cbf,532,559,285,322,27,37,999
cr1_0521p_00006.cbf,531,559,286,324,28,38,1064
cr1_0521p_00007.cbf,531,559,286,323,28,37,1036
cr1_0521p_00008.cbf,532,560,286,323,28,37,1036
cr1_0522p_00001.cbf,531,560,287,324,29,37,1073
cr1_0522p_00002.cbf,531,560,286,323,29,37,1073
cr1_0522p_00003.cbf,532,559,285,323,27,38,1026
cr1_0522p_00004.cbf,531,559,285,323,28,38,1064
cr1_0522p_00005.cbf,532,559,285,323,27,38,1026
cr1_0522p_00006.cbf,531,559,286,324,28,38,1064
cr1_0522p_00007.cbf,531,559,286,324,28,38,1064
cr1_0522p_00008.cbf,532,559,286,323,27,37,999
cr1_0523p_00001.cbf,531,560,286,324,29,38,1102
cr1_0523p_00002.cbf,531,559,286,323,28,37,1036
cr1_0523p_00003.cbf,532,559,285,323,27,38,1026
cr1_0523p_00004.cbf,531,559,285,323,28,38,1064
cr1_0523p_00005.cbf,531,559,286,324,28,38,1064
cr1_0523p_00006.cbf,531,559,287,324,28,37,1036
cr1_0523p_00007.cbf,532,559,286,324,27,38,1026
cr1_0523p_00008.cbf,531,560,286,323,29,37,1073
cr1_0524p_00001.cbf,531,560,287,324,29,37,1073
cr1_0524p_00002.cbf,531,560,286,323,29,37,1073
cr1_0524p_00003.cbf,531,559,285,322,28,37,1036
cr1_0524p_00004.cbf,531,559,285,323,28,38,1064
cr1_0524p_00005.cbf,532,558,286,324,26,38,988
cr1_0524p_00006.cbf,531,559,287,324,28,37,1036
cr1_0524p_00007.cbf,531,559,287,324,28,37,1036
cr1_0524p_00008.cbf,532,559,286,323,27,37,999
cr1_0525p_00001.cbf,531,560,287,324,29,37,1073
cr1_0525p_00002.cbf,532,560,286,323,28,37,1036
cr1_0525p_00003.cbf,532,559,285,323,27,38,1026
cr1_0525p_00004.cbf,532,559,285,323,27,38,1026
cr1_0525p_00005.cbf,531,559,286,323,28,37,1036
cr1_0525p_00006.cbf,532,559,286,324,27,38,1026
cr1_0525p_00007.cbf,531,559,286,324,28,38,1064
cr1_0525p_00008.cbf,531,559,286,323,28,37,1036
cr1_0526p_00001.cbf,531,560,287,324,29,37,1073
cr1_0526p_00002.cbf,532,560,286,323,28,37,1036
cr1_0526p_00003.cbf,532,559,285,322,27,37,999
cr1_0526p_00004.cbf,532,559,285,322,27,37,999
cr1_0526p_00005.cbf,532,559,287,325,27,38,1026
cr1_0526p_00006.cbf,532,559,286,324,27,38,1026
cr1_0526p_00007.cbf,531,559,286,323,28,37,1036
cr1_0526p_00008.cbf,531,560,286,323,29,37,1073
cr1_0527p_00001.cbf,531,560,287,323,29,36,1044
cr1_0527p_00002.cbf,531,560,286,323,29,37,1073
cr1_0527p_00003.cbf,531,559,285,322,28,37,1036
cr1_0527p_00004.cbf,531,559,284,322,28,38,1064
cr1_0527p_00005.cbf,531,559,284,322,28,38,1064
cr1_0527p_00006.cbf,531,559,285,324,28,39,1092
cr1_0527p_00007.cbf,531,559,286,324,28,38,1064
cr1_0527p_00008.cbf,531,559,286,323,28,37,1036
cr1_0528p_00001.cbf,531,560,287,324,29,37,1073
cr1_0528p_00002.cbf,531,560,286,323,29,37,1073
cr1_0528p_00003.cbf,531,559,286,323,28,37,1036
cr1_0528p_00004.cbf,531,559,285,322,28,37,1036
cr1_0528p_00005.cbf,532,559,286,323,27,37,999
cr1_0528p_00006.cbf,531,559,286,324,28,38,1064
cr1_0528p_00007.cbf,532,559,286,323,27,37,999
cr1_0528p_00008.cbf,531,559,286,323,28,37,1036
cr1_0529p_00001.cbf,531,560,286,324,29,38,1102
cr1_0529p_00002.cbf,531,560,286,323,29,37,1073
cr1_0529p_00003.cbf,531,559,286,323,28,37,1036
cr1_0529p_00004.cbf,531,559,284,322,28,38,1064
cr1_0529p_00005.cbf,532,559,284,321,27,37,999
cr1_0529p_00006.cbf,532,559,285,323,27,38,1026
cr1_0529p_00007.cbf,532,559,286,323,27,37,999
cr1_0529p_00008.cbf,531,560,285,323,29,38,1102
cr1_0530p_00001.cbf,532,560,286,323,28,37,1036
cr1_0530p_00002.cbf,531,560,286,323,29,37,1073
cr1_0530p_00003.cbf,531,559,285,323,28,38,1064
cr1_0530p_00004.cbf,531,559,285,323,28,38,1064
cr1_0530p_00005.cbf,531,558,285,323,27,38,1026
cr1_0530p_00006.cbf,531,558,286,324,27,38,1026
cr1_0530p_00007.cbf,531,559,286,324,28,38,1064
cr1_0530p_00008.cbf,531,559,286,323,28,37,1036
cr1_0531p_00001.cbf,531,560,286,324,29,38,1102
cr1_0531p_00002.cbf,531,559,287,324,28,37,1036
cr1_0531p_00003.cbf,531,559,286,323,28,37,1036
cr1_0531p_00004.cbf,531,559,285,323,28,38,1064
cr1_0531p_00005.cbf,531,559,286,324,28,38,1064
cr1_0531p_00006.cbf,531,559,287,324,28,37,1036
cr1_0531p_00007.cbf,531,559,286,324,28,38,1064
cr1_0531p_00008.cbf,531,560,286,323,29,37,1073
cr1_0532p_00001.cbf,531,560,287,324,29,37,1073
cr1_0532p_00002.cbf,531,559,286,324,28,38,1064
cr1_0532p_00003.cbf,532,559,285,322,27,37,999
cr1_0532p_00004.cbf,531,559,284,322,28,38,1064
cr1_0532p_00005.cbf,532,559,284,323,27,39,1053
cr1_0532p_00006.cbf,532,558,286,324,26,38,988
cr1_0532p_00007.cbf,531,559,286,323,28,37,1036
cr1_0532p_00008.cbf,532,560,286,323,28,37,1036
cr1_0533p_00001.cbf,531,560,286,324,29,38,1102
cr1_0533p_00002.cbf,531,560,286,324,29,38,1102
cr1_0533p_00003.cbf,531,559,285,323,28,38,1064
cr1_0533p_00004.cbf,531,559,284,322,28,38,1064
cr1_0533p_00005.cbf,531,559,284,322,28,38,1064
cr1_0533p_00006.cbf,532,559,285,323,27,38,1026
cr1_0533p_00007.cbf,531,559,285,323,28,38,1064
cr1_0533p_00008.cbf,531,559,285,323,28,38,1064
cr1_0534p_00001.cbf,531,560,286,323,29,37,1073
cr1_0534p_00002.cbf,531,560,286,323,29,37,1073
cr1_0534p_00003.cbf,531,559,285,323,28,38,1064
cr1_0534p_00004.cbf,531,559,285,322,28,37,1036
cr1_0534p_00005.cbf,531,559,284,322,28,38,1064
cr1_0534p_00006.cbf,532,559,286,324,27,38,1026
cr1_0534p_00007.cbf,532,559,286,323,27,37,999
cr1_0534p_00008.cbf,531,559,285,323,28,38,1064
cr1_0535p_00001.cbf,531,560,286,323,29,37,1073
cr1_0535p_00002.cbf,532,560,286,323,28,37,1036
cr1_0535p_00003.cbf,531,559,285,323,28,38,1064
cr1_0535p_00004.cbf,532,559,285,322,27,37,999
cr1_0535p_00005.cbf,531,559,285,323,28,38,1064
cr1_0535p_00006.cbf,532,559,286,324,27,38,1026
cr1_0535p_00007.cbf,532,559,286,323,27,37,999
cr1_0535p_00008.cbf,531,560,285,323,29,38,1102
cr1_0536p_00001.cbf,531,560,286,323,29,37,1073
cr1_0536p_00002.cbf,531,560,286,323,29,37,1073
cr1_0536p_00003.cbf,532,559,285,322,27,37,999
cr1_0536p_00004.cbf,532,559,284,322,27,38,1026
cr1_0536p_00005.cbf,531,558,284,323,27,39,1053
cr1_0536p_00006.cbf,532,558,286,324,26,38,988
cr1_0536p_00007.cbf,531,559,286,324,28,38,1064
cr1_0536p_00008.cbf,531,560,286,323,29,37,1073
cr1_0537p_00001.cbf,531,560,287,324,29,37,1073
cr1_0537p_00002.cbf,531,560,286,324,29,38,1102
cr1_0537p_00003.cbf,531,559,285,323,28,38,1064
cr1_0537p_00004.cbf,531,559,284,322,28,38,1064
cr1_0537p_00005.cbf,532,558,285,323,26,38,988
cr1_0537p_00006.cbf,532,559,285,324,27,39,1053
cr1_0537p_00007.cbf,532,559,286,324,27,38,1026
cr1_0537p_00008.cbf,531,560,285,323,29,38,1102
cr1_0538p_00001.cbf,531,560,286,323,29,37,1073
cr1_0538p_00002.cbf,531,560,286,323,29,37,1073
cr1_0538p_00003.cbf,531,559,285,323,28,38,1064
cr1_0538p_00004.cbf,532,559,285,323,27,38,1026
cr1_0538p_00005.cbf,532,559,285,324,27,39,1053
cr1_0538p_00006.cbf,531,559,286,324,28,38,1064
cr1_0538p_00007.cbf,531,559,286,324,28,38,1064
cr1_0538p_00008.cbf,531,560,285,323,29,38,1102
cr1_0539p_00001.cbf,531,560,286,323,29,37,1073
cr1_0539p_00002.cbf,531,559,286,323,28,37,1036
cr1_0539p_00003.cbf,531,559,285,323,28,38,1064
cr1_0539p_00004.cbf,532,559,284,322,27,38,1026
cr1_0539p_00005.cbf,531,559,284,324,28,40,1120
cr1_0539p_00006.cbf,531,559,285,324,28,39,1092
cr1_0539p_00007.cbf,531,559,285,324,28,39,1092
cr1_0539p_00008.cbf,531,560,285,323,29,38,1102
cr1_0540p_00001.cbf,531,560,286,324,29,38,1102
cr1_0540p_00002.cbf,531,560,286,324,29,38,1102
cr1_0540p_00003.cbf,531,559,285,323,28,38,1064
cr1_0540p_00004.cbf,531,559,284,323,28,39,1092
cr1_0540p_00005.cbf,531,558,285,325,27,40,1080
cr1_0540p_00006.cbf,531,558,286,325,27,39,1053
cr1_0540p_00007.cbf,531,559,286,325,28,39,1092
cr1_0540p_00008.cbf,531,560,285,323,29,38,1102
cr1_0541p_00001.cbf,531,560,286,324,29,38,1102
cr1_0541p_00002.cbf,531,560,286,324,29,38,1102
cr1_0541p_00003.cbf,531,559,286,324,28,38,1064
cr1_0541p_00004.cbf,531,559,285,324,28,39,1092
cr1_0541p_00005.cbf,531,558,286,325,27,39,1053
cr1_0541p_00006.cbf,531,558,287,326,27,39,1053
cr1_0541p_00007.cbf,531,559,286,324,28,38,1064
cr1_0541p_00008.cbf,531,560,286,323,29,37,1073
cr1_0542p_00001.cbf,531,560,286,324,29,38,1102
cr1_0542p_00002.cbf,531,560,286,323,29,37,1073
cr1_0542p_00003.cbf,531,559,285,323,28,38,1064
cr1_0542p_00004.cbf,531,559,284,323,28,39,1092
cr1_0542p_00005.cbf,531,558,286,325,27,39,1053
cr1_0542p_00006.cbf,531,558,287,326,27,39,1053
cr1_0542p_00007.cbf,531,559,286,324,28,38,1064
cr1_0542p_00008.cbf,531,560,285,323,29,38,1102
cr1_0543p_00001.cbf,531,560,286,324,29,38,1102
cr1_0543p_00002.cbf,531,560,286,323,29,37,1073
cr1_0543p_00003.cbf,531,559,285,323,28,38,1064
cr1_0543p_00004.cbf,531,559,285,324,28,39,1092
cr1_0543p_00005.cbf,531,558,287,326,27,39,1053
cr1_0543p_00006.cbf,531,558,287,326,27,39,1053
cr1_0543p_00007.cbf,531,559,286,325,28,39,1092
cr1_0543p_00008.cbf,531,560,285,323,29,38,1102
cr1_0544p_00001.cbf,531,560,286,323,29,37,1073
cr1_0544p_00002.cbf,531,560,286,323,29,37,1073
cr1_0544p_00003.cbf,531,559,285,323,28,38,1064
cr1_0544p_00004.cbf,531,559,286,325,28,39,1092
cr1_0544p_00005.cbf,531,558,287,326,27,39,1053
cr1_0544p_00006.cbf,531,558,288,326,27,38,1026
cr1_0544p_00007.cbf,531,559,287,325,28,38,1064
cr1_0544p_00008.cbf,531,560,286,323,29,37,1073
cr1_0545p_00001.cbf,531,560,286,324,29,38,1102
cr1_0545p_00002.cbf,531,560,286,323,29,37,1073
cr1_0545p_00003.cbf,531,559,286,323,28,37,1036
cr1_0545p_00004.cbf,531,559,286,325,28,39,1092
cr1_0545p_00005.cbf,531,558,289,328,27,39,1053
cr1_0545p_00006.cbf,531,558,289,327,27,38,1026
cr1_0545p_00007.cbf,531,559,287,325,28,38,1064
cr1_0545p_00008.cbf,531,560,286,323,29,37,1073
cr1_0546p_00001.cbf,531,560,286,323,29,37,1073
cr1_0546p_00002.cbf,531,560,286,323,29,37,1073
cr1_0546p_00003.cbf,532,559,286,323,27,37,999
cr1_0546p_00004.cbf,531,559,286,324,28,38,1064
cr1_0546p_00005.cbf,531,558,288,326,27,38,1026
cr1_0546p_00006.cbf,531,558,288,327,27,39,1053
cr1_0546p_00007.cbf,531,559,287,325,28,38,1064
cr1_0546p_00008.cbf,531,559,286,323,28,37,1036
cr1_0547p_00001.cbf,531,560,286,324,29,38,1102
cr1_0547p_00002.cbf,531,560,286,323,29,37,1073
cr1_0547p_00003.cbf,531,559,286,324,28,38,1064
cr1_0547p_00004.cbf,531,558,287,325,27,38,1026
cr1_0547p_00005.cbf,531,558,290,329,27,39,1053
cr1_0547p_00006.cbf,531,558,290,328,27,38,1026
cr1_0547p_00007.cbf,531,559,288,325,28,37,1036
cr1_0547p_00008.cbf,531,559,286,324,28,38,1064
cr1_0548p_00001.cbf,531,560,287,324,29,37,1073
cr1_0548p_00002.cbf,531,559,286,323,28,37,1036
cr1_0548p_00003.cbf,531,559,287,324,28,37,1036
cr1_0548p_00004.cbf,531,559,287,324,28,37,1036
cr1_0548p_00005.cbf,531,558,289,327,27,38,1026
cr1_0548p_00006.cbf,531,558,290,328,27,38,1026
cr1_0548p_00007.cbf,531,559,288,326,28,38,1064
cr1_0548p_00008.cbf,531,559,287,324,28,37,1036
cr1_0549p_00001.cbf,531,560,287,324,29,37,1073
cr1_0549p_00002.cbf,531,560,286,324,29,38,1102
cr1_0549p_00003.cbf,531,559,287,324,28,37,1036
cr1_0549p_00004.cbf,531,559,288,325,28,37,1036
cr1_0549p_00005.cbf,531,558,290,328,27,38,1026
cr1_0549p_00006.cbf,531,558,290,328,27,38,1026
cr1_0549p_00007.cbf,531,559,288,326,28,38,1064
cr1_0549p_00008.cbf,531,559,287,324,28,37,1036
cr1_0550p_00001.cbf,531,560,286,324,29,38,1102
cr1_0550p_00002.cbf,531,560,286,323,29,37,1073
cr1_0550p_00003.cbf,531,559,287,324,28,37,1036
cr1_0550p_00004.cbf,531,558,289,327,27,38,1026
cr1_0550p_00005.cbf,531,558,291,329,27,38,1026
cr1_0550p_00006.cbf,531,558,290,328,27,38,1026
cr1_0550p_00007.cbf,531,559,289,326,28,37,1036
cr1_0550p_00008.cbf,531,559,287,324,28,37,1036
cr1_0551p_00001.cbf,531,560,287,324,29,37,1073
cr1_0551p_00002.cbf,531,560,287,324,29,37,1073
cr1_0551p_00003.cbf,531,559,287,324,28,37,1036
cr1_0551p_00004.cbf,531,559,288,326,28,38,1064
cr1_0551p_00005.cbf,531,558,290,328,27,38,1026
cr1_0551p_00006.cbf,531,558,290,328,27,38,1026
cr1_0551p_00007.cbf,531,559,289,326,28,37,1036
cr1_0551p_00008.cbf,531,559,287,324,28,37,1036
cr1_0552p_00001.cbf,531,560,287,324,29,37,1073
cr1_0552p_00002.cbf,531,559,287,324,28,37,1036
cr1_0552p_00003.cbf,531,559,288,325,28,37,1036
cr1_0552p_00004.cbf,531,558,289,327,27,38,1026
cr1_0552p_00005.cbf,531,558,292,330,27,38,1026
cr1_0552p_00006.cbf,531,558,291,328,27,37,999
cr1_0552p_00007.cbf,531,558,289,326,27,37,999
cr1_0552p_00008.cbf,531,559,287,324,28,37,1036
cr1_0553p_00001.cbf,531,560,287,324,29,37,1073
cr1_0553p_00002.cbf,531,559,286,324,28,38,1064
cr1_0553p_00003.cbf,531,559,287,325,28,38,1064
cr1_0553p_00004.cbf,531,558,288,326,27,38,1026
cr1_0553p_00005.cbf,531,558,291,330,27,39,1053
cr1_0553p_00006.cbf,531,558,291,329,27,38,1026
cr1_0553p_00007.cbf,531,558,289,327,27,38,1026
cr1_0553p_00008.cbf,531,559,287,324,28,37,1036
cr1_0554p_00001.cbf,531,560,287,324,29,37,1073
cr1_0554p_00002.cbf,531,559,287,324,28,37,1036
cr1_0554p_00003.cbf,531,559,287,325,28,38,1064
cr1_0554p_00004.cbf,531,558,289,327,27,38,1026
cr1_0554p_00005.cbf,531,557,292,330,26,38,988
cr1_0554p_00006.cbf,531,558,292,329,27,37,999
cr1_0554p_00007.cbf,531,558,290,327,27,37,999
cr1_0554p_00008.cbf,531,559,287,324,28,37,1036
cr1_0555p_00001.cbf,531,560,287,324,29,37,1073
cr1_0555p_00002.cbf,531,559,287,324,28,37,1036
cr1_0555p_00003.cbf,531,559,288,325,28,37,1036
cr1_0555p_00004.cbf,531,558,290,327,27,37,999
cr1_0555p_00005.cbf,530,557,294,331,27,37,999
cr1_0555p_00006.cbf,531,558,293,330,27,37,999
cr1_0555p_00007.cbf,531,558,290,327,27,37,999
cr1_0555p_00008.cbf,531,559,287,324,28,37,1036
cr1_0556p_00001.cbf,531,559,287,324,28,37,1036
cr1_0556p_00002.cbf,531,559,287,324,28,37,1036
cr1_0556p_00003.cbf,531,559,287,324,28,37,1036
cr1_0556p_00004.cbf,531,559,288,325,28,37,1036
cr1_0556p_00005.cbf,531,558,291,328,27,37,999
cr1_0556p_00006.cbf,531,558,290,328,27,38,1026
cr1_0556p_00007.cbf,531,558,289,326,27,37,999
cr1_0556p_00008.cbf,531,559,286,324,28,38,1064
cr1_0557p_00001.cbf,531,559,287,324,28,37,1036
cr1_0557p_00002.cbf,531,559,287,324,28,37,1036
cr1_0557p_00003.cbf,531,559,287,323,28,36,1008
cr1_0557p_00004.cbf,531,558,288,325,27,37,999
cr1_0557p_00005.cbf,531,558,291,329,27,38,1026
cr1_0557p_00006.cbf,531,558,291,328,27,37,999
cr1_0557p_00007.cbf,531,559,288,326,28,38,1064
cr1_0557p_00008.cbf,531,559,286,323,28,37,1036
cr1_0558p_00001.cbf,531,559,287,324,28,37,1036
cr1_0558p_00002.cbf,531,559,287,323,28,36,1008
cr1_0558p_00003.cbf,531,559,286,324,28,38,1064
cr1_0558p_00004.cbf,531,558,289,326,27,37,999
cr1_0558p_00005.cbf,531,558,291,329,27,38,1026
cr1_0558p_00006.cbf,531,558,290,327,27,37,999
cr1_0558p_00007.cbf,531,559,288,324,28,36,1008
cr1_0558p_00008.cbf,531,559,286,323,28,37,1036
cr1_0559p_00001.cbf,531,559,287,324,28,37,1036
cr1_0559p_00002.cbf,531,559,287,324,28,37,1036
cr1_0559p_00003.cbf,531,559,287,323,28,36,1008
cr1_0559p_00004.cbf,531,559,288,325,28,37,1036
cr1_0559p_00005.cbf,531,558,291,328,27,37,999
cr1_0559p_00006.cbf,531,558,290,327,27,37,999
cr1_0559p_00007.cbf,531,559,288,325,28,37,1036
cr1_0559p_00008.cbf,531,559,286,323,28,37,1036
cr1_0560p_00001.cbf,531,560,287,324,29,37,1073
cr1_0560p_00002.cbf,531,559,287,323,28,36,1008
cr1_0560p_00003.cbf,531,559,287,324,28,37,1036
cr1_0560p_00004.cbf,531,558,290,327,27,37,999
cr1_0560p_00005.cbf,531,558,293,330,27,37,999
cr1_0560p_00006.cbf,531,558,292,329,27,37,999
cr1_0560p_00007.cbf,531,558,290,327,27,37,999
cr1_0560p_00008.cbf,531,559,287,323,28,36,1008
cr1_0561p_00001.cbf,531,559,288,324,28,36,1008
cr1_0561p_00002.cbf,531,559,287,324,28,37,1036
cr1_0561p_00003.cbf,531,558,288,325,27,37,999
cr1_0561p_00004.cbf,531,558,292,328,27,36,972
cr1_0561p_00005.cbf,530,557,295,332,27,37,999
cr1_0561p_00006.cbf,531,558,292,329,27,37,999
cr1_0561p_00007.cbf,531,559,288,325,28,37,1036
cr1_0561p_00008.cbf,531,559,286,323,28,37,1036
cr1_0562p_00001.cbf,531,559,288,324,28,36,1008
cr1_0562p_00002.cbf,531,559,287,324,28,37,1036
cr1_0562p_00003.cbf,531,559,288,324,28,36,1008
cr1_0562p_00004.cbf,531,558,291,328,27,37,999
cr1_0562p_00005.cbf,530,557,296,333,27,37,999
cr1_0562p_00006.cbf,531,558,293,330,27,37,999
cr1_0562p_00007.cbf,531,559,290,326,28,36,1008
cr1_0562p_00008.cbf,531,559,287,323,28,36,1008
cr1_0563p_00001.cbf,531,559,288,324,28,36,1008
cr1_0563p_00002.cbf,531,559,287,324,28,37,1036
cr1_0563p_00003.cbf,531,559,288,324,28,36,1008
cr1_0563p_00004.cbf,531,558,291,328,27,37,999
cr1_0563p_00005.cbf,530,558,294,331,28,37,1036
cr1_0563p_00006.cbf,531,558,293,329,27,36,972
cr1_0563p_00007.cbf,531,559,289,326,28,37,1036
cr1_0563p_00008.cbf,531,559,287,323,28,36,1008
cr1_0564p_00001.cbf,531,559,288,324,28,36,1008
cr1_0564p_00002.cbf,531,559,287,323,28,36,1008
cr1_0564p_00003.cbf,531,559,287,324,28,37,1036
cr1_0564p_00004.cbf,531,558,291,329,27,38,1026
cr1_0564p_00005.cbf,530,557,296,334,27,38,1026
cr1_0564p_00006.cbf,530,558,295,332,28,37,1036
cr1_0564p_00007.cbf,531,558,291,328,27,37,999
cr1_0564p_00008.cbf,531,559,288,324,28,36,1008
cr1_0565p_00001.cbf,531,559,288,324,28,36,1008
cr1_0565p_00002.cbf,531,559,288,324,28,36,1008
cr1_0565p_00003.cbf,531,559,288,324,28,36,1008
cr1_0565p_00004.cbf,531,559,290,326,28,36,1008
cr1_0565p_00005.cbf,531,558,294,331,27,37,999
cr1_0565p_00006.cbf,531,558,293,330,27,37,999
cr1_0565p_00007.cbf,531,559,290,327,28,37,1036
cr1_0565p_00008.cbf,531,559,288,324,28,36,1008
cr1_0566p_00001.cbf,531,559,288,324,28,36,1008
cr1_0566p_00002.cbf,531,559,288,324,28,36,1008
cr1_0566p_00003.cbf,531,559,288,324,28,36,1008
cr1_0566p_00004.cbf,531,558,290,326,27,36,972
cr1_0566p_00005.cbf,531,558,294,331,27,37,999
cr1_0566p_00006.cbf,530,558,292,329,28,37,1036
cr1_0566p_00007.cbf,531,559,290,326,28,36,1008
cr1_0566p_00008.cbf,531,559,288,324,28,36,1008
cr1_0567p_00001.cbf,531,559,288,325,28,37,1036
cr1_0567p_00002.cbf,531,559,287,324,28,37,1036
cr1_0567p_00003.cbf,531,559,287,324,28,37,1036
cr1_0567p_00004.cbf,531,558,289,326,27,37,999
cr1_0567p_00005.cbf,531,558,293,331,27,38,1026
cr1_0567p_00006.cbf,531,558,293,330,27,37,999
cr1_0567p_00007.cbf,531,558,290,327,27,37,999
cr1_0567p_00008.cbf,531,559,288,324,28,36,1008
cr1_0568p_00001.cbf,531,559,288,325,28,37,1036
cr1_0568p_00002.cbf,531,559,288,324,28,36,1008
cr1_0568p_00003.cbf,531,559,287,324,28,37,1036
cr1_0568p_00004.cbf,531,558,289,326,27,37,999
cr1_0568p_00005.cbf,530,558,292,330,28,38,1064
cr1_0568p_00006.cbf,530,558,292,329,28,37,1036
cr1_0568p_00007.cbf,531,559,289,326,28,37,1036
cr1_0568p_00008.cbf,531,559,288,324,28,36,1008
cr1_0569p_00001.cbf,531,559,288,325,28,37,1036
cr1_0569p_00002.cbf,531,559,288,324,28,36,1008
cr1_0569p_00003.cbf,531,559,287,324,28,37,1036
cr1_0569p_00004.cbf,531,558,291,328,27,37,999
cr1_0569p_00005.cbf,530,557,295,332,27,37,999
cr1_0569p_00006.cbf,530,558,294,331,28,37,1036
cr1_0569p_00007.cbf,531,558,291,327,27,36,972
cr1_0569p_00008.cbf,531,559,288,324,28,36,1008
cr1_0570p_00001.cbf,530,559,288,325,29,37,1073
cr1_0570p_00002.cbf,531,559,288,324,28,36,1008
cr1_0570p_00003.cbf,531,559,287,324,28,37,1036
cr1_0570p_00004.cbf,531,558,290,327,27,37,999
cr1_0570p_00005.cbf,530,557,295,333,27,38,1026
cr1_0570p_00006.cbf,530,558,294,331,28,37,1036
cr1_0570p_00007.cbf,531,558,291,327,27,36,972
cr1_0570p_00008.cbf,531,559,288,324,28,36,1008
cr1_0571p_00001.cbf,531,559,288,324,28,36,1008
cr1_0571p_00002.cbf,531,559,288,324,28,36,1008
cr1_0571p_00003.cbf,531,559,288,324,28,36,1008
cr1_0571p_00004.cbf,531,558,290,328,27,38,1026
cr1_0571p_00005.cbf,531,558,293,331,27,38,1026
cr1_0571p_00006.cbf,531,558,293,330,27,37,999
cr1_0571p_00007.cbf,531,559,290,327,28,37,1036
cr1_0571p_00008.cbf,531,559,288,324,28,36,1008
cr1_0572p_00001.cbf,531,559,288,325,28,37,1036
cr1_0572p_00002.cbf,531,559,288,324,28,36,1008
cr1_0572p_00003.cbf,531,559,287,324,28,37,1036
cr1_0572p_00004.cbf,531,558,289,326,27,37,999
cr1_0572p_00005.cbf,531,558,292,330,27,38,1026
cr1_0572p_00006.cbf,530,558,292,330,28,38,1064
cr1_0572p_00007.cbf,531,558,289,326,27,37,999
cr1_0572p_00008.cbf,531,559,288,324,28,36,1008
cr1_0573p_00001.cbf,531,559,288,325,28,37,1036
cr1_0573p_00002.cbf,531,559,288,324,28,36,1008
cr1_0573p_00003.cbf,531,559,287,325,28,38,1064
cr1_0573p_00004.cbf,531,558,289,327,27,38,1026
cr1_0573p_00005.cbf,530,558,293,331,28,38,1064
cr1_0573p_00006.cbf,530,558,293,330,28,37,1036
cr1_0573p_00007.cbf,531,558,290,327,27,37,999
cr1_0573p_00008.cbf,531,559,288,325,28,37,1036
cr1_0574p_00001.cbf,531,560,288,325,29,37,1073
cr1_0574p_00002.cbf,531,559,288,324,28,36,1008
cr1_0574p_00003.cbf,531,559,287,324,28,37,1036
cr1_0574p_00004.cbf,531,559,288,326,28,38,1064
cr1_0574p_00005.cbf,530,558,294,332,28,38,1064
cr1_0574p_00006.cbf,530,558,294,332,28,38,1064
cr1_0574p_00007.cbf,531,558,291,328,27,37,999
cr1_0574p_00008.cbf,531,559,288,325,28,37,1036
cr1_0575p_00001.cbf,531,559,288,325,28,37,1036
cr1_0575p_00002.cbf,531,559,288,325,28,37,1036
cr1_0575p_00003.cbf,531,559,288,325,28,37,1036
cr1_0575p_00004.cbf,531,558,291,328,27,37,999
cr1_0575p_00005.cbf,530,557,296,333,27,37,999
cr1_0575p_00006.cbf,530,558,294,332,28,38,1064
cr1_0575p_00007.cbf,531,559,290,327,28,37,1036
cr1_0575p_00008.cbf,531,559,288,325,28,37,1036
cr1_0576p_00001.cbf,531,559,288,325,28,37,1036
cr1_0576p_00002.cbf,531,559,288,324,28,36,1008
cr1_0576p_00003.cbf,531,559,287,324,28,37,1036
cr1_0576p_00004.cbf,531,559,288,326,28,38,1064
cr1_0576p_00005.cbf,530,558,292,331,28,39,1092
cr1_0576p_00006.cbf,530,558,292,331,28,39,1092
cr1_0576p_00007.cbf,531,558,290,327,27,37,999
cr1_0576p_00008.cbf,531,559,288,325,28,37,1036
cr1_0577p_00001.cbf,531,559,288,325,28,37,1036
cr1_0577p_00002.cbf,531,559,288,325,28,37,1036
cr1_0577p_00003.cbf,531,559,287,325,28,38,1064
cr1_0577p_00004.cbf,531,558,289,327,27,38,1026
cr1_0577p_00005.cbf,530,557,294,331,27,37,999
cr1_0577p_00006.cbf,530,558,293,331,28,38,1064
cr1_0577p_00007.cbf,531,558,291,328,27,37,999
cr1_0577p_00008.cbf,531,559,288,325,28,37,1036
cr1_0578p_00001.cbf,530,559,288,325,29,37,1073
cr1_0578p_00002.cbf,531,559,288,325,28,37,1036
cr1_0578p_00003.cbf,531,559,288,325,28,37,1036
cr1_0578p_00004.cbf,530,558,292,329,28,37,1036
cr1_0578p_00005.cbf,529,557,298,335,28,37,1036
cr1_0578p_00006.cbf,530,558,295,332,28,37,1036
cr1_0578p_00007.cbf,530,558,291,327,28,36,1008
cr1_0578p_00008.cbf,531,559,288,325,28,37,1036
cr1_0579p_00001.cbf,530,559,288,325,29,37,1073
cr1_0579p_00002.cbf,530,559,288,325,29,37,1073
cr1_0579p_00003.cbf,531,559,288,325,28,37,1036
cr1_0579p_00004.cbf,531,558,290,327,27,37,999
cr1_0579p_00005.cbf,530,558,293,331,28,38,1064
cr1_0579p_00006.cbf,530,558,292,329,28,37,1036
cr1_0579p_00007.cbf,530,559,290,327,29,37,1073
cr1_0579p_00008.cbf,531,559,288,324,28,36,1008
cr1_0580p_00001.cbf,531,560,288,325,29,37,1073
cr1_0580p_00002.cbf,531,560,287,324,29,37,1073
cr1_0580p_00003.cbf,531,559,287,324,28,37,1036
cr1_0580p_00004.cbf,531,559,289,326,28,37,1036
cr1_0580p_00005.cbf,530,558,293,330,28,37,1036
cr1_0580p_00006.cbf,530,558,293,330,28,37,1036
cr1_0580p_00007.cbf,531,558,290,327,27,37,999
cr1_0580p_00008.cbf,531,559,288,324,28,36,1008
cr1_0581p_00001.cbf,530,560,288,325,30,37,1110
cr1_0581p_00002.cbf,531,559,288,324,28,36,1008
cr1_0581p_00003.cbf,531,559,287,324,28,37,1036
cr1_0581p_00004.cbf,531,559,288,325,28,37,1036
cr1_0581p_00005.cbf,530,558,292,330,28,38,1064
cr1_0581p_00006.cbf,530,558,292,330,28,38,1064
cr1_0581p_00007.cbf,531,558,290,327,27,37,999
cr1_0581p_00008.cbf,531,559,288,324,28,36,1008
cr1_0582p_00001.cbf,531,560,288,325,29,37,1073
cr1_0582p_00002.cbf,531,559,288,325,28,37,1036
cr1_0582p_00003.cbf,531,559,287,324,28,37,1036
cr1_0582p_00004.cbf,531,559,288,325,28,37,1036
cr1_0582p_00005.cbf,530,558,291,330,28,39,1092
cr1_0582p_00006.cbf,530,558,292,330,28,38,1064
cr1_0582p_00007.cbf,531,559,289,327,28,38,1064
cr1_0582p_00008.cbf,531,559,288,325,28,37,1036
cr1_0583p_00001.cbf,531,559,288,325,28,37,1036
cr1_0583p_00002.cbf,531,559,287,324,28,37,1036
cr1_0583p_00003.cbf,531,559,287,325,28,38,1064
cr1_0583p_00004.cbf,531,558,291,329,27,38,1026
cr1_0583p_00005.cbf,530,557,294,332,27,38,1026
cr1_0583p_00006.cbf,530,558,294,331,28,37,1036
cr1_0583p_00007.cbf,531,558,290,327,27,37,999
cr1_0583p_00008.cbf,531,559,288,325,28,37,1036
cr1_0584p_00001.cbf,531,559,288,325,28,37,1036
cr1_0584p_00002.cbf,531,559,288,325,28,37,1036
cr1_0584p_00003.cbf,531,559,288,325,28,37,1036
cr1_0584p_00004.cbf,530,558,291,328,28,37,1036
cr1_0584p_00005.cbf,530,558,294,331,28,37,1036
cr1_0584p_00006.cbf,530,558,294,331,28,37,1036
cr1_0584p_00007.cbf,531,559,290,327,28,37,1036
cr1_0584p_00008.cbf,531,559,288,325,28,37,1036
cr1_0585p_00001.cbf,531,559,288,325,28,37,1036
cr1_0585p_00002.cbf,531,560,288,324,29,36,1044
cr1_0585p_00003.cbf,530,559,287,324,29,37,1073
cr1_0585p_00004.cbf,531,559,288,325,28,37,1036
cr1_0585p_00005.cbf,530,558,291,330,28,39,1092
cr1_0585p_00006.cbf,530,558,291,330,28,39,1092
cr1_0585p_00007.cbf,531,559,289,326,28,37,1036
cr1_0585p_00008.cbf,531,559,288,325,28,37,1036
cr1_0586p_00001.cbf,531,559,288,325,28,37,1036
cr1_0586p_00002.cbf,531,559,287,325,28,38,1064
cr1_0586p_00003.cbf,531,559,287,325,28,38,1064
cr1_0586p_00004.cbf,531,559,288,326,28,38,1064
cr1_0586p_00005.cbf,531,558,291,329,27,38,1026
cr1_0586p_00006.cbf,531,558,291,328,27,37,999
cr1_0586p_00007.cbf,531,559,288,326,28,38,1064
cr1_0586p_00008.cbf,531,559,287,324,28,37,1036
cr1_0587p_00001.cbf,531,560,288,325,29,37,1073
cr1_0587p_00002.cbf,531,559,287,324,28,37,1036
cr1_0587p_00003.cbf,531,559,287,325,28,38,1064
cr1_0587p_00004.cbf,530,558,289,328,28,39,1092
cr1_0587p_00005.cbf,530,557,295,333,27,38,1026
cr1_0587p_00006.cbf,530,558,293,330,28,37,1036
cr1_0587p_00007.cbf,531,559,289,327,28,38,1064
cr1_0587p_00008.cbf,531,559,288,324,28,36,1008
cr1_0588p_00001.cbf,531,559,288,325,28,37,1036
cr1_0588p_00002.cbf,531,559,287,325,28,38,1064
cr1_0588p_00003.cbf,531,559,287,324,28,37,1036
cr1_0588p_00004.cbf,530,558,289,328,28,39,1092
cr1_0588p_00005.cbf,530,557,294,332,27,38,1026
cr1_0588p_00006.cbf,530,558,293,331,28,38,1064
cr1_0588p_00007.cbf,530,558,291,329,28,38,1064
cr1_0588p_00008.cbf,531,559,288,325,28,37,1036
cr1_0589p_00001.cbf,530,559,288,325,29,37,1073
cr1_0589p_00002.cbf,531,559,287,325,28,38,1064
cr1_0589p_00003.cbf,531,559,288,325,28,37,1036
cr1_0589p_00004.cbf,531,558,290,327,27,37,999
cr1_0589p_00005.cbf,530,557,296,334,27,38,1026
cr1_0589p_00006.cbf,530,558,294,331,28,37,1036
cr1_0589p_00007.cbf,530,559,290,327,29,37,1073
cr1_0589p_00008.cbf,531,559,288,324,28,36,1008
cr1_0590p_00001.cbf,531,559,288,324,28,36,1008
cr1_0590p_00002.cbf,531,559,287,324,28,37,1036
cr1_0590p_00003.cbf,531,559,287,324,28,37,1036
cr1_0590p_00004.cbf,531,559,288,325,28,37,1036
cr1_0590p_00005.cbf,529,558,293,331,29,38,1102
cr1_0590p_00006.cbf,530,558,292,331,28,39,1092
cr1_0590p_00007.cbf,531,558,290,328,27,38,1026
cr1_0590p_00008.cbf,531,559,288,325,28,37,1036
cr1_0591p_00001.cbf,531,559,288,325,28,37,1036
cr1_0591p_00002.cbf,531,559,287,325,28,38,1064
cr1_0591p_00003.cbf,531,559,288,325,28,37,1036
cr1_0591p_00004.cbf,530,558,289,326,28,37,1036
cr1_0591p_00005.cbf,530,557,296,333,27,37,999
cr1_0591p_00006.cbf,530,557,295,333,27,38,1026
cr1_0591p_00007.cbf,530,558,291,328,28,37,1036
cr1_0591p_00008.cbf,531,559,288,325,28,37,1036
cr1_0592p_00001.cbf,531,559,288,325,28,37,1036
cr1_0592p_00002.cbf,531,559,288,325,28,37,1036
cr1_0592p_00003.cbf,531,559,287,324,28,37,1036
cr1_0592p_00004.cbf,531,558,289,326,27,37,999
cr1_0592p_00005.cbf,530,558,293,331,28,38,1064
cr1_0592p_00006.cbf,530,558,293,330,28,37,1036
cr1_0592p_00007.cbf,531,558,290,327,27,37,999
cr1_0592p_00008.cbf,531,559,288,325,28,37,1036
cr1_0593p_00001.cbf,531,559,288,325,28,37,1036
cr1_0593p_00002.cbf,531,559,287,324,28,37,1036
cr1_0593p_00003.cbf,531,559,287,324,28,37,1036
cr1_0593p_00004.cbf,531,559,288,325,28,37,1036
cr1_0593p_00005.cbf,530,558,293,331,28,38,1064
cr1_0593p_00006.cbf,530,558,293,330,28,37,1036
cr1_0593p_00007.cbf,531,559,289,327,28,38,1064
cr1_0593p_00008.cbf,531,559,287,325,28,38,1064
cr1_0594p_00001.cbf,530,559,287,325,29,38,1102
cr1_0594p_00002.cbf,531,559,287,325,28,38,1064
cr1_0594p_00003.cbf,531,559,287,325,28,38,1064
cr1_0594p_00004.cbf,531,558,288,326,27,38,1026
cr1_0594p_00005.cbf,530,557,294,331,27,37,999
cr1_0594p_00006.cbf,530,557,295,333,27,38,1026
cr1_0594p_00007.cbf,531,558,291,328,27,37,999
cr1_0594p_00008.cbf,531,559,288,325,28,37,1036
cr1_0595p_00001.cbf,531,560,288,325,29,37,1073
cr1_0595p_00002.cbf,530,559,287,324,29,37,1073
cr1_0595p_00003.cbf,531,559,287,325,28,38,1064
cr1_0595p_00004.cbf,531,558,289,326,27,37,999
cr1_0595p_00005.cbf,530,557,296,334,27,38,1026
cr1_0595p_00006.cbf,530,557,296,334,27,38,1026
cr1_0595p_00007.cbf,530,558,291,328,28,37,1036
cr1_0595p_00008.cbf,531,559,288,325,28,37,1036
cr1_0596p_00001.cbf,531,559,288,325,28,37,1036
cr1_0596p_00002.cbf,531,559,288,325,28,37,1036
cr1_0596p_00003.cbf,531,559,287,325,28,38,1064
cr1_0596p_00004.cbf,531,558,289,327,27,38,1026
cr1_0596p_00005.cbf,530,557,294,332,27,38,1026
cr1_0596p_00006.cbf,530,557,294,331,27,37,999
cr1_0596p_00007.cbf,531,558,290,327,27,37,999
cr1_0596p_00008.cbf,531,559,288,325,28,37,1036
cr1_0597p_00001.cbf,531,559,288,325,28,37,1036
cr1_0597p_00002.cbf,531,559,287,324,28,37,1036
cr1_0597p_00003.cbf,531,559,287,324,28,37,1036
cr1_0597p_00004.cbf,531,559,287,325,28,38,1064
cr1_0597p_00005.cbf,530,558,292,330,28,38,1064
cr1_0597p_00006.cbf,530,558,292,330,28,38,1064
cr1_0597p_00007.cbf,531,558,289,327,27,38,1026
cr1_0597p_00008.cbf,531,559,287,325,28,38,1064
cr1_0598p_00001.cbf,531,559,287,325,28,38,1064
cr1_0598p_00002.cbf,531,559,287,325,28,38,1064
cr1_0598p_00003.cbf,531,559,287,326,28,39,1092
cr1_0598p_00004.cbf,531,558,288,326,27,38,1026
cr1_0598p_00005.cbf,530,557,292,330,27,38,1026
cr1_0598p_00006.cbf,530,558,293,330,28,37,1036
cr1_0598p_00007.cbf,531,559,289,327,28,38,1064
cr1_0598p_00008.cbf,531,559,287,325,28,38,1064
cr1_0599p_00001.cbf,531,560,288,325,29,37,1073
cr1_0599p_00002.cbf,531,559,287,325,28,38,1064
cr1_0599p_00003.cbf,531,559,286,324,28,38,1064
cr1_0599p_00004.cbf,530,558,287,325,28,38,1064
cr1_0599p_00005.cbf,529,557,293,332,28,39,1092
cr1_0599p_00006.cbf,530,557,294,333,27,39,1053
cr1_0599p_00007.cbf,531,558,290,328,27,38,1026
cr1_0599p_00008.cbf,531,559,288,326,28,38,1064
cr1_0600p_00001.cbf,531,559,288,325,28,37,1036
cr1_0600p_00002.cbf,531,559,287,325,28,38,1064
cr1_0600p_00003.cbf,530,559,286,325,29,39,1131
cr1_0600p_00004.cbf,531,559,288,326,28,38,1064
cr1_0600p_00005.cbf,529,557,293,332,28,39,1092
cr1_0600p_00006.cbf,530,557,294,332,27,38,1026
cr1_0600p_00007.cbf,530,558,290,328,28,38,1064
cr1_0600p_00008.cbf,531,559,288,326,28,38,1064
cr1_0601p_00001.cbf,531,559,288,326,28,38,1064
cr1_0601p_00002.cbf,531,559,287,325,28,38,1064
cr1_0601p_00003.cbf,531,559,286,325,28,39,1092
cr1_0601p_00004.cbf,530,558,288,327,28,39,1092
cr1_0601p_00005.cbf,530,557,294,333,27,39,1053
cr1_0601p_00006.cbf,530,558,294,332,28,38,1064
cr1_0601p_00007.cbf,530,558,290,328,28,38,1064
cr1_0601p_00008.cbf,531,559,287,325,28,38,1064
cr1_0602p_00001.cbf,531,559,287,325,28,38,1064
cr1_0602p_00002.cbf,531,559,287,325,28,38,1064
cr1_0602p_00003.cbf,531,559,287,325,28,38,1064
cr1_0602p_00004.cbf,530,558,287,326,28,39,1092
cr1_0602p_00005.cbf,530,557,293,332,27,39,1053
cr1_0602p_00006.cbf,530,558,293,331,28,38,1064
cr1_0602p_00007.cbf,531,558,290,328,27,38,1026
cr1_0602p_00008.cbf,531,559,288,325,28,37,1036
cr1_0603p_00001.cbf,531,559,288,325,28,37,1036
cr1_0603p_00002.cbf,531,559,287,326,28,39,1092
cr1_0603p_00003.cbf,531,559,286,326,28,40,1120
cr1_0603p_00004.cbf,530,558,288,326,28,38,1064
cr1_0603p_00005.cbf,530,557,294,333,27,39,1053
cr1_0603p_00006.cbf,530,557,295,333,27,38,1026
cr1_0603p_00007.cbf,530,558,290,328,28,38,1064
cr1_0603p_00008.cbf,531,559,288,325,28,37,1036
cr1_0604p_00001.cbf,531,559,288,325,28,37,1036
cr1_0604p_00002.cbf,531,559,287,325,28,38,1064
cr1_0604p_00003.cbf,531,559,286,325,28,39,1092
cr1_0604p_00004.cbf,531,558,287,326,27,39,1053
cr1_0604p_00005.cbf,530,557,292,331,27,39,1053
cr1_0604p_00006.cbf,530,557,293,331,27,38,1026
cr1_0604p_00007.cbf,530,558,290,328,28,38,1064
cr1_0604p_00008.cbf,531,559,288,325,28,37,1036
cr1_0605p_00001.cbf,531,559,288,326,28,38,1064
cr1_0605p_00002.cbf,531,559,287,325,28,38,1064
cr1_0605p_00003.cbf,531,559,287,325,28,38,1064
cr1_0605p_00004.cbf,531,558,288,326,27,38,1026
cr1_0605p_00005.cbf,530,557,293,332,27,39,1053
cr1_0605p_00006.cbf,530,558,293,331,28,38,1064
cr1_0605p_00007.cbf,530,558,289,327,28,38,1064
cr1_0605p_00008.cbf,531,559,287,325,28,38,1064
cr1_0606p_00001.cbf,531,559,288,325,28,37,1036
cr1_0606p_00002.cbf,531,559,287,325,28,38,1064
cr1_0606p_00003.cbf,530,559,286,324,29,38,1102
cr1_0606p_00004.cbf,530,558,287,326,28,39,1092
cr1_0606p_00005.cbf,530,557,293,332,27,39,1053
cr1_0606p_00006.cbf,529,558,292,331,29,39,1131
cr1_0606p_00007.cbf,530,558,290,328,28,38,1064
cr1_0606p_00008.cbf,531,559,287,325,28,38,1064
cr1_0607p_00001.cbf,530,559,287,325,29,38,1102
cr1_0607p_00002.cbf,530,559,287,325,29,38,1102
cr1_0607p_00003.cbf,531,559,287,325,28,38,1064
cr1_0607p_00004.cbf,530,558,288,327,28,39,1092
cr1_0607p_00005.cbf,530,557,294,333,27,39,1053
cr1_0607p_00006.cbf,530,557,294,333,27,39,1053
cr1_0607p_00007.cbf,530,558,290,328,28,38,1064
cr1_0607p_00008.cbf,530,559,287,325,29,38,1102
cr1_0608p_00001.cbf,530,559,287,325,29,38,1102
cr1_0608p_00002.cbf,531,559,287,325,28,38,1064
cr1_0608p_00003.cbf,530,559,287,325,29,38,1102
cr1_0608p_00004.cbf,530,558,287,326,28,39,1092
cr1_0608p_00005.cbf,529,557,293,333,28,40,1120
cr1_0608p_00006.cbf,530,557,293,333,27,40,1080
cr1_0608p_00007.cbf,530,558,290,329,28,39,1092
cr1_0608p_00008.cbf,531,559,288,326,28,38,1064
cr1_0609p_00001.cbf,531,559,287,326,28,39,1092
cr1_0609p_00002.cbf,531,559,287,325,28,38,1064
cr1_0609p_00003.cbf,531,558,287,326,27,39,1053
cr1_0609p_00004.cbf,530,558,291,329,28,38,1064
cr1_0609p_00005.cbf,528,556,301,339,28,38,1064
cr1_0609p_00006.cbf,529,557,299,337,28,38,1064
cr1_0609p_00007.cbf,530,558,294,332,28,38,1064
cr1_0609p_00008.cbf,530,558,290,327,28,37,1036
cr1_0610p_00001.cbf,531,559,288,325,28,37,1036
cr1_0610p_00002.cbf,531,559,289,325,28,36,1008
cr1_0610p_00003.cbf,531,558,290,327,27,37,999
cr1_0610p_00004.cbf,530,557,293,330,27,37,999
cr1_0610p_00005.cbf,529,556,303,341,27,38,1026
cr1_0610p_00006.cbf,529,557,301,339,28,38,1064
cr1_0610p_00007.cbf,530,558,295,333,28,38,1064
cr1_0610p_00008.cbf,531,558,291,328,27,37,999
cr1_0611p_00001.cbf,531,559,289,326,28,37,1036
cr1_0611p_00002.cbf,531,558,289,326,27,37,999
cr1_0611p_00003.cbf,530,558,291,328,28,37,1036
cr1_0611p_00004.cbf,530,557,294,331,27,37,999
cr1_0611p_00005.cbf,529,556,303,341,27,38,1026
cr1_0611p_00006.cbf,529,557,300,338,28,38,1064
cr1_0611p_00007.cbf,530,558,295,332,28,37,1036
cr1_0611p_00008.cbf,530,559,290,327,29,37,1073
cr1_0612p_00001.cbf,530,559,289,326,29,37,1073
cr1_0612p_00002.cbf,531,558,289,326,27,37,999
cr1_0612p_00003.cbf,530,558,291,329,28,38,1064
cr1_0612p_00004.cbf,530,557,295,332,27,37,999
cr1_0612p_00005.cbf,529,557,304,342,28,38,1064
cr1_0612p_00006.cbf,530,557,300,338,27,38,1026
cr1_0612p_00007.cbf,530,558,294,331,28,37,1036
cr1_0612p_00008.cbf,531,558,289,327,27,38,1026
cr1_0613p_00001.cbf,531,559,289,326,28,37,1036
cr1_0613p_00002.cbf,531,559,289,326,28,37,1036
cr1_0613p_00003.cbf,531,558,291,328,27,37,999
cr1_0613p_00004.cbf,530,557,295,332,27,37,999
cr1_0613p_00005.cbf,530,557,302,340,27,38,1026
cr1_0613p_00006.cbf,530,557,298,336,27,38,1026
cr1_0613p_00007.cbf,530,558,293,331,28,38,1064
cr1_0613p_00008.cbf,531,558,288,326,27,38,1026
cr1_0614p_00001.cbf,531,559,288,326,28,38,1064
cr1_0614p_00002.cbf,531,559,288,326,28,38,1064
cr1_0614p_00003.cbf,531,558,290,328,27,38,1026
cr1_0614p_00004.cbf,530,557,294,331,27,37,999
cr1_0614p_00005.cbf,529,557,301,338,28,37,1036
cr1_0614p_00006.cbf,530,557,297,335,27,38,1026
cr1_0614p_00007.cbf,530,558,292,329,28,37,1036
cr1_0614p_00008.cbf,531,559,288,326,28,38,1064
cr1_0615p_00001.cbf,531,559,288,326,28,38,1064
cr1_0615p_00002.cbf,530,559,288,325,29,37,1073
cr1_0615p_00003.cbf,531,558,289,326,27,37,999
cr1_0615p_00004.cbf,530,557,292,329,27,37,999
cr1_0615p_00005.cbf,530,557,297,334,27,37,999
cr1_0615p_00006.cbf,530,557,294,331,27,37,999
cr1_0615p_00007.cbf,531,559,289,327,28,38,1064
cr1_0615p_00008.cbf,531,559,287,325,28,38,1064
cr1_0616p_00001.cbf,531,559,288,325,28,37,1036
cr1_0616p_00002.cbf,531,559,287,324,28,37,1036
cr1_0616p_00003.cbf,531,558,287,325,27,38,1026
cr1_0616p_00004.cbf,531,558,289,326,27,37,999
cr1_0616p_00005.cbf,530,557,291,328,27,37,999
cr1_0616p_00006.cbf,530,558,290,327,28,37,1036
cr1_0616p_00007.cbf,531,559,287,325,28,38,1064
cr1_0616p_00008.cbf,531,559,287,324,28,37,1036
cr1_0617p_00001.cbf,531,559,288,325,28,37,1036
cr1_0617p_00002.cbf,531,559,287,324,28,37,1036
cr1_0617p_00003.cbf,531,559,286,324,28,38,1064
cr1_0617p_00004.cbf,531,558,287,325,27,38,1026
cr1_0617p_00005.cbf,530,558,289,326,28,37,1036
cr1_0617p_00006.cbf,530,558,289,327,28,38,1064
cr1_0617p_00007.cbf,530,558,288,325,28,37,1036
cr1_0617p_00008.cbf,531,559,287,325,28,38,1064
cr1_0618p_00001.cbf,531,559,288,326,28,38,1064
cr1_0618p_00002.cbf,530,559,287,325,29,38,1102
cr1_0618p_00003.cbf,531,559,286,325,28,39,1092
cr1_0618p_00004.cbf,530,558,287,325,28,38,1064
cr1_0618p_00005.cbf,530,557,289,328,27,39,1053
cr1_0618p_00006.cbf,530,558,289,328,28,39,1092
cr1_0618p_00007.cbf,530,558,288,326,28,38,1064
cr1_0618p_00008.cbf,531,559,287,325,28,38,1064
cr1_0619p_00001.cbf,530,559,288,326,29,38,1102
cr1_0619p_00002.cbf,531,559,287,325,28,38,1064
cr1_0619p_00003.cbf,530,559,287,325,29,38,1102
cr1_0619p_00004.cbf,530,558,287,326,28,39,1092
cr1_0619p_00005.cbf,530,557,290,329,27,39,1053
cr1_0619p_00006.cbf,530,557,289,329,27,40,1080
cr1_0619p_00007.cbf,531,558,288,326,27,38,1026
cr1_0619p_00008.cbf,531,559,287,325,28,38,1064
cr1_0620p_00001.cbf,530,559,288,325,29,37,1073
cr1_0620p_00002.cbf,531,559,287,325,28,38,1064
cr1_0620p_00003.cbf,531,559,286,325,28,39,1092
cr1_0620p_00004.cbf,531,558,287,325,27,38,1026
cr1_0620p_00005.cbf,530,557,289,328,27,39,1053
cr1_0620p_00006.cbf,530,557,289,328,27,39,1053
cr1_0620p_00007.cbf,531,558,288,327,27,39,1053
cr1_0620p_00008.cbf,531,559,287,326,28,39,1092
cr1_0621p_00001.cbf,531,559,288,326,28,38,1064
cr1_0621p_00002.cbf,531,559,287,326,28,39,1092
cr1_0621p_00003.cbf,531,559,286,325,28,39,1092
cr1_0621p_00004.cbf,531,558,287,324,27,37,999
cr1_0621p_00005.cbf,531,557,289,327,26,38,988
cr1_0621p_00006.cbf,531,558,289,326,27,37,999
cr1_0621p_00007.cbf,531,558,287,325,27,38,1026
cr1_0621p_00008.cbf,531,559,287,324,28,37,1036
cr1_0622p_00001.cbf,531,559,287,325,28,38,1064
cr1_0622p_00002.cbf,531,559,287,325,28,38,1064
cr1_0622p_00003.cbf,531,559,286,324,28,38,1064
cr1_0622p_00004.cbf,531,558,286,325,27,39,1053
cr1_0622p_00005.cbf,530,557,289,328,27,39,1053
cr1_0622p_00006.cbf,530,557,290,329,27,39,1053
cr1_0622p_00007.cbf,531,558,288,326,27,38,1026
cr1_0622p_00008.cbf,531,559,287,325,28,38,1064
cr1_0623p_00001.cbf,531,559,287,325,28,38,1064
cr1_0623p_00002.cbf,531,559,287,325,28,38,1064
cr1_0623p_00003.cbf,531,559,286,324,28,38,1064
cr1_0623p_00004.cbf,530,558,286,325,28,39,1092
cr1_0623p_00005.cbf,530,557,289,328,27,39,1053
cr1_0623p_00006.cbf,531,557,290,328,26,38,988
cr1_0623p_00007.cbf,531,558,288,326,27,38,1026
cr1_0623p_00008.cbf,531,559,287,325,28,38,1064
cr1_0624p_00001.cbf,531,559,287,325,28,38,1064
cr1_0624p_00002.cbf,530,559,287,325,29,38,1102
cr1_0624p_00003.cbf,531,559,286,325,28,39,1092
cr1_0624p_00004.cbf,531,558,286,325,27,39,1053
cr1_0624p_00005.cbf,530,557,291,330,27,39,1053
cr1_0624p_00006.cbf,530,557,291,330,27,39,1053
cr1_0624p_00007.cbf,531,558,288,327,27,39,1053
cr1_0624p_00008.cbf,531,559,287,325,28,38,1064
cr1_0625p_00001.cbf,531,559,287,325,28,38,1064
cr1_0625p_00002.cbf,531,559,287,325,28,38,1064
cr1_0625p_00003.cbf,531,559,286,325,28,39,1092
cr1_0625p_00004.cbf,531,558,286,326,27,40,1080
cr1_0625p_00005.cbf,530,557,290,329,27,39,1053
cr1_0625p_00006.cbf,530,557,291,331,27,40,1080
cr1_0625p_00007.cbf,530,558,289,327,28,38,1064
cr1_0625p_00008.cbf,531,559,287,325,28,38,1064
cr1_0626p_00001.cbf,531,559,287,325,28,38,1064
cr1_0626p_00002.cbf,531,559,287,325,28,38,1064
cr1_0626p_00003.cbf,531,559,286,325,28,39,1092
cr1_0626p_00004.cbf,530,558,287,326,28,39,1092
cr1_0626p_00005.cbf,530,557,291,330,27,39,1053
cr1_0626p_00006.cbf,530,557,293,332,27,39,1053
cr1_0626p_00007.cbf,530,558,290,328,28,38,1064
cr1_0626p_00008.cbf,531,559,288,326,28,38,1064
cr1_0627p_00001.cbf,531,559,287,325,28,38,1064
cr1_0627p_00002.cbf,531,559,287,325,28,38,1064
cr1_0627p_00003.cbf,531,559,286,325,28,39,1092
cr1_0627p_00004.cbf,531,558,287,326,27,39,1053
cr1_0627p_00005.cbf,530,557,290,330,27,40,1080
cr1_0627p_00006.cbf,530,557,292,331,27,39,1053
cr1_0627p_00007.cbf,530,558,289,327,28,38,1064
cr1_0627p_00008.cbf,531,559,288,326,28,38,1064
cr1_0628p_00001.cbf,531,559,288,325,28,37,1036
cr1_0628p_00002.cbf,531,559,287,325,28,38,1064
cr1_0628p_00003.cbf,531,559,286,325,28,39,1092
cr1_0628p_00004.cbf,531,558,287,326,27,39,1053
cr1_0628p_00005.cbf,530,557,291,330,27,39,1053
cr1_0628p_00006.cbf,530,557,291,330,27,39,1053
cr1_0628p_00007.cbf,530,558,289,327,28,38,1064
cr1_0628p_00008.cbf,531,559,287,326,28,39,1092
cr1_0629p_00001.cbf,530,559,287,325,29,38,1102
cr1_0629p_00002.cbf,531,559,287,326,28,39,1092
cr1_0629p_00003.cbf,530,559,287,325,29,38,1102
cr1_0629p_00004.cbf,531,558,287,326,27,39,1053
cr1_0629p_00005.cbf,530,557,291,332,27,41,1107
cr1_0629p_00006.cbf,530,557,292,331,27,39,1053
cr1_0629p_00007.cbf,530,557,290,328,27,38,1026
cr1_0629p_00008.cbf,531,559,288,326,28,38,1064
cr1_0630p_00001.cbf,531,559,287,325,28,38,1064
cr1_0630p_00002.cbf,531,559,287,325,28,38,1064
cr1_0630p_00003.cbf,531,559,287,325,28,38,1064
cr1_0630p_00004.cbf,531,558,287,325,27,38,1026
cr1_0630p_00005.cbf,530,557,291,330,27,39,1053
cr1_0630p_00006.cbf,530,557,291,329,27,38,1026
cr1_0630p_00007.cbf,531,558,289,327,27,38,1026
cr1_0630p_00008.cbf,531,559,287,325,28,38,1064
cr1_0631p_00001.cbf,530,559,288,325,29,37,1073
cr1_0631p_00002.cbf,531,559,287,325,28,38,1064
cr1_0631p_00003.cbf,530,559,286,325,29,39,1131
cr1_0631p_00004.cbf,531,558,287,326,27,39,1053
cr1_0631p_00005.cbf,530,557,290,330,27,40,1080
cr1_0631p_00006.cbf,529,557,291,329,28,38,1064
cr1_0631p_00007.cbf,531,558,289,327,27,38,1026
cr1_0631p_00008.cbf,531,559,288,326,28,38,1064
cr1_0632p_00001.cbf,531,559,288,326,28,38,1064
cr1_0632p_00002.cbf,531,559,287,326,28,39,1092
cr1_0632p_00003.cbf,530,559,286,325,29,39,1131
cr1_0632p_00004.cbf,531,558,287,326,27,39,1053
cr1_0632p_00005.cbf,530,557,290,331,27,41,1107
cr1_0632p_00006.cbf,530,557,290,330,27,40,1080
cr1_0632p_00007.cbf,531,558,289,328,27,39,1053
cr1_0632p_00008.cbf,531,559,288,326,28,38,1064
cr1_0633p_00001.cbf,530,559,287,326,29,39,1131
cr1_0633p_00002.cbf,531,559,287,326,28,39,1092
cr1_0633p_00003.cbf,531,559,286,325,28,39,1092
cr1_0633p_00004.cbf,531,558,286,326,27,40,1080
cr1_0633p_00005.cbf,530,557,289,329,27,40,1080
cr1_0633p_00006.cbf,530,557,290,330,27,40,1080
cr1_0633p_00007.cbf,530,558,288,328,28,40,1120
cr1_0633p_00008.cbf,531,559,288,328,28,40,1120
cr1_0634p_00001.cbf,530,559,288,327,29,39,1131
cr1_0634p_00002.cbf,531,559,287,327,28,40,1120
cr1_0634p_00003.cbf,531,559,286,326,28,40,1120
cr1_0634p_00004.cbf,531,558,286,326,27,40,1080
cr1_0634p_00005.cbf,531,557,289,330,26,41,1066
cr1_0634p_00006.cbf,530,558,289,330,28,41,1148
cr1_0634p_00007.cbf,531,558,288,328,27,40,1080
cr1_0634p_00008.cbf,531,559,287,327,28,40,1120
cr1_0635p_00001.cbf,531,559,288,327,28,39,1092
cr1_0635p_00002.cbf,531,559,287,327,28,40,1120
cr1_0635p_00003.cbf,531,558,286,326,27,40,1080
cr1_0635p_00004.cbf,531,558,286,327,27,41,1107
cr1_0635p_00005.cbf,530,557,288,330,27,42,1134
cr1_0635p_00006.cbf,530,557,289,331,27,42,1134
cr1_0635p_00007.cbf,531,558,288,329,27,41,1107
cr1_0635p_00008.cbf,531,559,287,328,28,41,1148
cr1_0636p_00001.cbf,531,559,287,328,28,41,1148
cr1_0636p_00002.cbf,531,559,287,327,28,40,1120
cr1_0636p_00003.cbf,531,559,286,326,28,40,1120
cr1_0636p_00004.cbf,531,558,286,327,27,41,1107
cr1_0636p_00005.cbf,530,557,288,330,27,42,1134
cr1_0636p_00006.cbf,530,558,289,331,28,42,1176
cr1_0636p_00007.cbf,531,558,288,329,27,41,1107
cr1_0636p_00008.cbf,531,559,287,328,28,41,1148
cr1_0637p_00001.cbf,531,559,288,328,28,40,1120
cr1_0637p_00002.cbf,531,559,287,328,28,41,1148
cr1_0637p_00003.cbf,531,558,286,327,27,41,1107
cr1_0637p_00004.cbf,531,558,286,327,27,41,1107
cr1_0637p_00005.cbf,530,557,287,329,27,42,1134
cr1_0637p_00006.cbf,531,558,288,329,27,41,1107
cr1_0637p_00007.cbf,531,558,287,328,27,41,1107
cr1_0637p_00008.cbf,531,559,287,328,28,41,1148
cr1_0638p_00001.cbf,531,559,287,328,28,41,1148
cr1_0638p_00002.cbf,531,559,287,328,28,41,1148
cr1_0638p_00003.cbf,531,559,286,327,28,41,1148
cr1_0638p_00004.cbf,531,558,286,327,27,41,1107
cr1_0638p_00005.cbf,530,557,287,329,27,42,1134
cr1_0638p_00006.cbf,530,558,288,330,28,42,1176
cr1_0638p_00007.cbf,531,558,287,329,27,42,1134
cr1_0638p_00008.cbf,531,559,287,328,28,41,1148
cr1_0639p_00001.cbf,531,559,288,329,28,41,1148
cr1_0639p_00002.cbf,531,559,287,328,28,41,1148
cr1_0639p_00003.cbf,531,559,286,327,28,41,1148
cr1_0639p_00004.cbf,531,558,285,327,27,42,1134
cr1_0639p_00005.cbf,531,557,287,329,26,42,1092
cr1_0639p_00006.cbf,530,558,288,330,28,42,1176
cr1_0639p_00007.cbf,531,558,287,328,27,41,1107
cr1_0639p_00008.cbf,531,559,287,328,28,41,1148
cr1_0640p_00001.cbf,531,559,288,328,28,40,1120
cr1_0640p_00002.cbf,531,559,287,328,28,41,1148
cr1_0640p_00003.cbf,531,559,286,327,28,41,1148
cr1_0640p_00004.cbf,531,558,286,327,27,41,1107
cr1_0640p_00005.cbf,530,558,287,327,28,40,1120
cr1_0640p_00006.cbf,531,558,288,327,27,39,1053
cr1_0640p_00007.cbf,530,559,286,325,29,39,1131
cr1_0640p_00008.cbf,531,559,286,325,28,39,1092
cr1_0641p_00001.cbf,531,559,287,325,28,38,1064
cr1_0641p_00002.cbf,531,559,286,325,28,39,1092
cr1_0641p_00003.cbf,531,559,285,325,28,40,1120
cr1_0641p_00004.cbf,531,559,285,325,28,40,1120
cr1_0641p_00005.cbf,531,557,288,328,26,40,1040
cr1_0641p_00006.cbf,530,558,289,329,28,40,1120
cr1_0641p_00007.cbf,531,558,287,326,27,39,1053
cr1_0641p_00008.cbf,531,559,286,325,28,39,1092
cr1_0642p_00001.cbf,531,559,287,325,28,38,1064
cr1_0642p_00002.cbf,531,559,286,325,28,39,1092
cr1_0642p_00003.cbf,531,559,286,324,28,38,1064
cr1_0642p_00004.cbf,531,558,285,325,27,40,1080
cr1_0642p_00005.cbf,530,557,287,328,27,41,1107
cr1_0642p_00006.cbf,530,558,288,329,28,41,1148
cr1_0642p_00007.cbf,531,558,288,328,27,40,1080
cr1_0642p_00008.cbf,531,559,287,327,28,40,1120
cr1_0643p_00001.cbf,530,559,287,327,29,40,1160
cr1_0643p_00002.cbf,531,559,287,326,28,39,1092
cr1_0643p_00003.cbf,531,559,285,326,28,41,1148
cr1_0643p_00004.cbf,531,558,285,326,27,41,1107
cr1_0643p_00005.cbf,531,557,288,329,26,41,1066
cr1_0643p_00006.cbf,530,558,289,329,28,40,1120
cr1_0643p_00007.cbf,531,558,287,327,27,40,1080
cr1_0643p_00008.cbf,531,559,287,327,28,40,1120
cr1_0644p_00001.cbf,531,559,287,327,28,40,1120
cr1_0644p_00002.cbf,531,559,287,326,28,39,1092
cr1_0644p_00003.cbf,531,559,286,326,28,40,1120
cr1_0644p_00004.cbf,531,558,286,326,27,40,1080
cr1_0644p_00005.cbf,530,557,289,329,27,40,1080
cr1_0644p_00006.cbf,531,558,290,328,27,38,1026
cr1_0644p_00007.cbf,531,558,288,326,27,38,1026
cr1_0644p_00008.cbf,531,559,287,325,28,38,1064
cr1_0645p_00001.cbf,531,559,287,325,28,38,1064
cr1_0645p_00002.cbf,531,559,287,325,28,38,1064
cr1_0645p_00003.cbf,531,559,286,324,28,38,1064
cr1_0645p_00004.cbf,531,559,285,325,28,40,1120
cr1_0645p_00005.cbf,530,557,287,328,27,41,1107
cr1_0645p_00006.cbf,530,558,289,329,28,40,1120
cr1_0645p_00007.cbf,531,558,287,327,27,40,1080
cr1_0645p_00008.cbf,531,559,287,326,28,39,1092
cr1_0646p_00001.cbf,531,559,287,326,28,39,1092
cr1_0646p_00002.cbf,531,559,287,326,28,39,1092
cr1_0646p_00003.cbf,531,559,286,325,28,39,1092
cr1_0646p_00004.cbf,531,558,285,325,27,40,1080
cr1_0646p_00005.cbf,530,557,287,328,27,41,1107
cr1_0646p_00006.cbf,530,557,289,331,27,42,1134
cr1_0646p_00007.cbf,530,558,288,329,28,41,1148
cr1_0646p_00008.cbf,531,559,287,328,28,41,1148
cr1_0647p_00001.cbf,531,559,288,328,28,40,1120
cr1_0647p_00002.cbf,531,559,287,327,28,40,1120
cr1_0647p_00003.cbf,531,559,286,326,28,40,1120
cr1_0647p_00004.cbf,531,558,285,326,27,41,1107
cr1_0647p_00005.cbf,530,557,287,328,27,41,1107
cr1_0647p_00006.cbf,530,558,288,329,28,41,1148
cr1_0647p_00007.cbf,530,558,287,328,28,41,1148
cr1_0647p_00008.cbf,531,559,287,327,28,40,1120
cr1_0648p_00001.cbf,531,559,287,327,28,40,1120
cr1_0648p_00002.cbf,531,559,287,327,28,40,1120
cr1_0648p_00003.cbf,531,558,285,326,27,41,1107
cr1_0648p_00004.cbf,530,557,286,327,27,41,1107
cr1_0648p_00005.cbf,530,557,289,329,27,40,1080
cr1_0648p_00006.cbf,531,558,289,328,27,39,1053
cr1_0648p_00007.cbf,531,559,287,326,28,39,1092
cr1_0648p_00008.cbf,531,559,286,325,28,39,1092
cr1_0649p_00001.cbf,531,559,287,325,28,38,1064
cr1_0649p_00002.cbf,531,559,286,325,28,39,1092
cr1_0649p_00003.cbf,531,559,285,324,28,39,1092
cr1_0649p_00004.cbf,531,559,285,324,28,39,1092
cr1_0649p_00005.cbf,530,558,286,327,28,41,1148
cr1_0649p_00006.cbf,530,558,288,328,28,40,1120
cr1_0649p_00007.cbf,531,558,287,328,27,41,1107
cr1_0649p_00008.cbf,531,559,287,327,28,40,1120
cr1_0650p_00001.cbf,531,559,287,327,28,40,1120
cr1_0650p_00002.cbf,531,559,287,327,28,40,1120
cr1_0650p_00003.cbf,531,559,285,326,28,41,1148
cr1_0650p_00004.cbf,531,558,285,326,27,41,1107
cr1_0650p_00005.cbf,530,557,286,328,27,42,1134
cr1_0650p_00006.cbf,530,558,288,329,28,41,1148
cr1_0650p_00007.cbf,531,558,287,328,27,41,1107
cr1_0650p_00008.cbf,531,559,287,328,28,41,1148
cr1_0651p_00001.cbf,531,559,287,328,28,41,1148
cr1_0651p_00002.cbf,531,559,287,327,28,40,1120
cr1_0651p_00003.cbf,531,559,286,326,28,40,1120
cr1_0651p_00004.cbf,531,558,285,326,27,41,1107
cr1_0651p_00005.cbf,531,558,286,328,27,42,1134
cr1_0651p_00006.cbf,531,558,287,328,27,41,1107
cr1_0651p_00007.cbf,531,559,286,327,28,41,1148
cr1_0651p_00008.cbf,531,559,286,328,28,42,1176
cr1_0652p_00001.cbf,531,559,287,328,28,41,1148
cr1_0652p_00002.cbf,531,559,287,328,28,41,1148
cr1_0652p_00003.cbf,531,559,286,326,28,40,1120
cr1_0652p_00004.cbf,531,559,285,326,28,41,1148
cr1_0652p_00005.cbf,531,558,285,327,27,42,1134
cr1_0652p_00006.cbf,531,558,286,328,27,42,1134
cr1_0652p_00007.cbf,531,559,286,328,28,42,1176
cr1_0652p_00008.cbf,531,559,286,328,28,42,1176
cr1_0653p_00001.cbf,531,559,287,328,28,41,1148
cr1_0653p_00002.cbf,531,559,287,328,28,41,1148
cr1_0653p_00003.cbf,531,559,285,326,28,41,1148
cr1_0653p_00004.cbf,530,558,285,326,28,41,1148
cr1_0653p_00005.cbf,530,558,284,326,28,42,1176
cr1_0653p_00006.cbf,531,558,286,327,27,41,1107
cr1_0653p_00007.cbf,531,559,286,326,28,40,1120
cr1_0653p_00008.cbf,531,559,286,327,28,41,1148
cr1_0654p_00001.cbf,531,559,287,327,28,40,1120
cr1_0654p_00002.cbf,531,559,287,327,28,40,1120
cr1_0654p_00003.cbf,531,559,285,325,28,40,1120
cr1_0654p_00004.cbf,531,559,284,325,28,41,1148
cr1_0654p_00005.cbf,531,558,284,325,27,41,1107
cr1_0654p_00006.cbf,531,558,285,327,27,42,1134
cr1_0654p_00007.cbf,531,559,285,327,28,42,1176
cr1_0654p_00008.cbf,531,559,286,327,28,41,1148
cr1_0655p_00001.cbf,531,559,287,328,28,41,1148
cr1_0655p_00002.cbf,531,559,287,327,28,40,1120
cr1_0655p_00003.cbf,531,559,285,326,28,41,1148
cr1_0655p_00004.cbf,531,559,284,325,28,41,1148
cr1_0655p_00005.cbf,531,558,283,325,27,42,1134
cr1_0655p_00006.cbf,531,558,285,326,27,41,1107
cr1_0655p_00007.cbf,531,559,285,327,28,42,1176
cr1_0655p_00008.cbf,531,559,286,327,28,41,1148
cr1_0656p_00001.cbf,531,559,287,328,28,41,1148
cr1_0656p_00002.cbf,531,559,287,328,28,41,1148
cr1_0656p_00003.cbf,531,559,285,326,28,41,1148
cr1_0656p_00004.cbf,531,559,284,325,28,41,1148
cr1_0656p_00005.cbf,531,558,283,325,27,42,1134
cr1_0656p_00006.cbf,531,558,284,326,27,42,1134
cr1_0656p_00007.cbf,531,559,285,326,28,41,1148
cr1_0656p_00008.cbf,531,559,286,327,28,41,1148
cr1_0657p_00001.cbf,531,559,287,328,28,41,1148
cr1_0657p_00002.cbf,531,559,287,328,28,41,1148
cr1_0657p_00003.cbf,531,559,285,327,28,42,1176
cr1_0657p_00004.cbf,531,558,284,326,27,42,1134
cr1_0657p_00005.cbf,531,558,283,325,27,42,1134
cr1_0657p_00006.cbf,531,558,284,326,27,42,1134
cr1_0657p_00007.cbf,531,559,285,326,28,41,1148
cr1_0657p_00008.cbf,531,559,285,327,28,42,1176
cr1_0658p_00001.cbf,531,559,287,328,28,41,1148
cr1_0658p_00002.cbf,531,559,287,327,28,40,1120
cr1_0658p_00003.cbf,531,559,284,325,28,41,1148
cr1_0658p_00004.cbf,531,559,284,325,28,41,1148
cr1_0658p_00005.cbf,531,558,283,324,27,41,1107
cr1_0658p_00006.cbf,531,559,283,325,28,42,1176
cr1_0658p_00007.cbf,531,559,284,326,28,42,1176
cr1_0658p_00008.cbf,531,559,285,327,28,42,1176
cr1_0659p_00001.cbf,531,559,287,328,28,41,1148
cr1_0659p_00002.cbf,532,559,287,327,27,40,1080
cr1_0659p_00003.cbf,531,559,285,326,28,41,1148
cr1_0659p_00004.cbf,531,559,284,325,28,41,1148
cr1_0659p_00005.cbf,531,558,282,324,27,42,1134
cr1_0659p_00006.cbf,531,559,283,325,28,42,1176
cr1_0659p_00007.cbf,531,559,284,326,28,42,1176
cr1_0659p_00008.cbf,531,559,285,327,28,42,1176
cr1_0660p_00001.cbf,531,559,287,328,28,41,1148
cr1_0660p_00002.cbf,531,559,287,328,28,41,1148
cr1_0660p_00003.cbf,531,559,285,326,28,41,1148
cr1_0660p_00004.cbf,531,559,284,325,28,41,1148
cr1_0660p_00005.cbf,531,558,283,324,27,41,1107
cr1_0660p_00006.cbf,531,559,283,325,28,42,1176
cr1_0660p_00007.cbf,531,559,284,326,28,42,1176
cr1_0660p_00008.cbf,531,559,285,327,28,42,1176
cr1_0661p_00001.cbf,531,559,286,328,28,42,1176
cr1_0661p_00002.cbf,531,559,287,328,28,41,1148
cr1_0661p_00003.cbf,531,559,285,326,28,41,1148
cr1_0661p_00004.cbf,531,559,284,325,28,41,1148
cr1_0661p_00005.cbf,531,558,282,324,27,42,1134
cr1_0661p_00006.cbf,531,559,283,325,28,42,1176
cr1_0661p_00007.cbf,531,559,284,325,28,41,1148
cr1_0661p_00008.cbf,531,559,285,327,28,42,1176
cr1_0662p_00001.cbf,531,559,287,328,28,41,1148
cr1_0662p_00002.cbf,531,559,286,328,28,42,1176
cr1_0662p_00003.cbf,531,559,285,326,28,41,1148
cr1_0662p_00004.cbf,531,559,283,325,28,42,1176
cr1_0662p_00005.cbf,531,558,282,324,27,42,1134
cr1_0662p_00006.cbf,531,559,283,325,28,42,1176
cr1_0662p_00007.cbf,531,559,284,326,28,42,1176
cr1_0662p_00008.cbf,531,559,285,327,28,42,1176
cr1_0663p_00001.cbf,531,559,287,328,28,41,1148
cr1_0663p_00002.cbf,531,559,286,328,28,42,1176
cr1_0663p_00003.cbf,531,559,285,326,28,41,1148
cr1_0663p_00004.cbf,531,559,283,325,28,42,1176
cr1_0663p_00005.cbf,531,558,282,324,27,42,1134
cr1_0663p_00006.cbf,531,558,283,325,27,42,1134
cr1_0663p_00007.cbf,531,559,284,326,28,42,1176
cr1_0663p_00008.cbf,531,559,285,327,28,42,1176
cr1_0664p_00001.cbf,531,559,287,328,28,41,1148
cr1_0664p_00002.cbf,531,559,287,328,28,41,1148
cr1_0664p_00003.cbf,531,559,285,326,28,41,1148
cr1_0664p_00004.cbf,531,559,283,325,28,42,1176
cr1_0664p_00005.cbf,531,558,282,324,27,42,1134
cr1_0664p_00006.cbf,531,558,283,325,27,42,1134
cr1_0664p_00007.cbf,531,559,284,326,28,42,1176
cr1_0664p_00008.cbf,531,559,285,327,28,42,1176
cr1_0665p_00001.cbf,531,559,287,328,28,41,1148
cr1_0665p_00002.cbf,531,559,287,328,28,41,1148
cr1_0665p_00003.cbf,531,559,285,326,28,41,1148
cr1_0665p_00004.cbf,531,558,283,325,27,42,1134
cr1_0665p_00005.cbf,531,558,282,323,27,41,1107
cr1_0665p_00006.cbf,531,558,284,324,27,40,1080
cr1_0665p_00007.cbf,531,559,284,325,28,41,1148
cr1_0665p_00008.cbf,531,559,286,325,28,39,1092
cr1_0666p_00001.cbf,530,559,286,327,29,41,1189
cr1_0666p_00002.cbf,531,559,286,327,28,41,1148
cr1_0666p_00003.cbf,531,559,285,325,28,40,1120
cr1_0666p_00004.cbf,531,559,283,324,28,41,1148
cr1_0666p_00005.cbf,531,558,282,323,27,41,1107
cr1_0666p_00006.cbf,531,558,284,324,27,40,1080
cr1_0666p_00007.cbf,531,559,284,324,28,40,1120
cr1_0666p_00008.cbf,531,559,285,325,28,40,1120
cr1_0667p_00001.cbf,531,559,287,326,28,39,1092
cr1_0667p_00002.cbf,531,559,286,326,28,40,1120
cr1_0667p_00003.cbf,531,559,284,324,28,40,1120
cr1_0667p_00004.cbf,531,558,283,323,27,40,1080
cr1_0667p_00005.cbf,531,558,282,323,27,41,1107
cr1_0667p_00006.cbf,531,558,284,324,27,40,1080
cr1_0667p_00007.cbf,532,559,285,324,27,39,1053
cr1_0667p_00008.cbf,531,559,285,325,28,40,1120
cr1_0668p_00001.cbf,531,559,287,326,28,39,1092
cr1_0668p_00002.cbf,531,559,286,326,28,40,1120
cr1_0668p_00003.cbf,531,559,284,324,28,40,1120
cr1_0668p_00004.cbf,531,558,282,322,27,40,1080
cr1_0668p_00005.cbf,531,558,282,321,27,39,1053
cr1_0668p_00006.cbf,532,559,283,322,27,39,1053
cr1_0668p_00007.cbf,532,559,284,322,27,38,1026
cr1_0668p_00008.cbf,531,559,285,323,28,38,1064
cr1_0669p_00001.cbf,532,559,286,324,27,38,1026
cr1_0669p_00002.cbf,531,559,286,324,28,38,1064
cr1_0669p_00003.cbf,532,559,284,322,27,38,1026
cr1_0669p_00004.cbf,531,559,282,321,28,39,1092
cr1_0669p_00005.cbf,531,558,282,320,27,38,1026
cr1_0669p_00006.cbf,531,558,283,321,27,38,1026
cr1_0669p_00007.cbf,531,559,284,322,28,38,1064
cr1_0669p_00008.cbf,531,559,285,323,28,38,1064
cr1_0670p_00001.cbf,531,559,286,324,28,38,1064
cr1_0670p_00002.cbf,531,559,286,324,28,38,1064
cr1_0670p_00003.cbf,531,559,284,322,28,38,1064
cr1_0670p_00004.cbf,531,559,282,321,28,39,1092
cr1_0670p_00005.cbf,531,558,281,320,27,39,1053
cr1_0670p_00006.cbf,531,558,283,321,27,38,1026
cr1_0670p_00007.cbf,531,559,284,322,28,38,1064
cr1_0670p_00008.cbf,531,559,285,323,28,38,1064
cr1_0671p_00001.cbf,531,559,286,324,28,38,1064
cr1_0671p_00002.cbf,531,559,286,324,28,38,1064
cr1_0671p_00003.cbf,531,559,284,322,28,38,1064
cr1_0671p_00004.cbf,532,558,283,321,26,38,988
cr1_0671p_00005.cbf,531,558,282,319,27,37,999
cr1_0671p_00006.cbf,532,558,283,320,26,37,962
cr1_0671p_00007.cbf,531,558,284,321,27,37,999
cr1_0671p_00008.cbf,532,559,285,322,27,37,999
cr1_0672p_00001.cbf,531,559,286,323,28,37,1036
cr1_0672p_00002.cbf,531,559,286,323,28,37,1036
cr1_0672p_00003.cbf,531,559,284,322,28,38,1064
cr1_0672p_00004.cbf,531,558,282,320,27,38,1026
cr1_0672p_00005.cbf,531,558,282,319,27,37,999
cr1_0672p_00006.cbf,531,558,284,321,27,37,999
cr1_0672p_00007.cbf,532,558,284,321,26,37,962
cr1_0672p_00008.cbf,531,559,285,322,28,37,1036
cr1_0673p_00001.cbf,532,559,286,323,27,37,999
cr1_0673p_00002.cbf,531,559,286,323,28,37,1036
cr1_0673p_00003.cbf,531,559,284,322,28,38,1064
cr1_0673p_00004.cbf,531,558,282,320,27,38,1026
cr1_0673p_00005.cbf,532,558,282,320,26,38,988
cr1_0673p_00006.cbf,531,558,283,321,27,38,1026
cr1_0673p_00007.cbf,531,559,284,321,28,37,1036
cr1_0673p_00008.cbf,531,559,285,322,28,37,1036
cr1_0674p_00001.cbf,531,559,286,323,28,37,1036
cr1_0674p_00002.cbf,531,559,286,323,28,37,1036
cr1_0674p_00003.cbf,531,559,284,322,28,38,1064
cr1_0674p_00004.cbf,531,559,282,321,28,39,1092
cr1_0674p_00005.cbf,531,558,282,320,27,38,1026
cr1_0674p_00006.cbf,531,558,283,321,27,38,1026
cr1_0674p_00007.cbf,531,559,284,322,28,38,1064
cr1_0674p_00008.cbf,531,559,285,323,28,38,1064
cr1_0675p_00001.cbf,531,559,286,323,28,37,1036
cr1_0675p_00002.cbf,531,559,286,323,28,37,1036
cr1_0675p_00003.cbf,531,559,284,322,28,38,1064
cr1_0675p_00004.cbf,531,559,282,321,28,39,1092
cr1_0675p_00005.cbf,531,558,282,320,27,38,1026
cr1_0675p_00006.cbf,531,558,283,321,27,38,1026
cr1_0675p_00007.cbf,531,558,284,322,27,38,1026
cr1_0675p_00008.cbf,531,559,285,323,28,38,1064
cr1_0676p_00001.cbf,531,559,286,324,28,38,1064
cr1_0676p_00002.cbf,531,559,286,324,28,38,1064
cr1_0676p_00003.cbf,531,559,284,322,28,38,1064
cr1_0676p_00004.cbf,531,558,282,320,27,38,1026
cr1_0676p_00005.cbf,531,558,282,320,27,38,1026
cr1_0676p_00006.cbf,531,558,284,321,27,37,999
cr1_0676p_00007.cbf,531,559,284,322,28,38,1064
cr1_0676p_00008.cbf,531,559,285,323,28,38,1064
cr1_0677p_00001.cbf,531,559,286,324,28,38,1064
cr1_0677p_00002.cbf,531,559,286,323,28,37,1036
cr1_0677p_00003.cbf,531,559,284,322,28,38,1064
cr1_0677p_00004.cbf,531,558,282,320,27,38,1026
cr1_0677p_00005.cbf,531,558,282,320,27,38,1026
cr1_0677p_00006.cbf,531,558,284,321,27,37,999
cr1_0677p_00007.cbf,531,559,284,321,28,37,1036
cr1_0677p_00008.cbf,531,559,285,322,28,37,1036
cr1_0678p_00001.cbf,531,559,286,323,28,37,1036
cr1_0678p_00002.cbf,531,559,285,323,28,38,1064
cr1_0678p_00003.cbf,531,559,284,322,28,38,1064
cr1_0678p_00004.cbf,531,559,283,321,28,38,1064
cr1_0678p_00005.cbf,530,558,282,320,28,38,1064
cr1_0678p_00006.cbf,531,558,283,321,27,38,1026
cr1_0678p_00007.cbf,531,558,284,322,27,38,1026
cr1_0678p_00008.cbf,531,559,285,323,28,38,1064
cr1_0679p_00001.cbf,531,559,286,324,28,38,1064
cr1_0679p_00002.cbf,531,559,286,324,28,38,1064
cr1_0679p_00003.cbf,531,559,284,322,28,38,1064
cr1_0679p_00004.cbf,531,558,282,320,27,38,1026
cr1_0679p_00005.cbf,531,558,282,320,27,38,1026
cr1_0679p_00006.cbf,531,558,283,321,27,38,1026
cr1_0679p_00007.cbf,531,559,284,322,28,38,1064
cr1_0679p_00008.cbf,531,559,285,323,28,38,1064
cr1_0680p_00001.cbf,531,559,286,324,28,38,1064
cr1_0680p_00002.cbf,531,559,286,323,28,37,1036
cr1_0680p_00003.cbf,531,559,284,323,28,39,1092
cr1_0680p_00004.cbf,531,558,282,320,27,38,1026
cr1_0680p_00005.cbf,531,558,282,320,27,38,1026
cr1_0680p_00006.cbf,531,558,283,321,27,38,1026
cr1_0680p_00007.cbf,531,559,284,322,28,38,1064
cr1_0680p_00008.cbf,531,559,285,322,28,37,1036
cr1_0681p_00001.cbf,531,560,286,323,29,37,1073
cr1_0681p_00002.cbf,531,559,285,323,28,38,1064
cr1_0681p_00003.cbf,531,559,284,322,28,38,1064
cr1_0681p_00004.cbf,531,559,282,321,28,39,1092
cr1_0681p_00005.cbf,531,558,282,320,27,38,1026
cr1_0681p_00006.cbf,531,558,283,322,27,39,1053
cr1_0681p_00007.cbf,531,559,284,322,28,38,1064
cr1_0681p_00008.cbf,531,559,285,323,28,38,1064
cr1_0682p_00001.cbf,531,559,286,324,28,38,1064
cr1_0682p_00002.cbf,531,559,286,323,28,37,1036
cr1_0682p_00003.cbf,531,559,284,322,28,38,1064
cr1_0682p_00004.cbf,531,558,282,321,27,39,1053
cr1_0682p_00005.cbf,531,558,282,320,27,38,1026
cr1_0682p_00006.cbf,531,558,283,322,27,39,1053
cr1_0682p_00007.cbf,531,559,284,322,28,38,1064
cr1_0682p_00008.cbf,531,559,285,323,28,38,1064
cr1_0683p_00001.cbf,531,559,286,324,28,38,1064
cr1_0683p_00002.cbf,531,559,285,324,28,39,1092
cr1_0683p_00003.cbf,531,559,284,322,28,38,1064
cr1_0683p_00004.cbf,531,558,282,321,27,39,1053
cr1_0683p_00005.cbf,530,558,282,321,28,39,1092
cr1_0683p_00006.cbf,531,558,283,322,27,39,1053
cr1_0683p_00007.cbf,531,559,284,322,28,38,1064
cr1_0683p_00008.cbf,531,559,285,323,28,38,1064
cr1_0684p_00001.cbf,530,559,286,324,29,38,1102
cr1_0684p_00002.cbf,531,559,286,324,28,38,1064
cr1_0684p_00003.cbf,531,559,284,322,28,38,1064
cr1_0684p_00004.cbf,531,558,282,320,27,38,1026
cr1_0684p_00005.cbf,531,558,282,320,27,38,1026
cr1_0684p_00006.cbf,531,558,284,321,27,37,999
cr1_0684p_00007.cbf,531,559,284,322,28,38,1064
cr1_0684p_00008.cbf,531,559,285,323,28,38,1064
cr1_0685p_00001.cbf,531,559,286,324,28,38,1064
cr1_0685p_00002.cbf,531,559,286,324,28,38,1064
cr1_0685p_00003.cbf,531,559,284,322,28,38,1064
cr1_0685p_00004.cbf,531,558,282,321,27,39,1053
cr1_0685p_00005.cbf,531,558,282,321,27,39,1053
cr1_0685p_00006.cbf,531,558,283,322,27,39,1053
cr1_0685p_00007.cbf,531,559,284,322,28,38,1064
cr1_0685p_00008.cbf,531,559,285,323,28,38,1064
cr1_0686p_00001.cbf,531,559,286,323,28,37,1036
cr1_0686p_00002.cbf,531,559,285,323,28,38,1064
cr1_0686p_00003.cbf,531,559,284,323,28,39,1092
cr1_0686p_00004.cbf,531,558,282,320,27,38,1026
cr1_0686p_00005.cbf,531,558,282,320,27,38,1026
cr1_0686p_00006.cbf,531,558,283,321,27,38,1026
cr1_0686p_00007.cbf,531,559,283,321,28,38,1064
cr1_0686p_00008.cbf,531,559,285,322,28,37,1036
cr1_0687p_00001.cbf,531,560,286,323,29,37,1073
cr1_0687p_00002.cbf,531,559,286,323,28,37,1036
cr1_0687p_00003.cbf,531,559,284,322,28,38,1064
cr1_0687p_00004.cbf,531,558,283,321,27,38,1026
cr1_0687p_00005.cbf,531,558,282,320,27,38,1026
cr1_0687p_00006.cbf,531,558,283,322,27,39,1053
cr1_0687p_00007.cbf,531,559,283,322,28,39,1092
cr1_0687p_00008.cbf,531,559,285,323,28,38,1064
cr1_0688p_00001.cbf,531,559,286,324,28,38,1064
cr1_0688p_00002.cbf,531,559,285,323,28,38,1064
cr1_0688p_00003.cbf,531,559,284,322,28,38,1064
cr1_0688p_00004.cbf,531,559,282,321,28,39,1092
cr1_0688p_00005.cbf,531,558,281,320,27,39,1053
cr1_0688p_00006.cbf,531,558,282,322,27,40,1080
cr1_0688p_00007.cbf,531,559,284,322,28,38,1064
cr1_0688p_00008.cbf,531,559,285,323,28,38,1064
cr1_0689p_00001.cbf,531,559,286,324,28,38,1064
cr1_0689p_00002.cbf,531,559,285,324,28,39,1092
cr1_0689p_00003.cbf,531,559,284,322,28,38,1064
cr1_0689p_00004.cbf,531,559,283,321,28,38,1064
cr1_0689p_00005.cbf,531,558,281,321,27,40,1080
cr1_0689p_00006.cbf,531,559,283,321,28,38,1064
cr1_0689p_00007.cbf,531,559,284,322,28,38,1064
cr1_0689p_00008.cbf,531,559,285,323,28,38,1064
cr1_0690p_00001.cbf,531,559,286,324,28,38,1064
cr1_0690p_00002.cbf,531,559,286,324,28,38,1064
cr1_0690p_00003.cbf,531,559,284,323,28,39,1092
cr1_0690p_00004.cbf,531,559,282,321,28,39,1092
cr1_0690p_00005.cbf,531,558,281,320,27,39,1053
cr1_0690p_00006.cbf,531,559,282,321,28,39,1092
cr1_0690p_00007.cbf,531,559,283,322,28,39,1092
cr1_0690p_00008.cbf,531,559,285,323,28,38,1064
cr1_0691p_00001.cbf,531,559,286,324,28,38,1064
cr1_0691p_00002.cbf,531,560,286,324,29,38,1102
cr1_0691p_00003.cbf,531,559,284,323,28,39,1092
cr1_0691p_00004.cbf,531,559,282,321,28,39,1092
cr1_0691p_00005.cbf,531,558,280,319,27,39,1053
cr1_0691p_00006.cbf,531,558,282,320,27,38,1026
cr1_0691p_00007.cbf,531,559,283,321,28,38,1064
cr1_0691p_00008.cbf,531,559,285,323,28,38,1064
cr1_0692p_00001.cbf,531,559,285,324,28,39,1092
cr1_0692p_00002.cbf,531,559,286,324,28,38,1064
cr1_0692p_00003.cbf,531,559,284,323,28,39,1092
cr1_0692p_00004.cbf,531,559,282,321,28,39,1092
cr1_0692p_00005.cbf,531,558,281,320,27,39,1053
cr1_0692p_00006.cbf,532,559,282,321,27,39,1053
cr1_0692p_00007.cbf,531,559,283,321,28,38,1064
cr1_0692p_00008.cbf,531,559,284,323,28,39,1092
cr1_0693p_00001.cbf,531,559,286,324,28,38,1064
cr1_0693p_00002.cbf,531,559,286,324,28,38,1064
cr1_0693p_00003.cbf,531,559,284,323,28,39,1092
cr1_0693p_00004.cbf,531,559,282,321,28,39,1092
cr1_0693p_00005.cbf,531,558,281,320,27,39,1053
cr1_0693p_00006.cbf,531,559,282,321,28,39,1092
cr1_0693p_00007.cbf,531,559,283,322,28,39,1092
cr1_0693p_00008.cbf,531,559,285,323,28,38,1064
cr1_0694p_00001.cbf,531,559,286,324,28,38,1064
cr1_0694p_00002.cbf,531,559,285,324,28,39,1092
cr1_0694p_00003.cbf,531,559,284,323,28,39,1092
cr1_0694p_00004.cbf,531,559,283,321,28,38,1064
cr1_0694p_00005.cbf,531,558,280,320,27,40,1080
cr1_0694p_00006.cbf,531,559,281,321,28,40,1120
cr1_0694p_00007.cbf,531,559,283,322,28,39,1092
cr1_0694p_00008.cbf,531,559,285,323,28,38,1064
cr1_0695p_00001.cbf,531,560,286,324,29,38,1102
cr1_0695p_00002.cbf,531,559,285,324,28,39,1092
cr1_0695p_00003.cbf,531,559,284,323,28,39,1092
cr1_0695p_00004.cbf,531,559,283,321,28,38,1064
cr1_0695p_00005.cbf,531,558,281,320,27,39,1053
cr1_0695p_00006.cbf,532,559,282,321,27,39,1053
cr1_0695p_00007.cbf,531,559,283,322,28,39,1092
cr1_0695p_00008.cbf,531,559,285,323,28,38,1064
cr1_0696p_00001.cbf,531,559,286,324,28,38,1064
cr1_0696p_00002.cbf,531,559,286,324,28,38,1064
cr1_0696p_00003.cbf,531,559,284,323,28,39,1092
cr1_0696p_00004.cbf,531,559,283,321,28,38,1064
cr1_0696p_00005.cbf,531,558,281,320,27,39,1053
cr1_0696p_00006.cbf,531,558,282,321,27,39,1053
cr1_0696p_00007.cbf,531,559,284,322,28,38,1064
cr1_0696p_00008.cbf,531,559,285,323,28,38,1064
cr1_0697p_00001.cbf,531,559,286,324,28,38,1064
cr1_0697p_00002.cbf,531,559,286,324,28,38,1064
cr1_0697p_00003.cbf,531,559,284,323,28,39,1092
cr1_0697p_00004.cbf,531,559,283,321,28,38,1064
cr1_0697p_00005.cbf,531,558,281,320,27,39,1053
cr1_0697p_00006.cbf,531,559,282,321,28,39,1092
cr1_0697p_00007.cbf,531,559,283,321,28,38,1064
cr1_0697p_00008.cbf,531,560,285,323,29,38,1102
cr1_0698p_00001.cbf,531,559,286,324,28,38,1064
cr1_0698p_00002.cbf,531,559,286,324,28,38,1064
cr1_0698p_00003.cbf,531,559,284,323,28,39,1092
cr1_0698p_00004.cbf,531,559,283,322,28,39,1092
cr1_0698p_00005.cbf,531,558,281,319,27,38,1026
cr1_0698p_00006.cbf,531,559,282,321,28,39,1092
cr1_0698p_00007.cbf,531,559,283,322,28,39,1092
cr1_0698p_00008.cbf,532,559,285,323,27,38,1026
cr1_0699p_00001.cbf,531,559,286,324,28,38,1064
cr1_0699p_00002.cbf,531,559,286,324,28,38,1064
cr1_0699p_00003.cbf,531,559,285,323,28,38,1064
cr1_0699p_00004.cbf,531,558,283,322,27,39,1053
cr1_0699p_00005.cbf,531,558,281,319,27,38,1026
cr1_0699p_00006.cbf,531,559,282,320,28,38,1064
cr1_0699p_00007.cbf,531,559,284,321,28,37,1036
cr1_0699p_00008.cbf,531,559,285,323,28,38,1064
cr1_0700p_00001.cbf,531,559,286,324,28,38,1064
cr1_0700p_00002.cbf,531,559,286,324,28,38,1064
cr1_0700p_00003.cbf,531,559,285,323,28,38,1064
cr1_0700p_00004.cbf,531,559,283,321,28,38,1064
cr1_0700p_00005.cbf,531,558,281,319,27,38,1026
cr1_0700p_00006.cbf,531,558,281,320,27,39,1053
cr1_0700p_00007.cbf,531,559,282,322,28,40,1120
cr1_0700p_00008.cbf,531,559,284,323,28,39,1092
cr1_0701p_00001.cbf,531,559,285,324,28,39,1092
cr1_0701p_00002.cbf,531,559,285,324,28,39,1092
cr1_0701p_00003.cbf,531,559,284,323,28,39,1092
cr1_0701p_00004.cbf,531,558,282,321,27,39,1053
cr1_0701p_00005.cbf,531,558,280,318,27,38,1026
cr1_0701p_00006.cbf,531,558,280,320,27,40,1080
cr1_0701p_00007.cbf,531,559,282,322,28,40,1120
cr1_0701p_00008.cbf,531,559,283,323,28,40,1120
cr1_0702p_00001.cbf,531,559,284,324,28,40,1120
cr1_0702p_00002.cbf,531,559,284,324,28,40,1120
cr1_0702p_00003.cbf,531,559,283,323,28,40,1120
cr1_0702p_00004.cbf,531,559,282,321,28,39,1092
cr1_0702p_00005.cbf,531,558,280,319,27,39,1053
cr1_0702p_00006.cbf,531,558,280,320,27,40,1080
cr1_0702p_00007.cbf,531,559,282,322,28,40,1120
cr1_0702p_00008.cbf,531,559,283,323,28,40,1120
cr1_0703p_00001.cbf,531,559,284,324,28,40,1120
cr1_0703p_00002.cbf,531,559,284,324,28,40,1120
cr1_0703p_00003.cbf,531,559,283,323,28,40,1120
cr1_0703p_00004.cbf,531,559,282,321,28,39,1092
cr1_0703p_00005.cbf,531,558,279,318,27,39,1053
cr1_0703p_00006.cbf,531,558,280,320,27,40,1080
cr1_0703p_00007.cbf,531,559,282,322,28,40,1120
cr1_0703p_00008.cbf,531,559,283,323,28,40,1120
cr1_0704p_00001.cbf,531,559,285,324,28,39,1092
cr1_0704p_00002.cbf,531,560,284,324,29,40,1160
cr1_0704p_00003.cbf,531,559,284,323,28,39,1092
cr1_0704p_00004.cbf,531,558,282,321,27,39,1053
cr1_0704p_00005.cbf,531,558,279,319,27,40,1080
cr1_0704p_00006.cbf,532,558,281,320,26,39,1014
cr1_0704p_00007.cbf,532,559,282,322,27,40,1080
cr1_0704p_00008.cbf,531,559,283,323,28,40,1120
cr1_0705p_00001.cbf,531,559,285,324,28,39,1092
cr1_0705p_00002.cbf,531,559,284,324,28,40,1120
cr1_0705p_00003.cbf,531,559,283,323,28,40,1120
cr1_0705p_00004.cbf,531,558,282,322,27,40,1080
cr1_0705p_00005.cbf,531,558,280,320,27,40,1080
cr1_0705p_00006.cbf,531,559,281,320,28,39,1092
cr1_0705p_00007.cbf,531,559,282,322,28,40,1120
cr1_0705p_00008.cbf,531,559,283,323,28,40,1120
cr1_0706p_00001.cbf,531,559,285,324,28,39,1092
cr1_0706p_00002.cbf,531,559,285,324,28,39,1092
cr1_0706p_00003.cbf,531,559,284,323,28,39,1092
cr1_0706p_00004.cbf,531,559,282,321,28,39,1092
cr1_0706p_00005.cbf,531,558,280,320,27,40,1080
cr1_0706p_00006.cbf,531,558,281,321,27,40,1080
cr1_0706p_00007.cbf,531,559,282,321,28,39,1092
cr1_0706p_00008.cbf,531,559,283,323,28,40,1120
cr1_0707p_00001.cbf,531,559,285,324,28,39,1092
cr1_0707p_00002.cbf,531,559,284,324,28,40,1120
cr1_0707p_00003.cbf,531,559,283,323,28,40,1120
cr1_0707p_00004.cbf,531,558,282,322,27,40,1080
cr1_0707p_00005.cbf,531,558,280,320,27,40,1080
cr1_0707p_00006.cbf,531,559,281,320,28,39,1092
cr1_0707p_00007.cbf,531,559,282,322,28,40,1120
cr1_0707p_00008.cbf,531,559,283,323,28,40,1120
cr1_0708p_00001.cbf,531,559,284,324,28,40,1120
cr1_0708p_00002.cbf,531,559,285,324,28,39,1092
cr1_0708p_00003.cbf,531,559,284,323,28,39,1092
cr1_0708p_00004.cbf,531,559,282,322,28,40,1120
cr1_0708p_00005.cbf,531,558,280,320,27,40,1080
cr1_0708p_00006.cbf,531,559,281,320,28,39,1092
cr1_0708p_00007.cbf,531,559,282,322,28,40,1120
cr1_0708p_00008.cbf,531,560,283,323,29,40,1160
cr1_0709p_00001.cbf,531,560,285,324,29,39,1131
cr1_0709p_00002.cbf,531,559,284,324,28,40,1120
cr1_0709p_00003.cbf,531,559,283,323,28,40,1120
cr1_0709p_00004.cbf,531,559,282,322,28,40,1120
cr1_0709p_00005.cbf,531,558,279,319,27,40,1080
cr1_0709p_00006.cbf,531,559,281,320,28,39,1092
cr1_0709p_00007.cbf,531,559,282,322,28,40,1120
cr1_0709p_00008.cbf,531,560,283,322,29,39,1131
cr1_0710p_00001.cbf,531,559,285,324,28,39,1092
cr1_0710p_00002.cbf,531,559,284,324,28,40,1120
cr1_0710p_00003.cbf,531,559,284,323,28,39,1092
cr1_0710p_00004.cbf,531,559,282,322,28,40,1120
cr1_0710p_00005.cbf,531,558,279,319,27,40,1080
cr1_0710p_00006.cbf,531,559,281,321,28,40,1120
cr1_0710p_00007.cbf,531,559,282,321,28,39,1092
cr1_0710p_00008.cbf,531,559,283,323,28,40,1120
cr1_0711p_00001.cbf,531,559,285,324,28,39,1092
cr1_0711p_00002.cbf,531,560,285,324,29,39,1131
cr1_0711p_00003.cbf,531,559,284,323,28,39,1092
cr1_0711p_00004.cbf,531,558,282,322,27,40,1080
cr1_0711p_00005.cbf,531,558,280,320,27,40,1080
cr1_0711p_00006.cbf,531,559,281,321,28,40,1120
cr1_0711p_00007.cbf,531,559,282,322,28,40,1120
cr1_0711p_00008.cbf,531,559,283,323,28,40,1120
cr1_0712p_00001.cbf,531,560,285,324,29,39,1131
cr1_0712p_00002.cbf,531,559,285,323,28,38,1064
cr1_0712p_00003.cbf,531,559,283,323,28,40,1120
cr1_0712p_00004.cbf,531,559,282,322,28,40,1120
cr1_0712p_00005.cbf,531,558,281,321,27,40,1080
cr1_0712p_00006.cbf,531,559,281,321,28,40,1120
cr1_0712p_00007.cbf,531,559,282,322,28,40,1120
cr1_0712p_00008.cbf,531,559,283,323,28,40,1120
cr1_0713p_00001.cbf,531,559,285,324,28,39,1092
cr1_0713p_00002.cbf,531,559,285,324,28,39,1092
cr1_0713p_00003.cbf,531,559,284,323,28,39,1092
cr1_0713p_00004.cbf,531,559,282,322,28,40,1120
cr1_0713p_00005.cbf,531,558,280,320,27,40,1080
cr1_0713p_00006.cbf,531,559,281,321,28,40,1120
cr1_0713p_00007.cbf,531,559,282,322,28,40,1120
cr1_0713p_00008.cbf,531,560,283,323,29,40,1160
cr1_0714p_00001.cbf,531,559,285,324,28,39,1092
cr1_0714p_00002.cbf,531,559,285,324,28,39,1092
cr1_0714p_00003.cbf,531,559,283,323,28,40,1120
cr1_0714p_00004.cbf,530,559,282,322,29,40,1160
cr1_0714p_00005.cbf,531,558,280,320,27,40,1080
cr1_0714p_00006.cbf,531,559,281,321,28,40,1120
cr1_0714p_00007.cbf,531,559,282,322,28,40,1120
cr1_0714p_00008.cbf,531,559,283,323,28,40,1120
cr1_0715p_00001.cbf,531,560,285,324,29,39,1131
cr1_0715p_00002.cbf,531,559,284,324,28,40,1120
cr1_0715p_00003.cbf,531,559,284,323,28,39,1092
cr1_0715p_00004.cbf,531,559,282,322,28,40,1120
cr1_0715p_00005.cbf,531,558,280,320,27,40,1080
cr1_0715p_00006.cbf,531,559,281,320,28,39,1092
cr1_0715p_00007.cbf,531,559,282,321,28,39,1092
cr1_0715p_00008.cbf,531,559,283,323,28,40,1120
cr1_0716p_00001.cbf,531,559,285,324,28,39,1092
cr1_0716p_00002.cbf,531,559,285,324,28,39,1092
cr1_0716p_00003.cbf,531,559,283,322,28,39,1092
cr1_0716p_00004.cbf,531,559,283,322,28,39,1092
cr1_0716p_00005.cbf,531,558,280,321,27,41,1107
cr1_0716p_00006.cbf,531,559,281,320,28,39,1092
cr1_0716p_00007.cbf,531,559,282,322,28,40,1120
cr1_0716p_00008.cbf,531,559,283,323,28,40,1120
cr1_0717p_00001.cbf,531,559,285,324,28,39,1092
cr1_0717p_00002.cbf,531,559,284,324,28,40,1120
cr1_0717p_00003.cbf,531,559,284,323,28,39,1092
cr1_0717p_00004.cbf,531,559,282,321,28,39,1092
cr1_0717p_00005.cbf,531,558,280,319,27,39,1053
cr1_0717p_00006.cbf,531,559,281,320,28,39,1092
cr1_0717p_00007.cbf,531,559,282,321,28,39,1092
cr1_0717p_00008.cbf,531,560,283,322,29,39,1131
cr1_0718p_00001.cbf,531,559,284,324,28,40,1120
cr1_0718p_00002.cbf,531,559,285,324,28,39,1092
cr1_0718p_00003.cbf,531,559,283,323,28,40,1120
cr1_0718p_00004.cbf,531,559,282,322,28,40,1120
cr1_0718p_00005.cbf,531,558,280,319,27,39,1053
cr1_0718p_00006.cbf,531,558,281,321,27,40,1080
cr1_0718p_00007.cbf,531,559,282,322,28,40,1120
cr1_0718p_00008.cbf,531,559,283,323,28,40,1120
cr1_0719p_00001.cbf,531,560,285,324,29,39,1131
cr1_0719p_00002.cbf,531,559,285,324,28,39,1092
cr1_0719p_00003.cbf,531,559,284,323,28,39,1092
cr1_0719p_00004.cbf,531,559,283,322,28,39,1092
cr1_0719p_00005.cbf,531,558,280,320,27,40,1080
cr1_0719p_00006.cbf,531,559,281,321,28,40,1120
cr1_0719p_00007.cbf,531,559,282,322,28,40,1120
cr1_0719p_00008.cbf,531,559,283,323,28,40,1120
cr1_0720p_00001.cbf,531,560,284,324,29,40,1160
cr1_0720p_00002.cbf,531,559,285,324,28,39,1092
cr1_0720p_00003.cbf,531,559,284,323,28,39,1092
cr1_0720p_00004.cbf,531,558,283,322,27,39,1053
cr1_0720p_00005.cbf,531,558,281,320,27,39,1053
cr1_0720p_00006.cbf,531,559,281,321,28,40,1120
cr1_0720p_00007.cbf,531,559,282,322,28,40,1120
cr1_0720p_00008.cbf,531,559,283,323,28,40,1120
cr1_0721p_00001.cbf,531,559,285,324,28,39,1092
cr1_0721p_00002.cbf,531,559,284,324,28,40,1120
cr1_0721p_00003.cbf,531,559,284,323,28,39,1092
cr1_0721p_00004.cbf,531,559,282,322,28,40,1120
cr1_0721p_00005.cbf,531,558,281,320,27,39,1053
cr1_0721p_00006.cbf,531,559,281,320,28,39,1092
cr1_0721p_00007.cbf,531,559,282,321,28,39,1092
cr1_0721p_00008.cbf,531,559,283,323,28,40,1120
cr1_0722p_00001.cbf,531,559,285,323,28,38,1064
cr1_0722p_00002.cbf,531,559,285,324,28,39,1092
cr1_0722p_00003.cbf,531,559,284,323,28,39,1092
cr1_0722p_00004.cbf,531,559,283,322,28,39,1092
cr1_0722p_00005.cbf,531,558,280,320,27,40,1080
cr1_0722p_00006.cbf,531,558,281,320,27,39,1053
cr1_0722p_00007.cbf,531,559,282,321,28,39,1092
cr1_0722p_00008.cbf,531,559,283,322,28,39,1092
cr1_0723p_00001.cbf,531,560,284,323,29,39,1131
cr1_0723p_00002.cbf,531,559,285,324,28,39,1092
cr1_0723p_00003.cbf,531,559,284,323,28,39,1092
cr1_0723p_00004.cbf,531,559,283,323,28,40,1120
cr1_0723p_00005.cbf,531,558,281,320,27,39,1053
cr1_0723p_00006.cbf,531,559,281,320,28,39,1092
cr1_0723p_00007.cbf,531,559,282,322,28,40,1120
cr1_0723p_00008.cbf,531,559,283,323,28,40,1120
cr1_0724p_00001.cbf,531,559,285,324,28,39,1092
cr1_0724p_00002.cbf,531,559,284,324,28,40,1120
cr1_0724p_00003.cbf,531,559,284,324,28,40,1120
cr1_0724p_00004.cbf,531,559,283,322,28,39,1092
cr1_0724p_00005.cbf,531,558,280,319,27,39,1053
cr1_0724p_00006.cbf,531,559,281,320,28,39,1092
cr1_0724p_00007.cbf,531,559,282,321,28,39,1092
cr1_0724p_00008.cbf,531,560,283,322,29,39,1131
cr1_0725p_00001.cbf,531,560,285,323,29,38,1102
cr1_0725p_00002.cbf,531,559,285,324,28,39,1092
cr1_0725p_00003.cbf,531,559,284,323,28,39,1092
cr1_0725p_00004.cbf,531,559,283,322,28,39,1092
cr1_0725p_00005.cbf,531,558,280,319,27,39,1053
cr1_0725p_00006.cbf,531,559,281,320,28,39,1092
cr1_0725p_00007.cbf,531,559,282,321,28,39,1092
cr1_0725p_00008.cbf,531,559,283,323,28,40,1120
cr1_0726p_00001.cbf,531,559,285,324,28,39,1092
cr1_0726p_00002.cbf,531,559,285,323,28,38,1064
cr1_0726p_00003.cbf,531,559,284,323,28,39,1092
cr1_0726p_00004.cbf,531,559,283,322,28,39,1092
cr1_0726p_00005.cbf,531,558,281,320,27,39,1053
cr1_0726p_00006.cbf,531,559,281,320,28,39,1092
cr1_0726p_00007.cbf,531,559,282,321,28,39,1092
cr1_0726p_00008.cbf,531,559,283,323,28,40,1120
cr1_0727p_00001.cbf,531,560,285,324,29,39,1131
cr1_0727p_00002.cbf,531,559,285,324,28,39,1092
cr1_0727p_00003.cbf,531,559,284,323,28,39,1092
cr1_0727p_00004.cbf,531,558,283,322,27,39,1053
cr1_0727p_00005.cbf,531,558,280,319,27,39,1053
cr1_0727p_00006.cbf,531,559,281,320,28,39,1092
cr1_0727p_00007.cbf,531,559,282,322,28,40,1120
cr1_0727p_00008.cbf,531,559,283,322,28,39,1092
cr1_0728p_00001.cbf,531,559,285,324,28,39,1092
cr1_0728p_00002.cbf,531,560,285,324,29,39,1131
cr1_0728p_00003.cbf,531,559,284,323,28,39,1092
cr1_0728p_00004.cbf,531,559,283,322,28,39,1092
cr1_0728p_00005.cbf,531,558,280,319,27,39,1053
cr1_0728p_00006.cbf,531,559,281,320,28,39,1092
cr1_0728p_00007.cbf,531,559,282,321,28,39,1092
cr1_0728p_00008.cbf,531,559,283,322,28,39,1092
cr1_0729p_00001.cbf,531,559,285,323,28,38,1064
cr1_0729p_00002.cbf,532,559,285,324,27,39,1053
cr1_0729p_00003.cbf,531,559,284,323,28,39,1092
cr1_0729p_00004.cbf,531,559,283,322,28,39,1092
cr1_0729p_00005.cbf,531,558,281,320,27,39,1053
cr1_0729p_00006.cbf,531,559,281,320,28,39,1092
cr1_0729p_00007.cbf,531,559,282,321,28,39,1092
cr1_0729p_00008.cbf,531,559,283,323,28,40,1120
cr1_0730p_00001.cbf,531,560,284,324,29,40,1160
cr1_0730p_00002.cbf,531,559,285,324,28,39,1092
cr1_0730p_00003.cbf,531,559,284,323,28,39,1092
cr1_0730p_00004.cbf,531,559,283,322,28,39,1092
cr1_0730p_00005.cbf,531,558,281,320,27,39,1053
cr1_0730p_00006.cbf,531,559,282,321,28,39,1092
cr1_0730p_00007.cbf,531,559,282,322,28,40,1120
cr1_0730p_00008.cbf,531,559,283,323,28,40,1120
cr1_0731p_00001.cbf,531,559,285,324,28,39,1092
cr1_0731p_00002.cbf,531,559,285,324,28,39,1092
cr1_0731p_00003.cbf,531,559,284,323,28,39,1092
cr1_0731p_00004.cbf,531,559,283,322,28,39,1092
cr1_0731p_00005.cbf,531,558,280,319,27,39,1053
cr1_0731p_00006.cbf,531,559,281,320,28,39,1092
cr1_0731p_00007.cbf,531,559,282,321,28,39,1092
cr1_0731p_00008.cbf,531,560,283,322,29,39,1131
cr1_0732p_00001.cbf,531,559,285,324,28,39,1092
cr1_0732p_00002.cbf,531,559,285,324,28,39,1092
cr1_0732p_00003.cbf,531,559,284,323,28,39,1092
cr1_0732p_00004.cbf,531,559,283,322,28,39,1092
cr1_0732p_00005.cbf,531,558,281,320,27,39,1053
cr1_0732p_00006.cbf,531,559,281,321,28,40,1120
cr1_0732p_00007.cbf,531,559,282,321,28,39,1092
cr1_0732p_00008.cbf,532,559,283,322,27,39,1053
cr1_0733p_00001.cbf,531,559,285,324,28,39,1092
cr1_0733p_00002.cbf,531,560,285,323,29,38,1102
cr1_0733p_00003.cbf,531,559,284,323,28,39,1092
cr1_0733p_00004.cbf,531,558,283,322,27,39,1053
cr1_0733p_00005.cbf,531,558,281,320,27,39,1053
cr1_0733p_00006.cbf,531,558,281,320,27,39,1053
cr1_0733p_00007.cbf,531,559,283,322,28,39,1092
cr1_0733p_00008.cbf,531,559,283,323,28,40,1120
cr1_0734p_00001.cbf,531,559,285,324,28,39,1092
cr1_0734p_00002.cbf,531,559,285,324,28,39,1092
cr1_0734p_00003.cbf,531,559,284,323,28,39,1092
cr1_0734p_00004.cbf,531,558,283,322,27,39,1053
cr1_0734p_00005.cbf,531,558,281,320,27,39,1053
cr1_0734p_00006.cbf,531,559,282,320,28,38,1064
cr1_0734p_00007.cbf,531,559,283,322,28,39,1092
cr1_0734p_00008.cbf,531,559,284,323,28,39,1092
cr1_0735p_00001.cbf,532,559,285,324,27,39,1053
cr1_0735p_00002.cbf,531,559,285,323,28,38,1064
cr1_0735p_00003.cbf,531,559,284,323,28,39,1092
cr1_0735p_00004.cbf,530,558,283,323,28,40,1120
cr1_0735p_00005.cbf,531,558,281,320,27,39,1053
cr1_0735p_00006.cbf,531,558,282,321,27,39,1053
cr1_0735p_00007.cbf,531,559,283,322,28,39,1092
cr1_0735p_00008.cbf,532,559,283,322,27,39,1053
cr1_0736p_00001.cbf,531,559,285,324,28,39,1092
cr1_0736p_00002.cbf,531,559,285,324,28,39,1092
cr1_0736p_00003.cbf,531,559,284,323,28,39,1092
cr1_0736p_00004.cbf,531,558,284,323,27,39,1053
cr1_0736p_00005.cbf,531,558,281,320,27,39,1053
cr1_0736p_00006.cbf,531,558,282,321,27,39,1053
cr1_0736p_00007.cbf,531,559,283,322,28,39,1092
cr1_0736p_00008.cbf,531,559,284,323,28,39,1092
cr1_0737p_00001.cbf,531,559,285,323,28,38,1064
cr1_0737p_00002.cbf,531,559,285,323,28,38,1064
cr1_0737p_00003.cbf,531,559,284,323,28,39,1092
cr1_0737p_00004.cbf,531,558,284,322,27,38,1026
cr1_0737p_00005.cbf,531,558,282,321,27,39,1053
cr1_0737p_00006.cbf,531,558,282,321,27,39,1053
cr1_0737p_00007.cbf,531,559,283,322,28,39,1092
cr1_0737p_00008.cbf,531,559,283,322,28,39,1092
cr1_0738p_00001.cbf,531,559,285,323,28,38,1064
cr1_0738p_00002.cbf,531,559,285,324,28,39,1092
cr1_0738p_00003.cbf,531,559,283,323,28,40,1120
cr1_0738p_00004.cbf,531,559,283,323,28,40,1120
cr1_0738p_00005.cbf,531,558,281,321,27,40,1080
cr1_0738p_00006.cbf,532,558,282,321,26,39,1014
cr1_0738p_00007.cbf,531,559,283,322,28,39,1092
cr1_0738p_00008.cbf,531,559,284,323,28,39,1092
cr1_0739p_00001.cbf,531,559,285,324,28,39,1092
cr1_0739p_00002.cbf,531,559,285,324,28,39,1092
cr1_0739p_00003.cbf,531,559,284,322,28,38,1064
cr1_0739p_00004.cbf,531,558,283,323,27,40,1080
cr1_0739p_00005.cbf,531,558,282,321,27,39,1053
cr1_0739p_00006.cbf,531,558,282,321,27,39,1053
cr1_0739p_00007.cbf,532,559,283,322,27,39,1053
cr1_0739p_00008.cbf,531,559,284,323,28,39,1092
cr1_0740p_00001.cbf,531,559,285,323,28,38,1064
cr1_0740p_00002.cbf,531,559,285,324,28,39,1092
cr1_0740p_00003.cbf,531,559,284,323,28,39,1092
cr1_0740p_00004.cbf,531,558,283,322,27,39,1053
cr1_0740p_00005.cbf,531,558,282,321,27,39,1053
cr1_0740p_00006.cbf,531,558,282,321,27,39,1053
cr1_0740p_00007.cbf,531,559,283,322,28,39,1092
cr1_0740p_00008.cbf,531,559,283,323,28,40,1120
cr1_0741p_00001.cbf,531,560,285,324,29,39,1131
cr1_0741p_00002.cbf,531,560,285,324,29,39,1131
cr1_0741p_00003.cbf,531,559,284,323,28,39,1092
cr1_0741p_00004.cbf,531,558,283,322,27,39,1053
cr1_0741p_00005.cbf,531,558,282,321,27,39,1053
cr1_0741p_00006.cbf,531,559,282,321,28,39,1092
cr1_0741p_00007.cbf,531,559,283,322,28,39,1092
cr1_0741p_00008.cbf,531,559,283,322,28,39,1092
cr1_0742p_00001.cbf,530,560,285,324,30,39,1170
cr1_0742p_00002.cbf,531,559,285,324,28,39,1092
cr1_0742p_00003.cbf,531,559,284,323,28,39,1092
cr1_0742p_00004.cbf,531,558,283,323,27,40,1080
cr1_0742p_00005.cbf,531,558,282,321,27,39,1053
cr1_0742p_00006.cbf,531,558,283,322,27,39,1053
cr1_0742p_00007.cbf,531,559,283,322,28,39,1092
cr1_0742p_00008.cbf,531,559,284,322,28,38,1064
cr1_0743p_00001.cbf,531,559,285,324,28,39,1092
cr1_0743p_00002.cbf,531,559,285,324,28,39,1092
cr1_0743p_00003.cbf,531,559,284,323,28,39,1092
cr1_0743p_00004.cbf,531,558,284,323,27,39,1053
cr1_0743p_00005.cbf,531,558,282,321,27,39,1053
cr1_0743p_00006.cbf,531,558,283,322,27,39,1053
cr1_0743p_00007.cbf,531,559,283,323,28,40,1120
cr1_0743p_00008.cbf,531,559,284,323,28,39,1092
cr1_0744p_00001.cbf,531,559,285,324,28,39,1092
cr1_0744p_00002.cbf,531,559,285,324,28,39,1092
cr1_0744p_00003.cbf,531,559,284,323,28,39,1092
cr1_0744p_00004.cbf,531,558,283,323,27,40,1080
cr1_0744p_00005.cbf,531,558,282,321,27,39,1053
cr1_0744p_00006.cbf,531,558,283,322,27,39,1053
cr1_0744p_00007.cbf,531,559,283,322,28,39,1092
cr1_0744p_00008.cbf,531,559,284,323,28,39,1092
cr1_0745p_00001.cbf,531,559,285,324,28,39,1092
cr1_0745p_00002.cbf,531,559,285,324,28,39,1092
cr1_0745p_00003.cbf,531,559,284,323,28,39,1092
cr1_0745p_00004.cbf,530,558,284,323,28,39,1092
cr1_0745p_00005.cbf,531,558,282,321,27,39,1053
cr1_0745p_00006.cbf,531,558,283,322,27,39,1053
cr1_0745p_00007.cbf,531,559,284,323,28,39,1092
cr1_0745p_00008.cbf,531,559,284,323,28,39,1092
cr1_0746p_00001.cbf,531,559,285,324,28,39,1092
cr1_0746p_00002.cbf,531,559,285,324,28,39,1092
cr1_0746p_00003.cbf,531,559,284,323,28,39,1092
cr1_0746p_00004.cbf,531,558,284,323,27,39,1053
cr1_0746p_00005.cbf,531,558,283,322,27,39,1053
cr1_0746p_00006.cbf,531,558,284,323,27,39,1053
cr1_0746p_00007.cbf,530,559,283,323,29,40,1160
cr1_0746p_00008.cbf,531,559,284,323,28,39,1092
cr1_0747p_00001.cbf,531,560,285,324,29,39,1131
cr1_0747p_00002.cbf,531,559,285,324,28,39,1092
cr1_0747p_00003.cbf,531,559,284,323,28,39,1092
cr1_0747p_00004.cbf,531,559,283,323,28,40,1120
cr1_0747p_00005.cbf,531,558,282,322,27,40,1080
cr1_0747p_00006.cbf,531,558,283,323,27,40,1080
cr1_0747p_00007.cbf,531,559,284,323,28,39,1092
cr1_0747p_00008.cbf,531,559,284,323,28,39,1092
cr1_0748p_00001.cbf,530,559,285,324,29,39,1131
cr1_0748p_00002.cbf,531,559,285,324,28,39,1092
cr1_0748p_00003.cbf,531,559,284,323,28,39,1092
cr1_0748p_00004.cbf,530,558,284,323,28,39,1092
cr1_0748p_00005.cbf,531,558,282,323,27,41,1107
cr1_0748p_00006.cbf,531,558,284,323,27,39,1053
cr1_0748p_00007.cbf,531,559,284,323,28,39,1092
cr1_0748p_00008.cbf,531,559,284,323,28,39,1092
cr1_0749p_00001.cbf,531,559,285,324,28,39,1092
cr1_0749p_00002.cbf,531,560,285,324,29,39,1131
cr1_0749p_00003.cbf,531,559,284,323,28,39,1092
cr1_0749p_00004.cbf,531,558,284,323,27,39,1053
cr1_0749p_00005.cbf,531,558,283,322,27,39,1053
cr1_0749p_00006.cbf,531,558,284,323,27,39,1053
cr1_0749p_00007.cbf,531,559,284,323,28,39,1092
cr1_0749p_00008.cbf,531,559,284,323,28,39,1092
cr1_0750p_00001.cbf,531,559,286,324,28,38,1064
cr1_0750p_00002.cbf,531,559,285,324,28,39,1092
cr1_0750p_00003.cbf,531,559,284,323,28,39,1092
cr1_0750p_00004.cbf,530,558,284,324,28,40,1120
cr1_0750p_00005.cbf,531,558,283,322,27,39,1053
cr1_0750p_00006.cbf,531,558,284,323,27,39,1053
cr1_0750p_00007.cbf,531,559,284,323,28,39,1092
cr1_0750p_00008.cbf,530,559,284,323,29,39,1131
cr1_0751p_00001.cbf,531,559,285,324,28,39,1092
cr1_0751p_00002.cbf,530,560,285,324,30,39,1170
cr1_0751p_00003.cbf,531,559,284,323,28,39,1092
cr1_0751p_00004.cbf,531,559,283,323,28,40,1120
cr1_0751p_00005.cbf,531,558,282,322,27,40,1080
cr1_0751p_00006.cbf,531,558,283,323,27,40,1080
cr1_0751p_00007.cbf,531,559,284,323,28,39,1092
cr1_0751p_00008.cbf,531,559,284,323,28,39,1092
cr1_0752p_00001.cbf,530,559,286,324,29,38,1102
cr1_0752p_00002.cbf,531,559,285,324,28,39,1092
cr1_0752p_00003.cbf,531,559,284,323,28,39,1092
cr1_0752p_00004.cbf,530,558,284,324,28,40,1120
cr1_0752p_00005.cbf,531,558,283,322,27,39,1053
cr1_0752p_00006.cbf,531,558,284,323,27,39,1053
cr1_0752p_00007.cbf,531,559,284,323,28,39,1092
cr1_0752p_00008.cbf,531,559,284,323,28,39,1092
cr1_0753p_00001.cbf,531,559,285,325,28,40,1120
cr1_0753p_00002.cbf,531,559,285,324,28,39,1092
cr1_0753p_00003.cbf,531,559,284,323,28,39,1092
cr1_0753p_00004.cbf,531,558,283,323,27,40,1080
cr1_0753p_00005.cbf,531,558,282,322,27,40,1080
cr1_0753p_00006.cbf,531,558,283,323,27,40,1080
cr1_0753p_00007.cbf,531,559,284,323,28,39,1092
cr1_0753p_00008.cbf,531,559,284,324,28,40,1120
cr1_0754p_00001.cbf,531,559,286,325,28,39,1092
cr1_0754p_00002.cbf,531,560,285,324,29,39,1131
cr1_0754p_00003.cbf,531,559,284,323,28,39,1092
cr1_0754p_00004.cbf,531,558,284,323,27,39,1053
cr1_0754p_00005.cbf,531,558,283,323,27,40,1080
cr1_0754p_00006.cbf,531,558,284,323,27,39,1053
cr1_0754p_00007.cbf,531,559,284,323,28,39,1092
cr1_0754p_00008.cbf,531,559,284,323,28,39,1092
cr1_0755p_00001.cbf,531,559,286,325,28,39,1092
cr1_0755p_00002.cbf,531,559,285,324,28,39,1092
cr1_0755p_00003.cbf,531,559,284,323,28,39,1092
cr1_0755p_00004.cbf,531,558,284,324,27,40,1080
cr1_0755p_00005.cbf,531,558,283,323,27,40,1080
cr1_0755p_00006.cbf,531,558,284,323,27,39,1053
cr1_0755p_00007.cbf,531,559,284,323,28,39,1092
cr1_0755p_00008.cbf,531,559,284,323,28,39,1092
cr1_0756p_00001.cbf,531,559,286,325,28,39,1092
cr1_0756p_00002.cbf,531,559,285,324,28,39,1092
cr1_0756p_00003.cbf,531,559,284,324,28,40,1120
cr1_0756p_00004.cbf,531,558,284,324,27,40,1080
cr1_0756p_00005.cbf,531,558,283,323,27,40,1080
cr1_0756p_00006.cbf,531,558,284,323,27,39,1053
cr1_0756p_00007.cbf,531,559,284,323,28,39,1092
cr1_0756p_00008.cbf,531,559,285,324,28,39,1092
cr1_0757p_00001.cbf,531,559,286,325,28,39,1092
cr1_0757p_00002.cbf,531,559,285,324,28,39,1092
cr1_0757p_00003.cbf,531,559,284,323,28,39,1092
cr1_0757p_00004.cbf,531,558,284,324,27,40,1080
cr1_0757p_00005.cbf,531,558,283,323,27,40,1080
cr1_0757p_00006.cbf,531,558,284,324,27,40,1080
cr1_0757p_00007.cbf,531,559,285,324,28,39,1092
cr1_0757p_00008.cbf,531,559,285,324,28,39,1092
cr1_0758p_00001.cbf,531,559,286,325,28,39,1092
cr1_0758p_00002.cbf,531,559,285,324,28,39,1092
cr1_0758p_00003.cbf,531,559,284,323,28,39,1092
cr1_0758p_00004.cbf,531,558,284,323,27,39,1053
cr1_0758p_00005.cbf,531,558,283,322,27,39,1053
cr1_0758p_00006.cbf,531,558,284,323,27,39,1053
cr1_0758p_00007.cbf,531,559,284,323,28,39,1092
cr1_0758p_00008.cbf,531,559,285,324,28,39,1092
cr1_0759p_00001.cbf,531,559,286,325,28,39,1092
cr1_0759p_00002.cbf,530,559,285,324,29,39,1131
cr1_0759p_00003.cbf,531,559,284,323,28,39,1092
cr1_0759p_00004.cbf,531,558,284,324,27,40,1080
cr1_0759p_00005.cbf,531,558,283,322,27,39,1053
cr1_0759p_00006.cbf,531,558,284,324,27,40,1080
cr1_0759p_00007.cbf,531,559,285,324,28,39,1092
cr1_0759p_00008.cbf,531,559,285,324,28,39,1092
cr1_0760p_00001.cbf,531,559,286,325,28,39,1092
cr1_0760p_00002.cbf,531,559,286,325,28,39,1092
cr1_0760p_00003.cbf,531,559,285,324,28,39,1092
cr1_0760p_00004.cbf,531,558,284,324,27,40,1080
cr1_0760p_00005.cbf,531,558,284,323,27,39,1053
cr1_0760p_00006.cbf,531,558,285,324,27,39,1053
cr1_0760p_00007.cbf,531,559,285,324,28,39,1092
cr1_0760p_00008.cbf,531,559,285,324,28,39,1092
cr1_0761p_00001.cbf,531,559,286,325,28,39,1092
cr1_0761p_00002.cbf,531,559,286,324,28,38,1064
cr1_0761p_00003.cbf,531,559,285,324,28,39,1092
cr1_0761p_00004.cbf,531,558,284,324,27,40,1080
cr1_0761p_00005.cbf,531,558,283,323,27,40,1080
cr1_0761p_00006.cbf,531,558,284,323,27,39,1053
cr1_0761p_00007.cbf,531,559,284,324,28,40,1120
cr1_0761p_00008.cbf,531,559,285,324,28,39,1092
cr1_0762p_00001.cbf,531,559,286,325,28,39,1092
cr1_0762p_00002.cbf,530,559,286,325,29,39,1131
cr1_0762p_00003.cbf,531,559,285,324,28,39,1092
cr1_0762p_00004.cbf,531,559,284,324,28,40,1120
cr1_0762p_00005.cbf,531,558,283,323,27,40,1080
cr1_0762p_00006.cbf,531,559,283,323,28,40,1120
cr1_0762p_00007.cbf,531,559,284,324,28,40,1120
cr1_0762p_00008.cbf,531,559,285,324,28,39,1092
cr1_0763p_00001.cbf,531,559,286,325,28,39,1092
cr1_0763p_00002.cbf,531,559,286,325,28,39,1092
cr1_0763p_00003.cbf,531,559,285,325,28,40,1120
cr1_0763p_00004.cbf,531,559,283,323,28,40,1120
cr1_0763p_00005.cbf,531,558,282,322,27,40,1080
cr1_0763p_00006.cbf,531,559,283,323,28,40,1120
cr1_0763p_00007.cbf,531,559,284,324,28,40,1120
cr1_0763p_00008.cbf,531,559,284,324,28,40,1120
cr1_0764p_00001.cbf,531,559,286,325,28,39,1092
cr1_0764p_00002.cbf,531,559,285,325,28,40,1120
cr1_0764p_00003.cbf,531,559,285,324,28,39,1092
cr1_0764p_00004.cbf,531,559,284,324,28,40,1120
cr1_0764p_00005.cbf,531,558,282,323,27,41,1107
cr1_0764p_00006.cbf,531,559,283,323,28,40,1120
cr1_0764p_00007.cbf,531,559,284,324,28,40,1120
cr1_0764p_00008.cbf,531,559,284,324,28,40,1120
cr1_0765p_00001.cbf,531,559,286,325,28,39,1092
cr1_0765p_00002.cbf,531,559,286,325,28,39,1092
cr1_0765p_00003.cbf,531,559,285,324,28,39,1092
cr1_0765p_00004.cbf,531,559,284,324,28,40,1120
cr1_0765p_00005.cbf,531,558,282,322,27,40,1080
cr1_0765p_00006.cbf,531,559,283,323,28,40,1120
cr1_0765p_00007.cbf,531,559,283,324,28,41,1148
cr1_0765p_00008.cbf,531,559,284,324,28,40,1120
cr1_0766p_00001.cbf,531,559,285,325,28,40,1120
cr1_0766p_00002.cbf,531,559,285,325,28,40,1120
cr1_0766p_00003.cbf,531,559,285,324,28,39,1092
cr1_0766p_00004.cbf,531,559,284,323,28,39,1092
cr1_0766p_00005.cbf,531,558,282,323,27,41,1107
cr1_0766p_00006.cbf,531,558,283,323,27,40,1080
cr1_0766p_00007.cbf,531,559,284,324,28,40,1120
cr1_0766p_00008.cbf,532,559,284,324,27,40,1080
cr1_0767p_00001.cbf,531,559,286,325,28,39,1092
cr1_0767p_00002.cbf,531,559,285,325,28,40,1120
cr1_0767p_00003.cbf,531,559,285,324,28,39,1092
cr1_0767p_00004.cbf,531,559,284,323,28,39,1092
cr1_0767p_00005.cbf,531,558,283,323,27,40,1080
cr1_0767p_00006.cbf,531,558,283,323,27,40,1080
cr1_0767p_00007.cbf,531,559,284,324,28,40,1120
cr1_0767p_00008.cbf,531,559,284,324,28,40,1120
cr1_0768p_00001.cbf,531,559,286,325,28,39,1092
cr1_0768p_00002.cbf,531,559,285,325,28,40,1120
cr1_0768p_00003.cbf,531,559,284,324,28,40,1120
cr1_0768p_00004.cbf,531,559,284,324,28,40,1120
cr1_0768p_00005.cbf,531,558,283,323,27,40,1080
cr1_0768p_00006.cbf,531,559,283,323,28,40,1120
cr1_0768p_00007.cbf,531,559,284,324,28,40,1120
cr1_0768p_00008.cbf,531,560,284,324,29,40,1160
cr1_0769p_00001.cbf,531,559,286,326,28,40,1120
cr1_0769p_00002.cbf,531,559,286,325,28,39,1092
cr1_0769p_00003.cbf,531,559,285,325,28,40,1120
cr1_0769p_00004.cbf,531,559,284,324,28,40,1120
cr1_0769p_00005.cbf,531,558,282,323,27,41,1107
cr1_0769p_00006.cbf,531,558,283,324,27,41,1107
cr1_0769p_00007.cbf,531,559,284,324,28,40,1120
cr1_0769p_00008.cbf,531,559,285,325,28,40,1120
cr1_0770p_00001.cbf,531,559,286,326,28,40,1120
cr1_0770p_00002.cbf,531,559,286,325,28,39,1092
cr1_0770p_00003.cbf,531,559,285,325,28,40,1120
cr1_0770p_00004.cbf,531,559,284,324,28,40,1120
cr1_0770p_00005.cbf,531,558,283,323,27,40,1080
cr1_0770p_00006.cbf,531,558,284,324,27,40,1080
cr1_0770p_00007.cbf,531,559,284,325,28,41,1148
cr1_0770p_00008.cbf,531,559,285,325,28,40,1120
cr1_0771p_00001.cbf,531,559,286,326,28,40,1120
cr1_0771p_00002.cbf,531,559,286,325,28,39,1092
cr1_0771p_00003.cbf,531,559,285,325,28,40,1120
cr1_0771p_00004.cbf,531,558,284,324,27,40,1080
cr1_0771p_00005.cbf,531,558,283,323,27,40,1080
cr1_0771p_00006.cbf,531,558,284,325,27,41,1107
cr1_0771p_00007.cbf,531,559,285,325,28,40,1120
cr1_0771p_00008.cbf,531,559,285,325,28,40,1120
cr1_0772p_00001.cbf,531,559,286,326,28,40,1120
cr1_0772p_00002.cbf,531,559,286,325,28,39,1092
cr1_0772p_00003.cbf,531,559,285,325,28,40,1120
cr1_0772p_00004.cbf,531,559,284,324,28,40,1120
cr1_0772p_00005.cbf,531,558,283,323,27,40,1080
cr1_0772p_00006.cbf,531,558,284,325,27,41,1107
cr1_0772p_00007.cbf,531,559,285,325,28,40,1120
cr1_0772p_00008.cbf,531,559,285,325,28,40,1120
cr1_0773p_00001.cbf,531,559,286,326,28,40,1120
cr1_0773p_00002.cbf,531,559,286,325,28,39,1092
cr1_0773p_00003.cbf,531,559,285,324,28,39,1092
cr1_0773p_00004.cbf,531,559,284,324,28,40,1120
cr1_0773p_00005.cbf,531,558,284,324,27,40,1080
cr1_0773p_00006.cbf,531,558,285,325,27,40,1080
cr1_0773p_00007.cbf,531,559,285,325,28,40,1120
cr1_0773p_00008.cbf,531,559,285,325,28,40,1120
cr1_0774p_00001.cbf,531,559,286,325,28,39,1092
cr1_0774p_00002.cbf,531,559,286,325,28,39,1092
cr1_0774p_00003.cbf,531,559,285,324,28,39,1092
cr1_0774p_00004.cbf,531,559,284,324,28,40,1120
cr1_0774p_00005.cbf,531,558,284,324,27,40,1080
cr1_0774p_00006.cbf,531,558,285,325,27,40,1080
cr1_0774p_00007.cbf,531,559,285,324,28,39,1092
cr1_0774p_00008.cbf,531,559,285,325,28,40,1120
cr1_0775p_00001.cbf,531,559,286,325,28,39,1092
cr1_0775p_00002.cbf,531,559,286,325,28,39,1092
cr1_0775p_00003.cbf,530,559,285,324,29,39,1131
cr1_0775p_00004.cbf,530,559,284,323,29,39,1131
cr1_0775p_00005.cbf,530,558,284,324,28,40,1120
cr1_0775p_00006.cbf,531,558,285,324,27,39,1053
cr1_0775p_00007.cbf,531,559,285,325,28,40,1120
cr1_0775p_00008.cbf,531,559,285,324,28,39,1092
cr1_0776p_00001.cbf,531,559,286,325,28,39,1092
cr1_0776p_00002.cbf,531,559,286,325,28,39,1092
cr1_0776p_00003.cbf,530,559,285,324,29,39,1131
cr1_0776p_00004.cbf,530,558,284,324,28,40,1120
cr1_0776p_00005.cbf,531,557,285,324,26,39,1014
cr1_0776p_00006.cbf,531,558,286,325,27,39,1053
cr1_0776p_00007.cbf,531,559,285,325,28,40,1120
cr1_0776p_00008.cbf,531,559,285,324,28,39,1092
cr1_0777p_00001.cbf,531,559,286,325,28,39,1092
cr1_0777p_00002.cbf,531,559,286,325,28,39,1092
cr1_0777p_00003.cbf,531,559,285,325,28,40,1120
cr1_0777p_00004.cbf,531,558,284,324,27,40,1080
cr1_0777p_00005.cbf,531,558,284,324,27,40,1080
cr1_0777p_00006.cbf,531,558,285,324,27,39,1053
cr1_0777p_00007.cbf,531,559,286,324,28,38,1064
cr1_0777p_00008.cbf,531,559,285,324,28,39,1092
cr1_0778p_00001.cbf,531,560,286,325,29,39,1131
cr1_0778p_00002.cbf,531,559,286,325,28,39,1092
cr1_0778p_00003.cbf,531,559,285,325,28,40,1120
cr1_0778p_00004.cbf,531,558,284,324,27,40,1080
cr1_0778p_00005.cbf,530,558,285,324,28,39,1092
cr1_0778p_00006.cbf,531,558,286,325,27,39,1053
cr1_0778p_00007.cbf,530,558,286,325,28,39,1092
cr1_0778p_00008.cbf,531,559,285,324,28,39,1092
cr1_0779p_00001.cbf,531,559,286,325,28,39,1092
cr1_0779p_00002.cbf,530,559,286,325,29,39,1131
cr1_0779p_00003.cbf,531,559,285,324,28,39,1092
cr1_0779p_00004.cbf,531,559,284,324,28,40,1120
cr1_0779p_00005.cbf,531,558,285,324,27,39,1053
cr1_0779p_00006.cbf,531,558,286,325,27,39,1053
cr1_0779p_00007.cbf,530,559,285,324,29,39,1131
cr1_0779p_00008.cbf,531,559,285,324,28,39,1092
cr1_0780p_00001.cbf,531,559,286,324,28,38,1064
cr1_0780p_00002.cbf,530,559,286,325,29,39,1131
cr1_0780p_00003.cbf,531,559,285,324,28,39,1092
cr1_0780p_00004.cbf,531,559,284,324,28,40,1120
cr1_0780p_00005.cbf,531,558,285,324,27,39,1053
cr1_0780p_00006.cbf,531,558,286,325,27,39,1053
cr1_0780p_00007.cbf,531,558,285,325,27,40,1080
cr1_0780p_00008.cbf,530,559,285,324,29,39,1131
cr1_0781p_00001.cbf,531,560,286,325,29,39,1131
cr1_0781p_00002.cbf,531,559,286,325,28,39,1092
cr1_0781p_00003.cbf,531,559,285,325,28,40,1120
cr1_0781p_00004.cbf,531,558,285,324,27,39,1053
cr1_0781p_00005.cbf,530,558,284,324,28,40,1120
cr1_0781p_00006.cbf,531,558,286,325,27,39,1053
cr1_0781p_00007.cbf,531,558,286,325,27,39,1053
cr1_0781p_00008.cbf,531,559,285,324,28,39,1092
cr1_0782p_00001.cbf,530,559,286,324,29,38,1102
cr1_0782p_00002.cbf,530,559,286,325,29,39,1131
cr1_0782p_00003.cbf,530,559,285,325,29,40,1160
cr1_0782p_00004.cbf,531,558,285,324,27,39,1053
cr1_0782p_00005.cbf,530,557,285,324,27,39,1053
cr1_0782p_00006.cbf,531,558,286,325,27,39,1053
cr1_0782p_00007.cbf,531,558,286,325,27,39,1053
cr1_0782p_00008.cbf,531,559,285,324,28,39,1092
cr1_0783p_00001.cbf,531,559,286,325,28,39,1092
cr1_0783p_00002.cbf,530,559,286,325,29,39,1131
cr1_0783p_00003.cbf,531,559,286,325,28,39,1092
cr1_0783p_00004.cbf,531,559,285,324,28,39,1092
cr1_0783p_00005.cbf,531,558,285,324,27,39,1053
cr1_0783p_00006.cbf,531,558,286,326,27,40,1080
cr1_0783p_00007.cbf,530,558,286,325,28,39,1092
cr1_0783p_00008.cbf,530,559,286,324,29,38,1102
cr1_0784p_00001.cbf,531,559,286,325,28,39,1092
cr1_0784p_00002.cbf,531,559,286,325,28,39,1092
cr1_0784p_00003.cbf,530,559,285,325,29,40,1160
cr1_0784p_00004.cbf,531,558,284,324,27,40,1080
cr1_0784p_00005.cbf,531,558,285,324,27,39,1053
cr1_0784p_00006.cbf,531,558,286,326,27,40,1080
cr1_0784p_00007.cbf,530,558,286,325,28,39,1092
cr1_0784p_00008.cbf,531,559,285,324,28,39,1092
cr1_0785p_00001.cbf,531,559,286,325,28,39,1092
cr1_0785p_00002.cbf,531,559,286,325,28,39,1092
cr1_0785p_00003.cbf,531,559,286,324,28,38,1064
cr1_0785p_00004.cbf,531,559,284,324,28,40,1120
cr1_0785p_00005.cbf,531,558,285,324,27,39,1053
cr1_0785p_00006.cbf,530,558,286,325,28,39,1092
cr1_0785p_00007.cbf,531,559,286,325,28,39,1092
cr1_0785p_00008.cbf,531,559,285,324,28,39,1092
cr1_0786p_00001.cbf,531,560,286,325,29,39,1131
cr1_0786p_00002.cbf,530,559,286,325,29,39,1131
cr1_0786p_00003.cbf,531,559,285,325,28,40,1120
cr1_0786p_00004.cbf,531,559,284,324,28,40,1120
cr1_0786p_00005.cbf,531,558,285,324,27,39,1053
cr1_0786p_00006.cbf,531,558,285,324,27,39,1053
cr1_0786p_00007.cbf,531,559,286,324,28,38,1064
cr1_0786p_00008.cbf,531,559,285,324,28,39,1092
cr1_0787p_00001.cbf,531,560,286,325,29,39,1131
cr1_0787p_00002.cbf,531,559,286,325,28,39,1092
cr1_0787p_00003.cbf,531,559,285,325,28,40,1120
cr1_0787p_00004.cbf,531,559,284,324,28,40,1120
cr1_0787p_00005.cbf,531,558,284,324,27,40,1080
cr1_0787p_00006.cbf,530,558,285,325,28,40,1120
cr1_0787p_00007.cbf,531,559,286,325,28,39,1092
cr1_0787p_00008.cbf,531,559,285,324,28,39,1092
cr1_0788p_00001.cbf,531,559,286,325,28,39,1092
cr1_0788p_00002.cbf,531,559,286,325,28,39,1092
cr1_0788p_00003.cbf,531,559,285,324,28,39,1092
cr1_0788p_00004.cbf,531,559,284,324,28,40,1120
cr1_0788p_00005.cbf,531,558,284,323,27,39,1053
cr1_0788p_00006.cbf,531,558,285,325,27,40,1080
cr1_0788p_00007.cbf,531,559,285,325,28,40,1120
cr1_0788p_00008.cbf,531,559,285,324,28,39,1092
cr1_0789p_00001.cbf,531,559,286,325,28,39,1092
cr1_0789p_00002.cbf,531,559,286,325,28,39,1092
cr1_0789p_00003.cbf,531,559,285,325,28,40,1120
cr1_0789p_00004.cbf,531,559,285,324,28,39,1092
cr1_0789p_00005.cbf,531,557,285,325,26,40,1040
cr1_0789p_00006.cbf,531,558,286,325,27,39,1053
cr1_0789p_00007.cbf,531,558,286,325,27,39,1053
cr1_0789p_00008.cbf,531,559,286,325,28,39,1092
cr1_0790p_00001.cbf,531,559,286,325,28,39,1092
cr1_0790p_00002.cbf,531,559,286,325,28,39,1092
cr1_0790p_00003.cbf,531,559,286,325,28,39,1092
cr1_0790p_00004.cbf,531,558,285,324,27,39,1053
cr1_0790p_00005.cbf,531,557,285,324,26,39,1014
cr1_0790p_00006.cbf,530,558,286,325,28,39,1092
cr1_0790p_00007.cbf,531,559,286,325,28,39,1092
cr1_0790p_00008.cbf,531,559,285,325,28,40,1120
cr1_0791p_00001.cbf,531,559,286,325,28,39,1092
cr1_0791p_00002.cbf,531,559,286,325,28,39,1092
cr1_0791p_00003.cbf,531,559,285,325,28,40,1120
cr1_0791p_00004.cbf,530,559,285,324,29,39,1131
cr1_0791p_00005.cbf,531,558,285,325,27,40,1080
cr1_0791p_00006.cbf,531,558,286,325,27,39,1053
cr1_0791p_00007.cbf,531,558,286,325,27,39,1053
cr1_0791p_00008.cbf,530,559,286,324,29,38,1102
cr1_0792p_00001.cbf,531,559,286,325,28,39,1092
cr1_0792p_00002.cbf,531,559,286,325,28,39,1092
cr1_0792p_00003.cbf,531,559,286,325,28,39,1092
cr1_0792p_00004.cbf,531,559,285,324,28,39,1092
cr1_0792p_00005.cbf,531,558,285,324,27,39,1053
cr1_0792p_00006.cbf,531,558,286,325,27,39,1053
cr1_0792p_00007.cbf,530,559,286,325,29,39,1131
cr1_0792p_00008.cbf,531,559,286,324,28,38,1064
cr1_0793p_00001.cbf,531,559,286,325,28,39,1092
cr1_0793p_00002.cbf,531,559,286,325,28,39,1092
cr1_0793p_00003.cbf,530,559,286,325,29,39,1131
cr1_0793p_00004.cbf,531,559,285,325,28,40,1120
cr1_0793p_00005.cbf,530,558,285,324,28,39,1092
cr1_0793p_00006.cbf,531,558,286,325,27,39,1053
cr1_0793p_00007.cbf,531,558,286,325,27,39,1053
cr1_0793p_00008.cbf,531,559,286,325,28,39,1092
cr1_0794p_00001.cbf,531,559,286,325,28,39,1092
cr1_0794p_00002.cbf,531,559,286,325,28,39,1092
cr1_0794p_00003.cbf,531,559,285,325,28,40,1120
cr1_0794p_00004.cbf,531,558,285,324,27,39,1053
cr1_0794p_00005.cbf,531,558,285,324,27,39,1053
cr1_0794p_00006.cbf,530,558,286,324,28,38,1064
cr1_0794p_00007.cbf,531,559,286,325,28,39,1092
cr1_0794p_00008.cbf,531,559,286,325,28,39,1092
cr1_0795p_00001.cbf,531,559,286,325,28,39,1092
cr1_0795p_00002.cbf,531,559,286,325,28,39,1092
cr1_0795p_00003.cbf,531,559,286,325,28,39,1092
cr1_0795p_00004.cbf,531,558,285,324,27,39,1053
cr1_0795p_00005.cbf,531,558,285,324,27,39,1053
cr1_0795p_00006.cbf,531,558,285,325,27,40,1080
cr1_0795p_00007.cbf,531,559,286,325,28,39,1092
cr1_0795p_00008.cbf,531,559,286,325,28,39,1092
cr1_0796p_00001.cbf,531,559,286,325,28,39,1092
cr1_0796p_00002.cbf,531,559,286,325,28,39,1092
cr1_0796p_00003.cbf,531,559,286,325,28,39,1092
cr1_0796p_00004.cbf,531,558,285,325,27,40,1080
cr1_0796p_00005.cbf,530,557,286,326,27,40,1080
cr1_0796p_00006.cbf,531,558,287,325,27,38,1026
cr1_0796p_00007.cbf,531,558,286,326,27,40,1080
cr1_0796p_00008.cbf,531,559,286,325,28,39,1092
cr1_0797p_00001.cbf,531,559,286,325,28,39,1092
cr1_0797p_00002.cbf,531,559,286,325,28,39,1092
cr1_0797p_00003.cbf,531,559,286,325,28,39,1092
cr1_0797p_00004.cbf,530,558,285,324,28,39,1092
cr1_0797p_00005.cbf,531,557,286,325,26,39,1014
cr1_0797p_00006.cbf,530,558,287,325,28,38,1064
cr1_0797p_00007.cbf,531,558,286,325,27,39,1053
cr1_0797p_00008.cbf,531,559,286,325,28,39,1092
cr1_0798p_00001.cbf,531,559,286,325,28,39,1092
cr1_0798p_00002.cbf,531,559,286,325,28,39,1092
cr1_0798p_00003.cbf,531,559,286,325,28,39,1092
cr1_0798p_00004.cbf,531,559,285,324,28,39,1092
cr1_0798p_00005.cbf,530,557,286,325,27,39,1053
cr1_0798p_00006.cbf,531,558,287,325,27,38,1026
cr1_0798p_00007.cbf,531,558,286,325,27,39,1053
cr1_0798p_00008.cbf,531,559,286,325,28,39,1092
cr1_0799p_00001.cbf,531,559,286,325,28,39,1092
cr1_0799p_00002.cbf,531,559,286,325,28,39,1092
cr1_0799p_00003.cbf,530,559,286,325,29,39,1131
cr1_0799p_00004.cbf,531,558,285,325,27,40,1080
cr1_0799p_00005.cbf,530,557,287,326,27,39,1053
cr1_0799p_00006.cbf,531,558,287,325,27,38,1026
cr1_0799p_00007.cbf,531,558,287,325,27,38,1026
cr1_0799p_00008.cbf,531,559,286,325,28,39,1092
cr1_0800p_00001.cbf,531,559,286,325,28,39,1092
cr1_0800p_00002.cbf,531,559,286,325,28,39,1092
cr1_0800p_00003.cbf,531,559,286,325,28,39,1092
cr1_0800p_00004.cbf,531,559,285,325,28,40,1120
cr1_0800p_00005.cbf,531,558,286,325,27,39,1053
cr1_0800p_00006.cbf,531,558,286,325,27,39,1053
cr1_0800p_00007.cbf,530,558,286,325,28,39,1092
cr1_0800p_00008.cbf,531,559,286,325,28,39,1092
cr1_0801p_00001.cbf,531,559,286,325,28,39,1092
cr1_0801p_00002.cbf,531,559,286,325,28,39,1092
cr1_0801p_00003.cbf,531,559,286,325,28,39,1092
cr1_0801p_00004.cbf,531,559,285,325,28,40,1120
cr1_0801p_00005.cbf,531,558,285,324,27,39,1053
cr1_0801p_00006.cbf,530,558,286,325,28,39,1092
cr1_0801p_00007.cbf,531,558,286,325,27,39,1053
cr1_0801p_00008.cbf,530,559,286,325,29,39,1131
cr1_0802p_00001.cbf,531,559,286,325,28,39,1092
cr1_0802p_00002.cbf,531,559,286,325,28,39,1092
cr1_0802p_00003.cbf,531,559,286,325,28,39,1092
cr1_0802p_00004.cbf,531,559,285,324,28,39,1092
cr1_0802p_00005.cbf,531,558,285,324,27,39,1053
cr1_0802p_00006.cbf,531,558,286,324,27,38,1026
cr1_0802p_00007.cbf,531,559,286,325,28,39,1092
cr1_0802p_00008.cbf,531,559,286,325,28,39,1092
cr1_0803p_00001.cbf,531,559,286,325,28,39,1092
cr1_0803p_00002.cbf,531,559,286,325,28,39,1092
cr1_0803p_00003.cbf,531,559,286,325,28,39,1092
cr1_0803p_00004.cbf,531,559,285,325,28,40,1120
cr1_0803p_00005.cbf,531,558,284,323,27,39,1053
cr1_0803p_00006.cbf,531,558,285,324,27,39,1053
cr1_0803p_00007.cbf,531,558,286,325,27,39,1053
cr1_0803p_00008.cbf,531,559,286,324,28,38,1064
cr1_0804p_00001.cbf,531,559,286,325,28,39,1092
cr1_0804p_00002.cbf,531,559,286,325,28,39,1092
cr1_0804p_00003.cbf,531,559,286,325,28,39,1092
cr1_0804p_00004.cbf,531,559,285,324,28,39,1092
cr1_0804p_00005.cbf,531,558,285,324,27,39,1053
cr1_0804p_00006.cbf,531,558,286,324,27,38,1026
cr1_0804p_00007.cbf,531,558,286,325,27,39,1053
cr1_0804p_00008.cbf,531,559,286,325,28,39,1092
cr1_0805p_00001.cbf,531,559,286,325,28,39,1092
cr1_0805p_00002.cbf,531,559,286,325,28,39,1092
cr1_0805p_00003.cbf,531,559,286,325,28,39,1092
cr1_0805p_00004.cbf,531,559,285,325,28,40,1120
cr1_0805p_00005.cbf,531,558,285,325,27,40,1080
cr1_0805p_00006.cbf,530,558,286,324,28,38,1064
cr1_0805p_00007.cbf,531,558,286,325,27,39,1053
cr1_0805p_00008.cbf,531,559,286,325,28,39,1092
cr1_0806p_00001.cbf,531,559,286,325,28,39,1092
cr1_0806p_00002.cbf,531,559,286,325,28,39,1092
cr1_0806p_00003.cbf,531,559,286,325,28,39,1092
cr1_0806p_00004.cbf,531,559,284,324,28,40,1120
cr1_0806p_00005.cbf,531,558,285,324,27,39,1053
cr1_0806p_00006.cbf,530,558,286,324,28,38,1064
cr1_0806p_00007.cbf,530,558,286,325,28,39,1092
cr1_0806p_00008.cbf,531,559,286,325,28,39,1092
cr1_0807p_00001.cbf,531,559,286,325,28,39,1092
cr1_0807p_00002.cbf,531,559,286,325,28,39,1092
cr1_0807p_00003.cbf,531,559,286,325,28,39,1092
cr1_0807p_00004.cbf,531,558,285,324,27,39,1053
cr1_0807p_00005.cbf,531,558,285,324,27,39,1053
cr1_0807p_00006.cbf,530,558,286,324,28,38,1064
cr1_0807p_00007.cbf,531,558,286,325,27,39,1053
cr1_0807p_00008.cbf,530,559,286,325,29,39,1131
cr1_0808p_00001.cbf,530,559,286,325,29,39,1131
cr1_0808p_00002.cbf,531,559,286,325,28,39,1092
cr1_0808p_00003.cbf,531,559,286,325,28,39,1092
cr1_0808p_00004.cbf,530,559,285,324,29,39,1131
cr1_0808p_00005.cbf,531,558,285,324,27,39,1053
cr1_0808p_00006.cbf,530,558,286,325,28,39,1092
cr1_0808p_00007.cbf,531,558,286,325,27,39,1053
cr1_0808p_00008.cbf,530,559,286,325,29,39,1131
cr1_0809p_00001.cbf,531,559,287,325,28,38,1064
cr1_0809p_00002.cbf,530,559,287,325,29,38,1102
cr1_0809p_00003.cbf,531,559,286,325,28,39,1092
cr1_0809p_00004.cbf,530,559,285,324,29,39,1131
cr1_0809p_00005.cbf,531,558,285,325,27,40,1080
cr1_0809p_00006.cbf,530,558,286,325,28,39,1092
cr1_0809p_00007.cbf,530,558,286,325,28,39,1092
cr1_0809p_00008.cbf,531,559,286,325,28,39,1092
cr1_0810p_00001.cbf,531,559,286,325,28,39,1092
cr1_0810p_00002.cbf,530,559,286,325,29,39,1131
cr1_0810p_00003.cbf,530,559,286,325,29,39,1131
cr1_0810p_00004.cbf,531,559,285,324,28,39,1092
cr1_0810p_00005.cbf,530,558,285,325,28,40,1120
cr1_0810p_00006.cbf,530,558,286,325,28,39,1092
cr1_0810p_00007.cbf,530,558,287,325,28,38,1064
cr1_0810p_00008.cbf,531,559,286,325,28,39,1092
cr1_0811p_00001.cbf,531,559,287,325,28,38,1064
cr1_0811p_00002.cbf,531,559,286,325,28,39,1092
cr1_0811p_00003.cbf,530,559,286,325,29,39,1131
cr1_0811p_00004.cbf,531,558,285,325,27,40,1080
cr1_0811p_00005.cbf,531,557,286,326,26,40,1040
cr1_0811p_00006.cbf,530,558,287,326,28,39,1092
cr1_0811p_00007.cbf,531,558,287,326,27,39,1053
cr1_0811p_00008.cbf,531,559,286,325,28,39,1092
cr1_0812p_00001.cbf,530,559,287,325,29,38,1102
cr1_0812p_00002.cbf,530,559,286,325,29,39,1131
cr1_0812p_00003.cbf,530,559,286,325,29,39,1131
cr1_0812p_00004.cbf,531,559,285,325,28,40,1120
cr1_0812p_00005.cbf,531,558,286,326,27,40,1080
cr1_0812p_00006.cbf,530,558,287,326,28,39,1092
cr1_0812p_00007.cbf,530,558,287,326,28,39,1092
cr1_0812p_00008.cbf,530,559,286,325,29,39,1131
cr1_0813p_00001.cbf,531,559,287,325,28,38,1064
cr1_0813p_00002.cbf,530,559,287,325,29,38,1102
cr1_0813p_00003.cbf,530,559,286,325,29,39,1131
cr1_0813p_00004.cbf,530,559,285,325,29,40,1160
cr1_0813p_00005.cbf,531,558,286,325,27,39,1053
cr1_0813p_00006.cbf,530,558,287,326,28,39,1092
cr1_0813p_00007.cbf,531,558,287,326,27,39,1053
cr1_0813p_00008.cbf,530,559,286,325,29,39,1131
cr1_0814p_00001.cbf,531,559,287,325,28,38,1064
cr1_0814p_00002.cbf,531,559,286,325,28,39,1092
cr1_0814p_00003.cbf,530,559,286,325,29,39,1131
cr1_0814p_00004.cbf,530,558,285,325,28,40,1120
cr1_0814p_00005.cbf,530,557,287,326,27,39,1053
cr1_0814p_00006.cbf,530,558,287,326,28,39,1092
cr1_0814p_00007.cbf,530,558,287,326,28,39,1092
cr1_0814p_00008.cbf,531,559,286,325,28,39,1092
cr1_0815p_00001.cbf,531,559,287,325,28,38,1064
cr1_0815p_00002.cbf,530,559,287,325,29,38,1102
cr1_0815p_00003.cbf,530,559,286,325,29,39,1131
cr1_0815p_00004.cbf,531,558,285,325,27,40,1080
cr1_0815p_00005.cbf,530,557,288,327,27,39,1053
cr1_0815p_00006.cbf,530,557,288,327,27,39,1053
cr1_0815p_00007.cbf,530,558,288,326,28,38,1064
cr1_0815p_00008.cbf,531,559,286,325,28,39,1092
cr1_0816p_00001.cbf,531,559,287,325,28,38,1064
cr1_0816p_00002.cbf,531,559,287,326,28,39,1092
cr1_0816p_00003.cbf,531,559,287,326,28,39,1092
cr1_0816p_00004.cbf,531,558,286,325,27,39,1053
cr1_0816p_00005.cbf,530,557,288,328,27,40,1080
cr1_0816p_00006.cbf,530,557,289,328,27,39,1053
cr1_0816p_00007.cbf,531,558,288,327,27,39,1053
cr1_0816p_00008.cbf,531,559,287,325,28,38,1064
cr1_0817p_00001.cbf,531,559,287,325,28,38,1064
cr1_0817p_00002.cbf,531,559,287,325,28,38,1064
cr1_0817p_00003.cbf,530,559,287,326,29,39,1131
cr1_0817p_00004.cbf,531,558,286,326,27,40,1080
cr1_0817p_00005.cbf,530,557,289,328,27,39,1053
cr1_0817p_00006.cbf,530,557,290,328,27,38,1026
cr1_0817p_00007.cbf,530,558,288,327,28,39,1092
cr1_0817p_00008.cbf,531,559,287,325,28,38,1064
cr1_0818p_00001.cbf,530,559,287,325,29,38,1102
cr1_0818p_00002.cbf,531,559,287,326,28,39,1092
cr1_0818p_00003.cbf,531,559,286,326,28,40,1120
cr1_0818p_00004.cbf,531,558,286,325,27,39,1053
cr1_0818p_00005.cbf,530,557,288,328,27,40,1080
cr1_0818p_00006.cbf,530,557,288,327,27,39,1053
cr1_0818p_00007.cbf,530,558,288,326,28,38,1064
cr1_0818p_00008.cbf,531,559,287,325,28,38,1064
cr1_0819p_00001.cbf,530,559,287,325,29,38,1102
cr1_0819p_00002.cbf,530,559,287,326,29,39,1131
cr1_0819p_00003.cbf,531,559,287,326,28,39,1092
cr1_0819p_00004.cbf,530,558,286,326,28,40,1120
cr1_0819p_00005.cbf,530,557,287,327,27,40,1080
cr1_0819p_00006.cbf,530,557,288,327,27,39,1053
cr1_0819p_00007.cbf,530,558,287,326,28,39,1092
cr1_0819p_00008.cbf,531,559,287,325,28,38,1064
cr1_0820p_00001.cbf,530,559,287,325,29,38,1102
cr1_0820p_00002.cbf,530,559,287,326,29,39,1131
cr1_0820p_00003.cbf,530,559,287,326,29,39,1131
cr1_0820p_00004.cbf,531,558,286,326,27,40,1080
cr1_0820p_00005.cbf,530,557,287,326,27,39,1053
cr1_0820p_00006.cbf,530,557,287,326,27,39,1053
cr1_0820p_00007.cbf,531,558,287,326,27,39,1053
cr1_0820p_00008.cbf,530,559,287,325,29,38,1102
cr1_0821p_00001.cbf,530,559,287,325,29,38,1102
cr1_0821p_00002.cbf,530,559,287,326,29,39,1131
cr1_0821p_00003.cbf,530,559,287,326,29,39,1131
cr1_0821p_00004.cbf,530,558,286,325,28,39,1092
cr1_0821p_00005.cbf,530,557,288,327,27,39,1053
cr1_0821p_00006.cbf,530,557,289,327,27,38,1026
cr1_0821p_00007.cbf,530,558,288,326,28,38,1064
cr1_0821p_00008.cbf,531,559,287,325,28,38,1064
cr1_0822p_00001.cbf,531,559,287,325,28,38,1064
cr1_0822p_00002.cbf,530,559,287,326,29,39,1131
cr1_0822p_00003.cbf,530,559,287,326,29,39,1131
cr1_0822p_00004.cbf,531,558,286,326,27,40,1080
cr1_0822p_00005.cbf,531,558,287,327,27,40,1080
cr1_0822p_00006.cbf,530,557,289,327,27,38,1026
cr1_0822p_00007.cbf,531,558,288,326,27,38,1026
cr1_0822p_00008.cbf,530,559,287,326,29,39,1131
cr1_0823p_00001.cbf,531,559,287,326,28,39,1092
cr1_0823p_00002.cbf,531,559,287,326,28,39,1092
cr1_0823p_00003.cbf,531,559,287,326,28,39,1092
cr1_0823p_00004.cbf,531,558,286,326,27,40,1080
cr1_0823p_00005.cbf,530,557,288,328,27,40,1080
cr1_0823p_00006.cbf,530,557,289,328,27,39,1053
cr1_0823p_00007.cbf,530,558,288,326,28,38,1064
cr1_0823p_00008.cbf,531,559,287,325,28,38,1064
cr1_0824p_00001.cbf,531,559,287,325,28,38,1064
cr1_0824p_00002.cbf,530,559,287,325,29,38,1102
cr1_0824p_00003.cbf,531,559,287,326,28,39,1092
cr1_0824p_00004.cbf,530,558,287,325,28,38,1064
cr1_0824p_00005.cbf,531,557,290,328,26,38,988
cr1_0824p_00006.cbf,530,557,290,328,27,38,1026
cr1_0824p_00007.cbf,530,558,288,327,28,39,1092
cr1_0824p_00008.cbf,531,559,287,326,28,39,1092
cr1_0825p_00001.cbf,530,559,287,326,29,39,1131
cr1_0825p_00002.cbf,530,559,287,326,29,39,1131
cr1_0825p_00003.cbf,530,558,287,326,28,39,1092
cr1_0825p_00004.cbf,531,558,287,326,27,39,1053
cr1_0825p_00005.cbf,530,557,289,329,27,40,1080
cr1_0825p_00006.cbf,530,557,290,328,27,38,1026
cr1_0825p_00007.cbf,531,558,288,327,27,39,1053
cr1_0825p_00008.cbf,530,559,287,326,29,39,1131
cr1_0826p_00001.cbf,531,559,287,325,28,38,1064
cr1_0826p_00002.cbf,531,559,287,326,28,39,1092
cr1_0826p_00003.cbf,531,559,287,326,28,39,1092
cr1_0826p_00004.cbf,530,558,287,326,28,39,1092
cr1_0826p_00005.cbf,530,557,289,328,27,39,1053
cr1_0826p_00006.cbf,531,557,290,328,26,38,988
cr1_0826p_00007.cbf,530,558,288,327,28,39,1092
cr1_0826p_00008.cbf,531,559,287,326,28,39,1092
cr1_0827p_00001.cbf,531,559,287,325,28,38,1064
cr1_0827p_00002.cbf,530,559,287,326,29,39,1131
cr1_0827p_00003.cbf,531,558,287,327,27,40,1080
cr1_0827p_00004.cbf,530,557,288,328,27,40,1080
cr1_0827p_00005.cbf,530,557,292,330,27,38,1026
cr1_0827p_00006.cbf,530,557,292,330,27,38,1026
cr1_0827p_00007.cbf,530,558,289,328,28,39,1092
cr1_0827p_00008.cbf,531,559,287,326,28,39,1092
cr1_0828p_00001.cbf,531,559,287,326,28,39,1092
cr1_0828p_00002.cbf,531,559,287,326,28,39,1092
cr1_0828p_00003.cbf,531,558,288,327,27,39,1053
cr1_0828p_00004.cbf,531,558,289,328,27,39,1053
cr1_0828p_00005.cbf,530,557,292,331,27,39,1053
cr1_0828p_00006.cbf,530,557,292,330,27,38,1026
cr1_0828p_00007.cbf,530,558,289,328,28,39,1092
cr1_0828p_00008.cbf,531,559,287,326,28,39,1092
cr1_0829p_00001.cbf,531,559,287,326,28,39,1092
cr1_0829p_00002.cbf,531,559,287,326,28,39,1092
cr1_0829p_00003.cbf,530,558,288,327,28,39,1092
cr1_0829p_00004.cbf,530,558,289,328,28,39,1092
cr1_0829p_00005.cbf,530,557,293,332,27,39,1053
cr1_0829p_00006.cbf,530,557,292,331,27,39,1053
cr1_0829p_00007.cbf,530,558,289,328,28,39,1092
cr1_0829p_00008.cbf,530,559,287,326,29,39,1131
cr1_0830p_00001.cbf,530,559,287,326,29,39,1131
cr1_0830p_00002.cbf,530,559,287,326,29,39,1131
cr1_0830p_00003.cbf,530,558,288,327,28,39,1092
cr1_0830p_00004.cbf,530,557,289,327,27,38,1026
cr1_0830p_00005.cbf,530,557,292,331,27,39,1053
cr1_0830p_00006.cbf,530,557,292,331,27,39,1053
cr1_0830p_00007.cbf,530,558,289,328,28,39,1092
cr1_0830p_00008.cbf,531,559,288,327,28,39,1092
cr1_0831p_00001.cbf,531,559,287,326,28,39,1092
cr1_0831p_00002.cbf,530,559,287,326,29,39,1131
cr1_0831p_00003.cbf,530,558,288,327,28,39,1092
cr1_0831p_00004.cbf,530,558,289,328,28,39,1092
cr1_0831p_00005.cbf,530,557,293,331,27,38,1026
cr1_0831p_00006.cbf,530,557,292,330,27,38,1026
cr1_0831p_00007.cbf,530,558,290,328,28,38,1064
cr1_0831p_00008.cbf,531,559,288,327,28,39,1092
cr1_0832p_00001.cbf,530,559,287,326,29,39,1131
cr1_0832p_00002.cbf,531,559,287,326,28,39,1092
cr1_0832p_00003.cbf,531,558,288,327,27,39,1053
cr1_0832p_00004.cbf,531,558,289,328,27,39,1053
cr1_0832p_00005.cbf,530,557,292,332,27,40,1080
cr1_0832p_00006.cbf,530,557,292,330,27,38,1026
cr1_0832p_00007.cbf,530,558,290,328,28,38,1064
cr1_0832p_00008.cbf,531,559,288,327,28,39,1092
cr1_0833p_00001.cbf,531,559,287,326,28,39,1092
cr1_0833p_00002.cbf,530,559,287,326,29,39,1131
cr1_0833p_00003.cbf,531,558,288,327,27,39,1053
cr1_0833p_00004.cbf,531,558,289,328,27,39,1053
cr1_0833p_00005.cbf,530,557,293,332,27,39,1053
cr1_0833p_00006.cbf,530,557,293,331,27,38,1026
cr1_0833p_00007.cbf,530,558,290,329,28,39,1092
cr1_0833p_00008.cbf,531,559,288,327,28,39,1092
cr1_0834p_00001.cbf,531,559,287,326,28,39,1092
cr1_0834p_00002.cbf,531,559,288,326,28,38,1064
cr1_0834p_00003.cbf,531,558,288,327,27,39,1053
cr1_0834p_00004.cbf,531,557,290,329,26,39,1014
cr1_0834p_00005.cbf,530,557,294,332,27,38,1026
cr1_0834p_00006.cbf,530,557,293,331,27,38,1026
cr1_0834p_00007.cbf,530,557,290,329,27,39,1053
cr1_0834p_00008.cbf,531,558,288,327,27,39,1053
cr1_0835p_00001.cbf,531,559,287,326,28,39,1092
cr1_0835p_00002.cbf,530,559,288,326,29,38,1102
cr1_0835p_00003.cbf,531,558,288,327,27,39,1053
cr1_0835p_00004.cbf,530,558,289,328,28,39,1092
cr1_0835p_00005.cbf,530,557,293,333,27,40,1080
cr1_0835p_00006.cbf,530,557,293,331,27,38,1026
cr1_0835p_00007.cbf,530,558,290,329,28,39,1092
cr1_0835p_00008.cbf,531,559,288,328,28,40,1120
cr1_0836p_00001.cbf,531,559,287,326,28,39,1092
cr1_0836p_00002.cbf,531,559,288,327,28,39,1092
cr1_0836p_00003.cbf,530,558,288,328,28,40,1120
cr1_0836p_00004.cbf,530,557,290,329,27,39,1053
cr1_0836p_00005.cbf,530,557,294,332,27,38,1026
cr1_0836p_00006.cbf,530,557,293,331,27,38,1026
cr1_0836p_00007.cbf,530,558,290,329,28,39,1092
cr1_0836p_00008.cbf,531,558,288,327,27,39,1053
cr1_0837p_00001.cbf,531,559,287,326,28,39,1092
cr1_0837p_00002.cbf,531,559,288,327,28,39,1092
cr1_0837p_00003.cbf,531,558,289,328,27,39,1053
cr1_0837p_00004.cbf,530,558,289,329,28,40,1120
cr1_0837p_00005.cbf,530,557,293,332,27,39,1053
cr1_0837p_00006.cbf,530,557,293,332,27,39,1053
cr1_0837p_00007.cbf,531,557,291,330,26,39,1014
cr1_0837p_00008.cbf,530,558,289,328,28,39,1092
cr1_0838p_00001.cbf,530,559,287,326,29,39,1131
cr1_0838p_00002.cbf,531,559,288,327,28,39,1092
cr1_0838p_00003.cbf,531,558,289,328,27,39,1053
cr1_0838p_00004.cbf,530,557,291,330,27,39,1053
cr1_0838p_00005.cbf,530,557,296,334,27,38,1026
cr1_0838p_00006.cbf,530,557,294,333,27,39,1053
cr1_0838p_00007.cbf,530,557,291,330,27,39,1053
cr1_0838p_00008.cbf,530,558,289,328,28,39,1092
cr1_0839p_00001.cbf,531,559,287,326,28,39,1092
cr1_0839p_00002.cbf,531,559,288,327,28,39,1092
cr1_0839p_00003.cbf,531,558,289,329,27,40,1080
cr1_0839p_00004.cbf,530,557,291,330,27,39,1053
cr1_0839p_00005.cbf,530,557,296,334,27,38,1026
cr1_0839p_00006.cbf,530,557,295,333,27,38,1026
cr1_0839p_00007.cbf,530,557,291,330,27,39,1053
cr1_0839p_00008.cbf,531,558,289,328,27,39,1053
cr1_0840p_00001.cbf,531,559,287,326,28,39,1092
cr1_0840p_00002.cbf,530,558,288,328,28,40,1120
cr1_0840p_00003.cbf,530,558,290,329,28,39,1092
cr1_0840p_00004.cbf,530,557,293,331,27,38,1026
cr1_0840p_00005.cbf,529,557,297,335,28,38,1064
cr1_0840p_00006.cbf,530,557,295,334,27,39,1053
cr1_0840p_00007.cbf,530,557,291,331,27,40,1080
cr1_0840p_00008.cbf,530,558,288,328,28,40,1120
cr1_0841p_00001.cbf,531,559,287,326,28,39,1092
cr1_0841p_00002.cbf,530,559,288,328,29,40,1160
cr1_0841p_00003.cbf,530,558,290,330,28,40,1120
cr1_0841p_00004.cbf,530,557,292,331,27,39,1053
cr1_0841p_00005.cbf,529,557,296,335,28,39,1092
cr1_0841p_00006.cbf,529,557,294,334,28,40,1120
cr1_0841p_00007.cbf,529,557,290,331,28,41,1148
cr1_0841p_00008.cbf,530,558,288,328,28,40,1120
cr1_0842p_00001.cbf,530,559,287,327,29,40,1160
cr1_0842p_00002.cbf,530,559,288,328,29,40,1160
cr1_0842p_00003.cbf,530,558,289,329,28,40,1120
cr1_0842p_00004.cbf,530,557,291,331,27,40,1080
cr1_0842p_00005.cbf,529,557,295,334,28,39,1092
cr1_0842p_00006.cbf,530,557,293,333,27,40,1080
cr1_0842p_00007.cbf,529,557,290,330,28,40,1120
cr1_0842p_00008.cbf,530,558,288,328,28,40,1120
cr1_0843p_00001.cbf,530,559,287,327,29,40,1160
cr1_0843p_00002.cbf,530,559,288,328,29,40,1160
cr1_0843p_00003.cbf,530,558,289,329,28,40,1120
cr1_0843p_00004.cbf,530,557,292,331,27,39,1053
cr1_0843p_00005.cbf,529,557,296,335,28,39,1092
cr1_0843p_00006.cbf,529,557,294,334,28,40,1120
cr1_0843p_00007.cbf,530,557,290,331,27,41,1107
cr1_0843p_00008.cbf,530,558,288,328,28,40,1120
cr1_0844p_00001.cbf,530,559,287,327,29,40,1160
cr1_0844p_00002.cbf,531,559,287,328,28,41,1148
cr1_0844p_00003.cbf,530,558,289,329,28,40,1120
cr1_0844p_00004.cbf,530,557,290,331,27,41,1107
cr1_0844p_00005.cbf,530,557,294,333,27,39,1053
cr1_0844p_00006.cbf,530,557,293,333,27,40,1080
cr1_0844p_00007.cbf,530,558,290,330,28,40,1120
cr1_0844p_00008.cbf,530,559,287,328,29,41,1189
cr1_0845p_00001.cbf,530,559,286,327,29,41,1189
cr1_0845p_00002.cbf,530,559,287,327,29,40,1160
cr1_0845p_00003.cbf,531,558,288,329,27,41,1107
cr1_0845p_00004.cbf,530,558,289,330,28,41,1148
cr1_0845p_00005.cbf,530,557,293,332,27,39,1053
cr1_0845p_00006.cbf,530,557,292,332,27,40,1080
cr1_0845p_00007.cbf,530,557,290,330,27,40,1080
cr1_0845p_00008.cbf,530,558,288,328,28,40,1120
cr1_0846p_00001.cbf,530,559,286,327,29,41,1189
cr1_0846p_00002.cbf,531,559,287,328,28,41,1148
cr1_0846p_00003.cbf,530,558,289,329,28,40,1120
cr1_0846p_00004.cbf,530,557,290,330,27,40,1080
cr1_0846p_00005.cbf,529,557,294,333,28,39,1092
cr1_0846p_00006.cbf,529,557,293,332,28,39,1092
cr1_0846p_00007.cbf,530,557,290,330,27,40,1080
cr1_0846p_00008.cbf,531,558,288,328,27,40,1080
cr1_0847p_00001.cbf,530,559,286,327,29,41,1189
cr1_0847p_00002.cbf,530,559,287,328,29,41,1189
cr1_0847p_00003.cbf,530,558,288,329,28,41,1148
cr1_0847p_00004.cbf,530,557,289,329,27,40,1080
cr1_0847p_00005.cbf,530,557,291,332,27,41,1107
cr1_0847p_00006.cbf,530,557,292,331,27,39,1053
cr1_0847p_00007.cbf,530,557,290,330,27,40,1080
cr1_0847p_00008.cbf,530,558,288,328,28,40,1120
cr1_0848p_00001.cbf,530,559,286,327,29,41,1189
cr1_0848p_00002.cbf,530,559,287,327,29,40,1160
cr1_0848p_00003.cbf,530,558,288,329,28,41,1148
cr1_0848p_00004.cbf,530,558,289,330,28,41,1148
cr1_0848p_00005.cbf,530,557,292,331,27,39,1053
cr1_0848p_00006.cbf,530,557,292,331,27,39,1053
cr1_0848p_00007.cbf,530,558,289,330,28,41,1148
cr1_0848p_00008.cbf,530,559,288,328,29,40,1160
cr1_0849p_00001.cbf,531,559,287,327,28,40,1120
cr1_0849p_00002.cbf,530,559,287,328,29,41,1189
cr1_0849p_00003.cbf,530,558,288,328,28,40,1120
cr1_0849p_00004.cbf,530,558,289,330,28,41,1148
cr1_0849p_00005.cbf,530,557,292,331,27,39,1053
cr1_0849p_00006.cbf,530,557,292,332,27,40,1080
cr1_0849p_00007.cbf,530,557,290,330,27,40,1080
cr1_0849p_00008.cbf,531,558,288,328,27,40,1080
cr1_0850p_00001.cbf,531,559,287,327,28,40,1120
cr1_0850p_00002.cbf,530,559,287,328,29,41,1189
cr1_0850p_00003.cbf,530,558,289,329,28,40,1120
cr1_0850p_00004.cbf,530,557,290,330,27,40,1080
cr1_0850p_00005.cbf,530,557,294,333,27,39,1053
cr1_0850p_00006.cbf,530,557,293,333,27,40,1080
cr1_0850p_00007.cbf,530,557,290,331,27,41,1107
cr1_0850p_00008.cbf,530,558,288,328,28,40,1120
cr1_0851p_00001.cbf,530,559,287,327,29,40,1160
cr1_0851p_00002.cbf,530,559,288,328,29,40,1160
cr1_0851p_00003.cbf,531,558,289,329,27,40,1080
cr1_0851p_00004.cbf,530,557,290,331,27,41,1107
cr1_0851p_00005.cbf,529,557,295,334,28,39,1092
cr1_0851p_00006.cbf,530,557,294,333,27,39,1053
cr1_0851p_00007.cbf,530,557,291,331,27,40,1080
cr1_0851p_00008.cbf,530,558,288,328,28,40,1120
cr1_0852p_00001.cbf,530,559,287,327,29,40,1160
cr1_0852p_00002.cbf,530,559,288,328,29,40,1160
cr1_0852p_00003.cbf,530,558,289,329,28,40,1120
cr1_0852p_00004.cbf,530,557,291,331,27,40,1080
cr1_0852p_00005.cbf,529,557,294,333,28,39,1092
cr1_0852p_00006.cbf,530,557,293,333,27,40,1080
cr1_0852p_00007.cbf,530,557,290,331,27,41,1107
cr1_0852p_00008.cbf,530,559,288,328,29,40,1160
cr1_0853p_00001.cbf,531,559,287,327,28,40,1120
cr1_0853p_00002.cbf,530,559,288,328,29,40,1160
cr1_0853p_00003.cbf,530,558,289,329,28,40,1120
cr1_0853p_00004.cbf,530,557,290,330,27,40,1080
cr1_0853p_00005.cbf,529,557,294,333,28,39,1092
cr1_0853p_00006.cbf,530,557,293,332,27,39,1053
cr1_0853p_00007.cbf,530,557,290,331,27,41,1107
cr1_0853p_00008.cbf,530,558,288,328,28,40,1120
cr1_0854p_00001.cbf,530,559,287,327,29,40,1160
cr1_0854p_00002.cbf,530,559,288,328,29,40,1160
cr1_0854p_00003.cbf,530,558,289,329,28,40,1120
cr1_0854p_00004.cbf,530,558,290,331,28,41,1148
cr1_0854p_00005.cbf,530,557,293,332,27,39,1053
cr1_0854p_00006.cbf,530,557,292,332,27,40,1080
cr1_0854p_00007.cbf,530,557,290,330,27,40,1080
cr1_0854p_00008.cbf,530,558,288,328,28,40,1120
cr1_0855p_00001.cbf,530,559,287,327,29,40,1160
cr1_0855p_00002.cbf,530,559,287,328,29,41,1189
cr1_0855p_00003.cbf,530,558,288,329,28,41,1148
cr1_0855p_00004.cbf,530,557,290,330,27,40,1080
cr1_0855p_00005.cbf,530,557,294,332,27,38,1026
cr1_0855p_00006.cbf,530,557,293,333,27,40,1080
cr1_0855p_00007.cbf,530,557,290,331,27,41,1107
cr1_0855p_00008.cbf,530,558,288,328,28,40,1120
cr1_0856p_00001.cbf,531,559,287,327,28,40,1120
cr1_0856p_00002.cbf,530,559,288,328,29,40,1160
cr1_0856p_00003.cbf,530,558,289,329,28,40,1120
cr1_0856p_00004.cbf,530,557,291,331,27,40,1080
cr1_0856p_00005.cbf,529,557,295,334,28,39,1092
cr1_0856p_00006.cbf,530,557,294,333,27,39,1053
cr1_0856p_00007.cbf,530,557,291,331,27,40,1080
cr1_0856p_00008.cbf,530,558,288,328,28,40,1120
cr1_0857p_00001.cbf,530,559,287,327,29,40,1160
cr1_0857p_00002.cbf,530,559,288,328,29,40,1160
cr1_0857p_00003.cbf,530,558,289,330,28,41,1148
cr1_0857p_00004.cbf,530,557,291,332,27,41,1107
cr1_0857p_00005.cbf,529,557,295,335,28,40,1120
cr1_0857p_00006.cbf,530,557,294,334,27,40,1080
cr1_0857p_00007.cbf,530,557,291,331,27,40,1080
cr1_0857p_00008.cbf,531,558,288,328,27,40,1080
cr1_0858p_00001.cbf,531,559,287,327,28,40,1120
cr1_0858p_00002.cbf,530,559,288,328,29,40,1160
cr1_0858p_00003.cbf,530,558,289,329,28,40,1120
cr1_0858p_00004.cbf,530,557,291,331,27,40,1080
cr1_0858p_00005.cbf,530,557,294,334,27,40,1080
cr1_0858p_00006.cbf,530,557,294,334,27,40,1080
cr1_0858p_00007.cbf,530,557,291,331,27,40,1080
cr1_0858p_00008.cbf,530,558,288,329,28,41,1148
cr1_0859p_00001.cbf,530,559,287,327,29,40,1160
cr1_0859p_00002.cbf,530,558,288,328,28,40,1120
cr1_0859p_00003.cbf,530,558,289,329,28,40,1120
cr1_0859p_00004.cbf,530,557,291,332,27,41,1107
cr1_0859p_00005.cbf,530,557,295,334,27,39,1053
cr1_0859p_00006.cbf,530,557,294,333,27,39,1053
cr1_0859p_00007.cbf,530,558,291,331,28,40,1120
cr1_0859p_00008.cbf,531,558,288,328,27,40,1080
cr1_0860p_00001.cbf,530,559,287,327,29,40,1160
cr1_0860p_00002.cbf,530,559,288,328,29,40,1160
cr1_0860p_00003.cbf,530,558,289,329,28,40,1120
cr1_0860p_00004.cbf,530,557,291,331,27,40,1080
cr1_0860p_00005.cbf,529,557,295,334,28,39,1092
cr1_0860p_00006.cbf,530,557,293,333,27,40,1080
cr1_0860p_00007.cbf,530,557,291,331,27,40,1080
cr1_0860p_00008.cbf,530,558,288,328,28,40,1120
cr1_0861p_00001.cbf,531,559,287,327,28,40,1120
cr1_0861p_00002.cbf,531,558,288,328,27,40,1080
cr1_0861p_00003.cbf,530,558,289,329,28,40,1120
cr1_0861p_00004.cbf,530,557,291,331,27,40,1080
cr1_0861p_00005.cbf,530,557,295,335,27,40,1080
cr1_0861p_00006.cbf,530,557,294,333,27,39,1053
cr1_0861p_00007.cbf,530,557,291,331,27,40,1080
cr1_0861p_00008.cbf,530,558,288,329,28,41,1148
cr1_0862p_00001.cbf,531,559,287,327,28,40,1120
cr1_0862p_00002.cbf,531,558,288,328,27,40,1080
cr1_0862p_00003.cbf,530,558,290,330,28,40,1120
cr1_0862p_00004.cbf,530,557,293,332,27,39,1053
cr1_0862p_00005.cbf,529,557,296,336,28,40,1120
cr1_0862p_00006.cbf,530,557,294,334,27,40,1080
cr1_0862p_00007.cbf,530,558,291,331,28,40,1120
cr1_0862p_00008.cbf,530,558,288,329,28,41,1148
cr1_0863p_00001.cbf,530,559,286,327,29,41,1189
cr1_0863p_00002.cbf,530,558,288,328,28,40,1120
cr1_0863p_00003.cbf,530,557,290,330,27,40,1080
cr1_0863p_00004.cbf,530,557,292,332,27,40,1080
cr1_0863p_00005.cbf,529,557,296,335,28,39,1092
cr1_0863p_00006.cbf,530,557,294,334,27,40,1080
cr1_0863p_00007.cbf,530,557,291,331,27,40,1080
cr1_0863p_00008.cbf,530,558,288,329,28,41,1148
cr1_0864p_00001.cbf,530,559,286,327,29,41,1189
cr1_0864p_00002.cbf,531,558,288,328,27,40,1080
cr1_0864p_00003.cbf,530,557,290,331,27,41,1107
cr1_0864p_00004.cbf,530,557,293,332,27,39,1053
cr1_0864p_00005.cbf,529,557,296,335,28,39,1092
cr1_0864p_00006.cbf,530,557,293,333,27,40,1080
cr1_0864p_00007.cbf,530,558,290,330,28,40,1120
cr1_0864p_00008.cbf,531,558,288,328,27,40,1080
cr1_0865p_00001.cbf,530,559,286,326,29,40,1160
cr1_0865p_00002.cbf,530,558,288,328,28,40,1120
cr1_0865p_00003.cbf,530,557,290,330,27,40,1080
cr1_0865p_00004.cbf,530,557,293,333,27,40,1080
cr1_0865p_00005.cbf,530,557,295,335,27,40,1080
cr1_0865p_00006.cbf,530,557,293,333,27,40,1080
cr1_0865p_00007.cbf,530,558,290,331,28,41,1148
cr1_0865p_00008.cbf,530,558,288,328,28,40,1120
cr1_0866p_00001.cbf,531,559,286,326,28,40,1120
cr1_0866p_00002.cbf,530,558,287,328,28,41,1148
cr1_0866p_00003.cbf,530,557,289,330,27,41,1107
cr1_0866p_00004.cbf,530,557,292,332,27,40,1080
cr1_0866p_00005.cbf,529,557,296,335,28,39,1092
cr1_0866p_00006.cbf,530,557,293,333,27,40,1080
cr1_0866p_00007.cbf,530,558,291,331,28,40,1120
cr1_0866p_00008.cbf,530,558,288,328,28,40,1120
cr1_0867p_00001.cbf,531,559,286,326,28,40,1120
cr1_0867p_00002.cbf,531,558,287,328,27,41,1107
cr1_0867p_00003.cbf,530,557,289,330,27,41,1107
cr1_0867p_00004.cbf,530,557,292,332,27,40,1080
cr1_0867p_00005.cbf,530,557,296,336,27,40,1080
cr1_0867p_00006.cbf,530,557,293,333,27,40,1080
cr1_0867p_00007.cbf,530,558,290,331,28,41,1148
cr1_0867p_00008.cbf,530,558,288,328,28,40,1120
cr1_0868p_00001.cbf,531,559,286,326,28,40,1120
cr1_0868p_00002.cbf,531,558,287,328,27,41,1107
cr1_0868p_00003.cbf,530,558,289,330,28,41,1148
cr1_0868p_00004.cbf,529,557,292,332,28,40,1120
cr1_0868p_00005.cbf,530,557,295,335,27,40,1080
cr1_0868p_00006.cbf,530,557,293,333,27,40,1080
cr1_0868p_00007.cbf,530,558,290,330,28,40,1120
cr1_0868p_00008.cbf,530,558,288,328,28,40,1120
cr1_0869p_00001.cbf,531,559,286,326,28,40,1120
cr1_0869p_00002.cbf,530,559,287,327,29,40,1160
cr1_0869p_00003.cbf,531,557,289,330,26,41,1066
cr1_0869p_00004.cbf,530,557,291,331,27,40,1080
cr1_0869p_00005.cbf,530,557,295,335,27,40,1080
cr1_0869p_00006.cbf,530,557,293,333,27,40,1080
cr1_0869p_00007.cbf,530,558,291,331,28,40,1120
cr1_0869p_00008.cbf,530,558,288,328,28,40,1120
cr1_0870p_00001.cbf,530,559,286,326,29,40,1160
cr1_0870p_00002.cbf,531,558,288,328,27,40,1080
cr1_0870p_00003.cbf,530,557,289,330,27,41,1107
cr1_0870p_00004.cbf,530,557,292,332,27,40,1080
cr1_0870p_00005.cbf,530,557,296,335,27,39,1053
cr1_0870p_00006.cbf,530,557,294,334,27,40,1080
cr1_0870p_00007.cbf,530,558,291,331,28,40,1120
cr1_0870p_00008.cbf,531,558,288,328,27,40,1080
cr1_0871p_00001.cbf,531,559,286,326,28,40,1120
cr1_0871p_00002.cbf,531,558,288,328,27,40,1080
cr1_0871p_00003.cbf,530,557,290,330,27,40,1080
cr1_0871p_00004.cbf,530,557,293,332,27,39,1053
cr1_0871p_00005.cbf,529,557,296,335,28,39,1092
cr1_0871p_00006.cbf,529,557,293,333,28,40,1120
cr1_0871p_00007.cbf,530,558,290,331,28,41,1148
cr1_0871p_00008.cbf,530,558,287,328,28,41,1148
cr1_0872p_00001.cbf,531,559,286,326,28,40,1120
cr1_0872p_00002.cbf,531,558,287,327,27,40,1080
cr1_0872p_00003.cbf,530,557,289,329,27,40,1080
cr1_0872p_00004.cbf,530,557,291,331,27,40,1080
cr1_0872p_00005.cbf,530,557,294,334,27,40,1080
cr1_0872p_00006.cbf,530,557,293,332,27,39,1053
cr1_0872p_00007.cbf,530,558,290,330,28,40,1120
cr1_0872p_00008.cbf,531,558,288,328,27,40,1080
cr1_0873p_00001.cbf,531,559,286,326,28,40,1120
cr1_0873p_00002.cbf,530,558,287,327,28,40,1120
cr1_0873p_00003.cbf,530,558,288,329,28,41,1148
cr1_0873p_00004.cbf,530,557,290,330,27,40,1080
cr1_0873p_00005.cbf,530,557,294,334,27,40,1080
cr1_0873p_00006.cbf,530,557,293,333,27,40,1080
cr1_0873p_00007.cbf,530,558,290,330,28,40,1120
cr1_0873p_00008.cbf,531,558,287,327,27,40,1080
cr1_0874p_00001.cbf,530,559,286,326,29,40,1160
cr1_0874p_00002.cbf,531,559,287,327,28,40,1120
cr1_0874p_00003.cbf,530,558,288,328,28,40,1120
cr1_0874p_00004.cbf,530,558,288,329,28,41,1148
cr1_0874p_00005.cbf,530,557,289,330,27,41,1107
cr1_0874p_00006.cbf,530,557,290,331,27,41,1107
cr1_0874p_00007.cbf,530,557,289,329,27,40,1080
cr1_0874p_00008.cbf,530,559,287,327,29,40,1160
cr1_0875p_00001.cbf,531,559,286,326,28,40,1120
cr1_0875p_00002.cbf,530,559,286,327,29,41,1189
cr1_0875p_00003.cbf,530,558,287,328,28,41,1148
cr1_0875p_00004.cbf,530,558,288,328,28,40,1120
cr1_0875p_00005.cbf,530,557,290,330,27,40,1080
cr1_0875p_00006.cbf,530,557,291,331,27,40,1080
cr1_0875p_00007.cbf,530,557,289,329,27,40,1080
cr1_0875p_00008.cbf,531,559,287,327,28,40,1120
cr1_0876p_00001.cbf,531,559,286,326,28,40,1120
cr1_0876p_00002.cbf,530,559,286,327,29,41,1189
cr1_0876p_00003.cbf,530,558,287,327,28,40,1120
cr1_0876p_00004.cbf,530,558,288,328,28,40,1120
cr1_0876p_00005.cbf,530,557,289,330,27,41,1107
cr1_0876p_00006.cbf,530,557,292,331,27,39,1053
cr1_0876p_00007.cbf,530,557,289,330,27,41,1107
cr1_0876p_00008.cbf,531,558,287,327,27,40,1080
cr1_0877p_00001.cbf,530,559,286,326,29,40,1160
cr1_0877p_00002.cbf,531,559,287,327,28,40,1120
cr1_0877p_00003.cbf,530,558,287,327,28,40,1120
cr1_0877p_00004.cbf,530,558,288,328,28,40,1120
cr1_0877p_00005.cbf,530,557,289,330,27,41,1107
cr1_0877p_00006.cbf,530,557,291,330,27,39,1053
cr1_0877p_00007.cbf,530,558,289,329,28,40,1120
cr1_0877p_00008.cbf,530,559,287,327,29,40,1160
cr1_0878p_00001.cbf,531,559,286,326,28,40,1120
cr1_0878p_00002.cbf,531,559,287,327,28,40,1120
cr1_0878p_00003.cbf,530,558,287,327,28,40,1120
cr1_0878p_00004.cbf,530,558,288,328,28,40,1120
cr1_0878p_00005.cbf,530,557,290,331,27,41,1107
cr1_0878p_00006.cbf,530,557,290,330,27,40,1080
cr1_0878p_00007.cbf,530,558,289,329,28,40,1120
cr1_0878p_00008.cbf,530,559,287,327,29,40,1160
cr1_0879p_00001.cbf,531,559,286,326,28,40,1120
cr1_0879p_00002.cbf,530,559,286,326,29,40,1160
cr1_0879p_00003.cbf,531,558,287,327,27,40,1080
cr1_0879p_00004.cbf,530,558,287,327,28,40,1120
cr1_0879p_00005.cbf,530,557,288,329,27,41,1107
cr1_0879p_00006.cbf,530,557,290,329,27,39,1053
cr1_0879p_00007.cbf,530,558,289,328,28,39,1092
cr1_0879p_00008.cbf,531,559,287,327,28,40,1120
cr1_0880p_00001.cbf,530,559,286,326,29,40,1160
cr1_0880p_00002.cbf,530,559,287,327,29,40,1160
cr1_0880p_00003.cbf,530,558,287,327,28,40,1120
cr1_0880p_00004.cbf,530,558,287,327,28,40,1120
cr1_0880p_00005.cbf,530,557,290,329,27,39,1053
cr1_0880p_00006.cbf,530,557,290,329,27,39,1053
cr1_0880p_00007.cbf,530,558,288,328,28,40,1120
cr1_0880p_00008.cbf,530,559,287,327,29,40,1160
cr1_0881p_00001.cbf,531,559,286,325,28,39,1092
cr1_0881p_00002.cbf,530,559,286,326,29,40,1160
cr1_0881p_00003.cbf,530,558,287,327,28,40,1120
cr1_0881p_00004.cbf,530,558,287,327,28,40,1120
cr1_0881p_00005.cbf,530,557,288,329,27,41,1107
cr1_0881p_00006.cbf,530,557,289,329,27,40,1080
cr1_0881p_00007.cbf,530,558,288,328,28,40,1120
cr1_0881p_00008.cbf,531,559,287,326,28,39,1092
cr1_0882p_00001.cbf,531,559,286,326,28,40,1120
cr1_0882p_00002.cbf,531,559,287,327,28,40,1120
cr1_0882p_00003.cbf,530,558,287,327,28,40,1120
cr1_0882p_00004.cbf,531,558,287,327,27,40,1080
cr1_0882p_00005.cbf,530,557,289,329,27,40,1080
cr1_0882p_00006.cbf,530,557,289,328,27,39,1053
cr1_0882p_00007.cbf,530,558,288,328,28,40,1120
cr1_0882p_00008.cbf,531,559,287,326,28,39,1092
cr1_0883p_00001.cbf,531,559,286,326,28,40,1120
cr1_0883p_00002.cbf,530,559,286,326,29,40,1160
cr1_0883p_00003.cbf,530,558,287,327,28,40,1120
cr1_0883p_00004.cbf,530,558,287,327,28,40,1120
cr1_0883p_00005.cbf,530,557,289,329,27,40,1080
cr1_0883p_00006.cbf,530,557,289,329,27,40,1080
cr1_0883p_00007.cbf,530,558,288,328,28,40,1120
cr1_0883p_00008.cbf,530,559,287,326,29,39,1131
cr1_0884p_00001.cbf,530,559,286,326,29,40,1160
cr1_0884p_00002.cbf,531,559,287,326,28,39,1092
cr1_0884p_00003.cbf,530,558,287,327,28,40,1120
cr1_0884p_00004.cbf,530,558,287,327,28,40,1120
cr1_0884p_00005.cbf,530,557,288,328,27,40,1080
cr1_0884p_00006.cbf,530,557,289,328,27,39,1053
cr1_0884p_00007.cbf,530,558,288,327,28,39,1092
cr1_0884p_00008.cbf,531,559,286,326,28,40,1120
cr1_0885p_00001.cbf,531,559,286,325,28,39,1092
cr1_0885p_00002.cbf,531,559,286,326,28,40,1120
cr1_0885p_00003.cbf,531,558,286,326,27,40,1080
cr1_0885p_00004.cbf,530,558,287,327,28,40,1120
cr1_0885p_00005.cbf,530,557,288,328,27,40,1080
cr1_0885p_00006.cbf,530,557,288,328,27,40,1080
cr1_0885p_00007.cbf,530,558,288,328,28,40,1120
cr1_0885p_00008.cbf,530,559,286,326,29,40,1160
cr1_0886p_00001.cbf,531,559,286,325,28,39,1092
cr1_0886p_00002.cbf,531,559,286,326,28,40,1120
cr1_0886p_00003.cbf,531,558,286,326,27,40,1080
cr1_0886p_00004.cbf,531,558,287,327,27,40,1080
cr1_0886p_00005.cbf,530,557,289,329,27,40,1080
cr1_0886p_00006.cbf,530,557,289,328,27,39,1053
cr1_0886p_00007.cbf,530,558,288,328,28,40,1120
cr1_0886p_00008.cbf,530,559,286,326,29,40,1160
cr1_0887p_00001.cbf,531,559,286,326,28,40,1120
cr1_0887p_00002.cbf,531,559,286,326,28,40,1120
cr1_0887p_00003.cbf,531,558,286,326,27,40,1080
cr1_0887p_00004.cbf,531,558,287,327,27,40,1080
cr1_0887p_00005.cbf,530,557,289,329,27,40,1080
cr1_0887p_00006.cbf,530,557,289,329,27,40,1080
cr1_0887p_00007.cbf,530,558,288,328,28,40,1120
cr1_0887p_00008.cbf,531,559,286,326,28,40,1120
cr1_0888p_00001.cbf,531,559,286,326,28,40,1120
cr1_0888p_00002.cbf,530,559,286,326,29,40,1160
cr1_0888p_00003.cbf,530,558,287,327,28,40,1120
cr1_0888p_00004.cbf,530,558,287,328,28,41,1148
cr1_0888p_00005.cbf,530,557,289,329,27,40,1080
cr1_0888p_00006.cbf,530,557,289,329,27,40,1080
cr1_0888p_00007.cbf,530,558,288,328,28,40,1120
cr1_0888p_00008.cbf,531,559,286,326,28,40,1120
cr1_0889p_00001.cbf,531,559,285,325,28,40,1120
cr1_0889p_00002.cbf,530,559,286,326,29,40,1160
cr1_0889p_00003.cbf,531,558,286,326,27,40,1080
cr1_0889p_00004.cbf,530,558,287,327,28,40,1120
cr1_0889p_00005.cbf,530,557,289,329,27,40,1080
cr1_0889p_00006.cbf,530,557,289,329,27,40,1080
cr1_0889p_00007.cbf,530,558,288,328,28,40,1120
cr1_0889p_00008.cbf,530,559,286,327,29,41,1189
cr1_0890p_00001.cbf,531,559,286,326,28,40,1120
cr1_0890p_00002.cbf,530,559,286,326,29,40,1160
cr1_0890p_00003.cbf,531,558,286,327,27,41,1107
cr1_0890p_00004.cbf,530,558,287,327,28,40,1120
cr1_0890p_00005.cbf,530,557,289,329,27,40,1080
cr1_0890p_00006.cbf,531,557,288,328,26,40,1040
cr1_0890p_00007.cbf,530,558,287,327,28,40,1120
cr1_0890p_00008.cbf,531,559,286,326,28,40,1120
cr1_0891p_00001.cbf,531,559,285,325,28,40,1120
cr1_0891p_00002.cbf,531,559,286,326,28,40,1120
cr1_0891p_00003.cbf,531,558,286,326,27,40,1080
cr1_0891p_00004.cbf,531,558,286,326,27,40,1080
cr1_0891p_00005.cbf,530,557,289,329,27,40,1080
cr1_0891p_00006.cbf,530,557,289,329,27,40,1080
cr1_0891p_00007.cbf,530,558,288,328,28,40,1120
cr1_0891p_00008.cbf,530,559,286,326,29,40,1160
cr1_0892p_00001.cbf,530,559,285,325,29,40,1160
cr1_0892p_00002.cbf,531,559,286,326,28,40,1120
cr1_0892p_00003.cbf,530,558,286,326,28,40,1120
cr1_0892p_00004.cbf,530,558,287,327,28,40,1120
cr1_0892p_00005.cbf,530,557,290,331,27,41,1107
cr1_0892p_00006.cbf,530,557,290,329,27,39,1053
cr1_0892p_00007.cbf,530,558,288,328,28,40,1120
cr1_0892p_00008.cbf,530,558,287,326,28,39,1092
cr1_0893p_00001.cbf,531,559,285,325,28,40,1120
cr1_0893p_00002.cbf,531,559,286,326,28,40,1120
cr1_0893p_00003.cbf,530,558,287,327,28,40,1120
cr1_0893p_00004.cbf,531,557,288,328,26,40,1040
cr1_0893p_00005.cbf,530,557,293,333,27,40,1080
cr1_0893p_00006.cbf,530,557,294,334,27,40,1080
cr1_0893p_00007.cbf,530,557,290,331,27,41,1107
cr1_0893p_00008.cbf,530,558,287,328,28,41,1148
cr1_0894p_00001.cbf,531,559,286,326,28,40,1120
cr1_0894p_00002.cbf,531,559,287,327,28,40,1120
cr1_0894p_00003.cbf,531,558,287,327,27,40,1080
cr1_0894p_00004.cbf,530,557,289,329,27,40,1080
cr1_0894p_00005.cbf,530,557,294,334,27,40,1080
cr1_0894p_00006.cbf,530,557,293,333,27,40,1080
cr1_0894p_00007.cbf,530,558,290,331,28,41,1148
cr1_0894p_00008.cbf,530,558,287,327,28,40,1120
cr1_0895p_00001.cbf,531,559,286,326,28,40,1120
cr1_0895p_00002.cbf,530,559,287,327,29,40,1160
cr1_0895p_00003.cbf,531,558,287,327,27,40,1080
cr1_0895p_00004.cbf,530,557,289,330,27,41,1107
cr1_0895p_00005.cbf,530,557,294,333,27,39,1053
cr1_0895p_00006.cbf,530,557,293,333,27,40,1080
cr1_0895p_00007.cbf,530,557,290,330,27,40,1080
cr1_0895p_00008.cbf,530,558,288,328,28,40,1120
cr1_0896p_00001.cbf,531,559,286,326,28,40,1120
cr1_0896p_00002.cbf,530,558,287,327,28,40,1120
cr1_0896p_00003.cbf,531,558,288,328,27,40,1080
cr1_0896p_00004.cbf,530,557,290,330,27,40,1080
cr1_0896p_00005.cbf,530,557,294,334,27,40,1080
cr1_0896p_00006.cbf,530,557,293,333,27,40,1080
cr1_0896p_00007.cbf,530,558,290,331,28,41,1148
cr1_0896p_00008.cbf,530,558,287,328,28,41,1148
cr1_0897p_00001.cbf,531,559,286,325,28,39,1092
cr1_0897p_00002.cbf,530,559,287,326,29,39,1131
cr1_0897p_00003.cbf,531,558,287,327,27,40,1080
cr1_0897p_00004.cbf,530,557,289,330,27,41,1107
cr1_0897p_00005.cbf,530,557,293,333,27,40,1080
cr1_0897p_00006.cbf,530,557,293,332,27,39,1053
cr1_0897p_00007.cbf,530,558,290,330,28,40,1120
cr1_0897p_00008.cbf,531,558,287,327,27,40,1080
cr1_0898p_00001.cbf,531,559,286,326,28,40,1120
cr1_0898p_00002.cbf,531,559,287,326,28,39,1092
cr1_0898p_00003.cbf,530,558,287,327,28,40,1120
cr1_0898p_00004.cbf,530,557,289,330,27,41,1107
cr1_0898p_00005.cbf,530,557,293,333,27,40,1080
cr1_0898p_00006.cbf,529,557,293,333,28,40,1120
cr1_0898p_00007.cbf,530,557,291,331,27,40,1080
cr1_0898p_00008.cbf,530,558,288,328,28,40,1120
cr1_0899p_00001.cbf,531,559,286,326,28,40,1120
cr1_0899p_00002.cbf,531,559,287,327,28,40,1120
cr1_0899p_00003.cbf,531,558,288,328,27,40,1080
cr1_0899p_00004.cbf,530,557,290,330,27,40,1080
cr1_0899p_00005.cbf,530,557,294,333,27,39,1053
cr1_0899p_00006.cbf,530,557,293,333,27,40,1080
cr1_0899p_00007.cbf,530,558,291,331,28,40,1120
cr1_0899p_00008.cbf,530,558,287,327,28,40,1120
cr1_0900p_00001.cbf,531,559,286,326,28,40,1120
cr1_0900p_00002.cbf,530,559,286,327,29,41,1189
cr1_0900p_00003.cbf,530,558,287,327,28,40,1120
cr1_0900p_00004.cbf,531,558,288,328,27,40,1080
cr1_0900p_00005.cbf,530,557,290,330,27,40,1080
cr1_0900p_00006.cbf,530,557,290,330,27,40,1080
cr1_0900p_00007.cbf,530,558,288,328,28,40,1120
cr1_0900p_00008.cbf,531,559,287,326,28,39,1092
cr1_0901p_00001.cbf,531,559,286,325,28,39,1092
cr1_0901p_00002.cbf,530,559,286,326,29,40,1160
cr1_0901p_00003.cbf,531,558,286,326,27,40,1080
cr1_0901p_00004.cbf,531,558,287,327,27,40,1080
cr1_0901p_00005.cbf,531,557,290,330,26,40,1040
cr1_0901p_00006.cbf,530,557,290,329,27,39,1053
cr1_0901p_00007.cbf,531,558,288,328,27,40,1080
cr1_0901p_00008.cbf,531,558,286,326,27,40,1080
cr1_0902p_00001.cbf,531,559,286,326,28,40,1120
cr1_0902p_00002.cbf,531,559,286,326,28,40,1120
cr1_0902p_00003.cbf,531,558,286,327,27,41,1107
cr1_0902p_00004.cbf,531,558,287,327,27,40,1080
cr1_0902p_00005.cbf,531,557,290,330,26,40,1040
cr1_0902p_00006.cbf,530,557,289,328,27,39,1053
cr1_0902p_00007.cbf,531,558,288,327,27,39,1053
cr1_0902p_00008.cbf,531,559,286,326,28,40,1120
cr1_0903p_00001.cbf,531,559,286,326,28,40,1120
cr1_0903p_00002.cbf,531,559,286,326,28,40,1120
cr1_0903p_00003.cbf,531,558,286,327,27,41,1107
cr1_0903p_00004.cbf,531,557,287,327,26,40,1040
cr1_0903p_00005.cbf,530,557,289,330,27,41,1107
cr1_0903p_00006.cbf,530,557,290,329,27,39,1053
cr1_0903p_00007.cbf,530,558,288,328,28,40,1120
cr1_0903p_00008.cbf,530,558,287,327,28,40,1120
cr1_0904p_00001.cbf,531,559,286,326,28,40,1120
cr1_0904p_00002.cbf,531,559,286,326,28,40,1120
cr1_0904p_00003.cbf,531,558,287,327,27,40,1080
cr1_0904p_00004.cbf,531,558,287,327,27,40,1080
cr1_0904p_00005.cbf,530,557,289,330,27,41,1107
cr1_0904p_00006.cbf,531,557,290,329,26,39,1014
cr1_0904p_00007.cbf,531,558,288,328,27,40,1080
cr1_0904p_00008.cbf,531,559,287,326,28,39,1092
cr1_0905p_00001.cbf,531,559,286,326,28,40,1120
cr1_0905p_00002.cbf,531,559,286,326,28,40,1120
cr1_0905p_00003.cbf,531,558,287,327,27,40,1080
cr1_0905p_00004.cbf,531,557,287,327,26,40,1040
cr1_0905p_00005.cbf,530,557,290,331,27,41,1107
cr1_0905p_00006.cbf,530,557,290,329,27,39,1053
cr1_0905p_00007.cbf,530,558,288,328,28,40,1120
cr1_0905p_00008.cbf,531,558,287,326,27,39,1053
cr1_0906p_00001.cbf,531,559,285,326,28,41,1148
cr1_0906p_00002.cbf,531,559,286,326,28,40,1120
cr1_0906p_00003.cbf,531,558,287,327,27,40,1080
cr1_0906p_00004.cbf,531,557,287,327,26,40,1040
cr1_0906p_00005.cbf,530,557,289,330,27,41,1107
cr1_0906p_00006.cbf,530,557,290,329,27,39,1053
cr1_0906p_00007.cbf,531,557,288,328,26,40,1040
cr1_0906p_00008.cbf,531,559,287,326,28,39,1092
cr1_0907p_00001.cbf,531,559,286,326,28,40,1120
cr1_0907p_00002.cbf,531,559,286,326,28,40,1120
cr1_0907p_00003.cbf,530,558,286,327,28,41,1148
cr1_0907p_00004.cbf,531,558,287,327,27,40,1080
cr1_0907p_00005.cbf,530,557,290,331,27,41,1107
cr1_0907p_00006.cbf,530,557,291,330,27,39,1053
cr1_0907p_00007.cbf,531,558,289,328,27,39,1053
cr1_0907p_00008.cbf,531,559,287,326,28,39,1092
cr1_0908p_00001.cbf,531,559,285,326,28,41,1148
cr1_0908p_00002.cbf,530,559,286,327,29,41,1189
cr1_0908p_00003.cbf,530,558,287,327,28,40,1120
cr1_0908p_00004.cbf,531,558,287,327,27,40,1080
cr1_0908p_00005.cbf,530,557,290,331,27,41,1107
cr1_0908p_00006.cbf,530,557,290,329,27,39,1053
cr1_0908p_00007.cbf,530,558,288,328,28,40,1120
cr1_0908p_00008.cbf,530,559,286,326,29,40,1160
cr1_0909p_00001.cbf,531,559,286,326,28,40,1120
cr1_0909p_00002.cbf,531,559,286,326,28,40,1120
cr1_0909p_00003.cbf,531,558,286,327,27,41,1107
cr1_0909p_00004.cbf,530,558,286,327,28,41,1148
cr1_0909p_00005.cbf,531,557,288,328,26,40,1040
cr1_0909p_00006.cbf,530,557,289,330,27,41,1107
cr1_0909p_00007.cbf,530,558,287,327,28,40,1120
cr1_0909p_00008.cbf,530,559,286,326,29,40,1160
cr1_0910p_00001.cbf,531,559,285,326,28,41,1148
cr1_0910p_00002.cbf,530,559,286,326,29,40,1160
cr1_0910p_00003.cbf,530,558,286,327,28,41,1148
cr1_0910p_00004.cbf,530,558,286,327,28,41,1148
cr1_0910p_00005.cbf,530,557,288,329,27,41,1107
cr1_0910p_00006.cbf,530,557,288,328,27,40,1080
cr1_0910p_00007.cbf,531,558,287,328,27,41,1107
cr1_0910p_00008.cbf,531,559,286,326,28,40,1120
cr1_0911p_00001.cbf,531,559,285,326,28,41,1148
cr1_0911p_00002.cbf,530,559,286,326,29,40,1160
cr1_0911p_00003.cbf,531,558,286,327,27,41,1107
cr1_0911p_00004.cbf,531,558,286,327,27,41,1107
cr1_0911p_00005.cbf,531,557,288,328,26,40,1040
cr1_0911p_00006.cbf,530,557,288,329,27,41,1107
cr1_0911p_00007.cbf,530,558,287,327,28,40,1120
cr1_0911p_00008.cbf,531,559,286,326,28,40,1120
cr1_0912p_00001.cbf,530,559,285,325,29,40,1160
cr1_0912p_00002.cbf,531,559,286,327,28,41,1148
cr1_0912p_00003.cbf,531,558,286,326,27,40,1080
cr1_0912p_00004.cbf,531,558,286,327,27,41,1107
cr1_0912p_00005.cbf,530,557,288,329,27,41,1107
cr1_0912p_00006.cbf,530,557,289,328,27,39,1053
cr1_0912p_00007.cbf,530,558,288,328,28,40,1120
cr1_0912p_00008.cbf,530,559,286,327,29,41,1189
cr1_0913p_00001.cbf,531,559,285,326,28,41,1148
cr1_0913p_00002.cbf,530,559,286,326,29,40,1160
cr1_0913p_00003.cbf,530,558,286,326,28,40,1120
cr1_0913p_00004.cbf,530,558,286,327,28,41,1148
cr1_0913p_00005.cbf,530,557,288,329,27,41,1107
cr1_0913p_00006.cbf,530,557,288,328,27,40,1080
cr1_0913p_00007.cbf,531,558,287,327,27,40,1080
cr1_0913p_00008.cbf,531,559,286,326,28,40,1120
cr1_0914p_00001.cbf,531,559,285,325,28,40,1120
cr1_0914p_00002.cbf,531,559,286,327,28,41,1148
cr1_0914p_00003.cbf,530,558,286,327,28,41,1148
cr1_0914p_00004.cbf,530,558,286,327,28,41,1148
cr1_0914p_00005.cbf,530,557,289,330,27,41,1107
cr1_0914p_00006.cbf,530,557,289,328,27,39,1053
cr1_0914p_00007.cbf,530,558,287,328,28,41,1148
cr1_0914p_00008.cbf,531,559,286,326,28,40,1120
cr1_0915p_00001.cbf,531,559,285,325,28,40,1120
cr1_0915p_00002.cbf,530,559,286,326,29,40,1160
cr1_0915p_00003.cbf,531,558,286,326,27,40,1080
cr1_0915p_00004.cbf,530,558,287,327,28,40,1120
cr1_0915p_00005.cbf,530,557,288,329,27,41,1107
cr1_0915p_00006.cbf,531,557,288,328,26,40,1040
cr1_0915p_00007.cbf,530,558,287,327,28,40,1120
cr1_0915p_00008.cbf,531,559,286,326,28,40,1120
cr1_0916p_00001.cbf,531,559,285,325,28,40,1120
cr1_0916p_00002.cbf,531,559,286,326,28,40,1120
cr1_0916p_00003.cbf,531,559,286,326,28,40,1120
cr1_0916p_00004.cbf,530,558,286,327,28,41,1148
cr1_0916p_00005.cbf,530,557,289,329,27,40,1080
cr1_0916p_00006.cbf,530,557,288,328,27,40,1080
cr1_0916p_00007.cbf,530,558,287,327,28,40,1120
cr1_0916p_00008.cbf,531,559,286,326,28,40,1120
cr1_0917p_00001.cbf,531,559,285,325,28,40,1120
cr1_0917p_00002.cbf,531,559,286,326,28,40,1120
cr1_0917p_00003.cbf,531,558,286,326,27,40,1080
cr1_0917p_00004.cbf,531,558,287,327,27,40,1080
cr1_0917p_00005.cbf,530,557,288,329,27,41,1107
cr1_0917p_00006.cbf,531,557,289,328,26,39,1014
cr1_0917p_00007.cbf,530,558,287,327,28,40,1120
cr1_0917p_00008.cbf,531,558,286,326,27,40,1080
cr1_0918p_00001.cbf,531,559,285,325,28,40,1120
cr1_0918p_00002.cbf,531,559,286,327,28,41,1148
cr1_0918p_00003.cbf,530,558,286,326,28,40,1120
cr1_0918p_00004.cbf,531,558,286,327,27,41,1107
cr1_0918p_00005.cbf,531,557,287,328,26,41,1066
cr1_0918p_00006.cbf,530,558,287,328,28,41,1148
cr1_0918p_00007.cbf,531,558,287,327,27,40,1080
cr1_0918p_00008.cbf,530,559,286,326,29,40,1160
cr1_0919p_00001.cbf,531,559,285,325,28,40,1120
cr1_0919p_00002.cbf,531,559,286,326,28,40,1120
cr1_0919p_00003.cbf,531,558,286,326,27,40,1080
cr1_0919p_00004.cbf,530,558,286,327,28,41,1148
cr1_0919p_00005.cbf,531,557,287,328,26,41,1066
cr1_0919p_00006.cbf,530,557,288,328,27,40,1080
cr1_0919p_00007.cbf,531,558,287,327,27,40,1080
cr1_0919p_00008.cbf,531,559,286,326,28,40,1120
cr1_0920p_00001.cbf,531,559,285,325,28,40,1120
cr1_0920p_00002.cbf,531,559,286,326,28,40,1120
cr1_0920p_00003.cbf,531,558,286,327,27,41,1107
cr1_0920p_00004.cbf,531,558,287,327,27,40,1080
cr1_0920p_00005.cbf,530,557,289,329,27,40,1080
cr1_0920p_00006.cbf,530,557,288,328,27,40,1080
cr1_0920p_00007.cbf,531,558,287,327,27,40,1080
cr1_0920p_00008.cbf,531,559,286,326,28,40,1120
cr1_0921p_00001.cbf,530,559,285,325,29,40,1160
cr1_0921p_00002.cbf,531,559,286,326,28,40,1120
cr1_0921p_00003.cbf,531,558,286,326,27,40,1080
cr1_0921p_00004.cbf,531,558,286,327,27,41,1107
cr1_0921p_00005.cbf,530,557,288,329,27,41,1107
cr1_0921p_00006.cbf,530,557,288,327,27,39,1053
cr1_0921p_00007.cbf,530,558,287,327,28,40,1120
cr1_0921p_00008.cbf,531,559,286,326,28,40,1120
cr1_0922p_00001.cbf,530,559,285,325,29,40,1160
cr1_0922p_00002.cbf,530,559,286,326,29,40,1160
cr1_0922p_00003.cbf,530,558,286,326,28,40,1120
cr1_0922p_00004.cbf,531,558,286,327,27,41,1107
cr1_0922p_00005.cbf,530,557,288,328,27,40,1080
cr1_0922p_00006.cbf,530,557,288,327,27,39,1053
cr1_0922p_00007.cbf,531,558,287,327,27,40,1080
cr1_0922p_00008.cbf,531,559,286,326,28,40,1120
cr1_0923p_00001.cbf,531,559,285,325,28,40,1120
cr1_0923p_00002.cbf,531,559,286,326,28,40,1120
cr1_0923p_00003.cbf,531,558,286,326,27,40,1080
cr1_0923p_00004.cbf,531,558,286,326,27,40,1080
cr1_0923p_00005.cbf,530,558,286,327,28,41,1148
cr1_0923p_00006.cbf,530,558,287,327,28,40,1120
cr1_0923p_00007.cbf,530,558,286,326,28,40,1120
cr1_0923p_00008.cbf,530,559,286,326,29,40,1160
cr1_0924p_00001.cbf,530,559,285,325,29,40,1160
cr1_0924p_00002.cbf,531,559,286,326,28,40,1120
cr1_0924p_00003.cbf,531,559,286,326,28,40,1120
cr1_0924p_00004.cbf,531,558,286,326,27,40,1080
cr1_0924p_00005.cbf,530,557,287,327,27,40,1080
cr1_0924p_00006.cbf,531,558,287,326,27,39,1053
cr1_0924p_00007.cbf,531,558,287,326,27,39,1053
cr1_0924p_00008.cbf,531,559,286,326,28,40,1120
cr1_0925p_00001.cbf,531,559,285,325,28,40,1120
cr1_0925p_00002.cbf,531,559,286,326,28,40,1120
cr1_0925p_00003.cbf,531,559,286,326,28,40,1120
cr1_0925p_00004.cbf,530,558,286,326,28,40,1120
cr1_0925p_00005.cbf,530,557,287,327,27,40,1080
cr1_0925p_00006.cbf,531,558,287,327,27,40,1080
cr1_0925p_00007.cbf,531,558,286,326,27,40,1080
cr1_0925p_00008.cbf,531,559,286,325,28,39,1092
cr1_0926p_00001.cbf,531,559,285,325,28,40,1120
cr1_0926p_00002.cbf,531,559,286,326,28,40,1120
cr1_0926p_00003.cbf,531,558,286,326,27,40,1080
cr1_0926p_00004.cbf,531,558,286,326,27,40,1080
cr1_0926p_00005.cbf,531,557,287,327,26,40,1040
cr1_0926p_00006.cbf,531,558,287,327,27,40,1080
cr1_0926p_00007.cbf,530,558,286,326,28,40,1120
cr1_0926p_00008.cbf,531,559,286,325,28,39,1092
cr1_0927p_00001.cbf,530,559,285,325,29,40,1160
cr1_0927p_00002.cbf,530,559,286,326,29,40,1160
cr1_0927p_00003.cbf,530,559,285,326,29,41,1189
cr1_0927p_00004.cbf,530,558,286,326,28,40,1120
cr1_0927p_00005.cbf,530,557,287,327,27,40,1080
cr1_0927p_00006.cbf,530,558,286,327,28,41,1148
cr1_0927p_00007.cbf,531,558,286,326,27,40,1080
cr1_0927p_00008.cbf,531,559,286,325,28,39,1092
cr1_0928p_00001.cbf,531,559,285,325,28,40,1120
cr1_0928p_00002.cbf,531,559,286,326,28,40,1120
cr1_0928p_00003.cbf,531,559,286,326,28,40,1120
cr1_0928p_00004.cbf,531,558,286,326,27,40,1080
cr1_0928p_00005.cbf,531,557,287,327,26,40,1040
cr1_0928p_00006.cbf,530,558,287,326,28,39,1092
cr1_0928p_00007.cbf,531,558,286,326,27,40,1080
cr1_0928p_00008.cbf,531,559,286,325,28,39,1092
cr1_0929p_00001.cbf,531,559,285,325,28,40,1120
cr1_0929p_00002.cbf,531,559,286,326,28,40,1120
cr1_0929p_00003.cbf,531,558,286,326,27,40,1080
cr1_0929p_00004.cbf,531,558,286,326,27,40,1080
cr1_0929p_00005.cbf,531,557,287,327,26,40,1040
cr1_0929p_00006.cbf,531,558,287,327,27,40,1080
cr1_0929p_00007.cbf,531,558,286,326,27,40,1080
cr1_0929p_00008.cbf,530,559,286,326,29,40,1160
cr1_0930p_00001.cbf,531,559,285,325,28,40,1120
cr1_0930p_00002.cbf,531,559,286,326,28,40,1120
cr1_0930p_00003.cbf,530,558,286,326,28,40,1120
cr1_0930p_00004.cbf,531,558,286,326,27,40,1080
cr1_0930p_00005.cbf,531,557,287,327,26,40,1040
cr1_0930p_00006.cbf,531,558,286,326,27,40,1080
cr1_0930p_00007.cbf,531,558,286,326,27,40,1080
cr1_0930p_00008.cbf,531,559,285,325,28,40,1120
cr1_0931p_00001.cbf,531,559,285,325,28,40,1120
cr1_0931p_00002.cbf,531,559,286,325,28,39,1092
cr1_0931p_00003.cbf,531,558,285,326,27,41,1107
cr1_0931p_00004.cbf,531,558,286,326,27,40,1080
cr1_0931p_00005.cbf,530,557,287,327,27,40,1080
cr1_0931p_00006.cbf,531,558,286,327,27,41,1107
cr1_0931p_00007.cbf,531,558,286,326,27,40,1080
cr1_0931p_00008.cbf,531,559,285,325,28,40,1120
cr1_0932p_00001.cbf,531,559,285,325,28,40,1120
cr1_0932p_00002.cbf,531,559,286,326,28,40,1120
cr1_0932p_00003.cbf,531,559,285,326,28,41,1148
cr1_0932p_00004.cbf,530,558,285,325,28,40,1120
cr1_0932p_00005.cbf,530,558,286,327,28,41,1148
cr1_0932p_00006.cbf,530,558,286,327,28,41,1148
cr1_0932p_00007.cbf,530,559,286,326,29,40,1160
cr1_0932p_00008.cbf,531,559,285,325,28,40,1120
cr1_0933p_00001.cbf,530,559,285,325,29,40,1160
cr1_0933p_00002.cbf,531,559,286,326,28,40,1120
cr1_0933p_00003.cbf,531,559,285,326,28,41,1148
cr1_0933p_00004.cbf,531,558,286,326,27,40,1080
cr1_0933p_00005.cbf,531,558,287,327,27,40,1080
cr1_0933p_00006.cbf,531,558,286,326,27,40,1080
cr1_0933p_00007.cbf,531,558,286,325,27,39,1053
cr1_0933p_00008.cbf,531,559,285,325,28,40,1120
cr1_0934p_00001.cbf,531,559,285,325,28,40,1120
cr1_0934p_00002.cbf,531,559,285,326,28,41,1148
cr1_0934p_00003.cbf,531,559,285,326,28,41,1148
cr1_0934p_00004.cbf,531,558,286,326,27,40,1080
cr1_0934p_00005.cbf,531,557,287,327,26,40,1040
cr1_0934p_00006.cbf,530,558,286,326,28,40,1120
cr1_0934p_00007.cbf,531,558,286,326,27,40,1080
cr1_0934p_00008.cbf,531,559,285,325,28,40,1120
cr1_0935p_00001.cbf,530,559,285,325,29,40,1160
cr1_0935p_00002.cbf,531,559,285,325,28,40,1120
cr1_0935p_00003.cbf,531,559,286,326,28,40,1120
cr1_0935p_00004.cbf,531,558,286,326,27,40,1080
cr1_0935p_00005.cbf,531,557,287,327,26,40,1040
cr1_0935p_00006.cbf,531,558,286,326,27,40,1080
cr1_0935p_00007.cbf,531,559,286,326,28,40,1120
cr1_0935p_00008.cbf,531,559,285,325,28,40,1120
cr1_0936p_00001.cbf,531,559,285,325,28,40,1120
cr1_0936p_00002.cbf,531,559,286,325,28,39,1092
cr1_0936p_00003.cbf,530,559,285,326,29,41,1189
cr1_0936p_00004.cbf,530,558,286,326,28,40,1120
cr1_0936p_00005.cbf,530,558,286,327,28,41,1148
cr1_0936p_00006.cbf,531,558,286,326,27,40,1080
cr1_0936p_00007.cbf,531,559,286,325,28,39,1092
cr1_0936p_00008.cbf,531,559,285,325,28,40,1120
cr1_0937p_00001.cbf,531,559,285,324,28,39,1092
cr1_0937p_00002.cbf,531,559,285,325,28,40,1120
cr1_0937p_00003.cbf,531,559,286,326,28,40,1120
cr1_0937p_00004.cbf,531,558,286,326,27,40,1080
cr1_0937p_00005.cbf,531,558,287,327,27,40,1080
cr1_0937p_00006.cbf,531,558,286,326,27,40,1080
cr1_0937p_00007.cbf,531,559,286,326,28,40,1120
cr1_0937p_00008.cbf,531,559,285,325,28,40,1120
cr1_0938p_00001.cbf,531,559,285,325,28,40,1120
cr1_0938p_00002.cbf,531,559,285,326,28,41,1148
cr1_0938p_00003.cbf,531,559,285,326,28,41,1148
cr1_0938p_00004.cbf,531,558,286,326,27,40,1080
cr1_0938p_00005.cbf,530,557,286,326,27,40,1080
cr1_0938p_00006.cbf,531,558,286,326,27,40,1080
cr1_0938p_00007.cbf,531,559,285,325,28,40,1120
cr1_0938p_00008.cbf,531,559,285,325,28,40,1120
cr1_0939p_00001.cbf,531,559,285,325,28,40,1120
cr1_0939p_00002.cbf,531,559,285,325,28,40,1120
cr1_0939p_00003.cbf,531,559,286,326,28,40,1120
cr1_0939p_00004.cbf,531,558,286,326,27,40,1080
cr1_0939p_00005.cbf,530,558,287,327,28,40,1120
cr1_0939p_00006.cbf,531,558,286,326,27,40,1080
cr1_0939p_00007.cbf,531,559,285,325,28,40,1120
cr1_0939p_00008.cbf,531,559,285,325,28,40,1120
cr1_0940p_00001.cbf,531,559,285,325,28,40,1120
cr1_0940p_00002.cbf,531,559,285,325,28,40,1120
cr1_0940p_00003.cbf,531,559,285,326,28,41,1148
cr1_0940p_00004.cbf,531,558,286,326,27,40,1080
cr1_0940p_00005.cbf,531,558,286,326,27,40,1080
cr1_0940p_00006.cbf,531,558,285,326,27,41,1107
cr1_0940p_00007.cbf,531,559,285,325,28,40,1120
cr1_0940p_00008.cbf,531,559,285,325,28,40,1120
cr1_0941p_00001.cbf,531,559,285,325,28,40,1120
cr1_0941p_00002.cbf,530,559,285,325,29,40,1160
cr1_0941p_00003.cbf,531,559,286,326,28,40,1120
cr1_0941p_00004.cbf,531,558,285,326,27,41,1107
cr1_0941p_00005.cbf,531,558,286,327,27,41,1107
cr1_0941p_00006.cbf,531,558,286,326,27,40,1080
cr1_0941p_00007.cbf,530,559,285,325,29,40,1160
cr1_0941p_00008.cbf,530,559,285,325,29,40,1160
cr1_0942p_00001.cbf,530,559,285,325,29,40,1160
cr1_0942p_00002.cbf,531,559,285,326,28,41,1148
cr1_0942p_00003.cbf,531,559,285,326,28,41,1148
cr1_0942p_00004.cbf,530,558,285,326,28,41,1148
cr1_0942p_00005.cbf,530,558,286,327,28,41,1148
cr1_0942p_00006.cbf,530,559,285,326,29,41,1189
cr1_0942p_00007.cbf,531,559,285,325,28,40,1120
cr1_0942p_00008.cbf,531,559,285,325,28,40,1120
cr1_0943p_00001.cbf,531,559,284,325,28,41,1148
cr1_0943p_00002.cbf,531,559,285,325,28,40,1120
cr1_0943p_00003.cbf,530,559,285,326,29,41,1189
cr1_0943p_00004.cbf,530,558,285,326,28,41,1148
cr1_0943p_00005.cbf,531,558,286,327,27,41,1107
cr1_0943p_00006.cbf,530,558,286,326,28,40,1120
cr1_0943p_00007.cbf,530,559,285,326,29,41,1189
cr1_0943p_00008.cbf,531,559,285,325,28,40,1120
cr1_0944p_00001.cbf,531,559,284,324,28,40,1120
cr1_0944p_00002.cbf,531,559,285,325,28,40,1120
cr1_0944p_00003.cbf,530,559,285,325,29,40,1160
cr1_0944p_00004.cbf,530,558,285,326,28,41,1148
cr1_0944p_00005.cbf,530,558,286,327,28,41,1148
cr1_0944p_00006.cbf,530,558,286,326,28,40,1120
cr1_0944p_00007.cbf,531,559,285,326,28,41,1148
cr1_0944p_00008.cbf,531,559,285,325,28,40,1120
cr1_0945p_00001.cbf,531,559,285,325,28,40,1120
cr1_0945p_00002.cbf,531,559,285,325,28,40,1120
cr1_0945p_00003.cbf,530,559,285,326,29,41,1189
cr1_0945p_00004.cbf,530,558,285,326,28,41,1148
cr1_0945p_00005.cbf,530,558,286,327,28,41,1148
cr1_0945p_00006.cbf,530,558,286,326,28,40,1120
cr1_0945p_00007.cbf,531,559,285,325,28,40,1120
cr1_0945p_00008.cbf,531,559,285,325,28,40,1120
cr1_0946p_00001.cbf,531,559,284,324,28,40,1120
cr1_0946p_00002.cbf,531,559,285,325,28,40,1120
cr1_0946p_00003.cbf,531,559,285,326,28,41,1148
cr1_0946p_00004.cbf,530,558,286,326,28,40,1120
cr1_0946p_00005.cbf,530,558,287,327,28,40,1120
cr1_0946p_00006.cbf,530,558,286,326,28,40,1120
cr1_0946p_00007.cbf,530,559,285,326,29,41,1189
cr1_0946p_00008.cbf,530,559,285,325,29,40,1160
cr1_0947p_00001.cbf,531,559,285,324,28,39,1092
cr1_0947p_00002.cbf,530,559,285,325,29,40,1160
cr1_0947p_00003.cbf,531,559,285,326,28,41,1148
cr1_0947p_00004.cbf,530,559,286,326,29,40,1160
cr1_0947p_00005.cbf,530,558,286,327,28,41,1148
cr1_0947p_00006.cbf,531,558,286,326,27,40,1080
cr1_0947p_00007.cbf,530,559,285,325,29,40,1160
cr1_0947p_00008.cbf,531,559,285,325,28,40,1120
cr1_0948p_00001.cbf,531,559,284,324,28,40,1120
cr1_0948p_00002.cbf,530,559,285,325,29,40,1160
cr1_0948p_00003.cbf,530,559,285,326,29,41,1189
cr1_0948p_00004.cbf,531,559,285,326,28,41,1148
cr1_0948p_00005.cbf,530,558,286,327,28,41,1148
cr1_0948p_00006.cbf,531,559,285,326,28,41,1148
cr1_0948p_00007.cbf,531,559,285,325,28,40,1120
cr1_0948p_00008.cbf,531,559,284,324,28,40,1120
cr1_0949p_00001.cbf,531,559,284,324,28,40,1120
cr1_0949p_00002.cbf,530,559,285,325,29,40,1160
cr1_0949p_00003.cbf,530,559,285,325,29,40,1160
cr1_0949p_00004.cbf,531,558,285,326,27,41,1107
cr1_0949p_00005.cbf,530,558,286,327,28,41,1148
cr1_0949p_00006.cbf,531,558,285,326,27,41,1107
cr1_0949p_00007.cbf,531,559,285,325,28,40,1120
cr1_0949p_00008.cbf,531,559,285,325,28,40,1120
cr1_0950p_00001.cbf,531,559,284,324,28,40,1120
cr1_0950p_00002.cbf,531,559,285,325,28,40,1120
cr1_0950p_00003.cbf,531,559,285,325,28,40,1120
cr1_0950p_00004.cbf,530,559,285,325,29,40,1160
cr1_0950p_00005.cbf,531,558,286,326,27,40,1080
cr1_0950p_00006.cbf,531,558,286,326,27,40,1080
cr1_0950p_00007.cbf,531,559,285,325,28,40,1120
cr1_0950p_00008.cbf,531,559,285,325,28,40,1120
cr1_0951p_00001.cbf,530,559,284,324,29,40,1160
cr1_0951p_00002.cbf,531,559,285,325,28,40,1120
cr1_0951p_00003.cbf,531,559,285,326,28,41,1148
cr1_0951p_00004.cbf,531,558,285,326,27,41,1107
cr1_0951p_00005.cbf,530,558,286,327,28,41,1148
cr1_0951p_00006.cbf,530,558,285,326,28,41,1148
cr1_0951p_00007.cbf,531,559,285,325,28,40,1120
cr1_0951p_00008.cbf,531,559,285,324,28,39,1092
cr1_0952p_00001.cbf,531,559,284,324,28,40,1120
cr1_0952p_00002.cbf,530,559,285,325,29,40,1160
cr1_0952p_00003.cbf,531,559,285,325,28,40,1120
cr1_0952p_00004.cbf,530,558,285,325,28,40,1120
cr1_0952p_00005.cbf,531,558,286,326,27,40,1080
cr1_0952p_00006.cbf,531,558,285,326,27,41,1107
cr1_0952p_00007.cbf,530,559,285,325,29,40,1160
cr1_0952p_00008.cbf,531,559,284,325,28,41,1148
cr1_0953p_00001.cbf,531,559,284,324,28,40,1120
cr1_0953p_00002.cbf,531,559,285,325,28,40,1120
cr1_0953p_00003.cbf,531,559,285,325,28,40,1120
cr1_0953p_00004.cbf,531,558,285,326,27,41,1107
cr1_0953p_00005.cbf,531,558,285,326,27,41,1107
cr1_0953p_00006.cbf,530,558,285,326,28,41,1148
cr1_0953p_00007.cbf,531,559,285,325,28,40,1120
cr1_0953p_00008.cbf,531,559,284,324,28,40,1120
cr1_0954p_00001.cbf,531,559,284,324,28,40,1120
cr1_0954p_00002.cbf,531,559,285,325,28,40,1120
cr1_0954p_00003.cbf,530,559,285,325,29,40,1160
cr1_0954p_00004.cbf,530,558,285,326,28,41,1148
cr1_0954p_00005.cbf,530,558,286,326,28,40,1120
cr1_0954p_00006.cbf,531,558,285,326,27,41,1107
cr1_0954p_00007.cbf,530,559,285,325,29,40,1160
cr1_0954p_00008.cbf,531,559,285,324,28,39,1092
cr1_0955p_00001.cbf,531,559,284,324,28,40,1120
cr1_0955p_00002.cbf,531,559,285,325,28,40,1120
cr1_0955p_00003.cbf,531,559,285,325,28,40,1120
cr1_0955p_00004.cbf,531,558,285,326,27,41,1107
cr1_0955p_00005.cbf,530,558,285,326,28,41,1148
cr1_0955p_00006.cbf,531,558,285,326,27,41,1107
cr1_0955p_00007.cbf,531,559,285,325,28,40,1120
cr1_0955p_00008.cbf,531,559,284,324,28,40,1120
cr1_0956p_00001.cbf,531,559,284,324,28,40,1120
cr1_0956p_00002.cbf,531,559,285,325,28,40,1120
cr1_0956p_00003.cbf,531,559,285,325,28,40,1120
cr1_0956p_00004.cbf,530,558,285,326,28,41,1148
cr1_0956p_00005.cbf,530,558,286,326,28,40,1120
cr1_0956p_00006.cbf,531,558,285,326,27,41,1107
cr1_0956p_00007.cbf,531,559,285,325,28,40,1120
cr1_0956p_00008.cbf,531,559,284,324,28,40,1120
cr1_0957p_00001.cbf,531,559,284,324,28,40,1120
cr1_0957p_00002.cbf,531,559,285,325,28,40,1120
cr1_0957p_00003.cbf,531,559,285,325,28,40,1120
cr1_0957p_00004.cbf,530,558,285,325,28,40,1120
cr1_0957p_00005.cbf,530,558,286,326,28,40,1120
cr1_0957p_00006.cbf,530,558,285,326,28,41,1148
cr1_0957p_00007.cbf,530,559,285,325,29,40,1160
cr1_0957p_00008.cbf,531,559,284,324,28,40,1120
cr1_0958p_00001.cbf,531,559,284,324,28,40,1120
cr1_0958p_00002.cbf,531,559,285,325,28,40,1120
cr1_0958p_00003.cbf,531,559,285,325,28,40,1120
cr1_0958p_00004.cbf,530,558,285,325,28,40,1120
cr1_0958p_00005.cbf,530,557,286,326,27,40,1080
cr1_0958p_00006.cbf,530,558,285,325,28,40,1120
cr1_0958p_00007.cbf,531,559,284,325,28,41,1148
cr1_0958p_00008.cbf,531,559,284,324,28,40,1120
cr1_0959p_00001.cbf,531,559,284,324,28,40,1120
cr1_0959p_00002.cbf,531,559,285,325,28,40,1120
cr1_0959p_00003.cbf,530,559,285,325,29,40,1160
cr1_0959p_00004.cbf,531,558,285,325,27,40,1080
cr1_0959p_00005.cbf,530,558,285,326,28,41,1148
cr1_0959p_00006.cbf,531,558,285,325,27,40,1080
cr1_0959p_00007.cbf,531,559,284,325,28,41,1148
cr1_0959p_00008.cbf,531,559,284,324,28,40,1120
cr1_0960p_00001.cbf,531,559,284,324,28,40,1120
cr1_0960p_00002.cbf,531,559,285,325,28,40,1120
cr1_0960p_00003.cbf,531,559,285,325,28,40,1120
cr1_0960p_00004.cbf,530,558,285,325,28,40,1120
cr1_0960p_00005.cbf,531,558,286,326,27,40,1080
cr1_0960p_00006.cbf,530,558,285,326,28,41,1148
cr1_0960p_00007.cbf,531,559,285,325,28,40,1120
cr1_0960p_00008.cbf,530,559,284,324,29,40,1160
cr1_0961p_00001.cbf,531,559,284,324,28,40,1120
cr1_0961p_00002.cbf,531,559,285,325,28,40,1120
cr1_0961p_00003.cbf,531,559,285,325,28,40,1120
cr1_0961p_00004.cbf,531,558,285,325,27,40,1080
cr1_0961p_00005.cbf,530,558,285,326,28,41,1148
cr1_0961p_00006.cbf,531,558,285,326,27,41,1107
cr1_0961p_00007.cbf,530,559,285,325,29,40,1160
cr1_0961p_00008.cbf,531,559,284,324,28,40,1120
cr1_0962p_00001.cbf,531,559,284,324,28,40,1120
cr1_0962p_00002.cbf,531,559,285,325,28,40,1120
cr1_0962p_00003.cbf,531,559,285,325,28,40,1120
cr1_0962p_00004.cbf,531,558,285,325,27,40,1080
cr1_0962p_00005.cbf,530,558,285,326,28,41,1148
cr1_0962p_00006.cbf,531,558,284,325,27,41,1107
cr1_0962p_00007.cbf,531,559,284,325,28,41,1148
cr1_0962p_00008.cbf,531,559,284,324,28,40,1120
cr1_0963p_00001.cbf,531,559,284,324,28,40,1120
cr1_0963p_00002.cbf,531,559,285,325,28,40,1120
cr1_0963p_00003.cbf,531,559,285,325,28,40,1120
cr1_0963p_00004.cbf,530,558,285,325,28,40,1120
cr1_0963p_00005.cbf,531,558,285,326,27,41,1107
cr1_0963p_00006.cbf,531,558,285,325,27,40,1080
cr1_0963p_00007.cbf,530,559,284,324,29,40,1160
cr1_0963p_00008.cbf,531,559,284,324,28,40,1120
cr1_0964p_00001.cbf,531,559,284,324,28,40,1120
cr1_0964p_00002.cbf,531,559,285,325,28,40,1120
cr1_0964p_00003.cbf,531,559,285,325,28,40,1120
cr1_0964p_00004.cbf,531,558,285,325,27,40,1080
cr1_0964p_00005.cbf,530,558,285,326,28,41,1148
cr1_0964p_00006.cbf,531,558,285,325,27,40,1080
cr1_0964p_00007.cbf,531,559,284,325,28,41,1148
cr1_0964p_00008.cbf,531,559,284,324,28,40,1120
cr1_0965p_00001.cbf,530,559,284,324,29,40,1160
cr1_0965p_00002.cbf,531,559,285,325,28,40,1120
cr1_0965p_00003.cbf,531,559,285,325,28,40,1120
cr1_0965p_00004.cbf,531,558,285,325,27,40,1080
cr1_0965p_00005.cbf,531,558,285,326,27,41,1107
cr1_0965p_00006.cbf,531,558,285,325,27,40,1080
cr1_0965p_00007.cbf,531,559,285,325,28,40,1120
cr1_0965p_00008.cbf,531,559,284,324,28,40,1120
cr1_0966p_00001.cbf,531,559,284,324,28,40,1120
cr1_0966p_00002.cbf,531,559,285,325,28,40,1120
cr1_0966p_00003.cbf,531,559,285,325,28,40,1120
cr1_0966p_00004.cbf,530,558,285,325,28,40,1120
cr1_0966p_00005.cbf,530,558,285,326,28,41,1148
cr1_0966p_00006.cbf,531,558,285,325,27,40,1080
cr1_0966p_00007.cbf,531,559,284,325,28,41,1148
cr1_0966p_00008.cbf,531,559,284,324,28,40,1120
cr1_0967p_00001.cbf,531,559,284,324,28,40,1120
cr1_0967p_00002.cbf,531,559,285,325,28,40,1120
cr1_0967p_00003.cbf,530,559,285,325,29,40,1160
cr1_0967p_00004.cbf,531,558,285,325,27,40,1080
cr1_0967p_00005.cbf,531,558,285,325,27,40,1080
cr1_0967p_00006.cbf,530,558,284,325,28,41,1148
cr1_0967p_00007.cbf,530,559,285,325,29,40,1160
cr1_0967p_00008.cbf,531,559,284,324,28,40,1120
cr1_0968p_00001.cbf,531,559,284,324,28,40,1120
cr1_0968p_00002.cbf,531,559,285,325,28,40,1120
cr1_0968p_00003.cbf,531,559,285,325,28,40,1120
cr1_0968p_00004.cbf,531,558,285,325,27,40,1080
cr1_0968p_00005.cbf,530,558,285,325,28,40,1120
cr1_0968p_00006.cbf,531,558,285,325,27,40,1080
cr1_0968p_00007.cbf,531,559,284,325,28,41,1148
cr1_0968p_00008.cbf,531,559,284,324,28,40,1120
cr1_0969p_00001.cbf,530,559,284,324,29,40,1160
cr1_0969p_00002.cbf,531,559,285,325,28,40,1120
cr1_0969p_00003.cbf,531,559,285,325,28,40,1120
cr1_0969p_00004.cbf,530,558,285,325,28,40,1120
cr1_0969p_00005.cbf,531,558,285,325,27,40,1080
cr1_0969p_00006.cbf,531,558,285,325,27,40,1080
cr1_0969p_00007.cbf,531,559,284,324,28,40,1120
cr1_0969p_00008.cbf,531,559,284,324,28,40,1120
cr1_0970p_00001.cbf,531,559,284,324,28,40,1120
cr1_0970p_00002.cbf,531,559,285,325,28,40,1120
cr1_0970p_00003.cbf,531,559,285,325,28,40,1120
cr1_0970p_00004.cbf,531,558,285,325,27,40,1080
cr1_0970p_00005.cbf,531,558,285,325,27,40,1080
cr1_0970p_00006.cbf,531,558,284,325,27,41,1107
cr1_0970p_00007.cbf,531,559,284,324,28,40,1120
cr1_0970p_00008.cbf,531,559,284,324,28,40,1120
cr1_0971p_00001.cbf,531,559,284,324,28,40,1120
cr1_0971p_00002.cbf,531,559,285,325,28,40,1120
cr1_0971p_00003.cbf,531,559,284,325,28,41,1148
cr1_0971p_00004.cbf,531,558,285,325,27,40,1080
cr1_0971p_00005.cbf,531,558,285,325,27,40,1080
cr1_0971p_00006.cbf,530,558,284,325,28,41,1148
cr1_0971p_00007.cbf,531,559,284,325,28,41,1148
cr1_0971p_00008.cbf,531,559,284,324,28,40,1120
cr1_0972p_00001.cbf,531,559,284,324,28,40,1120
cr1_0972p_00002.cbf,531,559,285,325,28,40,1120
cr1_0972p_00003.cbf,531,559,285,325,28,40,1120
cr1_0972p_00004.cbf,530,558,285,325,28,40,1120
cr1_0972p_00005.cbf,531,558,284,325,27,41,1107
cr1_0972p_00006.cbf,530,558,284,324,28,40,1120
cr1_0972p_00007.cbf,531,559,284,324,28,40,1120
cr1_0972p_00008.cbf,531,559,284,324,28,40,1120
cr1_0973p_00001.cbf,531,559,284,324,28,40,1120
cr1_0973p_00002.cbf,531,559,285,325,28,40,1120
cr1_0973p_00003.cbf,531,559,285,325,28,40,1120
cr1_0973p_00004.cbf,531,558,285,325,27,40,1080
cr1_0973p_00005.cbf,530,558,284,325,28,41,1148
cr1_0973p_00006.cbf,531,558,284,325,27,41,1107
cr1_0973p_00007.cbf,531,559,284,324,28,40,1120
cr1_0973p_00008.cbf,531,559,284,324,28,40,1120
cr1_0974p_00001.cbf,531,559,284,324,28,40,1120
cr1_0974p_00002.cbf,531,559,285,325,28,40,1120
cr1_0974p_00003.cbf,531,559,285,325,28,40,1120
cr1_0974p_00004.cbf,530,558,285,325,28,40,1120
cr1_0974p_00005.cbf,531,558,285,325,27,40,1080
cr1_0974p_00006.cbf,531,558,284,325,27,41,1107
cr1_0974p_00007.cbf,531,559,284,324,28,40,1120
cr1_0974p_00008.cbf,531,559,284,324,28,40,1120
cr1_0975p_00001.cbf,531,559,284,324,28,40,1120
cr1_0975p_00002.cbf,530,559,284,325,29,41,1189
cr1_0975p_00003.cbf,530,559,285,325,29,40,1160
cr1_0975p_00004.cbf,531,558,285,325,27,40,1080
cr1_0975p_00005.cbf,531,558,285,325,27,40,1080
cr1_0975p_00006.cbf,531,558,284,325,27,41,1107
cr1_0975p_00007.cbf,531,559,284,325,28,41,1148
cr1_0975p_00008.cbf,530,559,284,324,29,40,1160
cr1_0976p_00001.cbf,530,559,284,324,29,40,1160
cr1_0976p_00002.cbf,530,559,285,325,29,40,1160
cr1_0976p_00003.cbf,531,559,285,325,28,40,1120
cr1_0976p_00004.cbf,530,558,284,325,28,41,1148
cr1_0976p_00005.cbf,531,558,284,325,27,41,1107
cr1_0976p_00006.cbf,531,558,284,325,27,41,1107
cr1_0976p_00007.cbf,531,559,284,324,28,40,1120
cr1_0976p_00008.cbf,531,559,284,324,28,40,1120
cr1_0977p_00001.cbf,530,560,284,324,30,40,1200
cr1_0977p_00002.cbf,530,559,285,325,29,40,1160
cr1_0977p_00003.cbf,530,559,285,325,29,40,1160
cr1_0977p_00004.cbf,530,558,284,325,28,41,1148
cr1_0977p_00005.cbf,530,558,284,325,28,41,1148
cr1_0977p_00006.cbf,531,558,284,325,27,41,1107
cr1_0977p_00007.cbf,530,559,284,325,29,41,1189
cr1_0977p_00008.cbf,530,559,284,324,29,40,1160
cr1_0978p_00001.cbf,531,559,284,324,28,40,1120
cr1_0978p_00002.cbf,531,559,285,325,28,40,1120
cr1_0978p_00003.cbf,531,559,285,325,28,40,1120
cr1_0978p_00004.cbf,531,558,285,325,27,40,1080
cr1_0978p_00005.cbf,530,558,284,325,28,41,1148
cr1_0978p_00006.cbf,531,558,284,325,27,41,1107
cr1_0978p_00007.cbf,530,559,284,324,29,40,1160
cr1_0978p_00008.cbf,531,559,284,324,28,40,1120
cr1_0979p_00001.cbf,531,559,284,324,28,40,1120
cr1_0979p_00002.cbf,531,559,284,325,28,41,1148
cr1_0979p_00003.cbf,531,559,284,325,28,41,1148
cr1_0979p_00004.cbf,531,559,284,325,28,41,1148
cr1_0979p_00005.cbf,531,558,284,325,27,41,1107
cr1_0979p_00006.cbf,531,558,284,324,27,40,1080
cr1_0979p_00007.cbf,531,559,284,324,28,40,1120
cr1_0979p_00008.cbf,531,559,284,324,28,40,1120
cr1_0980p_00001.cbf,531,559,284,324,28,40,1120
cr1_0980p_00002.cbf,531,559,285,325,28,40,1120
cr1_0980p_00003.cbf,531,559,285,325,28,40,1120
cr1_0980p_00004.cbf,531,558,284,325,27,41,1107
cr1_0980p_00005.cbf,531,558,284,325,27,41,1107
cr1_0980p_00006.cbf,530,558,284,325,28,41,1148
cr1_0980p_00007.cbf,531,559,284,324,28,40,1120
cr1_0980p_00008.cbf,531,559,283,324,28,41,1148
cr1_0981p_00001.cbf,530,559,284,324,29,40,1160
cr1_0981p_00002.cbf,530,559,284,325,29,41,1189
cr1_0981p_00003.cbf,531,559,285,325,28,40,1120
cr1_0981p_00004.cbf,530,558,284,325,28,41,1148
cr1_0981p_00005.cbf,530,558,284,325,28,41,1148
cr1_0981p_00006.cbf,531,558,284,325,27,41,1107
cr1_0981p_00007.cbf,531,559,284,324,28,40,1120
cr1_0981p_00008.cbf,531,559,283,324,28,41,1148
cr1_0982p_00001.cbf,531,559,284,324,28,40,1120
cr1_0982p_00002.cbf,531,559,285,325,28,40,1120
cr1_0982p_00003.cbf,531,559,285,325,28,40,1120
cr1_0982p_00004.cbf,530,558,284,325,28,41,1148
cr1_0982p_00005.cbf,531,558,284,325,27,41,1107
cr1_0982p_00006.cbf,531,558,284,325,27,41,1107
cr1_0982p_00007.cbf,531,559,284,324,28,40,1120
cr1_0982p_00008.cbf,530,559,284,324,29,40,1160
cr1_0983p_00001.cbf,531,559,284,324,28,40,1120
cr1_0983p_00002.cbf,531,559,285,325,28,40,1120
cr1_0983p_00003.cbf,531,559,285,325,28,40,1120
cr1_0983p_00004.cbf,530,558,284,325,28,41,1148
cr1_0983p_00005.cbf,531,558,284,325,27,41,1107
cr1_0983p_00006.cbf,531,558,284,325,27,41,1107
cr1_0983p_00007.cbf,530,559,284,324,29,40,1160
cr1_0983p_00008.cbf,531,559,284,324,28,40,1120
cr1_0984p_00001.cbf,531,559,284,324,28,40,1120
cr1_0984p_00002.cbf,531,559,285,325,28,40,1120
cr1_0984p_00003.cbf,530,559,285,325,29,40,1160
cr1_0984p_00004.cbf,531,558,284,325,27,41,1107
cr1_0984p_00005.cbf,531,558,284,325,27,41,1107
cr1_0984p_00006.cbf,531,558,284,324,27,40,1080
cr1_0984p_00007.cbf,531,559,284,324,28,40,1120
cr1_0984p_00008.cbf,531,559,284,324,28,40,1120
cr1_0985p_00001.cbf,531,559,284,324,28,40,1120
cr1_0985p_00002.cbf,531,559,285,325,28,40,1120
cr1_0985p_00003.cbf,530,559,285,325,29,40,1160
cr1_0985p_00004.cbf,531,558,284,325,27,41,1107
cr1_0985p_00005.cbf,530,558,284,324,28,40,1120
cr1_0985p_00006.cbf,531,558,284,325,27,41,1107
cr1_0985p_00007.cbf,530,559,284,324,29,40,1160
cr1_0985p_00008.cbf,531,559,284,324,28,40,1120
cr1_0986p_00001.cbf,531,559,284,324,28,40,1120
cr1_0986p_00002.cbf,531,559,285,325,28,40,1120
cr1_0986p_00003.cbf,530,559,284,325,29,41,1189
cr1_0986p_00004.cbf,530,558,284,325,28,41,1148
cr1_0986p_00005.cbf,530,558,284,325,28,41,1148
cr1_0986p_00006.cbf,531,559,284,325,28,41,1148
cr1_0986p_00007.cbf,531,559,284,325,28,41,1148
cr1_0986p_00008.cbf,531,559,284,324,28,40,1120
cr1_0987p_00001.cbf,531,559,284,324,28,40,1120
cr1_0987p_00002.cbf,531,559,285,325,28,40,1120
cr1_0987p_00003.cbf,530,559,285,325,29,40,1160
cr1_0987p_00004.cbf,531,558,284,325,27,41,1107
cr1_0987p_00005.cbf,531,558,284,325,27,41,1107
cr1_0987p_00006.cbf,531,558,284,325,27,41,1107
cr1_0987p_00007.cbf,531,559,284,325,28,41,1148
cr1_0987p_00008.cbf,531,559,284,324,28,40,1120
cr1_0988p_00001.cbf,531,559,284,325,28,41,1148
cr1_0988p_00002.cbf,531,559,285,325,28,40,1120
cr1_0988p_00003.cbf,530,559,285,325,29,40,1160
cr1_0988p_00004.cbf,530,558,284,325,28,41,1148
cr1_0988p_00005.cbf,530,558,284,325,28,41,1148
cr1_0988p_00006.cbf,530,558,284,325,28,41,1148
cr1_0988p_00007.cbf,530,559,284,324,29,40,1160
cr1_0988p_00008.cbf,531,559,283,324,28,41,1148
cr1_0989p_00001.cbf,531,559,284,324,28,40,1120
cr1_0989p_00002.cbf,531,559,284,325,28,41,1148
cr1_0989p_00003.cbf,531,559,285,325,28,40,1120
cr1_0989p_00004.cbf,530,558,284,325,28,41,1148
cr1_0989p_00005.cbf,530,558,284,325,28,41,1148
cr1_0989p_00006.cbf,530,558,284,325,28,41,1148
cr1_0989p_00007.cbf,531,559,284,324,28,40,1120
cr1_0989p_00008.cbf,531,559,284,324,28,40,1120
cr1_0990p_00001.cbf,531,559,284,324,28,40,1120
cr1_0990p_00002.cbf,531,559,285,325,28,40,1120
cr1_0990p_00003.cbf,531,559,284,325,28,41,1148
cr1_0990p_00004.cbf,531,558,284,325,27,41,1107
cr1_0990p_00005.cbf,531,558,284,325,27,41,1107
cr1_0990p_00006.cbf,531,559,284,325,28,41,1148
cr1_0990p_00007.cbf,530,559,284,325,29,41,1189
cr1_0990p_00008.cbf,531,559,284,324,28,40,1120
cr1_0991p_00001.cbf,530,559,284,324,29,40,1160
cr1_0991p_00002.cbf,530,559,284,325,29,41,1189
cr1_0991p_00003.cbf,531,559,284,325,28,41,1148
cr1_0991p_00004.cbf,530,558,284,325,28,41,1148
cr1_0991p_00005.cbf,530,558,284,325,28,41,1148
cr1_0991p_00006.cbf,531,558,284,325,27,41,1107
cr1_0991p_00007.cbf,531,559,284,324,28,40,1120
cr1_0991p_00008.cbf,531,559,284,324,28,40,1120
cr1_0992p_00001.cbf,531,559,284,324,28,40,1120
cr1_0992p_00002.cbf,531,559,285,325,28,40,1120
cr1_0992p_00003.cbf,531,559,285,325,28,40,1120
cr1_0992p_00004.cbf,530,558,284,325,28,41,1148
cr1_0992p_00005.cbf,530,558,284,325,28,41,1148
cr1_0992p_00006.cbf,531,558,284,325,27,41,1107
cr1_0992p_00007.cbf,531,559,284,324,28,40,1120
cr1_0992p_00008.cbf,531,559,284,324,28,40,1120
cr1_0993p_00001.cbf,531,559,284,324,28,40,1120
cr1_0993p_00002.cbf,531,559,285,325,28,40,1120
cr1_0993p_00003.cbf,531,559,285,325,28,40,1120
cr1_0993p_00004.cbf,531,558,284,325,27,41,1107
cr1_0993p_00005.cbf,530,558,284,325,28,41,1148
cr1_0993p_00006.cbf,531,558,283,324,27,41,1107
cr1_0993p_00007.cbf,531,559,284,325,28,41,1148
cr1_0993p_00008.cbf,530,559,284,324,29,40,1160
cr1_0994p_00001.cbf,531,559,284,324,28,40,1120
cr1_0994p_00002.cbf,531,559,285,325,28,40,1120
cr1_0994p_00003.cbf,530,559,284,325,29,41,1189
cr1_0994p_00004.cbf,530,558,284,325,28,41,1148
cr1_0994p_00005.cbf,530,558,284,325,28,41,1148
cr1_0994p_00006.cbf,531,558,284,324,27,40,1080
cr1_0994p_00007.cbf,531,559,283,324,28,41,1148
cr1_0994p_00008.cbf,531,559,283,324,28,41,1148
cr1_0995p_00001.cbf,531,559,284,324,28,40,1120
cr1_0995p_00002.cbf,531,559,284,325,28,41,1148
cr1_0995p_00003.cbf,531,559,284,324,28,40,1120
cr1_0995p_00004.cbf,531,558,284,325,27,41,1107
cr1_0995p_00005.cbf,530,558,284,325,28,41,1148
cr1_0995p_00006.cbf,531,558,283,324,27,41,1107
cr1_0995p_00007.cbf,531,559,284,324,28,40,1120
cr1_0995p_00008.cbf,531,559,284,324,28,40,1120
cr1_0996p_00001.cbf,531,559,284,324,28,40,1120
cr1_0996p_00002.cbf,531,559,284,325,28,41,1148
cr1_0996p_00003.cbf,531,559,285,325,28,40,1120
cr1_0996p_00004.cbf,531,558,284,325,27,41,1107
cr1_0996p_00005.cbf,531,558,284,325,27,41,1107
cr1_0996p_00006.cbf,530,558,284,325,28,41,1148
cr1_0996p_00007.cbf,531,559,284,325,28,41,1148
cr1_0996p_00008.cbf,531,559,284,324,28,40,1120
cr1_0997p_00001.cbf,531,559,284,324,28,40,1120
cr1_0997p_00002.cbf,531,559,285,325,28,40,1120
cr1_0997p_00003.cbf,531,559,285,325,28,40,1120
cr1_0997p_00004.cbf,530,558,285,325,28,40,1120
cr1_0997p_00005.cbf,531,558,284,325,27,41,1107
cr1_0997p_00006.cbf,531,558,284,325,27,41,1107
cr1_0997p_00007.cbf,531,559,284,325,28,41,1148
cr1_0997p_00008.cbf,531,559,284,324,28,40,1120
cr1_0998p_00001.cbf,531,559,284,324,28,40,1120
cr1_0998p_00002.cbf,531,559,285,325,28,40,1120
cr1_0998p_00003.cbf,531,558,285,325,27,40,1080
cr1_0998p_00004.cbf,531,558,284,325,27,41,1107
cr1_0998p_00005.cbf,530,558,283,325,28,42,1176
cr1_0998p_00006.cbf,531,558,283,324,27,41,1107
cr1_0998p_00007.cbf,531,559,284,324,28,40,1120
cr1_0998p_00008.cbf,531,559,284,324,28,40,1120
cr1_0999p_00001.cbf,531,559,284,325,28,41,1148
cr1_0999p_00002.cbf,531,559,285,325,28,40,1120
cr1_0999p_00003.cbf,531,559,285,325,28,40,1120
cr1_0999p_00004.cbf,531,558,284,325,27,41,1107
cr1_0999p_00005.cbf,530,558,284,325,28,41,1148
cr1_0999p_00006.cbf,531,558,284,325,27,41,1107
cr1_0999p_00007.cbf,531,559,284,324,28,40,1120
cr1_0999p_00008.cbf,531,559,284,324,28,40,1120
cr1_1000p_00001.cbf,531,559,284,325,28,41,1148
cr1_1000p_00002.cbf,531,559,285,325,28,40,1120
cr1_1000p_00003.cbf,530,559,285,325,29,40,1160
cr1_1000p_00004.cbf,530,558,284,325,28,41,1148
cr1_1000p_00005.cbf,531,558,284,325,27,41,1107
cr1_1000p_00006.cbf,531,558,284,325,27,41,1107
cr1_1000p_00007.cbf,531,559,284,325,28,41,1148
cr1_1000p_00008.cbf,531,559,284,324,28,40,1120
cr1_1001p_00001.cbf,531,559,284,324,28,40,1120
cr1_1001p_00002.cbf,531,559,285,325,28,40,1120
cr1_1001p_00003.cbf,531,558,285,325,27,40,1080
cr1_1001p_00004.cbf,531,558,284,325,27,41,1107
cr1_1001p_00005.cbf,530,558,284,325,28,41,1148
cr1_1001p_00006.cbf,531,558,284,325,27,41,1107
cr1_1001p_00007.cbf,531,558,284,325,27,41,1107
cr1_1001p_00008.cbf,531,559,284,324,28,40,1120
cr1_1002p_00001.cbf,531,559,284,325,28,41,1148
cr1_1002p_00002.cbf,531,559,285,325,28,40,1120
cr1_1002p_00003.cbf,531,559,285,325,28,40,1120
cr1_1002p_00004.cbf,530,558,284,325,28,41,1148
cr1_1002p_00005.cbf,530,558,284,325,28,41,1148
cr1_1002p_00006.cbf,531,559,283,324,28,41,1148
cr1_1002p_00007.cbf,531,559,284,324,28,40,1120
cr1_1002p_00008.cbf,531,559,283,324,28,41,1148
cr1_1003p_00001.cbf,531,559,284,325,28,41,1148
cr1_1003p_00002.cbf,530,559,285,325,29,40,1160
cr1_1003p_00003.cbf,531,558,285,325,27,40,1080
cr1_1003p_00004.cbf,531,558,284,325,27,41,1107
cr1_1003p_00005.cbf,531,558,284,325,27,41,1107
cr1_1003p_00006.cbf,531,558,283,325,27,42,1134
cr1_1003p_00007.cbf,530,559,283,324,29,41,1189
cr1_1003p_00008.cbf,531,559,284,324,28,40,1120
cr1_1004p_00001.cbf,531,559,284,325,28,41,1148
cr1_1004p_00002.cbf,531,559,285,325,28,40,1120
cr1_1004p_00003.cbf,531,559,285,325,28,40,1120
cr1_1004p_00004.cbf,531,558,284,325,27,41,1107
cr1_1004p_00005.cbf,531,558,284,325,27,41,1107
cr1_1004p_00006.cbf,530,558,284,325,28,41,1148
cr1_1004p_00007.cbf,531,559,284,325,28,41,1148
cr1_1004p_00008.cbf,531,559,284,324,28,40,1120
cr1_1005p_00001.cbf,531,559,284,325,28,41,1148
cr1_1005p_00002.cbf,531,559,285,325,28,40,1120
cr1_1005p_00003.cbf,531,559,284,325,28,41,1148
cr1_1005p_00004.cbf,531,558,284,325,27,41,1107
cr1_1005p_00005.cbf,531,558,283,325,27,42,1134
cr1_1005p_00006.cbf,531,558,283,325,27,42,1134
cr1_1005p_00007.cbf,531,559,284,324,28,40,1120
cr1_1005p_00008.cbf,531,559,284,324,28,40,1120
cr1_1006p_00001.cbf,530,559,284,325,29,41,1189
cr1_1006p_00002.cbf,531,559,285,325,28,40,1120
cr1_1006p_00003.cbf,531,558,284,325,27,41,1107
cr1_1006p_00004.cbf,530,558,284,325,28,41,1148
cr1_1006p_00005.cbf,530,557,284,326,27,42,1134
cr1_1006p_00006.cbf,531,558,284,325,27,41,1107
cr1_1006p_00007.cbf,531,558,284,325,27,41,1107
cr1_1006p_00008.cbf,531,559,284,325,28,41,1148
cr1_1007p_00001.cbf,531,559,284,326,28,42,1176
cr1_1007p_00002.cbf,531,559,285,326,28,41,1148
cr1_1007p_00003.cbf,531,558,285,326,27,41,1107
cr1_1007p_00004.cbf,531,558,284,325,27,41,1107
cr1_1007p_00005.cbf,530,558,284,326,28,42,1176
cr1_1007p_00006.cbf,531,558,284,326,27,42,1134
cr1_1007p_00007.cbf,530,558,284,325,28,41,1148
cr1_1007p_00008.cbf,531,559,284,325,28,41,1148
cr1_1008p_00001.cbf,531,559,285,326,28,41,1148
cr1_1008p_00002.cbf,531,559,285,326,28,41,1148
cr1_1008p_00003.cbf,531,559,284,326,28,42,1176
cr1_1008p_00004.cbf,530,558,284,326,28,42,1176
cr1_1008p_00005.cbf,531,558,284,326,27,42,1134
cr1_1008p_00006.cbf,531,558,284,326,27,42,1134
cr1_1008p_00007.cbf,531,559,284,325,28,41,1148
cr1_1008p_00008.cbf,530,560,284,325,30,41,1230
cr1_1009p_00001.cbf,530,560,284,326,30,42,1260
cr1_1009p_00002.cbf,531,559,285,327,28,42,1176
cr1_1009p_00003.cbf,531,559,284,327,28,43,1204
cr1_1009p_00004.cbf,531,558,284,326,27,42,1134
cr1_1009p_00005.cbf,530,558,283,326,28,43,1204
cr1_1009p_00006.cbf,531,558,283,326,27,43,1161
cr1_1009p_00007.cbf,531,559,283,326,28,43,1204
cr1_1009p_00008.cbf,530,559,284,326,29,42,1218
cr1_1010p_00001.cbf,531,560,284,326,29,42,1218
cr1_1010p_00002.cbf,530,559,285,326,29,41,1189
cr1_1010p_00003.cbf,531,559,285,326,28,41,1148
cr1_1010p_00004.cbf,531,558,284,326,27,42,1134
cr1_1010p_00005.cbf,531,558,284,327,27,43,1161
cr1_1010p_00006.cbf,530,558,283,326,28,43,1204
cr1_1010p_00007.cbf,531,559,283,326,28,43,1204
cr1_1010p_00008.cbf,530,559,284,326,29,42,1218
cr1_1011p_00001.cbf,530,560,284,326,30,42,1260
cr1_1011p_00002.cbf,531,559,285,326,28,41,1148
cr1_1011p_00003.cbf,530,559,285,327,29,42,1218
cr1_1011p_00004.cbf,530,558,284,326,28,42,1176
cr1_1011p_00005.cbf,530,558,283,326,28,43,1204
cr1_1011p_00006.cbf,531,558,283,326,27,43,1161
cr1_1011p_00007.cbf,531,559,284,326,28,42,1176
cr1_1011p_00008.cbf,530,559,284,325,29,41,1189
cr1_1012p_00001.cbf,531,559,284,326,28,42,1176
cr1_1012p_00002.cbf,530,559,285,326,29,41,1189
cr1_1012p_00003.cbf,530,559,285,327,29,42,1218
cr1_1012p_00004.cbf,530,558,284,326,28,42,1176
cr1_1012p_00005.cbf,530,558,283,326,28,43,1204
cr1_1012p_00006.cbf,530,558,283,326,28,43,1204
cr1_1012p_00007.cbf,531,559,284,326,28,42,1176
cr1_1012p_00008.cbf,531,559,284,326,28,42,1176
cr1_1013p_00001.cbf,531,560,284,326,29,42,1218
cr1_1013p_00002.cbf,531,559,285,326,28,41,1148
cr1_1013p_00003.cbf,530,559,285,327,29,42,1218
cr1_1013p_00004.cbf,531,558,284,326,27,42,1134
cr1_1013p_00005.cbf,530,558,284,326,28,42,1176
cr1_1013p_00006.cbf,530,558,284,326,28,42,1176
cr1_1013p_00007.cbf,530,559,284,325,29,41,1189
cr1_1013p_00008.cbf,531,559,284,326,28,42,1176
cr1_1014p_00001.cbf,531,560,284,326,29,42,1218
cr1_1014p_00002.cbf,530,559,285,326,29,41,1189
cr1_1014p_00003.cbf,530,559,284,326,29,42,1218
cr1_1014p_00004.cbf,530,558,284,327,28,43,1204
cr1_1014p_00005.cbf,530,558,284,326,28,42,1176
cr1_1014p_00006.cbf,530,558,283,326,28,43,1204
cr1_1014p_00007.cbf,531,559,284,326,28,42,1176
cr1_1014p_00008.cbf,530,559,284,325,29,41,1189
cr1_1015p_00001.cbf,531,560,284,326,29,42,1218
cr1_1015p_00002.cbf,531,559,285,326,28,41,1148
cr1_1015p_00003.cbf,531,559,285,327,28,42,1176
cr1_1015p_00004.cbf,530,558,283,326,28,43,1204
cr1_1015p_00005.cbf,531,558,283,325,27,42,1134
cr1_1015p_00006.cbf,531,558,283,326,27,43,1161
cr1_1015p_00007.cbf,530,559,283,326,29,43,1247
cr1_1015p_00008.cbf,531,559,284,325,28,41,1148
cr1_1016p_00001.cbf,530,560,284,326,30,42,1260
cr1_1016p_00002.cbf,530,559,285,326,29,41,1189
cr1_1016p_00003.cbf,530,559,285,327,29,42,1218
cr1_1016p_00004.cbf,530,558,284,326,28,42,1176
cr1_1016p_00005.cbf,530,558,284,326,28,42,1176
cr1_1016p_00006.cbf,531,558,284,326,27,42,1134
cr1_1016p_00007.cbf,530,559,284,326,29,42,1218
cr1_1016p_00008.cbf,531,559,283,325,28,42,1176
cr1_1017p_00001.cbf,530,560,284,326,30,42,1260
cr1_1017p_00002.cbf,531,559,285,326,28,41,1148
cr1_1017p_00003.cbf,530,559,285,326,29,41,1189
cr1_1017p_00004.cbf,531,558,284,326,27,42,1134
cr1_1017p_00005.cbf,530,558,283,326,28,43,1204
cr1_1017p_00006.cbf,531,558,284,326,27,42,1134
cr1_1017p_00007.cbf,530,559,283,326,29,43,1247
cr1_1017p_00008.cbf,531,559,283,325,28,42,1176
cr1_1018p_00001.cbf,530,560,284,326,30,42,1260
cr1_1018p_00002.cbf,530,559,284,326,29,42,1218
cr1_1018p_00003.cbf,530,559,284,326,29,42,1218
cr1_1018p_00004.cbf,530,558,284,326,28,42,1176
cr1_1018p_00005.cbf,531,558,284,325,27,41,1107
cr1_1018p_00006.cbf,531,558,284,325,27,41,1107
cr1_1018p_00007.cbf,531,559,283,325,28,42,1176
cr1_1018p_00008.cbf,531,559,283,325,28,42,1176
cr1_1019p_00001.cbf,530,560,284,326,30,42,1260
cr1_1019p_00002.cbf,531,559,284,326,28,42,1176
cr1_1019p_00003.cbf,530,559,284,326,29,42,1218
cr1_1019p_00004.cbf,530,559,284,325,29,41,1189
cr1_1019p_00005.cbf,530,557,284,325,27,41,1107
cr1_1019p_00006.cbf,530,558,284,325,28,41,1148
cr1_1019p_00007.cbf,531,559,284,325,28,41,1148
cr1_1019p_00008.cbf,530,559,283,324,29,41,1189
cr1_1020p_00001.cbf,531,560,284,325,29,41,1189
cr1_1020p_00002.cbf,531,559,284,326,28,42,1176
cr1_1020p_00003.cbf,530,559,284,326,29,42,1218
cr1_1020p_00004.cbf,530,558,284,326,28,42,1176
cr1_1020p_00005.cbf,530,557,284,325,27,41,1107
cr1_1020p_00006.cbf,531,558,284,325,27,41,1107
cr1_1020p_00007.cbf,531,559,283,325,28,42,1176
cr1_1020p_00008.cbf,531,559,283,325,28,42,1176
cr1_1021p_00001.cbf,530,560,284,326,30,42,1260
cr1_1021p_00002.cbf,530,559,284,326,29,42,1218
cr1_1021p_00003.cbf,531,559,284,326,28,42,1176
cr1_1021p_00004.cbf,530,559,284,325,29,41,1189
cr1_1021p_00005.cbf,531,558,284,325,27,41,1107
cr1_1021p_00006.cbf,531,558,284,325,27,41,1107
cr1_1021p_00007.cbf,531,559,283,325,28,42,1176
cr1_1021p_00008.cbf,531,559,283,324,28,41,1148
cr1_1022p_00001.cbf,531,560,284,325,29,41,1189
cr1_1022p_00002.cbf,530,559,284,325,29,41,1189
cr1_1022p_00003.cbf,530,559,284,326,29,42,1218
cr1_1022p_00004.cbf,531,558,284,325,27,41,1107
cr1_1022p_00005.cbf,530,558,284,325,28,41,1148
cr1_1022p_00006.cbf,530,558,284,325,28,41,1148
cr1_1022p_00007.cbf,530,559,283,325,29,42,1218
cr1_1022p_00008.cbf,531,560,283,324,29,41,1189
cr1_1023p_00001.cbf,531,560,284,325,29,41,1189
cr1_1023p_00002.cbf,530,560,284,325,30,41,1230
cr1_1023p_00003.cbf,531,559,284,325,28,41,1148
cr1_1023p_00004.cbf,531,559,284,325,28,41,1148
cr1_1023p_00005.cbf,531,558,284,325,27,41,1107
cr1_1023p_00006.cbf,531,558,284,325,27,41,1107
cr1_1023p_00007.cbf,531,559,283,325,28,42,1176
cr1_1023p_00008.cbf,530,559,283,325,29,42,1218
cr1_1024p_00001.cbf,531,560,284,325,29,41,1189
cr1_1024p_00002.cbf,531,559,284,325,28,41,1148
cr1_1024p_00003.cbf,530,559,284,326,29,42,1218
cr1_1024p_00004.cbf,530,558,284,326,28,42,1176
cr1_1024p_00005.cbf,530,557,284,325,27,41,1107
cr1_1024p_00006.cbf,531,558,284,325,27,41,1107
cr1_1024p_00007.cbf,531,559,283,325,28,42,1176
cr1_1024p_00008.cbf,530,560,283,324,30,41,1230
cr1_1025p_00001.cbf,531,560,284,325,29,41,1189
cr1_1025p_00002.cbf,530,560,284,325,30,41,1230
cr1_1025p_00003.cbf,531,559,284,325,28,41,1148
cr1_1025p_00004.cbf,530,559,284,325,29,41,1189
cr1_1025p_00005.cbf,530,558,284,324,28,40,1120
cr1_1025p_00006.cbf,530,558,283,324,28,41,1148
cr1_1025p_00007.cbf,531,559,283,324,28,41,1148
cr1_1025p_00008.cbf,531,560,283,323,29,40,1160
cr1_1026p_00001.cbf,531,560,284,324,29,40,1160
cr1_1026p_00002.cbf,530,560,284,325,30,41,1230
cr1_1026p_00003.cbf,530,559,284,325,29,41,1189
cr1_1026p_00004.cbf,530,559,284,325,29,41,1189
cr1_1026p_00005.cbf,531,558,284,324,27,40,1080
cr1_1026p_00006.cbf,531,558,283,324,27,41,1107
cr1_1026p_00007.cbf,531,559,283,324,28,41,1148
cr1_1026p_00008.cbf,531,560,283,323,29,40,1160
cr1_1027p_00001.cbf,531,560,284,324,29,40,1160
cr1_1027p_00002.cbf,531,560,284,325,29,41,1189
cr1_1027p_00003.cbf,531,559,284,325,28,41,1148
cr1_1027p_00004.cbf,530,559,284,325,29,41,1189
cr1_1027p_00005.cbf,531,558,284,324,27,40,1080
cr1_1027p_00006.cbf,531,558,284,324,27,40,1080
cr1_1027p_00007.cbf,530,559,283,324,29,41,1189
cr1_1027p_00008.cbf,531,560,283,323,29,40,1160
cr1_1028p_00001.cbf,531,560,284,324,29,40,1160
cr1_1028p_00002.cbf,531,560,284,324,29,40,1160
cr1_1028p_00003.cbf,530,559,284,325,29,41,1189
cr1_1028p_00004.cbf,530,559,284,325,29,41,1189
cr1_1028p_00005.cbf,530,558,284,325,28,41,1148
cr1_1028p_00006.cbf,530,558,284,325,28,41,1148
cr1_1028p_00007.cbf,531,559,283,324,28,41,1148
cr1_1028p_00008.cbf,531,560,283,324,29,41,1189
cr1_1029p_00001.cbf,530,560,284,325,30,41,1230
cr1_1029p_00002.cbf,531,560,284,325,29,41,1189
cr1_1029p_00003.cbf,531,559,284,325,28,41,1148
cr1_1029p_00004.cbf,531,559,284,325,28,41,1148
cr1_1029p_00005.cbf,531,558,284,325,27,41,1107
cr1_1029p_00006.cbf,531,558,284,325,27,41,1107
cr1_1029p_00007.cbf,531,559,283,324,28,41,1148
cr1_1029p_00008.cbf,531,560,284,324,29,40,1160
cr1_1030p_00001.cbf,531,560,284,325,29,41,1189
cr1_1030p_00002.cbf,530,560,284,325,30,41,1230
cr1_1030p_00003.cbf,531,559,284,325,28,41,1148
cr1_1030p_00004.cbf,530,559,284,325,29,41,1189
cr1_1030p_00005.cbf,531,558,284,325,27,41,1107
cr1_1030p_00006.cbf,530,558,284,325,28,41,1148
cr1_1030p_00007.cbf,531,559,283,324,28,41,1148
cr1_1030p_00008.cbf,531,560,283,324,29,41,1189
cr1_1031p_00001.cbf,531,560,284,324,29,40,1160
cr1_1031p_00002.cbf,531,560,284,325,29,41,1189
cr1_1031p_00003.cbf,531,559,284,325,28,41,1148
cr1_1031p_00004.cbf,530,559,284,325,29,41,1189
cr1_1031p_00005.cbf,531,558,284,325,27,41,1107
cr1_1031p_00006.cbf,530,558,284,324,28,40,1120
cr1_1031p_00007.cbf,531,559,283,324,28,41,1148
cr1_1031p_00008.cbf,531,560,283,324,29,41,1189
cr1_1032p_00001.cbf,531,560,284,324,29,40,1160
cr1_1032p_00002.cbf,531,560,285,325,29,40,1160
cr1_1032p_00003.cbf,531,559,284,325,28,41,1148
cr1_1032p_00004.cbf,531,559,284,324,28,40,1120
cr1_1032p_00005.cbf,530,558,284,325,28,41,1148
cr1_1032p_00006.cbf,531,558,283,325,27,42,1134
cr1_1032p_00007.cbf,531,559,283,324,28,41,1148
cr1_1032p_00008.cbf,531,560,284,324,29,40,1160
cr1_1033p_00001.cbf,531,560,284,324,29,40,1160
cr1_1033p_00002.cbf,531,560,285,325,29,40,1160
cr1_1033p_00003.cbf,531,559,284,325,28,41,1148
cr1_1033p_00004.cbf,531,559,284,325,28,41,1148
cr1_1033p_00005.cbf,531,558,284,325,27,41,1107
cr1_1033p_00006.cbf,531,558,284,325,27,41,1107
cr1_1033p_00007.cbf,531,559,283,324,28,41,1148
cr1_1033p_00008.cbf,530,560,283,324,30,41,1230
cr1_1034p_00001.cbf,531,560,284,325,29,41,1189
cr1_1034p_00002.cbf,530,560,285,325,30,40,1200
cr1_1034p_00003.cbf,531,559,284,325,28,41,1148
cr1_1034p_00004.cbf,530,559,284,325,29,41,1189
cr1_1034p_00005.cbf,530,557,284,325,27,41,1107
cr1_1034p_00006.cbf,531,558,284,325,27,41,1107
cr1_1034p_00007.cbf,531,559,284,324,28,40,1120
cr1_1034p_00008.cbf,531,560,283,324,29,41,1189
cr1_1035p_00001.cbf,530,560,284,325,30,41,1230
cr1_1035p_00002.cbf,530,560,284,325,30,41,1230
cr1_1035p_00003.cbf,531,559,284,325,28,41,1148
cr1_1035p_00004.cbf,531,559,284,325,28,41,1148
cr1_1035p_00005.cbf,530,557,284,325,27,41,1107
cr1_1035p_00006.cbf,531,558,284,325,27,41,1107
cr1_1035p_00007.cbf,531,559,283,325,28,42,1176
cr1_1035p_00008.cbf,531,560,284,324,29,40,1160
cr1_1036p_00001.cbf,531,560,284,325,29,41,1189
cr1_1036p_00002.cbf,531,560,285,325,29,40,1160
cr1_1036p_00003.cbf,531,559,285,326,28,41,1148
cr1_1036p_00004.cbf,531,559,284,325,28,41,1148
cr1_1036p_00005.cbf,531,558,284,326,27,42,1134
cr1_1036p_00006.cbf,531,558,284,326,27,42,1134
cr1_1036p_00007.cbf,530,559,284,325,29,41,1189
cr1_1036p_00008.cbf,531,560,284,324,29,40,1160
cr1_1037p_00001.cbf,531,560,284,325,29,41,1189
cr1_1037p_00002.cbf,531,560,285,325,29,40,1160
cr1_1037p_00003.cbf,531,559,285,326,28,41,1148
cr1_1037p_00004.cbf,530,558,284,325,28,41,1148
cr1_1037p_00005.cbf,530,557,284,325,27,41,1107
cr1_1037p_00006.cbf,530,558,284,325,28,41,1148
cr1_1037p_00007.cbf,531,559,284,324,28,40,1120
cr1_1037p_00008.cbf,531,559,284,324,28,40,1120
cr1_1038p_00001.cbf,531,560,284,325,29,41,1189
cr1_1038p_00002.cbf,530,560,285,325,30,40,1200
cr1_1038p_00003.cbf,530,559,285,325,29,40,1160
cr1_1038p_00004.cbf,531,559,284,325,28,41,1148
cr1_1038p_00005.cbf,530,557,284,326,27,42,1134
cr1_1038p_00006.cbf,530,558,285,325,28,40,1120
cr1_1038p_00007.cbf,530,559,284,324,29,40,1160
cr1_1038p_00008.cbf,531,560,284,323,29,39,1131
cr1_1039p_00001.cbf,531,560,284,324,29,40,1160
cr1_1039p_00002.cbf,531,560,285,325,29,40,1160
cr1_1039p_00003.cbf,530,559,285,325,29,40,1160
cr1_1039p_00004.cbf,531,558,285,325,27,40,1080
cr1_1039p_00005.cbf,530,557,284,325,27,41,1107
cr1_1039p_00006.cbf,531,558,284,325,27,41,1107
cr1_1039p_00007.cbf,531,559,284,324,28,40,1120
cr1_1039p_00008.cbf,531,560,284,323,29,39,1131
cr1_1040p_00001.cbf,531,560,284,324,29,40,1160
cr1_1040p_00002.cbf,531,559,285,324,28,39,1092
cr1_1040p_00003.cbf,531,559,285,325,28,40,1120
cr1_1040p_00004.cbf,530,558,284,325,28,41,1148
cr1_1040p_00005.cbf,531,557,284,326,26,42,1092
cr1_1040p_00006.cbf,530,558,284,325,28,41,1148
cr1_1040p_00007.cbf,530,558,284,324,28,40,1120
cr1_1040p_00008.cbf,530,559,284,323,29,39,1131
cr1_1041p_00001.cbf,531,560,284,324,29,40,1160
cr1_1041p_00002.cbf,530,560,285,324,30,39,1170
cr1_1041p_00003.cbf,530,559,285,325,29,40,1160
cr1_1041p_00004.cbf,530,558,285,325,28,40,1120
cr1_1041p_00005.cbf,530,557,284,326,27,42,1134
cr1_1041p_00006.cbf,530,558,284,325,28,41,1148
cr1_1041p_00007.cbf,531,559,284,324,28,40,1120
cr1_1041p_00008.cbf,531,560,284,323,29,39,1131
cr1_1042p_00001.cbf,531,560,284,324,29,40,1160
cr1_1042p_00002.cbf,530,560,285,325,30,40,1200
cr1_1042p_00003.cbf,530,559,285,325,29,40,1160
cr1_1042p_00004.cbf,530,559,284,325,29,41,1189
cr1_1042p_00005.cbf,530,557,284,325,27,41,1107
cr1_1042p_00006.cbf,530,558,284,325,28,41,1148
cr1_1042p_00007.cbf,530,559,284,325,29,41,1189
cr1_1042p_00008.cbf,530,560,284,323,30,39,1170
cr1_1043p_00001.cbf,531,560,284,324,29,40,1160
cr1_1043p_00002.cbf,531,560,285,325,29,40,1160
cr1_1043p_00003.cbf,531,559,285,325,28,40,1120
cr1_1043p_00004.cbf,530,558,285,326,28,41,1148
cr1_1043p_00005.cbf,530,558,285,326,28,41,1148
cr1_1043p_00006.cbf,530,558,284,324,28,40,1120
cr1_1043p_00007.cbf,530,559,284,323,29,39,1131
cr1_1043p_00008.cbf,531,560,284,323,29,39,1131
cr1_1044p_00001.cbf,530,560,284,323,30,39,1170
cr1_1044p_00002.cbf,530,560,284,324,30,40,1200
cr1_1044p_00003.cbf,530,559,284,325,29,41,1189
cr1_1044p_00004.cbf,530,558,284,325,28,41,1148
cr1_1044p_00005.cbf,530,557,284,326,27,42,1134
cr1_1044p_00006.cbf,530,558,284,324,28,40,1120
cr1_1044p_00007.cbf,530,559,284,323,29,39,1131
cr1_1044p_00008.cbf,530,560,283,323,30,40,1200
cr1_1045p_00001.cbf,531,560,284,323,29,39,1131
cr1_1045p_00002.cbf,530,560,284,324,30,40,1200
cr1_1045p_00003.cbf,530,559,284,325,29,41,1189
cr1_1045p_00004.cbf,530,559,284,324,29,40,1160
cr1_1045p_00005.cbf,530,557,284,325,27,41,1107
cr1_1045p_00006.cbf,530,558,284,325,28,41,1148
cr1_1045p_00007.cbf,531,559,284,323,28,39,1092
cr1_1045p_00008.cbf,531,560,284,323,29,39,1131
cr1_1046p_00001.cbf,530,560,284,323,30,39,1170
cr1_1046p_00002.cbf,530,560,284,324,30,40,1200
cr1_1046p_00003.cbf,531,559,285,324,28,39,1092
cr1_1046p_00004.cbf,530,558,284,325,28,41,1148
cr1_1046p_00005.cbf,530,557,285,325,27,40,1080
cr1_1046p_00006.cbf,530,558,284,324,28,40,1120
cr1_1046p_00007.cbf,530,559,284,323,29,39,1131
cr1_1046p_00008.cbf,530,560,284,322,30,38,1140
cr1_1047p_00001.cbf,531,560,284,323,29,39,1131
cr1_1047p_00002.cbf,530,560,285,324,30,39,1170
cr1_1047p_00003.cbf,530,559,285,324,29,39,1131
cr1_1047p_00004.cbf,530,558,285,324,28,39,1092
cr1_1047p_00005.cbf,530,557,284,325,27,41,1107
cr1_1047p_00006.cbf,530,558,284,324,28,40,1120
cr1_1047p_00007.cbf,530,559,283,323,29,40,1160
cr1_1047p_00008.cbf,530,560,283,322,30,39,1170
cr1_1048p_00001.cbf,530,560,284,323,30,39,1170
cr1_1048p_00002.cbf,530,560,284,324,30,40,1200
cr1_1048p_00003.cbf,530,559,285,324,29,39,1131
cr1_1048p_00004.cbf,530,558,284,324,28,40,1120
cr1_1048p_00005.cbf,530,558,284,325,28,41,1148
cr1_1048p_00006.cbf,530,558,284,323,28,39,1092
cr1_1048p_00007.cbf,531,559,284,323,28,39,1092
cr1_1048p_00008.cbf,531,560,284,322,29,38,1102
cr1_1049p_00001.cbf,530,560,284,323,30,39,1170
cr1_1049p_00002.cbf,530,560,284,324,30,40,1200
cr1_1049p_00003.cbf,531,559,284,324,28,40,1120
cr1_1049p_00004.cbf,530,559,284,324,29,40,1160
cr1_1049p_00005.cbf,530,557,284,325,27,41,1107
cr1_1049p_00006.cbf,531,558,283,323,27,40,1080
cr1_1049p_00007.cbf,531,559,284,323,28,39,1092
cr1_1049p_00008.cbf,531,560,284,322,29,38,1102
cr1_1050p_00001.cbf,531,560,284,323,29,39,1131
cr1_1050p_00002.cbf,531,560,284,324,29,40,1160
cr1_1050p_00003.cbf,530,559,284,324,29,40,1160
cr1_1050p_00004.cbf,530,558,285,324,28,39,1092
cr1_1050p_00005.cbf,530,557,284,324,27,40,1080
cr1_1050p_00006.cbf,530,558,284,323,28,39,1092
cr1_1050p_00007.cbf,530,558,284,323,28,39,1092
cr1_1050p_00008.cbf,531,560,283,323,29,40,1160
cr1_1051p_00001.cbf,530,560,284,323,30,39,1170
cr1_1051p_00002.cbf,531,560,285,323,29,38,1102
cr1_1051p_00003.cbf,530,559,285,324,29,39,1131
cr1_1051p_00004.cbf,530,558,285,325,28,40,1120
cr1_1051p_00005.cbf,530,557,284,324,27,40,1080
cr1_1051p_00006.cbf,530,558,284,323,28,39,1092
cr1_1051p_00007.cbf,530,558,284,323,28,39,1092
cr1_1051p_00008.cbf,530,559,284,323,29,39,1131
cr1_1052p_00001.cbf,531,560,284,323,29,39,1131
cr1_1052p_00002.cbf,530,560,284,324,30,40,1200
cr1_1052p_00003.cbf,530,559,284,324,29,40,1160
cr1_1052p_00004.cbf,530,558,285,325,28,40,1120
cr1_1052p_00005.cbf,530,557,284,324,27,40,1080
cr1_1052p_00006.cbf,530,558,284,323,28,39,1092
cr1_1052p_00007.cbf,530,558,284,323,28,39,1092
cr1_1052p_00008.cbf,531,560,284,323,29,39,1131
cr1_1053p_00001.cbf,531,560,284,323,29,39,1131
cr1_1053p_00002.cbf,530,560,285,324,30,39,1170
cr1_1053p_00003.cbf,531,559,284,324,28,40,1120
cr1_1053p_00004.cbf,530,558,285,324,28,39,1092
cr1_1053p_00005.cbf,530,557,284,324,27,40,1080
cr1_1053p_00006.cbf,530,558,284,323,28,39,1092
cr1_1053p_00007.cbf,530,558,284,323,28,39,1092
cr1_1053p_00008.cbf,530,560,284,323,30,39,1170
cr1_1054p_00001.cbf,530,560,284,323,30,39,1170
cr1_1054p_00002.cbf,531,560,285,324,29,39,1131
cr1_1054p_00003.cbf,530,559,285,324,29,39,1131
cr1_1054p_00004.cbf,530,558,285,325,28,40,1120
cr1_1054p_00005.cbf,530,557,284,324,27,40,1080
cr1_1054p_00006.cbf,530,557,284,323,27,39,1053
cr1_1054p_00007.cbf,531,558,284,324,27,40,1080
cr1_1054p_00008.cbf,531,559,284,323,28,39,1092
cr1_1055p_00001.cbf,531,560,284,323,29,39,1131
cr1_1055p_00002.cbf,530,560,285,324,30,39,1170
cr1_1055p_00003.cbf,530,559,284,324,29,40,1160
cr1_1055p_00004.cbf,530,558,285,325,28,40,1120
cr1_1055p_00005.cbf,530,558,284,323,28,39,1092
cr1_1055p_00006.cbf,530,557,284,323,27,39,1053
cr1_1055p_00007.cbf,530,558,284,324,28,40,1120
cr1_1055p_00008.cbf,530,559,284,323,29,39,1131
cr1_1056p_00001.cbf,531,560,284,323,29,39,1131
cr1_1056p_00002.cbf,531,559,285,324,28,39,1092
cr1_1056p_00003.cbf,531,558,285,325,27,40,1080
cr1_1056p_00004.cbf,530,557,285,325,27,40,1080
cr1_1056p_00005.cbf,530,557,284,324,27,40,1080
cr1_1056p_00006.cbf,530,558,283,323,28,40,1120
cr1_1056p_00007.cbf,530,558,284,323,28,39,1092
cr1_1056p_00008.cbf,531,559,284,323,28,39,1092
cr1_1057p_00001.cbf,531,559,284,323,28,39,1092
cr1_1057p_00002.cbf,531,559,284,324,28,40,1120
cr1_1057p_00003.cbf,530,559,284,324,29,40,1160
cr1_1057p_00004.cbf,530,558,284,325,28,41,1148
cr1_1057p_00005.cbf,530,557,284,323,27,39,1053
cr1_1057p_00006.cbf,531,557,284,324,26,40,1040
cr1_1057p_00007.cbf,530,558,284,324,28,40,1120
cr1_1057p_00008.cbf,531,559,284,323,28,39,1092
cr1_1058p_00001.cbf,531,560,284,323,29,39,1131
cr1_1058p_00002.cbf,530,559,285,324,29,39,1131
cr1_1058p_00003.cbf,531,558,285,325,27,40,1080
cr1_1058p_00004.cbf,530,557,285,325,27,40,1080
cr1_1058p_00005.cbf,530,557,284,325,27,41,1107
cr1_1058p_00006.cbf,530,557,284,324,27,40,1080
cr1_1058p_00007.cbf,530,558,284,323,28,39,1092
cr1_1058p_00008.cbf,530,559,284,323,29,39,1131
cr1_1059p_00001.cbf,531,559,284,324,28,40,1120
cr1_1059p_00002.cbf,531,559,285,325,28,40,1120
cr1_1059p_00003.cbf,530,559,285,324,29,39,1131
cr1_1059p_00004.cbf,531,557,284,325,26,41,1066
cr1_1059p_00005.cbf,530,558,284,325,28,41,1148
cr1_1059p_00006.cbf,530,557,284,324,27,40,1080
cr1_1059p_00007.cbf,530,558,284,324,28,40,1120
cr1_1059p_00008.cbf,531,559,284,323,28,39,1092
cr1_1060p_00001.cbf,531,559,284,324,28,40,1120
cr1_1060p_00002.cbf,531,559,285,324,28,39,1092
cr1_1060p_00003.cbf,530,559,285,325,29,40,1160
cr1_1060p_00004.cbf,530,558,284,325,28,41,1148
cr1_1060p_00005.cbf,530,557,284,324,27,40,1080
cr1_1060p_00006.cbf,530,558,284,323,28,39,1092
cr1_1060p_00007.cbf,530,558,284,324,28,40,1120
cr1_1060p_00008.cbf,531,559,284,323,28,39,1092
cr1_1061p_00001.cbf,530,559,284,324,29,40,1160
cr1_1061p_00002.cbf,530,559,285,324,29,39,1131
cr1_1061p_00003.cbf,530,559,285,324,29,39,1131
cr1_1061p_00004.cbf,530,558,284,324,28,40,1120
cr1_1061p_00005.cbf,530,558,284,324,28,40,1120
cr1_1061p_00006.cbf,530,558,284,324,28,40,1120
cr1_1061p_00007.cbf,530,558,284,324,28,40,1120
cr1_1061p_00008.cbf,531,559,284,324,28,40,1120
cr1_1062p_00001.cbf,530,559,284,324,29,40,1160
cr1_1062p_00002.cbf,531,559,285,324,28,39,1092
cr1_1062p_00003.cbf,530,559,285,324,29,39,1131
cr1_1062p_00004.cbf,531,558,284,325,27,41,1107
cr1_1062p_00005.cbf,530,558,284,324,28,40,1120
cr1_1062p_00006.cbf,530,558,284,324,28,40,1120
cr1_1062p_00007.cbf,530,558,284,324,28,40,1120
cr1_1062p_00008.cbf,531,559,284,323,28,39,1092
cr1_1063p_00001.cbf,531,559,285,324,28,39,1092
cr1_1063p_00002.cbf,531,559,285,325,28,40,1120
cr1_1063p_00003.cbf,530,559,285,325,29,40,1160
cr1_1063p_00004.cbf,530,558,284,324,28,40,1120
cr1_1063p_00005.cbf,530,557,284,324,27,40,1080
cr1_1063p_00006.cbf,530,558,283,324,28,41,1148
cr1_1063p_00007.cbf,531,558,284,324,27,40,1080
cr1_1063p_00008.cbf,530,559,284,323,29,39,1131
cr1_1064p_00001.cbf,531,559,284,324,28,40,1120
cr1_1064p_00002.cbf,531,559,285,324,28,39,1092
cr1_1064p_00003.cbf,530,559,285,324,29,39,1131
cr1_1064p_00004.cbf,531,558,284,324,27,40,1080
cr1_1064p_00005.cbf,530,557,283,324,27,41,1107
cr1_1064p_00006.cbf,530,557,284,324,27,40,1080
cr1_1064p_00007.cbf,530,558,284,324,28,40,1120
cr1_1064p_00008.cbf,531,559,284,323,28,39,1092
cr1_1065p_00001.cbf,531,559,284,324,28,40,1120
cr1_1065p_00002.cbf,530,559,285,324,29,39,1131
cr1_1065p_00003.cbf,530,559,284,324,29,40,1160
cr1_1065p_00004.cbf,531,558,284,324,27,40,1080
cr1_1065p_00005.cbf,530,558,284,325,28,41,1148
cr1_1065p_00006.cbf,530,558,284,324,28,40,1120
cr1_1065p_00007.cbf,530,558,284,324,28,40,1120
cr1_1065p_00008.cbf,531,559,284,324,28,40,1120
cr1_1066p_00001.cbf,531,559,285,324,28,39,1092
cr1_1066p_00002.cbf,530,559,285,324,29,39,1131
cr1_1066p_00003.cbf,531,559,285,324,28,39,1092
cr1_1066p_00004.cbf,530,558,284,324,28,40,1120
cr1_1066p_00005.cbf,530,557,284,325,27,41,1107
cr1_1066p_00006.cbf,531,558,284,324,27,40,1080
cr1_1066p_00007.cbf,530,558,284,324,28,40,1120
cr1_1066p_00008.cbf,531,559,285,324,28,39,1092
cr1_1067p_00001.cbf,530,560,285,324,30,39,1170
cr1_1067p_00002.cbf,530,559,285,325,29,40,1160
cr1_1067p_00003.cbf,531,559,285,325,28,40,1120
cr1_1067p_00004.cbf,531,558,284,324,27,40,1080
cr1_1067p_00005.cbf,530,557,284,325,27,41,1107
cr1_1067p_00006.cbf,531,558,284,324,27,40,1080
cr1_1067p_00007.cbf,531,558,284,324,27,40,1080
cr1_1067p_00008.cbf,530,559,284,323,29,39,1131
cr1_1068p_00001.cbf,531,559,285,324,28,39,1092
cr1_1068p_00002.cbf,531,559,285,324,28,39,1092
cr1_1068p_00003.cbf,530,559,284,324,29,40,1160
cr1_1068p_00004.cbf,531,558,284,324,27,40,1080
cr1_1068p_00005.cbf,530,557,284,325,27,41,1107
cr1_1068p_00006.cbf,530,558,284,324,28,40,1120
cr1_1068p_00007.cbf,530,558,284,324,28,40,1120
cr1_1068p_00008.cbf,530,559,284,324,29,40,1160
cr1_1069p_00001.cbf,531,560,285,324,29,39,1131
cr1_1069p_00002.cbf,531,559,285,324,28,39,1092
cr1_1069p_00003.cbf,530,559,285,325,29,40,1160
cr1_1069p_00004.cbf,530,558,284,324,28,40,1120
cr1_1069p_00005.cbf,530,557,284,325,27,41,1107
cr1_1069p_00006.cbf,530,558,284,325,28,41,1148
cr1_1069p_00007.cbf,531,558,284,324,27,40,1080
cr1_1069p_00008.cbf,531,559,284,324,28,40,1120
cr1_1070p_00001.cbf,531,560,285,324,29,39,1131
cr1_1070p_00002.cbf,531,559,285,324,28,39,1092
cr1_1070p_00003.cbf,530,559,285,324,29,39,1131
cr1_1070p_00004.cbf,531,558,284,324,27,40,1080
cr1_1070p_00005.cbf,531,557,284,324,26,40,1040
cr1_1070p_00006.cbf,531,558,284,324,27,40,1080
cr1_1070p_00007.cbf,531,558,284,324,27,40,1080
cr1_1070p_00008.cbf,531,559,284,323,28,39,1092
cr1_1071p_00001.cbf,531,560,285,323,29,38,1102
cr1_1071p_00002.cbf,531,559,285,324,28,39,1092
cr1_1071p_00003.cbf,530,559,284,324,29,40,1160
cr1_1071p_00004.cbf,531,559,284,323,28,39,1092
cr1_1071p_00005.cbf,530,557,284,324,27,40,1080
cr1_1071p_00006.cbf,531,558,284,324,27,40,1080
cr1_1071p_00007.cbf,531,558,284,324,27,40,1080
cr1_1071p_00008.cbf,530,559,284,323,29,39,1131
cr1_1072p_00001.cbf,531,560,285,323,29,38,1102
cr1_1072p_00002.cbf,531,559,285,324,28,39,1092
cr1_1072p_00003.cbf,531,559,285,324,28,39,1092
cr1_1072p_00004.cbf,531,559,284,323,28,39,1092
cr1_1072p_00005.cbf,530,557,284,324,27,40,1080
cr1_1072p_00006.cbf,530,558,284,324,28,40,1120
cr1_1072p_00007.cbf,530,559,284,323,29,39,1131
cr1_1072p_00008.cbf,531,559,284,323,28,39,1092
cr1_1073p_00001.cbf,531,559,285,323,28,38,1064
cr1_1073p_00002.cbf,531,559,285,324,28,39,1092
cr1_1073p_00003.cbf,530,559,285,324,29,39,1131
cr1_1073p_00004.cbf,531,559,284,323,28,39,1092
cr1_1073p_00005.cbf,530,558,283,324,28,41,1148
cr1_1073p_00006.cbf,530,558,284,324,28,40,1120
cr1_1073p_00007.cbf,531,558,284,323,27,39,1053
cr1_1073p_00008.cbf,530,559,284,323,29,39,1131
cr1_1074p_00001.cbf,531,560,285,324,29,39,1131
cr1_1074p_00002.cbf,531,559,285,324,28,39,1092
cr1_1074p_00003.cbf,531,559,285,324,28,39,1092
cr1_1074p_00004.cbf,531,558,284,324,27,40,1080
cr1_1074p_00005.cbf,530,558,283,324,28,41,1148
cr1_1074p_00006.cbf,530,558,283,323,28,40,1120
cr1_1074p_00007.cbf,530,559,284,323,29,39,1131
cr1_1074p_00008.cbf,530,559,284,323,29,39,1131
cr1_1075p_00001.cbf,530,559,284,324,29,40,1160
cr1_1075p_00002.cbf,530,559,285,324,29,39,1131
cr1_1075p_00003.cbf,530,559,284,324,29,40,1160
cr1_1075p_00004.cbf,530,559,284,323,29,39,1131
cr1_1075p_00005.cbf,530,558,283,324,28,41,1148
cr1_1075p_00006.cbf,530,558,283,324,28,41,1148
cr1_1075p_00007.cbf,531,559,284,324,28,40,1120
cr1_1075p_00008.cbf,531,559,284,323,28,39,1092
cr1_1076p_00001.cbf,530,559,284,324,29,40,1160
cr1_1076p_00002.cbf,530,559,285,324,29,39,1131
cr1_1076p_00003.cbf,530,559,285,324,29,39,1131
cr1_1076p_00004.cbf,530,558,284,324,28,40,1120
cr1_1076p_00005.cbf,530,557,283,324,27,41,1107
cr1_1076p_00006.cbf,530,558,284,323,28,39,1092
cr1_1076p_00007.cbf,530,558,284,324,28,40,1120
cr1_1076p_00008.cbf,530,559,284,324,29,40,1160
cr1_1077p_00001.cbf,530,559,284,324,29,40,1160
cr1_1077p_00002.cbf,530,559,285,324,29,39,1131
cr1_1077p_00003.cbf,530,559,285,324,29,39,1131
cr1_1077p_00004.cbf,530,558,284,324,28,40,1120
cr1_1077p_00005.cbf,530,557,283,325,27,42,1134
cr1_1077p_00006.cbf,530,558,283,323,28,40,1120
cr1_1077p_00007.cbf,530,558,284,324,28,40,1120
cr1_1077p_00008.cbf,530,559,284,324,29,40,1160
cr1_1078p_00001.cbf,530,559,284,324,29,40,1160
cr1_1078p_00002.cbf,530,559,285,324,29,39,1131
cr1_1078p_00003.cbf,530,559,285,324,29,39,1131
cr1_1078p_00004.cbf,530,558,284,324,28,40,1120
cr1_1078p_00005.cbf,530,557,282,324,27,42,1134
cr1_1078p_00006.cbf,530,558,284,324,28,40,1120
cr1_1078p_00007.cbf,530,558,284,324,28,40,1120
cr1_1078p_00008.cbf,530,559,284,324,29,40,1160
cr1_1079p_00001.cbf,530,559,285,324,29,39,1131
cr1_1079p_00002.cbf,530,559,285,324,29,39,1131
cr1_1079p_00003.cbf,530,559,284,324,29,40,1160
cr1_1079p_00004.cbf,530,558,284,324,28,40,1120
cr1_1079p_00005.cbf,530,557,284,324,27,40,1080
cr1_1079p_00006.cbf,530,558,284,323,28,39,1092
cr1_1079p_00007.cbf,530,558,284,323,28,39,1092
cr1_1079p_00008.cbf,530,559,284,323,29,39,1131
cr1_1080p_00001.cbf,531,559,285,324,28,39,1092
cr1_1080p_00002.cbf,530,559,285,324,29,39,1131
cr1_1080p_00003.cbf,530,558,284,324,28,40,1120
cr1_1080p_00004.cbf,530,558,283,323,28,40,1120
cr1_1080p_00005.cbf,530,557,283,324,27,41,1107
cr1_1080p_00006.cbf,530,558,284,323,28,39,1092
cr1_1080p_00007.cbf,530,558,284,323,28,39,1092
cr1_1080p_00008.cbf,530,559,284,323,29,39,1131
cr1_1081p_00001.cbf,531,559,285,324,28,39,1092
cr1_1081p_00002.cbf,530,559,285,324,29,39,1131
cr1_1081p_00003.cbf,530,558,285,324,28,39,1092
cr1_1081p_00004.cbf,530,558,284,324,28,40,1120
cr1_1081p_00005.cbf,530,557,284,324,27,40,1080
cr1_1081p_00006.cbf,530,558,284,323,28,39,1092
cr1_1081p_00007.cbf,530,558,284,324,28,40,1120
cr1_1081p_00008.cbf,531,559,284,323,28,39,1092
cr1_1082p_00001.cbf,531,559,285,324,28,39,1092
cr1_1082p_00002.cbf,531,559,285,324,28,39,1092
cr1_1082p_00003.cbf,530,559,285,324,29,39,1131
cr1_1082p_00004.cbf,530,558,284,324,28,40,1120
cr1_1082p_00005.cbf,530,557,284,324,27,40,1080
cr1_1082p_00006.cbf,530,558,284,323,28,39,1092
cr1_1082p_00007.cbf,530,558,284,323,28,39,1092
cr1_1082p_00008.cbf,530,559,284,323,29,39,1131
cr1_1083p_00001.cbf,530,559,285,323,29,38,1102
cr1_1083p_00002.cbf,530,559,285,324,29,39,1131
cr1_1083p_00003.cbf,530,558,285,324,28,39,1092
cr1_1083p_00004.cbf,530,558,284,324,28,40,1120
cr1_1083p_00005.cbf,530,557,284,324,27,40,1080
cr1_1083p_00006.cbf,530,558,284,323,28,39,1092
cr1_1083p_00007.cbf,531,558,284,323,27,39,1053
cr1_1083p_00008.cbf,530,559,284,323,29,39,1131
cr1_1084p_00001.cbf,530,559,285,324,29,39,1131
cr1_1084p_00002.cbf,530,559,285,324,29,39,1131
cr1_1084p_00003.cbf,530,558,285,324,28,39,1092
cr1_1084p_00004.cbf,530,558,284,323,28,39,1092
cr1_1084p_00005.cbf,530,557,284,324,27,40,1080
cr1_1084p_00006.cbf,530,557,284,323,27,39,1053
cr1_1084p_00007.cbf,530,558,284,323,28,39,1092
cr1_1084p_00008.cbf,530,559,284,323,29,39,1131
cr1_1085p_00001.cbf,531,559,284,323,28,39,1092
cr1_1085p_00002.cbf,531,559,285,324,28,39,1092
cr1_1085p_00003.cbf,530,558,285,324,28,39,1092
cr1_1085p_00004.cbf,530,558,284,323,28,39,1092
cr1_1085p_00005.cbf,530,557,284,324,27,40,1080
cr1_1085p_00006.cbf,530,558,283,323,28,40,1120
cr1_1085p_00007.cbf,530,558,284,323,28,39,1092
cr1_1085p_00008.cbf,531,559,284,323,28,39,1092
cr1_1086p_00001.cbf,530,559,284,324,29,40,1160
cr1_1086p_00002.cbf,531,559,285,324,28,39,1092
cr1_1086p_00003.cbf,531,558,285,324,27,39,1053
cr1_1086p_00004.cbf,530,558,284,323,28,39,1092
cr1_1086p_00005.cbf,530,557,284,324,27,40,1080
cr1_1086p_00006.cbf,531,558,284,323,27,39,1053
cr1_1086p_00007.cbf,531,558,284,323,27,39,1053
cr1_1086p_00008.cbf,530,559,284,323,29,39,1131
cr1_1087p_00001.cbf,530,559,285,323,29,38,1102
cr1_1087p_00002.cbf,530,559,285,324,29,39,1131
cr1_1087p_00003.cbf,531,558,285,324,27,39,1053
cr1_1087p_00004.cbf,530,558,284,324,28,40,1120
cr1_1087p_00005.cbf,530,557,284,324,27,40,1080
cr1_1087p_00006.cbf,530,557,284,323,27,39,1053
cr1_1087p_00007.cbf,531,558,284,323,27,39,1053
cr1_1087p_00008.cbf,531,559,284,323,28,39,1092
cr1_1088p_00001.cbf,530,559,285,323,29,38,1102
cr1_1088p_00002.cbf,531,559,285,324,28,39,1092
cr1_1088p_00003.cbf,530,559,285,324,29,39,1131
cr1_1088p_00004.cbf,531,558,283,323,27,40,1080
cr1_1088p_00005.cbf,530,557,284,324,27,40,1080
cr1_1088p_00006.cbf,531,558,284,322,27,38,1026
cr1_1088p_00007.cbf,530,558,284,323,28,39,1092
cr1_1088p_00008.cbf,531,559,284,323,28,39,1092
cr1_1089p_00001.cbf,531,559,285,323,28,38,1064
cr1_1089p_00002.cbf,531,559,285,324,28,39,1092
cr1_1089p_00003.cbf,530,558,285,323,28,38,1064
cr1_1089p_00004.cbf,530,558,284,324,28,40,1120
cr1_1089p_00005.cbf,530,557,284,324,27,40,1080
cr1_1089p_00006.cbf,530,557,284,323,27,39,1053
cr1_1089p_00007.cbf,531,558,284,323,27,39,1053
cr1_1089p_00008.cbf,531,559,284,323,28,39,1092
cr1_1090p_00001.cbf,531,559,285,323,28,38,1064
cr1_1090p_00002.cbf,530,559,285,324,29,39,1131
cr1_1090p_00003.cbf,531,558,285,324,27,39,1053
cr1_1090p_00004.cbf,531,558,284,323,27,39,1053
cr1_1090p_00005.cbf,530,557,284,324,27,40,1080
cr1_1090p_00006.cbf,530,558,284,323,28,39,1092
cr1_1090p_00007.cbf,530,558,284,323,28,39,1092
cr1_1090p_00008.cbf,531,559,284,323,28,39,1092
cr1_1091p_00001.cbf,530,559,285,323,29,38,1102
cr1_1091p_00002.cbf,530,559,285,324,29,39,1131
cr1_1091p_00003.cbf,530,558,285,324,28,39,1092
cr1_1091p_00004.cbf,530,558,284,324,28,40,1120
cr1_1091p_00005.cbf,530,557,284,324,27,40,1080
cr1_1091p_00006.cbf,530,558,284,323,28,39,1092
cr1_1091p_00007.cbf,531,558,284,323,27,39,1053
cr1_1091p_00008.cbf,531,559,284,323,28,39,1092
cr1_1092p_00001.cbf,531,559,284,323,28,39,1092
cr1_1092p_00002.cbf,530,559,285,324,29,39,1131
cr1_1092p_00003.cbf,531,558,285,324,27,39,1053
cr1_1092p_00004.cbf,531,558,284,324,27,40,1080
cr1_1092p_00005.cbf,531,557,284,324,26,40,1040
cr1_1092p_00006.cbf,530,558,283,323,28,40,1120
cr1_1092p_00007.cbf,531,558,284,323,27,39,1053
cr1_1092p_00008.cbf,531,559,284,323,28,39,1092
cr1_1093p_00001.cbf,530,559,285,323,29,38,1102
cr1_1093p_00002.cbf,531,559,285,324,28,39,1092
cr1_1093p_00003.cbf,531,558,285,324,27,39,1053
cr1_1093p_00004.cbf,531,558,284,324,27,40,1080
cr1_1093p_00005.cbf,530,557,284,324,27,40,1080
cr1_1093p_00006.cbf,531,558,284,324,27,40,1080
cr1_1093p_00007.cbf,531,558,284,323,27,39,1053
cr1_1093p_00008.cbf,530,559,284,323,29,39,1131
cr1_1094p_00001.cbf,530,559,284,323,29,39,1131
cr1_1094p_00002.cbf,531,559,285,324,28,39,1092
cr1_1094p_00003.cbf,530,558,285,324,28,39,1092
cr1_1094p_00004.cbf,530,558,284,324,28,40,1120
cr1_1094p_00005.cbf,530,557,284,324,27,40,1080
cr1_1094p_00006.cbf,530,557,284,323,27,39,1053
cr1_1094p_00007.cbf,531,558,284,323,27,39,1053
cr1_1094p_00008.cbf,530,559,284,322,29,38,1102
cr1_1095p_00001.cbf,531,559,284,323,28,39,1092
cr1_1095p_00002.cbf,530,559,285,324,29,39,1131
cr1_1095p_00003.cbf,530,558,285,324,28,39,1092
cr1_1095p_00004.cbf,530,558,284,323,28,39,1092
cr1_1095p_00005.cbf,530,557,284,324,27,40,1080
cr1_1095p_00006.cbf,530,557,284,323,27,39,1053
cr1_1095p_00007.cbf,531,558,284,323,27,39,1053
cr1_1095p_00008.cbf,531,559,284,323,28,39,1092
cr1_1096p_00001.cbf,530,559,285,323,29,38,1102
cr1_1096p_00002.cbf,531,559,285,324,28,39,1092
cr1_1096p_00003.cbf,530,558,285,324,28,39,1092
cr1_1096p_00004.cbf,531,558,284,323,27,39,1053
cr1_1096p_00005.cbf,530,557,284,323,27,39,1053
cr1_1096p_00006.cbf,530,557,284,323,27,39,1053
cr1_1096p_00007.cbf,530,558,284,323,28,39,1092
cr1_1096p_00008.cbf,531,559,284,323,28,39,1092
cr1_1097p_00001.cbf,530,559,285,323,29,38,1102
cr1_1097p_00002.cbf,531,559,285,324,28,39,1092
cr1_1097p_00003.cbf,531,558,285,324,27,39,1053
cr1_1097p_00004.cbf,531,558,284,323,27,39,1053
cr1_1097p_00005.cbf,530,557,283,323,27,40,1080
cr1_1097p_00006.cbf,530,557,283,322,27,39,1053
cr1_1097p_00007.cbf,531,558,284,323,27,39,1053
cr1_1097p_00008.cbf,531,559,284,323,28,39,1092
cr1_1098p_00001.cbf,531,559,285,323,28,38,1064
cr1_1098p_00002.cbf,530,559,285,324,29,39,1131
cr1_1098p_00003.cbf,530,558,285,324,28,39,1092
cr1_1098p_00004.cbf,530,558,284,323,28,39,1092
cr1_1098p_00005.cbf,531,557,284,324,26,40,1040
cr1_1098p_00006.cbf,530,558,284,323,28,39,1092
cr1_1098p_00007.cbf,530,558,284,323,28,39,1092
cr1_1098p_00008.cbf,530,559,284,323,29,39,1131
cr1_1099p_00001.cbf,530,559,285,323,29,38,1102
cr1_1099p_00002.cbf,530,559,285,324,29,39,1131
cr1_1099p_00003.cbf,531,558,285,324,27,39,1053
cr1_1099p_00004.cbf,530,558,284,323,28,39,1092
cr1_1099p_00005.cbf,531,557,283,324,26,41,1066
cr1_1099p_00006.cbf,530,558,283,324,28,41,1148
cr1_1099p_00007.cbf,531,558,284,323,27,39,1053
cr1_1099p_00008.cbf,531,559,284,323,28,39,1092
cr1_1100p_00001.cbf,531,559,285,324,28,39,1092
cr1_1100p_00002.cbf,530,559,285,324,29,39,1131
cr1_1100p_00003.cbf,530,558,285,324,28,39,1092
cr1_1100p_00004.cbf,531,558,284,324,27,40,1080
cr1_1100p_00005.cbf,530,557,284,324,27,40,1080
cr1_1100p_00006.cbf,531,558,283,324,27,41,1107
cr1_1100p_00007.cbf,531,558,284,323,27,39,1053
cr1_1100p_00008.cbf,531,559,284,323,28,39,1092
cr1_1101p_00001.cbf,531,559,285,324,28,39,1092
cr1_1101p_00002.cbf,531,559,285,324,28,39,1092
cr1_1101p_00003.cbf,530,558,285,324,28,39,1092
cr1_1101p_00004.cbf,530,558,284,324,28,40,1120
cr1_1101p_00005.cbf,531,557,283,323,26,40,1040
cr1_1101p_00006.cbf,531,558,283,323,27,40,1080
cr1_1101p_00007.cbf,531,558,284,324,27,40,1080
cr1_1101p_00008.cbf,531,559,284,324,28,40,1120
cr1_1102p_00001.cbf,531,559,285,324,28,39,1092
cr1_1102p_00002.cbf,531,559,285,324,28,39,1092
cr1_1102p_00003.cbf,530,558,285,325,28,40,1120
cr1_1102p_00004.cbf,530,558,285,325,28,40,1120
cr1_1102p_00005.cbf,530,557,284,324,27,40,1080
cr1_1102p_00006.cbf,531,558,284,323,27,39,1053
cr1_1102p_00007.cbf,531,558,284,323,27,39,1053
cr1_1102p_00008.cbf,531,559,284,323,28,39,1092
cr1_1103p_00001.cbf,531,559,285,323,28,38,1064
cr1_1103p_00002.cbf,531,559,285,324,28,39,1092
cr1_1103p_00003.cbf,530,558,285,324,28,39,1092
cr1_1103p_00004.cbf,530,558,284,324,28,40,1120
cr1_1103p_00005.cbf,531,558,283,323,27,40,1080
cr1_1103p_00006.cbf,531,558,283,323,27,40,1080
cr1_1103p_00007.cbf,530,558,284,323,28,39,1092
cr1_1103p_00008.cbf,530,559,285,323,29,38,1102
cr1_1104p_00001.cbf,531,559,285,324,28,39,1092
cr1_1104p_00002.cbf,531,559,285,324,28,39,1092
cr1_1104p_00003.cbf,531,558,285,324,27,39,1053
cr1_1104p_00004.cbf,531,558,284,324,27,40,1080
cr1_1104p_00005.cbf,530,557,283,324,27,41,1107
cr1_1104p_00006.cbf,530,558,283,324,28,41,1148
cr1_1104p_00007.cbf,530,558,284,324,28,40,1120
cr1_1104p_00008.cbf,531,559,284,323,28,39,1092
cr1_1105p_00001.cbf,530,559,285,324,29,39,1131
cr1_1105p_00002.cbf,531,559,285,324,28,39,1092
cr1_1105p_00003.cbf,531,558,285,324,27,39,1053
cr1_1105p_00004.cbf,530,558,284,324,28,40,1120
cr1_1105p_00005.cbf,531,557,283,323,26,40,1040
cr1_1105p_00006.cbf,531,558,284,324,27,40,1080
cr1_1105p_00007.cbf,531,558,284,323,27,39,1053
cr1_1105p_00008.cbf,531,559,285,323,28,38,1064
cr1_1106p_00001.cbf,530,559,285,324,29,39,1131
cr1_1106p_00002.cbf,531,558,285,324,27,39,1053
cr1_1106p_00003.cbf,530,558,285,324,28,39,1092
cr1_1106p_00004.cbf,530,558,284,324,28,40,1120
cr1_1106p_00005.cbf,531,557,283,324,26,41,1066
cr1_1106p_00006.cbf,530,558,284,324,28,40,1120
cr1_1106p_00007.cbf,531,558,285,323,27,38,1026
cr1_1106p_00008.cbf,531,559,285,323,28,38,1064
cr1_1107p_00001.cbf,531,559,285,324,28,39,1092
cr1_1107p_00002.cbf,531,559,285,324,28,39,1092
cr1_1107p_00003.cbf,530,558,285,324,28,39,1092
cr1_1107p_00004.cbf,530,558,284,324,28,40,1120
cr1_1107p_00005.cbf,530,557,284,324,27,40,1080
cr1_1107p_00006.cbf,530,558,284,324,28,40,1120
cr1_1107p_00007.cbf,531,558,284,324,27,40,1080
cr1_1107p_00008.cbf,530,559,285,324,29,39,1131
cr1_1108p_00001.cbf,531,559,285,324,28,39,1092
cr1_1108p_00002.cbf,531,559,285,324,28,39,1092
cr1_1108p_00003.cbf,530,558,285,325,28,40,1120
cr1_1108p_00004.cbf,530,558,284,324,28,40,1120
cr1_1108p_00005.cbf,530,557,283,324,27,41,1107
cr1_1108p_00006.cbf,530,558,283,324,28,41,1148
cr1_1108p_00007.cbf,530,558,284,324,28,40,1120
cr1_1108p_00008.cbf,530,559,285,324,29,39,1131
cr1_1109p_00001.cbf,530,559,285,324,29,39,1131
cr1_1109p_00002.cbf,531,559,285,325,28,40,1120
cr1_1109p_00003.cbf,530,558,285,324,28,39,1092
cr1_1109p_00004.cbf,530,558,284,324,28,40,1120
cr1_1109p_00005.cbf,530,557,283,324,27,41,1107
cr1_1109p_00006.cbf,530,558,283,324,28,41,1148
cr1_1109p_00007.cbf,530,558,284,324,28,40,1120
cr1_1109p_00008.cbf,530,559,284,323,29,39,1131
cr1_1110p_00001.cbf,531,559,285,324,28,39,1092
cr1_1110p_00002.cbf,530,559,285,324,29,39,1131
cr1_1110p_00003.cbf,530,558,285,325,28,40,1120
cr1_1110p_00004.cbf,530,558,284,324,28,40,1120
cr1_1110p_00005.cbf,530,557,284,324,27,40,1080
cr1_1110p_00006.cbf,530,558,283,324,28,41,1148
cr1_1110p_00007.cbf,531,558,284,323,27,39,1053
cr1_1110p_00008.cbf,530,559,284,324,29,40,1160
cr1_1111p_00001.cbf,530,559,285,324,29,39,1131
cr1_1111p_00002.cbf,530,559,285,325,29,40,1160
cr1_1111p_00003.cbf,530,558,285,325,28,40,1120
cr1_1111p_00004.cbf,531,558,284,324,27,40,1080
cr1_1111p_00005.cbf,530,557,283,324,27,41,1107
cr1_1111p_00006.cbf,530,558,283,324,28,41,1148
cr1_1111p_00007.cbf,530,558,284,324,28,40,1120
cr1_1111p_00008.cbf,530,559,284,324,29,40,1160
cr1_1112p_00001.cbf,531,559,285,324,28,39,1092
cr1_1112p_00002.cbf,530,559,285,324,29,39,1131
cr1_1112p_00003.cbf,530,558,285,324,28,39,1092
cr1_1112p_00004.cbf,530,558,284,324,28,40,1120
cr1_1112p_00005.cbf,530,557,283,324,27,41,1107
cr1_1112p_00006.cbf,530,557,283,324,27,41,1107
cr1_1112p_00007.cbf,531,558,284,324,27,40,1080
cr1_1112p_00008.cbf,530,559,284,323,29,39,1131
cr1_1113p_00001.cbf,531,559,285,324,28,39,1092
cr1_1113p_00002.cbf,530,559,285,324,29,39,1131
cr1_1113p_00003.cbf,530,558,285,325,28,40,1120
cr1_1113p_00004.cbf,530,558,284,324,28,40,1120
cr1_1113p_00005.cbf,530,557,283,324,27,41,1107
cr1_1113p_00006.cbf,530,558,283,324,28,41,1148
cr1_1113p_00007.cbf,530,558,284,324,28,40,1120
cr1_1113p_00008.cbf,531,559,284,324,28,40,1120
cr1_1114p_00001.cbf,531,559,285,324,28,39,1092
cr1_1114p_00002.cbf,530,559,285,325,29,40,1160
cr1_1114p_00003.cbf,530,558,285,324,28,39,1092
cr1_1114p_00004.cbf,530,558,283,324,28,41,1148
cr1_1114p_00005.cbf,530,557,283,324,27,41,1107
cr1_1114p_00006.cbf,530,558,283,324,28,41,1148
cr1_1114p_00007.cbf,531,558,284,324,27,40,1080
cr1_1114p_00008.cbf,531,559,284,324,28,40,1120
cr1_1115p_00001.cbf,530,559,285,325,29,40,1160
cr1_1115p_00002.cbf,531,559,285,325,28,40,1120
cr1_1115p_00003.cbf,530,558,285,325,28,40,1120
cr1_1115p_00004.cbf,530,558,284,325,28,41,1148
cr1_1115p_00005.cbf,530,557,283,325,27,42,1134
cr1_1115p_00006.cbf,530,558,283,324,28,41,1148
cr1_1115p_00007.cbf,530,558,284,324,28,40,1120
cr1_1115p_00008.cbf,531,559,285,324,28,39,1092
cr1_1116p_00001.cbf,531,559,285,325,28,40,1120
cr1_1116p_00002.cbf,530,559,285,325,29,40,1160
cr1_1116p_00003.cbf,530,558,285,325,28,40,1120
cr1_1116p_00004.cbf,530,558,284,324,28,40,1120
cr1_1116p_00005.cbf,530,558,283,324,28,41,1148
cr1_1116p_00006.cbf,531,558,283,324,27,41,1107
cr1_1116p_00007.cbf,530,558,284,325,28,41,1148
cr1_1116p_00008.cbf,530,559,285,324,29,39,1131
cr1_1117p_00001.cbf,530,559,285,325,29,40,1160
cr1_1117p_00002.cbf,531,559,286,325,28,39,1092
cr1_1117p_00003.cbf,531,558,285,325,27,40,1080
cr1_1117p_00004.cbf,530,558,284,325,28,41,1148
cr1_1117p_00005.cbf,530,557,283,325,27,42,1134
cr1_1117p_00006.cbf,530,558,283,324,28,41,1148
cr1_1117p_00007.cbf,531,558,284,324,27,40,1080
cr1_1117p_00008.cbf,530,559,284,324,29,40,1160
cr1_1118p_00001.cbf,531,559,285,325,28,40,1120
cr1_1118p_00002.cbf,530,559,285,325,29,40,1160
cr1_1118p_00003.cbf,530,559,285,325,29,40,1160
cr1_1118p_00004.cbf,530,558,284,325,28,41,1148
cr1_1118p_00005.cbf,530,557,283,325,27,42,1134
cr1_1118p_00006.cbf,530,558,283,324,28,41,1148
cr1_1118p_00007.cbf,530,558,284,325,28,41,1148
cr1_1118p_00008.cbf,530,559,285,324,29,39,1131
cr1_1119p_00001.cbf,530,559,285,325,29,40,1160
cr1_1119p_00002.cbf,530,559,285,325,29,40,1160
cr1_1119p_00003.cbf,531,558,285,325,27,40,1080
cr1_1119p_00004.cbf,530,558,284,325,28,41,1148
cr1_1119p_00005.cbf,531,557,283,326,26,43,1118
cr1_1119p_00006.cbf,530,558,283,325,28,42,1176
cr1_1119p_00007.cbf,530,558,284,325,28,41,1148
cr1_1119p_00008.cbf,530,559,285,325,29,40,1160
cr1_1120p_00001.cbf,530,559,285,325,29,40,1160
cr1_1120p_00002.cbf,530,559,285,326,29,41,1189
cr1_1120p_00003.cbf,530,558,285,326,28,41,1148
cr1_1120p_00004.cbf,530,557,284,326,27,42,1134
cr1_1120p_00005.cbf,530,558,283,327,28,44,1232
cr1_1120p_00006.cbf,530,558,284,325,28,41,1148
cr1_1120p_00007.cbf,530,559,285,325,29,40,1160
cr1_1120p_00008.cbf,530,559,285,325,29,40,1160
cr1_1121p_00001.cbf,531,559,286,325,28,39,1092
cr1_1121p_00002.cbf,530,559,286,326,29,40,1160
cr1_1121p_00003.cbf,530,559,286,326,29,40,1160
cr1_1121p_00004.cbf,530,558,284,325,28,41,1148
cr1_1121p_00005.cbf,530,557,283,325,27,42,1134
cr1_1121p_00006.cbf,530,558,284,325,28,41,1148
cr1_1121p_00007.cbf,530,559,285,325,29,40,1160
cr1_1121p_00008.cbf,531,559,285,325,28,40,1120
cr1_1122p_00001.cbf,530,559,286,326,29,40,1160
cr1_1122p_00002.cbf,530,559,286,326,29,40,1160
cr1_1122p_00003.cbf,530,559,285,326,29,41,1189
cr1_1122p_00004.cbf,530,558,284,325,28,41,1148
cr1_1122p_00005.cbf,530,558,283,325,28,42,1176
cr1_1122p_00006.cbf,530,558,284,325,28,41,1148
cr1_1122p_00007.cbf,531,559,285,325,28,40,1120
cr1_1122p_00008.cbf,530,559,285,325,29,40,1160
cr1_1123p_00001.cbf,531,559,286,326,28,40,1120
cr1_1123p_00002.cbf,530,559,286,326,29,40,1160
cr1_1123p_00003.cbf,530,559,285,326,29,41,1189
cr1_1123p_00004.cbf,530,558,285,326,28,41,1148
cr1_1123p_00005.cbf,530,558,283,327,28,44,1232
cr1_1123p_00006.cbf,530,558,284,326,28,42,1176
cr1_1123p_00007.cbf,530,558,285,326,28,41,1148
cr1_1123p_00008.cbf,531,559,286,326,28,40,1120
cr1_1124p_00001.cbf,530,559,286,326,29,40,1160
cr1_1124p_00002.cbf,530,559,286,326,29,40,1160
cr1_1124p_00003.cbf,530,559,286,326,29,40,1160
cr1_1124p_00004.cbf,530,559,284,325,29,41,1189
cr1_1124p_00005.cbf,530,558,283,325,28,42,1176
cr1_1124p_00006.cbf,530,558,284,325,28,41,1148
cr1_1124p_00007.cbf,530,559,285,326,29,41,1189
cr1_1124p_00008.cbf,530,559,286,326,29,40,1160
cr1_1125p_00001.cbf,531,559,286,326,28,40,1120
cr1_1125p_00002.cbf,531,559,286,326,28,40,1120
cr1_1125p_00003.cbf,531,559,286,326,28,40,1120
cr1_1125p_00004.cbf,530,558,285,326,28,41,1148
cr1_1125p_00005.cbf,530,558,284,327,28,43,1204
cr1_1125p_00006.cbf,530,558,284,326,28,42,1176
cr1_1125p_00007.cbf,530,558,285,326,28,41,1148
cr1_1125p_00008.cbf,531,559,286,326,28,40,1120
cr1_1126p_00001.cbf,531,559,286,326,28,40,1120
cr1_1126p_00002.cbf,531,559,286,326,28,40,1120
cr1_1126p_00003.cbf,530,558,286,326,28,40,1120
cr1_1126p_00004.cbf,530,558,285,326,28,41,1148
cr1_1126p_00005.cbf,530,558,284,326,28,42,1176
cr1_1126p_00006.cbf,530,558,284,326,28,42,1176
cr1_1126p_00007.cbf,531,558,285,326,27,41,1107
cr1_1126p_00008.cbf,531,559,286,326,28,40,1120
cr1_1127p_00001.cbf,531,559,287,326,28,39,1092
cr1_1127p_00002.cbf,530,559,287,327,29,40,1160
cr1_1127p_00003.cbf,531,558,286,327,27,41,1107
cr1_1127p_00004.cbf,530,558,284,325,28,41,1148
cr1_1127p_00005.cbf,530,557,283,325,27,42,1134
cr1_1127p_00006.cbf,530,557,284,326,27,42,1134
cr1_1127p_00007.cbf,530,558,285,326,28,41,1148
cr1_1127p_00008.cbf,530,559,286,326,29,40,1160
cr1_1128p_00001.cbf,531,559,286,326,28,40,1120
cr1_1128p_00002.cbf,531,559,287,326,28,39,1092
cr1_1128p_00003.cbf,530,558,286,326,28,40,1120
cr1_1128p_00004.cbf,530,558,285,326,28,41,1148
cr1_1128p_00005.cbf,530,558,284,326,28,42,1176
cr1_1128p_00006.cbf,530,558,285,325,28,40,1120
cr1_1128p_00007.cbf,530,558,285,326,28,41,1148
cr1_1128p_00008.cbf,531,559,286,325,28,39,1092
cr1_1129p_00001.cbf,531,559,287,326,28,39,1092
cr1_1129p_00002.cbf,531,559,287,326,28,39,1092
cr1_1129p_00003.cbf,530,558,286,327,28,41,1148
cr1_1129p_00004.cbf,530,557,285,326,27,41,1107
cr1_1129p_00005.cbf,530,558,284,326,28,42,1176
cr1_1129p_00006.cbf,530,558,284,325,28,41,1148
cr1_1129p_00007.cbf,530,558,285,326,28,41,1148
cr1_1129p_00008.cbf,531,559,286,325,28,39,1092
cr1_1130p_00001.cbf,531,559,286,326,28,40,1120
cr1_1130p_00002.cbf,531,559,286,326,28,40,1120
cr1_1130p_00003.cbf,530,558,286,327,28,41,1148
cr1_1130p_00004.cbf,530,557,286,326,27,40,1080
cr1_1130p_00005.cbf,530,558,284,326,28,42,1176
cr1_1130p_00006.cbf,530,558,285,326,28,41,1148
cr1_1130p_00007.cbf,530,558,285,326,28,41,1148
cr1_1130p_00008.cbf,530,559,286,325,29,39,1131
cr1_1131p_00001.cbf,531,559,286,326,28,40,1120
cr1_1131p_00002.cbf,530,559,287,326,29,39,1131
cr1_1131p_00003.cbf,530,558,287,326,28,39,1092
cr1_1131p_00004.cbf,530,557,285,326,27,41,1107
cr1_1131p_00005.cbf,530,558,284,326,28,42,1176
cr1_1131p_00006.cbf,530,558,284,325,28,41,1148
cr1_1131p_00007.cbf,531,558,285,325,27,40,1080
cr1_1131p_00008.cbf,531,559,285,325,28,40,1120
cr1_1132p_00001.cbf,530,559,285,326,29,41,1189
cr1_1132p_00002.cbf,531,559,286,326,28,40,1120
cr1_1132p_00003.cbf,531,558,286,326,27,40,1080
cr1_1132p_00004.cbf,531,558,285,325,27,40,1080
cr1_1132p_00005.cbf,530,558,284,325,28,41,1148
cr1_1132p_00006.cbf,530,558,284,325,28,41,1148
cr1_1132p_00007.cbf,531,558,285,325,27,40,1080
cr1_1132p_00008.cbf,531,559,285,325,28,40,1120
cr1_1133p_00001.cbf,531,559,285,325,28,40,1120
cr1_1133p_00002.cbf,531,559,286,326,28,40,1120
cr1_1133p_00003.cbf,530,558,286,326,28,40,1120
cr1_1133p_00004.cbf,530,557,285,326,27,41,1107
cr1_1133p_00005.cbf,530,558,284,325,28,41,1148
cr1_1133p_00006.cbf,530,558,284,324,28,40,1120
cr1_1133p_00007.cbf,530,558,284,324,28,40,1120
cr1_1133p_00008.cbf,531,558,284,324,27,40,1080
cr1_1134p_00001.cbf,531,559,285,325,28,40,1120
cr1_1134p_00002.cbf,531,559,285,325,28,40,1120
cr1_1134p_00003.cbf,531,558,285,325,27,40,1080
cr1_1134p_00004.cbf,530,557,285,325,27,40,1080
cr1_1134p_00005.cbf,530,557,284,324,27,40,1080
cr1_1134p_00006.cbf,531,558,284,324,27,40,1080
cr1_1134p_00007.cbf,531,558,285,324,27,39,1053
cr1_1134p_00008.cbf,531,558,284,324,27,40,1080
cr1_1135p_00001.cbf,531,559,285,324,28,39,1092
cr1_1135p_00002.cbf,531,558,285,325,27,40,1080
cr1_1135p_00003.cbf,530,558,286,325,28,39,1092
cr1_1135p_00004.cbf,531,557,285,325,26,40,1040
cr1_1135p_00005.cbf,530,558,284,324,28,40,1120
cr1_1135p_00006.cbf,530,558,284,324,28,40,1120
cr1_1135p_00007.cbf,531,558,284,324,27,40,1080
cr1_1135p_00008.cbf,531,558,284,324,27,40,1080
cr1_1136p_00001.cbf,531,559,285,324,28,39,1092
cr1_1136p_00002.cbf,531,558,285,325,27,40,1080
cr1_1136p_00003.cbf,531,558,286,325,27,39,1053
cr1_1136p_00004.cbf,531,557,285,325,26,40,1040
cr1_1136p_00005.cbf,530,557,284,324,27,40,1080
cr1_1136p_00006.cbf,531,557,284,324,26,40,1040
cr1_1136p_00007.cbf,530,557,284,324,27,40,1080
cr1_1136p_00008.cbf,531,558,284,324,27,40,1080
cr1_1137p_00001.cbf,531,559,284,324,28,40,1120
cr1_1137p_00002.cbf,530,558,285,325,28,40,1120
cr1_1137p_00003.cbf,530,558,286,325,28,39,1092
cr1_1137p_00004.cbf,531,557,285,325,26,40,1040
cr1_1137p_00005.cbf,530,557,284,324,27,40,1080
cr1_1137p_00006.cbf,531,558,284,324,27,40,1080
cr1_1137p_00007.cbf,531,558,284,324,27,40,1080
cr1_1137p_00008.cbf,531,558,284,324,27,40,1080
cr1_1138p_00001.cbf,531,559,285,324,28,39,1092
cr1_1138p_00002.cbf,531,558,285,325,27,40,1080
cr1_1138p_00003.cbf,531,558,286,325,27,39,1053
cr1_1138p_00004.cbf,531,557,285,325,26,40,1040
cr1_1138p_00005.cbf,530,557,284,323,27,39,1053
cr1_1138p_00006.cbf,530,557,284,324,27,40,1080
cr1_1138p_00007.cbf,531,558,284,324,27,40,1080
cr1_1138p_00008.cbf,531,558,284,324,27,40,1080
cr1_1139p_00001.cbf,531,559,284,324,28,40,1120
cr1_1139p_00002.cbf,530,559,285,324,29,39,1131
cr1_1139p_00003.cbf,531,558,285,325,27,40,1080
cr1_1139p_00004.cbf,530,558,284,324,28,40,1120
cr1_1139p_00005.cbf,531,557,283,323,26,40,1040
cr1_1139p_00006.cbf,531,557,284,323,26,39,1014
cr1_1139p_00007.cbf,531,558,285,324,27,39,1053
cr1_1139p_00008.cbf,531,558,284,324,27,40,1080
cr1_1140p_00001.cbf,531,559,284,323,28,39,1092
cr1_1140p_00002.cbf,531,558,285,324,27,39,1053
cr1_1140p_00003.cbf,531,558,285,324,27,39,1053
cr1_1140p_00004.cbf,530,557,285,324,27,39,1053
cr1_1140p_00005.cbf,530,558,284,322,28,38,1064
cr1_1140p_00006.cbf,530,557,284,323,27,39,1053
cr1_1140p_00007.cbf,530,558,284,324,28,40,1120
cr1_1140p_00008.cbf,531,558,284,323,27,39,1053
cr1_1141p_00001.cbf,531,559,285,324,28,39,1092
cr1_1141p_00002.cbf,531,558,285,324,27,39,1053
cr1_1141p_00003.cbf,531,558,285,324,27,39,1053
cr1_1141p_00004.cbf,530,557,285,324,27,39,1053
cr1_1141p_00005.cbf,530,558,284,323,28,39,1092
cr1_1141p_00006.cbf,530,558,284,323,28,39,1092
cr1_1141p_00007.cbf,531,558,284,323,27,39,1053
cr1_1141p_00008.cbf,531,559,284,323,28,39,1092
cr1_1142p_00001.cbf,530,559,284,323,29,39,1131
cr1_1142p_00002.cbf,531,559,284,324,28,40,1120
cr1_1142p_00003.cbf,530,558,285,324,28,39,1092
cr1_1142p_00004.cbf,530,557,285,324,27,39,1053
cr1_1142p_00005.cbf,530,558,284,323,28,39,1092
cr1_1142p_00006.cbf,530,558,284,323,28,39,1092
cr1_1142p_00007.cbf,530,558,284,324,28,40,1120
cr1_1142p_00008.cbf,530,559,284,323,29,39,1131
cr1_1143p_00001.cbf,530,559,285,323,29,38,1102
cr1_1143p_00002.cbf,530,558,285,324,28,39,1092
cr1_1143p_00003.cbf,530,558,285,324,28,39,1092
cr1_1143p_00004.cbf,530,558,284,324,28,40,1120
cr1_1143p_00005.cbf,530,557,284,324,27,40,1080
cr1_1143p_00006.cbf,531,558,284,323,27,39,1053
cr1_1143p_00007.cbf,530,558,285,324,28,39,1092
cr1_1143p_00008.cbf,530,558,284,324,28,40,1120
cr1_1144p_00001.cbf,530,559,285,324,29,39,1131
cr1_1144p_00002.cbf,531,559,285,324,28,39,1092
cr1_1144p_00003.cbf,530,558,285,324,28,39,1092
cr1_1144p_00004.cbf,530,557,285,324,27,39,1053
cr1_1144p_00005.cbf,530,557,284,323,27,39,1053
cr1_1144p_00006.cbf,530,557,284,323,27,39,1053
cr1_1144p_00007.cbf,531,558,284,324,27,40,1080
cr1_1144p_00008.cbf,530,558,284,323,28,39,1092
cr1_1145p_00001.cbf,531,559,284,323,28,39,1092
cr1_1145p_00002.cbf,530,558,285,324,28,39,1092
cr1_1145p_00003.cbf,530,558,285,324,28,39,1092
cr1_1145p_00004.cbf,530,557,285,324,27,39,1053
cr1_1145p_00005.cbf,530,558,284,323,28,39,1092
cr1_1145p_00006.cbf,530,557,284,323,27,39,1053
cr1_1145p_00007.cbf,530,558,284,324,28,40,1120
cr1_1145p_00008.cbf,530,558,284,324,28,40,1120
cr1_1146p_00001.cbf,530,559,285,323,29,38,1102
cr1_1146p_00002.cbf,530,558,285,325,28,40,1120
cr1_1146p_00003.cbf,530,558,285,324,28,39,1092
cr1_1146p_00004.cbf,530,557,285,324,27,39,1053
cr1_1146p_00005.cbf,530,558,283,322,28,39,1092
cr1_1146p_00006.cbf,530,558,283,323,28,40,1120
cr1_1146p_00007.cbf,530,558,284,324,28,40,1120
cr1_1146p_00008.cbf,530,559,284,323,29,39,1131
cr1_1147p_00001.cbf,531,559,285,324,28,39,1092
cr1_1147p_00002.cbf,531,559,285,324,28,39,1092
cr1_1147p_00003.cbf,530,558,284,324,28,40,1120
cr1_1147p_00004.cbf,530,558,284,323,28,39,1092
cr1_1147p_00005.cbf,530,557,283,323,27,40,1080
cr1_1147p_00006.cbf,531,558,284,324,27,40,1080
cr1_1147p_00007.cbf,530,558,284,324,28,40,1120
cr1_1147p_00008.cbf,531,559,284,324,28,40,1120
cr1_1148p_00001.cbf,530,559,285,324,29,39,1131
cr1_1148p_00002.cbf,530,559,285,324,29,39,1131
cr1_1148p_00003.cbf,530,558,285,324,28,39,1092
cr1_1148p_00004.cbf,530,558,284,324,28,40,1120
cr1_1148p_00005.cbf,531,557,282,323,26,41,1066
cr1_1148p_00006.cbf,530,558,284,324,28,40,1120
cr1_1148p_00007.cbf,531,558,284,324,27,40,1080
cr1_1148p_00008.cbf,530,559,284,324,29,40,1160
cr1_1149p_00001.cbf,531,559,285,324,28,39,1092
cr1_1149p_00002.cbf,530,558,285,324,28,39,1092
cr1_1149p_00003.cbf,530,558,285,324,28,39,1092
cr1_1149p_00004.cbf,531,558,284,324,27,40,1080
cr1_1149p_00005.cbf,530,557,283,323,27,40,1080
cr1_1149p_00006.cbf,531,558,284,324,27,40,1080
cr1_1149p_00007.cbf,530,558,284,324,28,40,1120
cr1_1149p_00008.cbf,530,559,284,324,29,40,1160
cr1_1150p_00001.cbf,530,559,285,324,29,39,1131
cr1_1150p_00002.cbf,530,559,285,324,29,39,1131
cr1_1150p_00003.cbf,530,558,285,325,28,40,1120
cr1_1150p_00004.cbf,530,558,284,324,28,40,1120
cr1_1150p_00005.cbf,530,558,282,323,28,41,1148
cr1_1150p_00006.cbf,531,558,283,323,27,40,1080
cr1_1150p_00007.cbf,530,558,284,324,28,40,1120
cr1_1150p_00008.cbf,530,559,284,324,29,40,1160
cr1_1151p_00001.cbf,530,559,285,324,29,39,1131
cr1_1151p_00002.cbf,530,559,285,325,29,40,1160
cr1_1151p_00003.cbf,530,558,285,325,28,40,1120
cr1_1151p_00004.cbf,530,558,284,324,28,40,1120
cr1_1151p_00005.cbf,530,557,283,324,27,41,1107
cr1_1151p_00006.cbf,530,557,284,324,27,40,1080
cr1_1151p_00007.cbf,530,558,284,324,28,40,1120
cr1_1151p_00008.cbf,531,559,284,324,28,40,1120
cr1_1152p_00001.cbf,530,559,285,324,29,39,1131
cr1_1152p_00002.cbf,530,559,285,325,29,40,1160
cr1_1152p_00003.cbf,531,558,285,325,27,40,1080
cr1_1152p_00004.cbf,530,558,284,324,28,40,1120
cr1_1152p_00005.cbf,530,557,284,324,27,40,1080
cr1_1152p_00006.cbf,531,558,283,324,27,41,1107
cr1_1152p_00007.cbf,530,558,284,324,28,40,1120
cr1_1152p_00008.cbf,531,559,284,324,28,40,1120
cr1_1153p_00001.cbf,531,559,285,324,28,39,1092
cr1_1153p_00002.cbf,530,558,285,325,28,40,1120
cr1_1153p_00003.cbf,530,558,285,325,28,40,1120
cr1_1153p_00004.cbf,530,558,285,325,28,40,1120
cr1_1153p_00005.cbf,531,557,284,324,26,40,1040
cr1_1153p_00006.cbf,530,557,284,324,27,40,1080
cr1_1153p_00007.cbf,530,558,284,324,28,40,1120
cr1_1153p_00008.cbf,530,558,284,323,28,39,1092
cr1_1154p_00001.cbf,531,559,285,323,28,38,1064
cr1_1154p_00002.cbf,530,559,285,324,29,39,1131
cr1_1154p_00003.cbf,531,558,285,324,27,39,1053
cr1_1154p_00004.cbf,530,557,285,325,27,40,1080
cr1_1154p_00005.cbf,530,557,284,324,27,40,1080
cr1_1154p_00006.cbf,530,558,284,324,28,40,1120
cr1_1154p_00007.cbf,530,558,285,324,28,39,1092
cr1_1154p_00008.cbf,531,559,285,324,28,39,1092
cr1_1155p_00001.cbf,530,559,285,324,29,39,1131
cr1_1155p_00002.cbf,530,559,285,324,29,39,1131
cr1_1155p_00003.cbf,530,558,286,325,28,39,1092
cr1_1155p_00004.cbf,530,557,285,324,27,39,1053
cr1_1155p_00005.cbf,530,557,283,324,27,41,1107
cr1_1155p_00006.cbf,531,557,283,324,26,41,1066
cr1_1155p_00007.cbf,530,558,285,324,28,39,1092
cr1_1155p_00008.cbf,530,559,285,323,29,38,1102
cr1_1156p_00001.cbf,531,559,285,324,28,39,1092
cr1_1156p_00002.cbf,530,559,285,324,29,39,1131
cr1_1156p_00003.cbf,530,558,285,325,28,40,1120
cr1_1156p_00004.cbf,530,557,285,325,27,40,1080
cr1_1156p_00005.cbf,530,557,283,323,27,40,1080
cr1_1156p_00006.cbf,530,557,283,324,27,41,1107
cr1_1156p_00007.cbf,531,558,285,324,27,39,1053
cr1_1156p_00008.cbf,530,559,285,324,29,39,1131
cr1_1157p_00001.cbf,530,559,285,324,29,39,1131
cr1_1157p_00002.cbf,531,559,286,325,28,39,1092
cr1_1157p_00003.cbf,530,558,286,325,28,39,1092
cr1_1157p_00004.cbf,530,557,285,325,27,40,1080
cr1_1157p_00005.cbf,530,557,283,323,27,40,1080
cr1_1157p_00006.cbf,530,558,283,323,28,40,1120
cr1_1157p_00007.cbf,530,558,284,324,28,40,1120
cr1_1157p_00008.cbf,530,559,285,324,29,39,1131
cr1_1158p_00001.cbf,531,559,285,324,28,39,1092
cr1_1158p_00002.cbf,530,559,286,325,29,39,1131
cr1_1158p_00003.cbf,530,558,286,325,28,39,1092
cr1_1158p_00004.cbf,530,558,284,324,28,40,1120
cr1_1158p_00005.cbf,530,557,283,324,27,41,1107
cr1_1158p_00006.cbf,530,558,284,324,28,40,1120
cr1_1158p_00007.cbf,530,558,285,324,28,39,1092
cr1_1158p_00008.cbf,530,558,285,324,28,39,1092
cr1_1159p_00001.cbf,530,559,285,324,29,39,1131
cr1_1159p_00002.cbf,530,559,286,325,29,39,1131
cr1_1159p_00003.cbf,531,558,286,325,27,39,1053
cr1_1159p_00004.cbf,530,558,285,325,28,40,1120
cr1_1159p_00005.cbf,530,557,283,324,27,41,1107
cr1_1159p_00006.cbf,531,558,284,324,27,40,1080
cr1_1159p_00007.cbf,531,558,285,324,27,39,1053
cr1_1159p_00008.cbf,531,559,285,324,28,39,1092
cr1_1160p_00001.cbf,531,559,285,324,28,39,1092
cr1_1160p_00002.cbf,531,558,286,325,27,39,1053
cr1_1160p_00003.cbf,530,558,286,325,28,39,1092
cr1_1160p_00004.cbf,530,558,285,325,28,40,1120
cr1_1160p_00005.cbf,530,557,284,324,27,40,1080
cr1_1160p_00006.cbf,530,558,284,324,28,40,1120
cr1_1160p_00007.cbf,530,558,285,324,28,39,1092
cr1_1160p_00008.cbf,530,559,285,324,29,39,1131
cr1_1161p_00001.cbf,530,559,285,324,29,39,1131
cr1_1161p_00002.cbf,531,559,286,325,28,39,1092
cr1_1161p_00003.cbf,530,558,286,325,28,39,1092
cr1_1161p_00004.cbf,530,557,285,325,27,40,1080
cr1_1161p_00005.cbf,530,557,283,325,27,42,1134
cr1_1161p_00006.cbf,530,557,284,324,27,40,1080
cr1_1161p_00007.cbf,530,558,285,324,28,39,1092
cr1_1161p_00008.cbf,531,558,285,324,27,39,1053
cr1_1162p_00001.cbf,531,559,285,324,28,39,1092
cr1_1162p_00002.cbf,531,558,286,325,27,39,1053
cr1_1162p_00003.cbf,530,558,286,325,28,39,1092
cr1_1162p_00004.cbf,530,557,285,325,27,40,1080
cr1_1162p_00005.cbf,530,557,283,324,27,41,1107
cr1_1162p_00006.cbf,530,557,284,324,27,40,1080
cr1_1162p_00007.cbf,530,558,285,324,28,39,1092
cr1_1162p_00008.cbf,531,558,285,324,27,39,1053
cr1_1163p_00001.cbf,530,559,285,325,29,40,1160
cr1_1163p_00002.cbf,530,558,286,325,28,39,1092
cr1_1163p_00003.cbf,531,558,285,325,27,40,1080
cr1_1163p_00004.cbf,530,558,285,324,28,39,1092
cr1_1163p_00005.cbf,530,557,284,324,27,40,1080
cr1_1163p_00006.cbf,530,557,284,324,27,40,1080
cr1_1163p_00007.cbf,530,558,285,324,28,39,1092
cr1_1163p_00008.cbf,530,558,285,324,28,39,1092
cr1_1164p_00001.cbf,530,559,285,324,29,39,1131
cr1_1164p_00002.cbf,531,558,285,324,27,39,1053
cr1_1164p_00003.cbf,530,558,286,325,28,39,1092
cr1_1164p_00004.cbf,530,557,285,325,27,40,1080
cr1_1164p_00005.cbf,530,558,284,325,28,41,1148
cr1_1164p_00006.cbf,530,558,284,324,28,40,1120
cr1_1164p_00007.cbf,530,558,285,325,28,40,1120
cr1_1164p_00008.cbf,530,558,285,324,28,39,1092
cr1_1165p_00001.cbf,530,559,285,324,29,39,1131
cr1_1165p_00002.cbf,531,558,286,325,27,39,1053
cr1_1165p_00003.cbf,530,558,286,325,28,39,1092
cr1_1165p_00004.cbf,530,557,285,325,27,40,1080
cr1_1165p_00005.cbf,530,557,284,324,27,40,1080
cr1_1165p_00006.cbf,530,557,284,324,27,40,1080
cr1_1165p_00007.cbf,530,558,285,324,28,39,1092
cr1_1165p_00008.cbf,530,559,285,324,29,39,1131
cr1_1166p_00001.cbf,531,559,286,325,28,39,1092
cr1_1166p_00002.cbf,531,558,286,325,27,39,1053
cr1_1166p_00003.cbf,530,558,286,325,28,39,1092
cr1_1166p_00004.cbf,530,557,285,325,27,40,1080
cr1_1166p_00005.cbf,530,557,283,325,27,42,1134
cr1_1166p_00006.cbf,530,557,284,325,27,41,1107
cr1_1166p_00007.cbf,530,558,285,325,28,40,1120
cr1_1166p_00008.cbf,530,558,285,324,28,39,1092
cr1_1167p_00001.cbf,531,559,286,325,28,39,1092
cr1_1167p_00002.cbf,530,558,286,325,28,39,1092
cr1_1167p_00003.cbf,530,558,286,325,28,39,1092
cr1_1167p_00004.cbf,530,558,285,325,28,40,1120
cr1_1167p_00005.cbf,530,557,283,324,27,41,1107
cr1_1167p_00006.cbf,530,558,283,324,28,41,1148
cr1_1167p_00007.cbf,530,558,285,325,28,40,1120
cr1_1167p_00008.cbf,531,559,285,325,28,40,1120
cr1_1168p_00001.cbf,530,559,286,325,29,39,1131
cr1_1168p_00002.cbf,530,558,286,326,28,40,1120
cr1_1168p_00003.cbf,530,558,286,326,28,40,1120
cr1_1168p_00004.cbf,530,558,285,325,28,40,1120
cr1_1168p_00005.cbf,530,557,283,325,27,42,1134
cr1_1168p_00006.cbf,530,558,284,325,28,41,1148
cr1_1168p_00007.cbf,531,558,285,325,27,40,1080
cr1_1168p_00008.cbf,531,559,285,325,28,40,1120
cr1_1169p_00001.cbf,530,559,286,325,29,39,1131
cr1_1169p_00002.cbf,531,559,286,326,28,40,1120
cr1_1169p_00003.cbf,531,558,286,326,27,40,1080
cr1_1169p_00004.cbf,530,558,285,325,28,40,1120
cr1_1169p_00005.cbf,530,557,283,326,27,43,1161
cr1_1169p_00006.cbf,530,558,284,325,28,41,1148
cr1_1169p_00007.cbf,531,558,285,325,27,40,1080
cr1_1169p_00008.cbf,531,559,285,325,28,40,1120
cr1_1170p_00001.cbf,530,559,286,325,29,39,1131
cr1_1170p_00002.cbf,530,559,286,326,29,40,1160
cr1_1170p_00003.cbf,530,558,286,326,28,40,1120
cr1_1170p_00004.cbf,530,558,285,325,28,40,1120
cr1_1170p_00005.cbf,530,558,283,325,28,42,1176
cr1_1170p_00006.cbf,530,558,284,325,28,41,1148
cr1_1170p_00007.cbf,530,558,285,325,28,40,1120
cr1_1170p_00008.cbf,531,559,285,325,28,40,1120
cr1_1171p_00001.cbf,531,559,285,325,28,40,1120
cr1_1171p_00002.cbf,531,559,286,326,28,40,1120
cr1_1171p_00003.cbf,531,558,286,326,27,40,1080
cr1_1171p_00004.cbf,530,558,285,326,28,41,1148
cr1_1171p_00005.cbf,530,558,283,325,28,42,1176
cr1_1171p_00006.cbf,531,558,284,324,27,40,1080
cr1_1171p_00007.cbf,530,558,285,325,28,40,1120
cr1_1171p_00008.cbf,531,559,285,325,28,40,1120
cr1_1172p_00001.cbf,531,559,286,325,28,39,1092
cr1_1172p_00002.cbf,531,559,286,326,28,40,1120
cr1_1172p_00003.cbf,530,558,286,326,28,40,1120
cr1_1172p_00004.cbf,530,558,285,325,28,40,1120
cr1_1172p_00005.cbf,530,558,283,325,28,42,1176
cr1_1172p_00006.cbf,531,558,284,325,27,41,1107
cr1_1172p_00007.cbf,530,558,285,325,28,40,1120
cr1_1172p_00008.cbf,531,559,285,325,28,40,1120
cr1_1173p_00001.cbf,531,559,286,325,28,39,1092
cr1_1173p_00002.cbf,530,559,286,326,29,40,1160
cr1_1173p_00003.cbf,531,558,286,326,27,40,1080
cr1_1173p_00004.cbf,530,558,285,326,28,41,1148
cr1_1173p_00005.cbf,530,557,283,324,27,41,1107
cr1_1173p_00006.cbf,531,558,284,324,27,40,1080
cr1_1173p_00007.cbf,530,558,285,325,28,40,1120
cr1_1173p_00008.cbf,531,559,285,325,28,40,1120
cr1_1174p_00001.cbf,531,559,286,325,28,39,1092
cr1_1174p_00002.cbf,531,559,286,326,28,40,1120
cr1_1174p_00003.cbf,530,558,286,326,28,40,1120
cr1_1174p_00004.cbf,530,558,285,325,28,40,1120
cr1_1174p_00005.cbf,530,558,284,325,28,41,1148
cr1_1174p_00006.cbf,531,558,284,324,27,40,1080
cr1_1174p_00007.cbf,530,558,285,325,28,40,1120
cr1_1174p_00008.cbf,531,559,285,325,28,40,1120
cr1_1175p_00001.cbf,530,559,286,325,29,39,1131
cr1_1175p_00002.cbf,530,559,286,326,29,40,1160
cr1_1175p_00003.cbf,530,558,286,326,28,40,1120
cr1_1175p_00004.cbf,530,558,285,325,28,40,1120
cr1_1175p_00005.cbf,530,558,283,324,28,41,1148
cr1_1175p_00006.cbf,530,558,284,324,28,40,1120
cr1_1175p_00007.cbf,530,558,285,325,28,40,1120
cr1_1175p_00008.cbf,530,559,285,325,29,40,1160
cr1_1176p_00001.cbf,530,559,286,325,29,39,1131
cr1_1176p_00002.cbf,530,559,286,326,29,40,1160
cr1_1176p_00003.cbf,530,558,286,326,28,40,1120
cr1_1176p_00004.cbf,530,558,285,325,28,40,1120
cr1_1176p_00005.cbf,530,558,284,325,28,41,1148
cr1_1176p_00006.cbf,530,558,284,324,28,40,1120
cr1_1176p_00007.cbf,530,558,285,325,28,40,1120
cr1_1176p_00008.cbf,530,559,285,325,29,40,1160
cr1_1177p_00001.cbf,530,559,286,325,29,39,1131
cr1_1177p_00002.cbf,530,559,286,326,29,40,1160
cr1_1177p_00003.cbf,530,558,286,326,28,40,1120
cr1_1177p_00004.cbf,530,558,285,325,28,40,1120
cr1_1177p_00005.cbf,530,558,283,324,28,41,1148
cr1_1177p_00006.cbf,530,558,284,324,28,40,1120
cr1_1177p_00007.cbf,530,558,285,325,28,40,1120
cr1_1177p_00008.cbf,530,559,285,324,29,39,1131
cr1_1178p_00001.cbf,530,559,286,325,29,39,1131
cr1_1178p_00002.cbf,530,559,286,325,29,39,1131
cr1_1178p_00003.cbf,530,558,286,326,28,40,1120
cr1_1178p_00004.cbf,530,558,285,325,28,40,1120
cr1_1178p_00005.cbf,530,557,284,324,27,40,1080
cr1_1178p_00006.cbf,531,558,284,324,27,40,1080
cr1_1178p_00007.cbf,530,558,285,324,28,39,1092
cr1_1178p_00008.cbf,531,559,285,324,28,39,1092
cr1_1179p_00001.cbf,531,559,286,325,28,39,1092
cr1_1179p_00002.cbf,530,559,286,325,29,39,1131
cr1_1179p_00003.cbf,530,558,286,326,28,40,1120
cr1_1179p_00004.cbf,530,558,285,325,28,40,1120
cr1_1179p_00005.cbf,530,557,284,324,27,40,1080
cr1_1179p_00006.cbf,530,558,284,324,28,40,1120
cr1_1179p_00007.cbf,530,558,285,324,28,39,1092
cr1_1179p_00008.cbf,530,559,285,324,29,39,1131
cr1_1180p_00001.cbf,530,559,285,325,29,40,1160
cr1_1180p_00002.cbf,530,559,286,325,29,39,1131
cr1_1180p_00003.cbf,530,558,285,325,28,40,1120
cr1_1180p_00004.cbf,530,558,285,325,28,40,1120
cr1_1180p_00005.cbf,530,558,283,324,28,41,1148
cr1_1180p_00006.cbf,530,558,284,324,28,40,1120
cr1_1180p_00007.cbf,530,558,285,324,28,39,1092
cr1_1180p_00008.cbf,530,559,285,324,29,39,1131
cr1_1181p_00001.cbf,531,559,285,325,28,40,1120
cr1_1181p_00002.cbf,530,559,286,325,29,39,1131
cr1_1181p_00003.cbf,530,558,286,326,28,40,1120
cr1_1181p_00004.cbf,530,558,284,325,28,41,1148
cr1_1181p_00005.cbf,530,557,284,325,27,41,1107
cr1_1181p_00006.cbf,530,558,284,324,28,40,1120
cr1_1181p_00007.cbf,530,558,284,324,28,40,1120
cr1_1181p_00008.cbf,530,559,285,324,29,39,1131
cr1_1182p_00001.cbf,531,559,286,325,28,39,1092
cr1_1182p_00002.cbf,530,559,286,325,29,39,1131
cr1_1182p_00003.cbf,530,558,286,326,28,40,1120
cr1_1182p_00004.cbf,530,558,285,325,28,40,1120
cr1_1182p_00005.cbf,530,557,283,324,27,41,1107
cr1_1182p_00006.cbf,530,558,284,324,28,40,1120
cr1_1182p_00007.cbf,530,558,285,324,28,39,1092
cr1_1182p_00008.cbf,531,559,285,324,28,39,1092
cr1_1183p_00001.cbf,530,559,285,325,29,40,1160
cr1_1183p_00002.cbf,530,559,286,325,29,39,1131
cr1_1183p_00003.cbf,530,558,286,326,28,40,1120
cr1_1183p_00004.cbf,529,558,285,325,29,40,1160
cr1_1183p_00005.cbf,530,558,283,324,28,41,1148
cr1_1183p_00006.cbf,530,558,284,324,28,40,1120
cr1_1183p_00007.cbf,530,558,285,325,28,40,1120
cr1_1183p_00008.cbf,530,559,285,324,29,39,1131
cr1_1184p_00001.cbf,531,559,286,325,28,39,1092
cr1_1184p_00002.cbf,530,559,286,325,29,39,1131
cr1_1184p_00003.cbf,530,558,286,326,28,40,1120
cr1_1184p_00004.cbf,530,558,285,325,28,40,1120
cr1_1184p_00005.cbf,530,558,283,324,28,41,1148
cr1_1184p_00006.cbf,531,558,284,324,27,40,1080
cr1_1184p_00007.cbf,530,558,285,325,28,40,1120
cr1_1184p_00008.cbf,531,559,285,324,28,39,1092
cr1_1185p_00001.cbf,531,559,285,325,28,40,1120
cr1_1185p_00002.cbf,531,559,286,325,28,39,1092
cr1_1185p_00003.cbf,530,558,286,325,28,39,1092
cr1_1185p_00004.cbf,530,558,285,325,28,40,1120
cr1_1185p_00005.cbf,530,557,283,324,27,41,1107
cr1_1185p_00006.cbf,530,558,284,324,28,40,1120
cr1_1185p_00007.cbf,530,558,284,324,28,40,1120
cr1_1185p_00008.cbf,530,559,285,324,29,39,1131
cr1_1186p_00001.cbf,531,559,285,325,28,40,1120
cr1_1186p_00002.cbf,530,559,286,325,29,39,1131
cr1_1186p_00003.cbf,530,558,286,325,28,39,1092
cr1_1186p_00004.cbf,530,558,285,325,28,40,1120
cr1_1186p_00005.cbf,530,557,284,325,27,41,1107
cr1_1186p_00006.cbf,530,558,284,324,28,40,1120
cr1_1186p_00007.cbf,531,558,285,324,27,39,1053
cr1_1186p_00008.cbf,530,559,285,324,29,39,1131
cr1_1187p_00001.cbf,530,559,285,324,29,39,1131
cr1_1187p_00002.cbf,530,559,286,325,29,39,1131
cr1_1187p_00003.cbf,530,558,286,325,28,39,1092
cr1_1187p_00004.cbf,530,558,285,325,28,40,1120
cr1_1187p_00005.cbf,530,557,284,324,27,40,1080
cr1_1187p_00006.cbf,531,558,284,324,27,40,1080
cr1_1187p_00007.cbf,531,558,284,324,27,40,1080
cr1_1187p_00008.cbf,530,559,284,324,29,40,1160
cr1_1188p_00001.cbf,531,559,285,324,28,39,1092
cr1_1188p_00002.cbf,530,559,286,325,29,39,1131
cr1_1188p_00003.cbf,530,558,286,325,28,39,1092
cr1_1188p_00004.cbf,530,558,285,325,28,40,1120
cr1_1188p_00005.cbf,530,557,284,324,27,40,1080
cr1_1188p_00006.cbf,530,558,284,323,28,39,1092
cr1_1188p_00007.cbf,530,558,284,323,28,39,1092
cr1_1188p_00008.cbf,530,559,284,323,29,39,1131
cr1_1189p_00001.cbf,531,559,285,324,28,39,1092
cr1_1189p_00002.cbf,530,559,285,324,29,39,1131
cr1_1189p_00003.cbf,531,558,285,325,27,40,1080
cr1_1189p_00004.cbf,530,558,285,324,28,39,1092
cr1_1189p_00005.cbf,530,557,284,324,27,40,1080
cr1_1189p_00006.cbf,530,557,284,324,27,40,1080
cr1_1189p_00007.cbf,531,558,284,324,27,40,1080
cr1_1189p_00008.cbf,531,559,284,323,28,39,1092
cr1_1190p_00001.cbf,531,559,285,324,28,39,1092
cr1_1190p_00002.cbf,531,559,285,324,28,39,1092
cr1_1190p_00003.cbf,530,558,286,325,28,39,1092
cr1_1190p_00004.cbf,530,557,286,325,27,39,1053
cr1_1190p_00005.cbf,530,557,283,324,27,41,1107
cr1_1190p_00006.cbf,531,558,284,323,27,39,1053
cr1_1190p_00007.cbf,531,558,284,323,27,39,1053
cr1_1190p_00008.cbf,531,559,284,323,28,39,1092
cr1_1191p_00001.cbf,530,559,285,324,29,39,1131
cr1_1191p_00002.cbf,531,559,285,324,28,39,1092
cr1_1191p_00003.cbf,530,558,286,325,28,39,1092
cr1_1191p_00004.cbf,530,558,285,324,28,39,1092
cr1_1191p_00005.cbf,530,557,283,323,27,40,1080
cr1_1191p_00006.cbf,531,558,284,323,27,39,1053
cr1_1191p_00007.cbf,530,558,285,323,28,38,1064
cr1_1191p_00008.cbf,531,559,285,323,28,38,1064
cr1_1192p_00001.cbf,530,559,285,324,29,39,1131
cr1_1192p_00002.cbf,531,559,285,324,28,39,1092
cr1_1192p_00003.cbf,530,558,286,325,28,39,1092
cr1_1192p_00004.cbf,531,558,285,324,27,39,1053
cr1_1192p_00005.cbf,530,557,284,323,27,39,1053
cr1_1192p_00006.cbf,530,558,284,324,28,40,1120
cr1_1192p_00007.cbf,530,558,285,324,28,39,1092
cr1_1192p_00008.cbf,530,559,285,324,29,39,1131
cr1_1193p_00001.cbf,531,559,285,324,28,39,1092
cr1_1193p_00002.cbf,530,559,286,324,29,38,1102
cr1_1193p_00003.cbf,530,558,286,325,28,39,1092
cr1_1193p_00004.cbf,530,557,285,325,27,40,1080
cr1_1193p_00005.cbf,530,557,284,324,27,40,1080
cr1_1193p_00006.cbf,530,558,284,323,28,39,1092
cr1_1193p_00007.cbf,531,558,285,324,27,39,1053
cr1_1193p_00008.cbf,530,559,285,324,29,39,1131
cr1_1194p_00001.cbf,531,559,285,324,28,39,1092
cr1_1194p_00002.cbf,531,559,286,325,28,39,1092
cr1_1194p_00003.cbf,530,558,286,325,28,39,1092
cr1_1194p_00004.cbf,531,558,285,324,27,39,1053
cr1_1194p_00005.cbf,530,557,284,324,27,40,1080
cr1_1194p_00006.cbf,531,558,284,323,27,39,1053
cr1_1194p_00007.cbf,531,558,285,324,27,39,1053
cr1_1194p_00008.cbf,531,559,285,324,28,39,1092
cr1_1195p_00001.cbf,531,559,285,324,28,39,1092
cr1_1195p_00002.cbf,531,559,286,325,28,39,1092
cr1_1195p_00003.cbf,530,558,286,325,28,39,1092
cr1_1195p_00004.cbf,530,558,284,324,28,40,1120
cr1_1195p_00005.cbf,531,558,283,324,27,41,1107
cr1_1195p_00006.cbf,531,558,284,324,27,40,1080
cr1_1195p_00007.cbf,530,558,285,325,28,40,1120
cr1_1195p_00008.cbf,530,559,285,324,29,39,1131
cr1_1196p_00001.cbf,531,559,286,325,28,39,1092
cr1_1196p_00002.cbf,531,559,286,325,28,39,1092
cr1_1196p_00003.cbf,530,558,286,326,28,40,1120
cr1_1196p_00004.cbf,530,558,284,325,28,41,1148
cr1_1196p_00005.cbf,530,558,283,324,28,41,1148
cr1_1196p_00006.cbf,530,558,284,324,28,40,1120
cr1_1196p_00007.cbf,530,558,285,324,28,39,1092
cr1_1196p_00008.cbf,530,559,285,324,29,39,1131
cr1_1197p_00001.cbf,530,559,286,325,29,39,1131
cr1_1197p_00002.cbf,530,559,286,325,29,39,1131
cr1_1197p_00003.cbf,530,558,286,325,28,39,1092
cr1_1197p_00004.cbf,530,558,285,325,28,40,1120
cr1_1197p_00005.cbf,531,557,283,324,26,41,1066
cr1_1197p_00006.cbf,530,558,284,324,28,40,1120
cr1_1197p_00007.cbf,530,558,285,324,28,39,1092
cr1_1197p_00008.cbf,531,559,285,324,28,39,1092
cr1_1198p_00001.cbf,531,559,286,325,28,39,1092
cr1_1198p_00002.cbf,531,559,286,325,28,39,1092
cr1_1198p_00003.cbf,530,558,286,325,28,39,1092
cr1_1198p_00004.cbf,530,558,285,324,28,39,1092
cr1_1198p_00005.cbf,530,557,283,324,27,41,1107
cr1_1198p_00006.cbf,531,558,284,324,27,40,1080
cr1_1198p_00007.cbf,530,558,285,324,28,39,1092
cr1_1198p_00008.cbf,530,559,285,324,29,39,1131
cr1_1199p_00001.cbf,531,559,286,325,28,39,1092
cr1_1199p_00002.cbf,531,559,286,325,28,39,1092
cr1_1199p_00003.cbf,530,558,286,325,28,39,1092
cr1_1199p_00004.cbf,530,558,285,325,28,40,1120
cr1_1199p_00005.cbf,530,557,284,324,27,40,1080
cr1_1199p_00006.cbf,530,558,284,324,28,40,1120
cr1_1199p_00007.cbf,530,558,285,324,28,39,1092
cr1_1199p_00008.cbf,531,559,285,324,28,39,1092
cr1_1200p_00001.cbf,531,559,285,325,28,40,1120
cr1_1200p_00002.cbf,530,559,286,325,29,39,1131
cr1_1200p_00003.cbf,530,558,286,325,28,39,1092
cr1_1200p_00004.cbf,530,557,285,325,27,40,1080
cr1_1200p_00005.cbf,530,557,283,324,27,41,1107
cr1_1200p_00006.cbf,530,557,284,324,27,40,1080
cr1_1200p_00007.cbf,531,558,285,324,27,39,1053
cr1_1200p_00008.cbf,530,559,285,324,29,39,1131
cr1_1201p_00001.cbf,531,559,286,324,28,38,1064
cr1_1201p_00002.cbf,531,559,286,325,28,39,1092
cr1_1201p_00003.cbf,531,558,286,325,27,39,1053
cr1_1201p_00004.cbf,530,558,285,324,28,39,1092
cr1_1201p_00005.cbf,530,557,284,324,27,40,1080
cr1_1201p_00006.cbf,530,558,284,324,28,40,1120
cr1_1201p_00007.cbf,530,558,285,324,28,39,1092
cr1_1201p_00008.cbf,531,559,285,324,28,39,1092
cr1_1202p_00001.cbf,530,559,286,324,29,38,1102
cr1_1202p_00002.cbf,531,559,286,325,28,39,1092
cr1_1202p_00003.cbf,530,558,286,325,28,39,1092
cr1_1202p_00004.cbf,530,557,285,324,27,39,1053
cr1_1202p_00005.cbf,530,557,284,324,27,40,1080
cr1_1202p_00006.cbf,530,558,284,323,28,39,1092
cr1_1202p_00007.cbf,530,558,284,324,28,40,1120
cr1_1202p_00008.cbf,531,559,285,324,28,39,1092
cr1_1203p_00001.cbf,531,559,285,324,28,39,1092
cr1_1203p_00002.cbf,531,559,286,325,28,39,1092
cr1_1203p_00003.cbf,530,558,286,325,28,39,1092
cr1_1203p_00004.cbf,530,557,285,325,27,40,1080
cr1_1203p_00005.cbf,530,557,283,323,27,40,1080
cr1_1203p_00006.cbf,530,558,284,323,28,39,1092
cr1_1203p_00007.cbf,531,558,285,324,27,39,1053
cr1_1203p_00008.cbf,531,559,285,324,28,39,1092
cr1_1204p_00001.cbf,530,559,286,324,29,38,1102
cr1_1204p_00002.cbf,531,559,286,325,28,39,1092
cr1_1204p_00003.cbf,530,558,286,325,28,39,1092
cr1_1204p_00004.cbf,530,557,285,324,27,39,1053
cr1_1204p_00005.cbf,530,557,283,324,27,41,1107
cr1_1204p_00006.cbf,530,557,284,323,27,39,1053
cr1_1204p_00007.cbf,531,558,285,324,27,39,1053
cr1_1204p_00008.cbf,531,559,285,324,28,39,1092
cr1_1205p_00001.cbf,531,559,286,324,28,38,1064
cr1_1205p_00002.cbf,530,559,286,325,29,39,1131
cr1_1205p_00003.cbf,530,558,286,325,28,39,1092
cr1_1205p_00004.cbf,530,558,285,324,28,39,1092
cr1_1205p_00005.cbf,531,557,282,323,26,41,1066
cr1_1205p_00006.cbf,531,558,283,323,27,40,1080
cr1_1205p_00007.cbf,530,558,285,324,28,39,1092
cr1_1205p_00008.cbf,531,559,285,324,28,39,1092
cr1_1206p_00001.cbf,531,559,286,324,28,38,1064
cr1_1206p_00002.cbf,531,559,286,325,28,39,1092
cr1_1206p_00003.cbf,531,558,286,325,27,39,1053
cr1_1206p_00004.cbf,530,558,285,325,28,40,1120
cr1_1206p_00005.cbf,530,557,283,324,27,41,1107
cr1_1206p_00006.cbf,530,558,284,324,28,40,1120
cr1_1206p_00007.cbf,530,558,285,324,28,39,1092
cr1_1206p_00008.cbf,531,559,285,324,28,39,1092
cr1_1207p_00001.cbf,531,559,286,325,28,39,1092
cr1_1207p_00002.cbf,531,559,286,325,28,39,1092
cr1_1207p_00003.cbf,531,558,286,325,27,39,1053
cr1_1207p_00004.cbf,530,558,285,325,28,40,1120
cr1_1207p_00005.cbf,530,557,284,324,27,40,1080
cr1_1207p_00006.cbf,530,558,284,323,28,39,1092
cr1_1207p_00007.cbf,531,558,285,324,27,39,1053
cr1_1207p_00008.cbf,531,559,285,324,28,39,1092
cr1_1208p_00001.cbf,531,559,286,325,28,39,1092
cr1_1208p_00002.cbf,530,559,286,325,29,39,1131
cr1_1208p_00003.cbf,530,558,286,325,28,39,1092
cr1_1208p_00004.cbf,530,558,285,325,28,40,1120
cr1_1208p_00005.cbf,530,558,283,324,28,41,1148
cr1_1208p_00006.cbf,530,558,283,323,28,40,1120
cr1_1208p_00007.cbf,530,558,285,324,28,39,1092
cr1_1208p_00008.cbf,530,559,285,324,29,39,1131
cr1_1209p_00001.cbf,530,559,285,325,29,40,1160
cr1_1209p_00002.cbf,531,559,286,325,28,39,1092
cr1_1209p_00003.cbf,530,558,286,325,28,39,1092
cr1_1209p_00004.cbf,530,558,285,325,28,40,1120
cr1_1209p_00005.cbf,531,558,283,324,27,41,1107
cr1_1209p_00006.cbf,530,558,284,324,28,40,1120
cr1_1209p_00007.cbf,530,558,285,324,28,39,1092
cr1_1209p_00008.cbf,530,559,285,324,29,39,1131
cr1_1210p_00001.cbf,530,559,286,325,29,39,1131
cr1_1210p_00002.cbf,530,559,286,325,29,39,1131
cr1_1210p_00003.cbf,530,558,285,325,28,40,1120
cr1_1210p_00004.cbf,530,558,284,325,28,41,1148
cr1_1210p_00005.cbf,530,557,283,324,27,41,1107
cr1_1210p_00006.cbf,530,558,284,324,28,40,1120
cr1_1210p_00007.cbf,530,558,285,325,28,40,1120
cr1_1210p_00008.cbf,530,559,285,324,29,39,1131
cr1_1211p_00001.cbf,530,559,286,325,29,39,1131
cr1_1211p_00002.cbf,530,559,286,325,29,39,1131
cr1_1211p_00003.cbf,530,558,286,325,28,39,1092
cr1_1211p_00004.cbf,530,558,285,325,28,40,1120
cr1_1211p_00005.cbf,530,558,283,324,28,41,1148
cr1_1211p_00006.cbf,530,558,284,324,28,40,1120
cr1_1211p_00007.cbf,530,558,285,325,28,40,1120
cr1_1211p_00008.cbf,531,559,285,324,28,39,1092
cr1_1212p_00001.cbf,530,559,286,325,29,39,1131
cr1_1212p_00002.cbf,530,559,286,325,29,39,1131
cr1_1212p_00003.cbf,530,558,286,325,28,39,1092
cr1_1212p_00004.cbf,530,558,285,325,28,40,1120
cr1_1212p_00005.cbf,531,558,283,324,27,41,1107
cr1_1212p_00006.cbf,530,558,283,324,28,41,1148
cr1_1212p_00007.cbf,530,558,285,325,28,40,1120
cr1_1212p_00008.cbf,531,559,285,324,28,39,1092
cr1_1213p_00001.cbf,531,559,286,325,28,39,1092
cr1_1213p_00002.cbf,530,559,286,325,29,39,1131
cr1_1213p_00003.cbf,530,558,286,326,28,40,1120
cr1_1213p_00004.cbf,530,558,284,325,28,41,1148
cr1_1213p_00005.cbf,530,558,283,324,28,41,1148
cr1_1213p_00006.cbf,530,558,284,324,28,40,1120
cr1_1213p_00007.cbf,530,558,285,325,28,40,1120
cr1_1213p_00008.cbf,530,559,285,324,29,39,1131
cr1_1214p_00001.cbf,530,559,286,325,29,39,1131
cr1_1214p_00002.cbf,531,559,286,325,28,39,1092
cr1_1214p_00003.cbf,530,558,286,326,28,40,1120
cr1_1214p_00004.cbf,530,558,285,325,28,40,1120
cr1_1214p_00005.cbf,530,558,284,324,28,40,1120
cr1_1214p_00006.cbf,530,558,284,324,28,40,1120
cr1_1214p_00007.cbf,530,558,285,324,28,39,1092
cr1_1214p_00008.cbf,530,559,285,324,29,39,1131
cr1_1215p_00001.cbf,530,559,286,325,29,39,1131
cr1_1215p_00002.cbf,530,559,286,325,29,39,1131
cr1_1215p_00003.cbf,530,558,286,325,28,39,1092
cr1_1215p_00004.cbf,530,558,285,325,28,40,1120
cr1_1215p_00005.cbf,530,557,284,324,27,40,1080
cr1_1215p_00006.cbf,530,558,284,323,28,39,1092
cr1_1215p_00007.cbf,530,558,285,324,28,39,1092
cr1_1215p_00008.cbf,531,559,285,324,28,39,1092
cr1_1216p_00001.cbf,530,559,285,324,29,39,1131
cr1_1216p_00002.cbf,530,559,286,325,29,39,1131
cr1_1216p_00003.cbf,530,558,286,325,28,39,1092
cr1_1216p_00004.cbf,530,558,285,325,28,40,1120
cr1_1216p_00005.cbf,530,557,284,324,27,40,1080
cr1_1216p_00006.cbf,530,558,284,324,28,40,1120
cr1_1216p_00007.cbf,530,558,285,324,28,39,1092
cr1_1216p_00008.cbf,530,559,285,324,29,39,1131
cr1_1217p_00001.cbf,530,559,285,325,29,40,1160
cr1_1217p_00002.cbf,530,559,286,325,29,39,1131
cr1_1217p_00003.cbf,530,558,286,326,28,40,1120
cr1_1217p_00004.cbf,530,558,284,325,28,41,1148
cr1_1217p_00005.cbf,531,558,283,324,27,41,1107
cr1_1217p_00006.cbf,530,558,284,324,28,40,1120
cr1_1217p_00007.cbf,530,558,285,324,28,39,1092
cr1_1217p_00008.cbf,530,559,285,324,29,39,1131
cr1_1218p_00001.cbf,530,559,286,325,29,39,1131
cr1_1218p_00002.cbf,530,559,286,325,29,39,1131
cr1_1218p_00003.cbf,530,558,286,325,28,39,1092
cr1_1218p_00004.cbf,530,558,284,325,28,41,1148
cr1_1218p_00005.cbf,530,558,283,324,28,41,1148
cr1_1218p_00006.cbf,530,558,283,324,28,41,1148
cr1_1218p_00007.cbf,530,558,285,324,28,39,1092
cr1_1218p_00008.cbf,530,559,285,324,29,39,1131
cr1_1219p_00001.cbf,531,559,286,325,28,39,1092
cr1_1219p_00002.cbf,530,559,286,325,29,39,1131
cr1_1219p_00003.cbf,530,558,286,325,28,39,1092
cr1_1219p_00004.cbf,530,558,284,325,28,41,1148
cr1_1219p_00005.cbf,530,558,283,324,28,41,1148
cr1_1219p_00006.cbf,531,558,284,324,27,40,1080
cr1_1219p_00007.cbf,530,558,285,325,28,40,1120
cr1_1219p_00008.cbf,531,559,285,324,28,39,1092
cr1_1220p_00001.cbf,530,559,286,325,29,39,1131
cr1_1220p_00002.cbf,530,559,286,325,29,39,1131
cr1_1220p_00003.cbf,530,558,285,325,28,40,1120
cr1_1220p_00004.cbf,530,558,284,325,28,41,1148
cr1_1220p_00005.cbf,530,558,283,325,28,42,1176
cr1_1220p_00006.cbf,531,558,283,324,27,41,1107
cr1_1220p_00007.cbf,530,558,285,325,28,40,1120
cr1_1220p_00008.cbf,530,559,285,325,29,40,1160
cr1_1221p_00001.cbf,530,559,286,325,29,39,1131
cr1_1221p_00002.cbf,530,559,286,326,29,40,1160
cr1_1221p_00003.cbf,530,558,286,326,28,40,1120
cr1_1221p_00004.cbf,530,558,284,326,28,42,1176
cr1_1221p_00005.cbf,531,558,283,324,27,41,1107
cr1_1221p_00006.cbf,531,558,283,324,27,41,1107
cr1_1221p_00007.cbf,530,558,285,325,28,40,1120
cr1_1221p_00008.cbf,531,559,285,324,28,39,1092
cr1_1222p_00001.cbf,530,559,286,325,29,39,1131
cr1_1222p_00002.cbf,530,559,286,325,29,39,1131
cr1_1222p_00003.cbf,530,558,286,326,28,40,1120
cr1_1222p_00004.cbf,530,558,285,326,28,41,1148
cr1_1222p_00005.cbf,530,558,283,324,28,41,1148
cr1_1222p_00006.cbf,530,558,284,324,28,40,1120
cr1_1222p_00007.cbf,531,558,285,325,27,40,1080
cr1_1222p_00008.cbf,531,559,285,324,28,39,1092
cr1_1223p_00001.cbf,530,559,285,325,29,40,1160
cr1_1223p_00002.cbf,530,559,286,325,29,39,1131
cr1_1223p_00003.cbf,530,558,286,326,28,40,1120
cr1_1223p_00004.cbf,530,558,284,325,28,41,1148
cr1_1223p_00005.cbf,530,558,283,324,28,41,1148
cr1_1223p_00006.cbf,530,558,284,324,28,40,1120
cr1_1223p_00007.cbf,530,558,285,325,28,40,1120
cr1_1223p_00008.cbf,531,559,285,324,28,39,1092
cr1_1224p_00001.cbf,530,559,286,325,29,39,1131
cr1_1224p_00002.cbf,530,559,286,325,29,39,1131
cr1_1224p_00003.cbf,530,558,286,326,28,40,1120
cr1_1224p_00004.cbf,530,558,284,325,28,41,1148
cr1_1224p_00005.cbf,530,558,283,324,28,41,1148
cr1_1224p_00006.cbf,531,558,283,324,27,41,1107
cr1_1224p_00007.cbf,530,558,285,324,28,39,1092
cr1_1224p_00008.cbf,530,559,285,324,29,39,1131
cr1_1225p_00001.cbf,531,559,286,325,28,39,1092
cr1_1225p_00002.cbf,531,559,286,325,28,39,1092
cr1_1225p_00003.cbf,530,558,286,326,28,40,1120
cr1_1225p_00004.cbf,530,558,284,325,28,41,1148
cr1_1225p_00005.cbf,530,558,284,324,28,40,1120
cr1_1225p_00006.cbf,530,558,284,324,28,40,1120
cr1_1225p_00007.cbf,531,558,285,325,27,40,1080
cr1_1225p_00008.cbf,531,559,285,324,28,39,1092
cr1_1226p_00001.cbf,531,559,285,325,28,40,1120
cr1_1226p_00002.cbf,530,559,286,325,29,39,1131
cr1_1226p_00003.cbf,530,558,286,326,28,40,1120
cr1_1226p_00004.cbf,530,558,284,325,28,41,1148
cr1_1226p_00005.cbf,530,558,283,323,28,40,1120
cr1_1226p_00006.cbf,531,558,284,324,27,40,1080
cr1_1226p_00007.cbf,530,558,285,325,28,40,1120
cr1_1226p_00008.cbf,530,559,285,324,29,39,1131
cr1_1227p_00001.cbf,530,559,285,325,29,40,1160
cr1_1227p_00002.cbf,531,559,286,325,28,39,1092
cr1_1227p_00003.cbf,530,558,286,325,28,39,1092
cr1_1227p_00004.cbf,530,558,284,325,28,41,1148
cr1_1227p_00005.cbf,530,558,283,324,28,41,1148
cr1_1227p_00006.cbf,530,558,284,324,28,40,1120
cr1_1227p_00007.cbf,530,558,285,325,28,40,1120
cr1_1227p_00008.cbf,530,559,285,324,29,39,1131
cr1_1228p_00001.cbf,530,559,285,325,29,40,1160
cr1_1228p_00002.cbf,530,559,286,325,29,39,1131
cr1_1228p_00003.cbf,530,558,286,326,28,40,1120
cr1_1228p_00004.cbf,530,558,285,325,28,40,1120
cr1_1228p_00005.cbf,530,558,284,324,28,40,1120
cr1_1228p_00006.cbf,531,558,284,324,27,40,1080
cr1_1228p_00007.cbf,531,558,285,325,27,40,1080
cr1_1228p_00008.cbf,531,559,285,324,28,39,1092
cr1_1229p_00001.cbf,531,559,286,325,28,39,1092
cr1_1229p_00002.cbf,530,559,286,325,29,39,1131
cr1_1229p_00003.cbf,530,558,286,326,28,40,1120
cr1_1229p_00004.cbf,530,558,285,325,28,40,1120
cr1_1229p_00005.cbf,530,558,284,324,28,40,1120
cr1_1229p_00006.cbf,530,558,284,324,28,40,1120
cr1_1229p_00007.cbf,530,558,285,325,28,40,1120
cr1_1229p_00008.cbf,531,559,285,324,28,39,1092
cr1_1230p_00001.cbf,530,559,286,325,29,39,1131
cr1_1230p_00002.cbf,530,559,286,325,29,39,1131
cr1_1230p_00003.cbf,530,558,286,326,28,40,1120
cr1_1230p_00004.cbf,530,558,285,325,28,40,1120
cr1_1230p_00005.cbf,530,558,284,324,28,40,1120
cr1_1230p_00006.cbf,530,558,284,324,28,40,1120
cr1_1230p_00007.cbf,531,558,285,325,27,40,1080
cr1_1230p_00008.cbf,530,559,285,325,29,40,1160
cr1_1231p_00001.cbf,531,559,285,325,28,40,1120
cr1_1231p_00002.cbf,530,559,286,325,29,39,1131
cr1_1231p_00003.cbf,531,558,286,326,27,40,1080
cr1_1231p_00004.cbf,531,558,285,325,27,40,1080
cr1_1231p_00005.cbf,530,558,284,325,28,41,1148
cr1_1231p_00006.cbf,530,558,284,324,28,40,1120
cr1_1231p_00007.cbf,530,558,285,324,28,39,1092
cr1_1231p_00008.cbf,531,559,285,324,28,39,1092
cr1_1232p_00001.cbf,530,559,286,325,29,39,1131
cr1_1232p_00002.cbf,531,559,286,325,28,39,1092
cr1_1232p_00003.cbf,530,558,286,326,28,40,1120
cr1_1232p_00004.cbf,530,558,285,325,28,40,1120
cr1_1232p_00005.cbf,530,558,283,324,28,41,1148
cr1_1232p_00006.cbf,531,558,284,324,27,40,1080
cr1_1232p_00007.cbf,531,558,285,324,27,39,1053
cr1_1232p_00008.cbf,530,559,285,324,29,39,1131
cr1_1233p_00001.cbf,530,559,286,325,29,39,1131
cr1_1233p_00002.cbf,530,559,286,325,29,39,1131
cr1_1233p_00003.cbf,530,558,286,326,28,40,1120
cr1_1233p_00004.cbf,530,558,285,325,28,40,1120
cr1_1233p_00005.cbf,530,558,284,324,28,40,1120
cr1_1233p_00006.cbf,531,558,284,324,27,40,1080
cr1_1233p_00007.cbf,530,558,285,325,28,40,1120
cr1_1233p_00008.cbf,531,559,285,325,28,40,1120
cr1_1234p_00001.cbf,531,559,286,325,28,39,1092
cr1_1234p_00002.cbf,531,559,286,325,28,39,1092
cr1_1234p_00003.cbf,531,558,286,326,27,40,1080
cr1_1234p_00004.cbf,531,558,285,326,27,41,1107
cr1_1234p_00005.cbf,530,558,283,325,28,42,1176
cr1_1234p_00006.cbf,531,558,284,324,27,40,1080
cr1_1234p_00007.cbf,530,558,285,325,28,40,1120
cr1_1234p_00008.cbf,531,559,285,325,28,40,1120
cr1_1235p_00001.cbf,531,559,286,325,28,39,1092
cr1_1235p_00002.cbf,531,559,286,326,28,40,1120
cr1_1235p_00003.cbf,531,558,286,326,27,40,1080
cr1_1235p_00004.cbf,530,558,285,325,28,40,1120
cr1_1235p_00005.cbf,530,558,283,325,28,42,1176
cr1_1235p_00006.cbf,531,558,284,324,27,40,1080
cr1_1235p_00007.cbf,530,558,285,325,28,40,1120
cr1_1235p_00008.cbf,531,559,285,325,28,40,1120
cr1_1236p_00001.cbf,531,559,285,325,28,40,1120
cr1_1236p_00002.cbf,531,559,286,325,28,39,1092
cr1_1236p_00003.cbf,530,558,286,326,28,40,1120
cr1_1236p_00004.cbf,530,558,285,325,28,40,1120
cr1_1236p_00005.cbf,530,558,283,324,28,41,1148
cr1_1236p_00006.cbf,531,558,284,324,27,40,1080
cr1_1236p_00007.cbf,531,558,285,324,27,39,1053
cr1_1236p_00008.cbf,531,559,285,324,28,39,1092
cr1_1237p_00001.cbf,530,559,286,325,29,39,1131
cr1_1237p_00002.cbf,530,559,286,325,29,39,1131
cr1_1237p_00003.cbf,530,558,286,326,28,40,1120
cr1_1237p_00004.cbf,530,558,285,325,28,40,1120
cr1_1237p_00005.cbf,530,558,282,324,28,42,1176
cr1_1237p_00006.cbf,531,558,283,324,27,41,1107
cr1_1237p_00007.cbf,530,558,285,324,28,39,1092
cr1_1237p_00008.cbf,531,559,285,324,28,39,1092
cr1_1238p_00001.cbf,531,559,286,325,28,39,1092
cr1_1238p_00002.cbf,531,559,286,325,28,39,1092
cr1_1238p_00003.cbf,531,558,286,325,27,39,1053
cr1_1238p_00004.cbf,531,558,285,325,27,40,1080
cr1_1238p_00005.cbf,531,558,283,324,27,41,1107
cr1_1238p_00006.cbf,531,558,284,324,27,40,1080
cr1_1238p_00007.cbf,530,558,285,325,28,40,1120
cr1_1238p_00008.cbf,531,559,285,325,28,40,1120
cr1_1239p_00001.cbf,531,559,285,325,28,40,1120
cr1_1239p_00002.cbf,531,558,286,326,27,40,1080
cr1_1239p_00003.cbf,531,558,286,326,27,40,1080
cr1_1239p_00004.cbf,530,558,285,325,28,40,1120
cr1_1239p_00005.cbf,530,558,284,325,28,41,1148
cr1_1239p_00006.cbf,531,558,284,324,27,40,1080
cr1_1239p_00007.cbf,530,559,285,324,29,39,1131
cr1_1239p_00008.cbf,531,559,285,324,28,39,1092
cr1_1240p_00001.cbf,530,559,286,325,29,39,1131
cr1_1240p_00002.cbf,531,559,286,325,28,39,1092
cr1_1240p_00003.cbf,531,558,286,326,27,40,1080
cr1_1240p_00004.cbf,530,558,285,325,28,40,1120
cr1_1240p_00005.cbf,531,558,284,324,27,40,1080
cr1_1240p_00006.cbf,531,558,284,324,27,40,1080
cr1_1240p_00007.cbf,530,558,285,325,28,40,1120
cr1_1240p_00008.cbf,530,559,285,324,29,39,1131
cr1_1241p_00001.cbf,530,559,286,325,29,39,1131
cr1_1241p_00002.cbf,530,559,286,325,29,39,1131
cr1_1241p_00003.cbf,530,558,286,326,28,40,1120
cr1_1241p_00004.cbf,530,558,285,325,28,40,1120
cr1_1241p_00005.cbf,530,558,284,324,28,40,1120
cr1_1241p_00006.cbf,530,558,284,324,28,40,1120
cr1_1241p_00007.cbf,530,558,285,325,28,40,1120
cr1_1241p_00008.cbf,530,559,285,325,29,40,1160
cr1_1242p_00001.cbf,531,559,286,325,28,39,1092
cr1_1242p_00002.cbf,531,559,286,325,28,39,1092
cr1_1242p_00003.cbf,530,558,286,326,28,40,1120
cr1_1242p_00004.cbf,530,558,284,325,28,41,1148
cr1_1242p_00005.cbf,530,558,283,324,28,41,1148
cr1_1242p_00006.cbf,530,558,284,324,28,40,1120
cr1_1242p_00007.cbf,530,558,285,325,28,40,1120
cr1_1242p_00008.cbf,530,559,285,325,29,40,1160
cr1_1243p_00001.cbf,530,559,285,325,29,40,1160
cr1_1243p_00002.cbf,531,559,286,325,28,39,1092
cr1_1243p_00003.cbf,530,558,286,326,28,40,1120
cr1_1243p_00004.cbf,530,558,285,325,28,40,1120
cr1_1243p_00005.cbf,530,558,283,324,28,41,1148
cr1_1243p_00006.cbf,530,558,284,324,28,40,1120
cr1_1243p_00007.cbf,530,558,285,324,28,39,1092
cr1_1243p_00008.cbf,531,559,285,324,28,39,1092
cr1_1244p_00001.cbf,530,559,285,325,29,40,1160
cr1_1244p_00002.cbf,530,559,286,325,29,39,1131
cr1_1244p_00003.cbf,530,558,286,326,28,40,1120
cr1_1244p_00004.cbf,530,558,285,325,28,40,1120
cr1_1244p_00005.cbf,530,558,283,324,28,41,1148
cr1_1244p_00006.cbf,530,558,284,324,28,40,1120
cr1_1244p_00007.cbf,530,558,285,325,28,40,1120
cr1_1244p_00008.cbf,530,559,285,325,29,40,1160
cr1_1245p_00001.cbf,531,559,285,325,28,40,1120
cr1_1245p_00002.cbf,530,559,286,326,29,40,1160
cr1_1245p_00003.cbf,530,558,286,326,28,40,1120
cr1_1245p_00004.cbf,530,558,285,325,28,40,1120
cr1_1245p_00005.cbf,530,558,284,324,28,40,1120
cr1_1245p_00006.cbf,530,558,284,324,28,40,1120
cr1_1245p_00007.cbf,530,558,285,325,28,40,1120
cr1_1245p_00008.cbf,530,559,285,325,29,40,1160
cr1_1246p_00001.cbf,531,559,286,325,28,39,1092
cr1_1246p_00002.cbf,530,559,286,326,29,40,1160
cr1_1246p_00003.cbf,530,558,286,326,28,40,1120
cr1_1246p_00004.cbf,530,558,285,325,28,40,1120
cr1_1246p_00005.cbf,530,558,284,324,28,40,1120
cr1_1246p_00006.cbf,530,558,284,324,28,40,1120
cr1_1246p_00007.cbf,530,558,285,324,28,39,1092
cr1_1246p_00008.cbf,531,559,285,324,28,39,1092
cr1_1247p_00001.cbf,530,559,286,325,29,39,1131
cr1_1247p_00002.cbf,530,559,286,325,29,39,1131
cr1_1247p_00003.cbf,530,558,286,326,28,40,1120
cr1_1247p_00004.cbf,530,558,285,325,28,40,1120
cr1_1247p_00005.cbf,530,558,284,324,28,40,1120
cr1_1247p_00006.cbf,531,558,284,324,27,40,1080
cr1_1247p_00007.cbf,530,558,285,324,28,39,1092
cr1_1247p_00008.cbf,530,559,285,324,29,39,1131
cr1_1248p_00001.cbf,531,559,286,325,28,39,1092
cr1_1248p_00002.cbf,531,559,286,325,28,39,1092
cr1_1248p_00003.cbf,530,558,286,326,28,40,1120
cr1_1248p_00004.cbf,530,558,285,325,28,40,1120
cr1_1248p_00005.cbf,530,558,284,324,28,40,1120
cr1_1248p_00006.cbf,530,558,284,324,28,40,1120
cr1_1248p_00007.cbf,530,558,285,325,28,40,1120
cr1_1248p_00008.cbf,530,559,285,325,29,40,1160
cr1_1249p_00001.cbf,531,559,286,325,28,39,1092
cr1_1249p_00002.cbf,531,559,286,326,28,40,1120
cr1_1249p_00003.cbf,530,558,286,326,28,40,1120
cr1_1249p_00004.cbf,530,558,285,325,28,40,1120
cr1_1249p_00005.cbf,530,558,284,324,28,40,1120
cr1_1249p_00006.cbf,530,558,284,324,28,40,1120
cr1_1249p_00007.cbf,530,558,285,325,28,40,1120
cr1_1249p_00008.cbf,531,559,285,324,28,39,1092
cr1_1250p_00001.cbf,531,559,286,325,28,39,1092
cr1_1250p_00002.cbf,530,559,286,325,29,39,1131
cr1_1250p_00003.cbf,530,558,286,326,28,40,1120
cr1_1250p_00004.cbf,530,558,285,325,28,40,1120
cr1_1250p_00005.cbf,530,558,283,324,28,41,1148
cr1_1250p_00006.cbf,530,558,284,324,28,40,1120
cr1_1250p_00007.cbf,530,558,285,325,28,40,1120
cr1_1250p_00008.cbf,530,559,285,325,29,40,1160
cr1_1251p_00001.cbf,530,559,286,325,29,39,1131
cr1_1251p_00002.cbf,531,559,286,326,28,40,1120
cr1_1251p_00003.cbf,530,558,286,326,28,40,1120
cr1_1251p_00004.cbf,530,558,285,325,28,40,1120
cr1_1251p_00005.cbf,531,558,284,324,27,40,1080
cr1_1251p_00006.cbf,530,558,284,324,28,40,1120
cr1_1251p_00007.cbf,531,558,285,325,27,40,1080
cr1_1251p_00008.cbf,531,559,285,325,28,40,1120
cr1_1252p_00001.cbf,530,559,286,325,29,39,1131
cr1_1252p_00002.cbf,530,558,286,326,28,40,1120
cr1_1252p_00003.cbf,530,558,286,326,28,40,1120
cr1_1252p_00004.cbf,530,558,285,325,28,40,1120
cr1_1252p_00005.cbf,531,558,283,324,27,41,1107
cr1_1252p_00006.cbf,530,558,284,325,28,41,1148
cr1_1252p_00007.cbf,530,558,285,325,28,40,1120
cr1_1252p_00008.cbf,531,559,285,325,28,40,1120
cr1_1253p_00001.cbf,531,559,286,325,28,39,1092
cr1_1253p_00002.cbf,530,558,286,326,28,40,1120
cr1_1253p_00003.cbf,530,558,286,326,28,40,1120
cr1_1253p_00004.cbf,530,558,285,325,28,40,1120
cr1_1253p_00005.cbf,530,558,284,325,28,41,1148
cr1_1253p_00006.cbf,530,558,284,325,28,41,1148
cr1_1253p_00007.cbf,530,558,285,325,28,40,1120
cr1_1253p_00008.cbf,530,559,285,325,29,40,1160
cr1_1254p_00001.cbf,531,559,286,325,28,39,1092
cr1_1254p_00002.cbf,530,559,286,326,29,40,1160
cr1_1254p_00003.cbf,530,558,286,326,28,40,1120
cr1_1254p_00004.cbf,530,558,285,325,28,40,1120
cr1_1254p_00005.cbf,531,558,283,324,27,41,1107
cr1_1254p_00006.cbf,531,558,284,325,27,41,1107
cr1_1254p_00007.cbf,530,558,285,325,28,40,1120
cr1_1254p_00008.cbf,530,559,286,325,29,39,1131
cr1_1255p_00001.cbf,531,559,286,326,28,40,1120
cr1_1255p_00002.cbf,530,558,286,326,28,40,1120
cr1_1255p_00003.cbf,530,558,286,326,28,40,1120
cr1_1255p_00004.cbf,531,558,285,325,27,40,1080
cr1_1255p_00005.cbf,530,558,284,324,28,40,1120
cr1_1255p_00006.cbf,530,558,284,325,28,41,1148
cr1_1255p_00007.cbf,530,558,285,325,28,40,1120
cr1_1255p_00008.cbf,530,559,285,325,29,40,1160
cr1_1256p_00001.cbf,530,559,286,325,29,39,1131
cr1_1256p_00002.cbf,530,559,287,326,29,39,1131
cr1_1256p_00003.cbf,530,558,286,326,28,40,1120
cr1_1256p_00004.cbf,530,558,285,325,28,40,1120
cr1_1256p_00005.cbf,530,558,283,324,28,41,1148
cr1_1256p_00006.cbf,530,558,284,324,28,40,1120
cr1_1256p_00007.cbf,531,558,285,325,27,40,1080
cr1_1256p_00008.cbf,530,559,286,325,29,39,1131
cr1_1257p_00001.cbf,530,559,286,325,29,39,1131
cr1_1257p_00002.cbf,530,559,286,326,29,40,1160
cr1_1257p_00003.cbf,530,558,286,326,28,40,1120
cr1_1257p_00004.cbf,530,558,285,325,28,40,1120
cr1_1257p_00005.cbf,530,558,284,324,28,40,1120
cr1_1257p_00006.cbf,530,558,284,324,28,40,1120
cr1_1257p_00007.cbf,530,559,285,325,29,40,1160
cr1_1257p_00008.cbf,531,559,285,325,28,40,1120
cr1_1258p_00001.cbf,531,559,286,325,28,39,1092
cr1_1258p_00002.cbf,530,559,287,326,29,39,1131
cr1_1258p_00003.cbf,530,558,286,326,28,40,1120
cr1_1258p_00004.cbf,530,558,285,325,28,40,1120
cr1_1258p_00005.cbf,530,558,284,324,28,40,1120
cr1_1258p_00006.cbf,530,558,284,324,28,40,1120
cr1_1258p_00007.cbf,530,558,285,325,28,40,1120
cr1_1258p_00008.cbf,531,558,286,325,27,39,1053
cr1_1259p_00001.cbf,530,559,286,325,29,39,1131
cr1_1259p_00002.cbf,530,558,286,326,28,40,1120
cr1_1259p_00003.cbf,530,558,286,326,28,40,1120
cr1_1259p_00004.cbf,530,558,286,325,28,39,1092
cr1_1259p_00005.cbf,530,558,284,324,28,40,1120
cr1_1259p_00006.cbf,530,558,284,324,28,40,1120
cr1_1259p_00007.cbf,530,558,286,325,28,39,1092
cr1_1259p_00008.cbf,531,559,286,325,28,39,1092
cr1_1260p_00001.cbf,531,559,286,325,28,39,1092
cr1_1260p_00002.cbf,530,559,287,326,29,39,1131
cr1_1260p_00003.cbf,530,558,287,326,28,39,1092
cr1_1260p_00004.cbf,530,558,285,325,28,40,1120
cr1_1260p_00005.cbf,530,558,284,324,28,40,1120
cr1_1260p_00006.cbf,530,558,285,325,28,40,1120
cr1_1260p_00007.cbf,530,558,285,325,28,40,1120
cr1_1260p_00008.cbf,531,559,286,325,28,39,1092
cr1_1261p_00001.cbf,530,559,286,325,29,39,1131
cr1_1261p_00002.cbf,531,559,286,326,28,40,1120
cr1_1261p_00003.cbf,530,558,286,326,28,40,1120
cr1_1261p_00004.cbf,531,558,285,325,27,40,1080
cr1_1261p_00005.cbf,530,558,284,324,28,40,1120
cr1_1261p_00006.cbf,531,558,285,324,27,39,1053
cr1_1261p_00007.cbf,530,558,286,325,28,39,1092
cr1_1261p_00008.cbf,531,559,286,325,28,39,1092
cr1_1262p_00001.cbf,531,559,286,325,28,39,1092
cr1_1262p_00002.cbf,530,559,286,326,29,40,1160
cr1_1262p_00003.cbf,530,558,287,326,28,39,1092
cr1_1262p_00004.cbf,530,558,286,325,28,39,1092
cr1_1262p_00005.cbf,530,558,284,324,28,40,1120
cr1_1262p_00006.cbf,530,558,284,324,28,40,1120
cr1_1262p_00007.cbf,530,558,286,325,28,39,1092
cr1_1262p_00008.cbf,531,559,286,325,28,39,1092
cr1_1263p_00001.cbf,530,559,286,325,29,39,1131
cr1_1263p_00002.cbf,530,558,286,326,28,40,1120
cr1_1263p_00003.cbf,531,558,287,326,27,39,1053
cr1_1263p_00004.cbf,530,558,286,325,28,39,1092
cr1_1263p_00005.cbf,531,558,284,324,27,40,1080
cr1_1263p_00006.cbf,531,558,284,324,27,40,1080
cr1_1263p_00007.cbf,530,558,286,325,28,39,1092
cr1_1263p_00008.cbf,531,559,286,325,28,39,1092
cr1_1264p_00001.cbf,531,559,286,325,28,39,1092
cr1_1264p_00002.cbf,530,558,286,326,28,40,1120
cr1_1264p_00003.cbf,530,558,287,326,28,39,1092
cr1_1264p_00004.cbf,530,558,286,325,28,39,1092
cr1_1264p_00005.cbf,531,558,284,324,27,40,1080
cr1_1264p_00006.cbf,530,558,284,324,28,40,1120
cr1_1264p_00007.cbf,530,558,286,325,28,39,1092
cr1_1264p_00008.cbf,530,559,286,325,29,39,1131
cr1_1265p_00001.cbf,530,559,286,325,29,39,1131
cr1_1265p_00002.cbf,530,558,287,325,28,38,1064
cr1_1265p_00003.cbf,530,558,287,326,28,39,1092
cr1_1265p_00004.cbf,530,558,285,325,28,40,1120
cr1_1265p_00005.cbf,530,558,284,323,28,39,1092
cr1_1265p_00006.cbf,530,558,285,324,28,39,1092
cr1_1265p_00007.cbf,531,558,286,325,27,39,1053
cr1_1265p_00008.cbf,531,558,286,325,27,39,1053
cr1_1266p_00001.cbf,531,559,286,325,28,39,1092
cr1_1266p_00002.cbf,531,558,287,326,27,39,1053
cr1_1266p_00003.cbf,530,558,287,326,28,39,1092
cr1_1266p_00004.cbf,530,558,286,325,28,39,1092
cr1_1266p_00005.cbf,531,558,284,324,27,40,1080
cr1_1266p_00006.cbf,531,558,284,324,27,40,1080
cr1_1266p_00007.cbf,531,558,286,325,27,39,1053
cr1_1266p_00008.cbf,531,558,286,325,27,39,1053
cr1_1267p_00001.cbf,530,559,286,325,29,39,1131
cr1_1267p_00002.cbf,530,558,287,326,28,39,1092
cr1_1267p_00003.cbf,530,558,286,326,28,40,1120
cr1_1267p_00004.cbf,531,558,286,325,27,39,1053
cr1_1267p_00005.cbf,531,558,284,324,27,40,1080
cr1_1267p_00006.cbf,531,558,284,324,27,40,1080
cr1_1267p_00007.cbf,530,558,286,325,28,39,1092
cr1_1267p_00008.cbf,531,558,286,325,27,39,1053
cr1_1268p_00001.cbf,530,559,286,325,29,39,1131
cr1_1268p_00002.cbf,530,558,287,326,28,39,1092
cr1_1268p_00003.cbf,530,558,287,326,28,39,1092
cr1_1268p_00004.cbf,530,558,286,325,28,39,1092
cr1_1268p_00005.cbf,530,558,284,324,28,40,1120
cr1_1268p_00006.cbf,530,558,285,324,28,39,1092
cr1_1268p_00007.cbf,530,558,285,325,28,40,1120
cr1_1268p_00008.cbf,530,558,286,325,28,39,1092
cr1_1269p_00001.cbf,530,558,286,325,28,39,1092
cr1_1269p_00002.cbf,531,558,287,326,27,39,1053
cr1_1269p_00003.cbf,530,558,287,326,28,39,1092
cr1_1269p_00004.cbf,531,558,285,325,27,40,1080
cr1_1269p_00005.cbf,531,558,284,324,27,40,1080
cr1_1269p_00006.cbf,531,558,284,324,27,40,1080
cr1_1269p_00007.cbf,530,558,285,325,28,40,1120
cr1_1269p_00008.cbf,530,558,286,325,28,39,1092
cr1_1270p_00001.cbf,530,559,286,325,29,39,1131
cr1_1270p_00002.cbf,530,558,287,326,28,39,1092
cr1_1270p_00003.cbf,531,558,287,326,27,39,1053
cr1_1270p_00004.cbf,531,558,285,325,27,40,1080
cr1_1270p_00005.cbf,531,558,284,324,27,40,1080
cr1_1270p_00006.cbf,530,558,284,324,28,40,1120
cr1_1270p_00007.cbf,531,558,285,325,27,40,1080
cr1_1270p_00008.cbf,530,558,286,325,28,39,1092
cr1_1271p_00001.cbf,530,558,286,325,28,39,1092
cr1_1271p_00002.cbf,530,558,287,326,28,39,1092
cr1_1271p_00003.cbf,531,558,287,326,27,39,1053
cr1_1271p_00004.cbf,531,558,285,325,27,40,1080
cr1_1271p_00005.cbf,531,558,284,324,27,40,1080
cr1_1271p_00006.cbf,531,558,284,324,27,40,1080
cr1_1271p_00007.cbf,530,558,286,325,28,39,1092
cr1_1271p_00008.cbf,531,558,286,325,27,39,1053
cr1_1272p_00001.cbf,531,558,286,325,27,39,1053
cr1_1272p_00002.cbf,530,558,287,326,28,39,1092
cr1_1272p_00003.cbf,530,558,287,326,28,39,1092
cr1_1272p_00004.cbf,531,558,286,325,27,39,1053
cr1_1272p_00005.cbf,530,558,284,324,28,40,1120
cr1_1272p_00006.cbf,531,558,284,324,27,40,1080
cr1_1272p_00007.cbf,531,558,286,325,27,39,1053
cr1_1272p_00008.cbf,531,558,286,325,27,39,1053
cr1_1273p_00001.cbf,531,559,286,325,28,39,1092
cr1_1273p_00002.cbf,531,558,287,326,27,39,1053
cr1_1273p_00003.cbf,530,558,287,326,28,39,1092
cr1_1273p_00004.cbf,530,558,285,325,28,40,1120
cr1_1273p_00005.cbf,531,558,283,323,27,40,1080
cr1_1273p_00006.cbf,531,558,285,324,27,39,1053
cr1_1273p_00007.cbf,531,558,286,325,27,39,1053
cr1_1273p_00008.cbf,531,558,286,325,27,39,1053
cr1_1274p_00001.cbf,531,559,286,325,28,39,1092
cr1_1274p_00002.cbf,530,558,286,326,28,40,1120
cr1_1274p_00003.cbf,531,558,286,326,27,40,1080
cr1_1274p_00004.cbf,531,558,285,325,27,40,1080
cr1_1274p_00005.cbf,531,558,284,324,27,40,1080
cr1_1274p_00006.cbf,530,558,284,324,28,40,1120
cr1_1274p_00007.cbf,530,558,285,325,28,40,1120
cr1_1274p_00008.cbf,530,558,286,325,28,39,1092
cr1_1275p_00001.cbf,530,559,286,325,29,39,1131
cr1_1275p_00002.cbf,530,558,286,326,28,40,1120
cr1_1275p_00003.cbf,530,558,286,326,28,40,1120
cr1_1275p_00004.cbf,530,558,285,325,28,40,1120
cr1_1275p_00005.cbf,530,558,284,324,28,40,1120
cr1_1275p_00006.cbf,530,558,284,324,28,40,1120
cr1_1275p_00007.cbf,530,558,286,325,28,39,1092
cr1_1275p_00008.cbf,530,558,286,325,28,39,1092
cr1_1276p_00001.cbf,530,559,286,325,29,39,1131
cr1_1276p_00002.cbf,530,559,286,326,29,40,1160
cr1_1276p_00003.cbf,530,558,286,326,28,40,1120
cr1_1276p_00004.cbf,530,558,285,325,28,40,1120
cr1_1276p_00005.cbf,530,558,284,324,28,40,1120
cr1_1276p_00006.cbf,530,558,285,325,28,40,1120
cr1_1276p_00007.cbf,530,558,285,325,28,40,1120
cr1_1276p_00008.cbf,530,559,286,325,29,39,1131
cr1_1277p_00001.cbf,531,559,286,325,28,39,1092
cr1_1277p_00002.cbf,530,558,286,326,28,40,1120
cr1_1277p_00003.cbf,530,558,286,326,28,40,1120
cr1_1277p_00004.cbf,530,558,285,325,28,40,1120
cr1_1277p_00005.cbf,530,558,283,323,28,40,1120
cr1_1277p_00006.cbf,530,558,284,324,28,40,1120
cr1_1277p_00007.cbf,530,558,286,325,28,39,1092
cr1_1277p_00008.cbf,530,559,286,325,29,39,1131
cr1_1278p_00001.cbf,530,559,286,325,29,39,1131
cr1_1278p_00002.cbf,530,558,287,326,28,39,1092
cr1_1278p_00003.cbf,530,558,287,326,28,39,1092
cr1_1278p_00004.cbf,530,558,285,325,28,40,1120
cr1_1278p_00005.cbf,530,558,283,324,28,41,1148
cr1_1278p_00006.cbf,531,558,284,324,27,40,1080
cr1_1278p_00007.cbf,530,558,286,325,28,39,1092
cr1_1278p_00008.cbf,530,558,286,325,28,39,1092
cr1_1279p_00001.cbf,530,559,286,325,29,39,1131
cr1_1279p_00002.cbf,530,558,286,326,28,40,1120
cr1_1279p_00003.cbf,530,558,286,326,28,40,1120
cr1_1279p_00004.cbf,530,558,286,325,28,39,1092
cr1_1279p_00005.cbf,530,558,284,324,28,40,1120
cr1_1279p_00006.cbf,530,558,284,324,28,40,1120
cr1_1279p_00007.cbf,530,558,285,325,28,40,1120
cr1_1279p_00008.cbf,530,558,286,325,28,39,1092
cr1_1280p_00001.cbf,530,559,286,325,29,39,1131
cr1_1280p_00002.cbf,530,558,287,326,28,39,1092
cr1_1280p_00003.cbf,530,558,286,326,28,40,1120
cr1_1280p_00004.cbf,530,558,285,325,28,40,1120
cr1_1280p_00005.cbf,531,558,284,324,27,40,1080
cr1_1280p_00006.cbf,530,558,284,324,28,40,1120
cr1_1280p_00007.cbf,530,558,285,325,28,40,1120
cr1_1280p_00008.cbf,530,558,286,325,28,39,1092
cr1_1281p_00001.cbf,530,559,286,325,29,39,1131
cr1_1281p_00002.cbf,530,558,287,326,28,39,1092
cr1_1281p_00003.cbf,531,558,287,326,27,39,1053
cr1_1281p_00004.cbf,530,558,285,325,28,40,1120
cr1_1281p_00005.cbf,530,558,284,324,28,40,1120
cr1_1281p_00006.cbf,530,558,284,324,28,40,1120
cr1_1281p_00007.cbf,530,558,286,325,28,39,1092
cr1_1281p_00008.cbf,530,558,286,325,28,39,1092
cr1_1282p_00001.cbf,530,559,286,325,29,39,1131
cr1_1282p_00002.cbf,530,558,287,326,28,39,1092
cr1_1282p_00003.cbf,530,558,286,326,28,40,1120
cr1_1282p_00004.cbf,530,558,285,325,28,40,1120
cr1_1282p_00005.cbf,531,558,284,324,27,40,1080
cr1_1282p_00006.cbf,530,558,285,325,28,40,1120
cr1_1282p_00007.cbf,530,558,286,325,28,39,1092
cr1_1282p_00008.cbf,530,558,286,325,28,39,1092
cr1_1283p_00001.cbf,530,559,286,325,29,39,1131
cr1_1283p_00002.cbf,531,558,286,326,27,40,1080
cr1_1283p_00003.cbf,530,558,287,326,28,39,1092
cr1_1283p_00004.cbf,530,558,286,325,28,39,1092
cr1_1283p_00005.cbf,530,557,284,324,27,40,1080
cr1_1283p_00006.cbf,530,558,284,324,28,40,1120
cr1_1283p_00007.cbf,530,558,286,325,28,39,1092
cr1_1283p_00008.cbf,530,558,286,325,28,39,1092
cr1_1284p_00001.cbf,531,559,286,325,28,39,1092
cr1_1284p_00002.cbf,530,558,286,326,28,40,1120
cr1_1284p_00003.cbf,530,558,286,326,28,40,1120
cr1_1284p_00004.cbf,530,558,285,325,28,40,1120
cr1_1284p_00005.cbf,530,558,284,324,28,40,1120
cr1_1284p_00006.cbf,530,558,284,324,28,40,1120
cr1_1284p_00007.cbf,531,558,286,325,27,39,1053
cr1_1284p_00008.cbf,530,558,286,325,28,39,1092
cr1_1285p_00001.cbf,530,559,286,325,29,39,1131
cr1_1285p_00002.cbf,531,558,287,326,27,39,1053
cr1_1285p_00003.cbf,531,558,286,326,27,40,1080
cr1_1285p_00004.cbf,530,558,285,324,28,39,1092
cr1_1285p_00005.cbf,531,558,283,323,27,40,1080
cr1_1285p_00006.cbf,531,558,284,324,27,40,1080
cr1_1285p_00007.cbf,531,558,285,325,27,40,1080
cr1_1285p_00008.cbf,530,558,286,325,28,39,1092
cr1_1286p_00001.cbf,530,559,286,325,29,39,1131
cr1_1286p_00002.cbf,530,558,287,325,28,38,1064
cr1_1286p_00003.cbf,530,558,286,326,28,40,1120
cr1_1286p_00004.cbf,530,558,285,324,28,39,1092
cr1_1286p_00005.cbf,531,557,284,324,26,40,1040
cr1_1286p_00006.cbf,531,558,284,324,27,40,1080
cr1_1286p_00007.cbf,530,558,285,325,28,40,1120
cr1_1286p_00008.cbf,530,558,286,325,28,39,1092
cr1_1287p_00001.cbf,531,559,286,325,28,39,1092
cr1_1287p_00002.cbf,531,558,286,326,27,40,1080
cr1_1287p_00003.cbf,530,558,286,326,28,40,1120
cr1_1287p_00004.cbf,530,558,285,325,28,40,1120
cr1_1287p_00005.cbf,530,558,284,324,28,40,1120
cr1_1287p_00006.cbf,530,558,284,324,28,40,1120
cr1_1287p_00007.cbf,531,558,285,325,27,40,1080
cr1_1287p_00008.cbf,531,558,286,325,27,39,1053
cr1_1288p_00001.cbf,531,559,286,325,28,39,1092
cr1_1288p_00002.cbf,531,558,286,326,27,40,1080
cr1_1288p_00003.cbf,530,558,286,326,28,40,1120
cr1_1288p_00004.cbf,530,558,285,325,28,40,1120
cr1_1288p_00005.cbf,530,558,284,324,28,40,1120
cr1_1288p_00006.cbf,530,558,284,324,28,40,1120
cr1_1288p_00007.cbf,530,558,286,325,28,39,1092
cr1_1288p_00008.cbf,530,558,286,325,28,39,1092
cr1_1289p_00001.cbf,531,558,286,325,27,39,1053
cr1_1289p_00002.cbf,530,558,287,326,28,39,1092
cr1_1289p_00003.cbf,530,558,286,326,28,40,1120
cr1_1289p_00004.cbf,531,558,285,325,27,40,1080
cr1_1289p_00005.cbf,531,557,284,324,26,40,1040
cr1_1289p_00006.cbf,531,558,284,324,27,40,1080
cr1_1289p_00007.cbf,531,558,286,325,27,39,1053
cr1_1289p_00008.cbf,531,558,286,325,27,39,1053
cr1_1290p_00001.cbf,531,559,286,325,28,39,1092
cr1_1290p_00002.cbf,531,558,286,326,27,40,1080
cr1_1290p_00003.cbf,531,558,286,326,27,40,1080
cr1_1290p_00004.cbf,531,558,285,325,27,40,1080
cr1_1290p_00005.cbf,531,557,284,324,26,40,1040
cr1_1290p_00006.cbf,530,558,284,324,28,40,1120
cr1_1290p_00007.cbf,530,558,285,325,28,40,1120
cr1_1290p_00008.cbf,530,558,286,325,28,39,1092
cr1_1291p_00001.cbf,531,559,286,325,28,39,1092
cr1_1291p_00002.cbf,530,558,287,326,28,39,1092
cr1_1291p_00003.cbf,531,558,286,326,27,40,1080
cr1_1291p_00004.cbf,530,558,285,325,28,40,1120
cr1_1291p_00005.cbf,530,557,284,325,27,41,1107
cr1_1291p_00006.cbf,531,558,284,325,27,41,1107
cr1_1291p_00007.cbf,530,558,285,325,28,40,1120
cr1_1291p_00008.cbf,531,558,286,325,27,39,1053
cr1_1292p_00001.cbf,530,559,286,325,29,39,1131
cr1_1292p_00002.cbf,530,559,287,326,29,39,1131
cr1_1292p_00003.cbf,531,558,286,326,27,40,1080
cr1_1292p_00004.cbf,530,558,285,325,28,40,1120
cr1_1292p_00005.cbf,531,558,284,324,27,40,1080
cr1_1292p_00006.cbf,530,558,284,324,28,40,1120
cr1_1292p_00007.cbf,530,558,285,325,28,40,1120
cr1_1292p_00008.cbf,531,559,286,325,28,39,1092
cr1_1293p_00001.cbf,530,559,286,325,29,39,1131
cr1_1293p_00002.cbf,531,558,286,325,27,39,1053
cr1_1293p_00003.cbf,530,558,286,326,28,40,1120
cr1_1293p_00004.cbf,531,558,285,325,27,40,1080
cr1_1293p_00005.cbf,531,557,284,324,26,40,1040
cr1_1293p_00006.cbf,531,558,284,324,27,40,1080
cr1_1293p_00007.cbf,531,558,286,325,27,39,1053
cr1_1293p_00008.cbf,531,559,286,325,28,39,1092
cr1_1294p_00001.cbf,531,559,286,325,28,39,1092
cr1_1294p_00002.cbf,531,559,286,326,28,40,1120
cr1_1294p_00003.cbf,530,558,286,326,28,40,1120
cr1_1294p_00004.cbf,530,558,286,325,28,39,1092
cr1_1294p_00005.cbf,531,557,284,324,26,40,1040
cr1_1294p_00006.cbf,530,558,284,324,28,40,1120
cr1_1294p_00007.cbf,531,558,285,325,27,40,1080
cr1_1294p_00008.cbf,531,559,286,325,28,39,1092
cr1_1295p_00001.cbf,531,559,286,325,28,39,1092
cr1_1295p_00002.cbf,531,559,286,326,28,40,1120
cr1_1295p_00003.cbf,530,558,286,326,28,40,1120
cr1_1295p_00004.cbf,530,558,285,325,28,40,1120
cr1_1295p_00005.cbf,530,557,284,324,27,40,1080
cr1_1295p_00006.cbf,530,558,284,324,28,40,1120
cr1_1295p_00007.cbf,531,558,285,325,27,40,1080
cr1_1295p_00008.cbf,531,558,286,325,27,39,1053
cr1_1296p_00001.cbf,530,559,286,325,29,39,1131
cr1_1296p_00002.cbf,530,558,286,326,28,40,1120
cr1_1296p_00003.cbf,530,558,286,326,28,40,1120
cr1_1296p_00004.cbf,531,558,285,325,27,40,1080
cr1_1296p_00005.cbf,530,557,284,324,27,40,1080
cr1_1296p_00006.cbf,530,558,285,325,28,40,1120
cr1_1296p_00007.cbf,530,558,286,325,28,39,1092
cr1_1296p_00008.cbf,530,558,286,325,28,39,1092
cr1_1297p_00001.cbf,531,559,286,325,28,39,1092
cr1_1297p_00002.cbf,530,558,287,326,28,39,1092
cr1_1297p_00003.cbf,530,558,286,326,28,40,1120
cr1_1297p_00004.cbf,531,558,285,325,27,40,1080
cr1_1297p_00005.cbf,530,557,284,324,27,40,1080
cr1_1297p_00006.cbf,531,558,284,324,27,40,1080
cr1_1297p_00007.cbf,530,558,285,325,28,40,1120
cr1_1297p_00008.cbf,530,558,286,325,28,39,1092
cr1_1298p_00001.cbf,531,559,286,325,28,39,1092
cr1_1298p_00002.cbf,531,558,287,326,27,39,1053
cr1_1298p_00003.cbf,530,558,287,326,28,39,1092
cr1_1298p_00004.cbf,530,558,285,325,28,40,1120
cr1_1298p_00005.cbf,530,558,284,324,28,40,1120
cr1_1298p_00006.cbf,531,558,285,325,27,40,1080
cr1_1298p_00007.cbf,531,558,286,325,27,39,1053
cr1_1298p_00008.cbf,531,558,286,325,27,39,1053
cr1_1299p_00001.cbf,531,559,286,325,28,39,1092
cr1_1299p_00002.cbf,531,558,287,326,27,39,1053
cr1_1299p_00003.cbf,531,558,287,326,27,39,1053
cr1_1299p_00004.cbf,530,558,286,325,28,39,1092
cr1_1299p_00005.cbf,530,557,284,325,27,41,1107
cr1_1299p_00006.cbf,531,558,285,325,27,40,1080
cr1_1299p_00007.cbf,530,558,286,325,28,39,1092
cr1_1299p_00008.cbf,531,558,286,325,27,39,1053
cr1_1300p_00001.cbf,531,559,286,325,28,39,1092
cr1_1300p_00002.cbf,531,558,287,326,27,39,1053
cr1_1300p_00003.cbf,531,558,287,326,27,39,1053
cr1_1300p_00004.cbf,531,558,286,325,27,39,1053
cr1_1300p_00005.cbf,531,557,284,324,26,40,1040
cr1_1300p_00006.cbf,531,558,285,324,27,39,1053
cr1_1300p_00007.cbf,531,558,286,325,27,39,1053
cr1_1300p_00008.cbf,531,558,286,325,27,39,1053
cr1_1301p_00001.cbf,531,559,286,325,28,39,1092
cr1_1301p_00002.cbf,530,558,287,326,28,39,1092
cr1_1301p_00003.cbf,530,558,286,326,28,40,1120
cr1_1301p_00004.cbf,531,558,286,325,27,39,1053
cr1_1301p_00005.cbf,531,557,284,324,26,40,1040
cr1_1301p_00006.cbf,531,558,285,325,27,40,1080
cr1_1301p_00007.cbf,530,558,286,325,28,39,1092
cr1_1301p_00008.cbf,530,558,286,325,28,39,1092
cr1_1302p_00001.cbf,531,559,286,325,28,39,1092
cr1_1302p_00002.cbf,531,558,287,326,27,39,1053
cr1_1302p_00003.cbf,531,558,287,326,27,39,1053
cr1_1302p_00004.cbf,531,558,286,325,27,39,1053
cr1_1302p_00005.cbf,531,557,284,324,26,40,1040
cr1_1302p_00006.cbf,531,558,285,324,27,39,1053
cr1_1302p_00007.cbf,531,558,286,325,27,39,1053
cr1_1302p_00008.cbf,530,558,286,325,28,39,1092
cr1_1303p_00001.cbf,531,559,286,325,28,39,1092
cr1_1303p_00002.cbf,531,558,287,326,27,39,1053
cr1_1303p_00003.cbf,531,558,287,326,27,39,1053
cr1_1303p_00004.cbf,530,558,286,325,28,39,1092
cr1_1303p_00005.cbf,530,557,284,324,27,40,1080
cr1_1303p_00006.cbf,531,558,285,324,27,39,1053
cr1_1303p_00007.cbf,531,558,286,325,27,39,1053
cr1_1303p_00008.cbf,531,558,286,325,27,39,1053
cr1_1304p_00001.cbf,531,559,286,325,28,39,1092
cr1_1304p_00002.cbf,530,558,287,325,28,38,1064
cr1_1304p_00003.cbf,531,558,287,326,27,39,1053
cr1_1304p_00004.cbf,530,558,286,325,28,39,1092
cr1_1304p_00005.cbf,531,557,284,324,26,40,1040
cr1_1304p_00006.cbf,531,558,285,324,27,39,1053
cr1_1304p_00007.cbf,531,558,286,325,27,39,1053
cr1_1304p_00008.cbf,531,558,286,325,27,39,1053
cr1_1305p_00001.cbf,531,559,286,325,28,39,1092
cr1_1305p_00002.cbf,531,558,287,326,27,39,1053
cr1_1305p_00003.cbf,530,558,287,326,28,39,1092
cr1_1305p_00004.cbf,531,558,286,325,27,39,1053
cr1_1305p_00005.cbf,530,558,284,324,28,40,1120
cr1_1305p_00006.cbf,531,558,284,324,27,40,1080
cr1_1305p_00007.cbf,531,558,286,325,27,39,1053
cr1_1305p_00008.cbf,531,558,286,325,27,39,1053
cr1_1306p_00001.cbf,531,558,286,325,27,39,1053
cr1_1306p_00002.cbf,531,558,287,326,27,39,1053
cr1_1306p_00003.cbf,531,558,287,326,27,39,1053
cr1_1306p_00004.cbf,531,558,285,325,27,40,1080
cr1_1306p_00005.cbf,531,557,284,324,26,40,1040
cr1_1306p_00006.cbf,531,558,284,324,27,40,1080
cr1_1306p_00007.cbf,530,558,286,325,28,39,1092
cr1_1306p_00008.cbf,531,558,286,325,27,39,1053
cr1_1307p_00001.cbf,531,559,286,325,28,39,1092
cr1_1307p_00002.cbf,531,558,287,326,27,39,1053
cr1_1307p_00003.cbf,531,558,286,326,27,40,1080
cr1_1307p_00004.cbf,531,558,285,325,27,40,1080
cr1_1307p_00005.cbf,531,557,284,324,26,40,1040
cr1_1307p_00006.cbf,531,558,284,324,27,40,1080
cr1_1307p_00007.cbf,530,558,285,325,28,40,1120
cr1_1307p_00008.cbf,530,558,286,325,28,39,1092
cr1_1308p_00001.cbf,530,559,286,325,29,39,1131
cr1_1308p_00002.cbf,531,558,286,326,27,40,1080
cr1_1308p_00003.cbf,530,558,286,326,28,40,1120
cr1_1308p_00004.cbf,531,558,285,325,27,40,1080
cr1_1308p_00005.cbf,530,558,283,324,28,41,1148
cr1_1308p_00006.cbf,531,558,284,324,27,40,1080
cr1_1308p_00007.cbf,530,558,285,325,28,40,1120
cr1_1308p_00008.cbf,530,558,286,325,28,39,1092
cr1_1309p_00001.cbf,531,559,286,325,28,39,1092
cr1_1309p_00002.cbf,531,558,286,326,27,40,1080
cr1_1309p_00003.cbf,531,558,286,325,27,39,1053
cr1_1309p_00004.cbf,530,558,284,324,28,40,1120
cr1_1309p_00005.cbf,530,558,283,324,28,41,1148
cr1_1309p_00006.cbf,531,558,284,324,27,40,1080
cr1_1309p_00007.cbf,531,558,285,325,27,40,1080
cr1_1309p_00008.cbf,530,558,286,325,28,39,1092
cr1_1310p_00001.cbf,530,558,286,325,28,39,1092
cr1_1310p_00002.cbf,530,558,286,325,28,39,1092
cr1_1310p_00003.cbf,530,558,286,326,28,40,1120
cr1_1310p_00004.cbf,530,558,285,325,28,40,1120
cr1_1310p_00005.cbf,530,558,283,324,28,41,1148
cr1_1310p_00006.cbf,530,558,284,324,28,40,1120
cr1_1310p_00007.cbf,530,558,285,325,28,40,1120
cr1_1310p_00008.cbf,530,558,286,325,28,39,1092
cr1_1311p_00001.cbf,531,559,286,325,28,39,1092
cr1_1311p_00002.cbf,530,558,286,325,28,39,1092
cr1_1311p_00003.cbf,530,558,286,326,28,40,1120
cr1_1311p_00004.cbf,530,558,285,325,28,40,1120
cr1_1311p_00005.cbf,533,558,286,324,25,38,950
cr1_1311p_00006.cbf,533,558,286,324,25,38,950
cr1_1311p_00007.cbf,532,559,286,323,27,37,999
cr1_1311p_00008.cbf,533,559,286,323,26,37,962
cr1_1312p_00001.cbf,533,559,286,323,26,37,962
cr1_1312p_00002.cbf,532,559,287,324,27,37,999
cr1_1312p_00003.cbf,532,558,288,325,26,37,962
cr1_1312p_00004.cbf,532,558,288,325,26,37,962
cr1_1312p_00005.cbf,532,558,288,326,26,38,988
cr1_1312p_00006.cbf,532,558,287,325,26,38,988
cr1_1312p_00007.cbf,532,558,287,324,26,37,962
cr1_1312p_00008.cbf,532,559,287,324,27,37,999
cr1_1313p_00001.cbf,532,559,287,325,27,38,1026
cr1_1313p_00002.cbf,532,558,288,326,26,38,988
cr1_1313p_00003.cbf,532,558,288,326,26,38,988
cr1_1313p_00004.cbf,532,558,288,326,26,38,988
cr1_1313p_00005.cbf,532,557,287,325,25,38,950
cr1_1313p_00006.cbf,532,558,287,325,26,38,988
cr1_1313p_00007.cbf,532,558,287,325,26,38,988
cr1_1313p_00008.cbf,532,559,286,325,27,39,1053
cr1_1314p_00001.cbf,532,559,287,325,27,38,1026
cr1_1314p_00002.cbf,532,558,287,325,26,38,988
cr1_1314p_00003.cbf,532,558,288,326,26,38,988
cr1_1314p_00004.cbf,532,558,288,326,26,38,988
cr1_1314p_00005.cbf,531,557,288,327,26,39,1014
cr1_1314p_00006.cbf,532,558,287,326,26,39,1014
cr1_1314p_00007.cbf,532,558,286,326,26,40,1040
cr1_1314p_00008.cbf,532,559,286,325,27,39,1053
cr1_1315p_00001.cbf,532,559,287,325,27,38,1026
cr1_1315p_00002.cbf,532,559,287,326,27,39,1053
cr1_1315p_00003.cbf,532,558,288,326,26,38,988
cr1_1315p_00004.cbf,532,558,287,326,26,39,1014
cr1_1315p_00005.cbf,532,557,287,327,25,40,1000
cr1_1315p_00006.cbf,532,558,287,326,26,39,1014
cr1_1315p_00007.cbf,532,558,287,326,26,39,1014
cr1_1315p_00008.cbf,532,559,286,325,27,39,1053
cr1_1316p_00001.cbf,532,559,286,325,27,39,1053
cr1_1316p_00002.cbf,532,559,287,326,27,39,1053
cr1_1316p_00003.cbf,532,558,288,326,26,38,988
cr1_1316p_00004.cbf,532,558,287,326,26,39,1014
cr1_1316p_00005.cbf,531,557,287,326,26,39,1014
cr1_1316p_00006.cbf,532,558,287,326,26,39,1014
cr1_1316p_00007.cbf,532,558,287,325,26,38,988
cr1_1316p_00008.cbf,532,559,286,325,27,39,1053
cr1_1317p_00001.cbf,532,559,286,325,27,39,1053
cr1_1317p_00002.cbf,532,559,287,326,27,39,1053
cr1_1317p_00003.cbf,532,558,288,326,26,38,988
cr1_1317p_00004.cbf,531,558,288,326,27,38,1026
cr1_1317p_00005.cbf,531,557,287,326,26,39,1014
cr1_1317p_00006.cbf,532,558,287,326,26,39,1014
cr1_1317p_00007.cbf,532,558,287,325,26,38,988
cr1_1317p_00008.cbf,532,559,286,325,27,39,1053
cr1_1318p_00001.cbf,532,559,286,325,27,39,1053
cr1_1318p_00002.cbf,532,558,287,326,26,39,1014
cr1_1318p_00003.cbf,532,558,287,326,26,39,1014
cr1_1318p_00004.cbf,531,558,287,326,27,39,1053
cr1_1318p_00005.cbf,532,558,287,326,26,39,1014
cr1_1318p_00006.cbf,532,558,286,325,26,39,1014
cr1_1318p_00007.cbf,532,558,286,325,26,39,1014
cr1_1318p_00008.cbf,532,559,286,325,27,39,1053
cr1_1319p_00001.cbf,532,559,286,325,27,39,1053
cr1_1319p_00002.cbf,532,559,287,326,27,39,1053
cr1_1319p_00003.cbf,531,558,287,326,27,39,1053
cr1_1319p_00004.cbf,531,558,287,326,27,39,1053
cr1_1319p_00005.cbf,531,558,287,326,27,39,1053
cr1_1319p_00006.cbf,532,558,286,325,26,39,1014
cr1_1319p_00007.cbf,532,558,287,325,26,38,988
cr1_1319p_00008.cbf,532,559,286,325,27,39,1053
cr1_1320p_00001.cbf,532,559,287,325,27,38,1026
cr1_1320p_00002.cbf,532,558,287,326,26,39,1014
cr1_1320p_00003.cbf,532,558,287,326,26,39,1014
cr1_1320p_00004.cbf,531,558,287,327,27,40,1080
cr1_1320p_00005.cbf,531,557,287,326,26,39,1014
cr1_1320p_00006.cbf,532,558,287,325,26,38,988
cr1_1320p_00007.cbf,532,558,287,325,26,38,988
cr1_1320p_00008.cbf,532,558,286,325,26,39,1014
cr1_1321p_00001.cbf,532,559,287,325,27,38,1026
cr1_1321p_00002.cbf,531,558,287,326,27,39,1053
cr1_1321p_00003.cbf,531,558,287,326,27,39,1053
cr1_1321p_00004.cbf,531,558,287,326,27,39,1053
cr1_1321p_00005.cbf,531,557,286,326,26,40,1040
cr1_1321p_00006.cbf,532,558,287,325,26,38,988
cr1_1321p_00007.cbf,532,558,287,325,26,38,988
cr1_1321p_00008.cbf,532,559,286,324,27,38,1026
cr1_1322p_00001.cbf,532,559,287,325,27,38,1026
cr1_1322p_00002.cbf,532,558,287,326,26,39,1014
cr1_1322p_00003.cbf,532,558,287,326,26,39,1014
cr1_1322p_00004.cbf,532,558,287,326,26,39,1014
cr1_1322p_00005.cbf,531,557,287,326,26,39,1014
cr1_1322p_00006.cbf,531,558,287,325,27,38,1026
cr1_1322p_00007.cbf,532,558,286,325,26,39,1014
cr1_1322p_00008.cbf,532,559,286,324,27,38,1026
cr1_1323p_00001.cbf,532,559,287,325,27,38,1026
cr1_1323p_00002.cbf,532,558,287,325,26,38,988
cr1_1323p_00003.cbf,531,558,287,326,27,39,1053
cr1_1323p_00004.cbf,532,558,287,326,26,39,1014
cr1_1323p_00005.cbf,531,558,287,326,27,39,1053
cr1_1323p_00006.cbf,532,558,286,325,26,39,1014
cr1_1323p_00007.cbf,531,558,287,325,27,38,1026
cr1_1323p_00008.cbf,532,559,286,324,27,38,1026
cr1_1324p_00001.cbf,532,559,287,325,27,38,1026
cr1_1324p_00002.cbf,531,559,287,325,28,38,1064
cr1_1324p_00003.cbf,532,558,287,326,26,39,1014
cr1_1324p_00004.cbf,531,558,287,326,27,39,1053
cr1_1324p_00005.cbf,531,558,286,325,27,39,1053
cr1_1324p_00006.cbf,532,558,286,325,26,39,1014
cr1_1324p_00007.cbf,531,558,287,325,27,38,1026
cr1_1324p_00008.cbf,532,559,286,325,27,39,1053
cr1_1325p_00001.cbf,532,559,287,325,27,38,1026
cr1_1325p_00002.cbf,531,558,287,325,27,38,1026
cr1_1325p_00003.cbf,531,558,287,326,27,39,1053
cr1_1325p_00004.cbf,531,558,287,326,27,39,1053
cr1_1325p_00005.cbf,531,558,286,325,27,39,1053
cr1_1325p_00006.cbf,532,558,287,325,26,38,988
cr1_1325p_00007.cbf,532,558,287,325,26,38,988
cr1_1325p_00008.cbf,532,558,287,324,26,37,962
cr1_1326p_00001.cbf,532,558,287,324,26,37,962
cr1_1326p_00002.cbf,532,558,287,324,26,37,962
cr1_1326p_00003.cbf,532,558,287,325,26,38,988
cr1_1326p_00004.cbf,532,558,288,325,26,37,962
cr1_1326p_00005.cbf,532,558,287,324,26,37,962
cr1_1326p_00006.cbf,532,558,288,324,26,36,936
cr1_1326p_00007.cbf,532,558,287,324,26,37,962
cr1_1326p_00008.cbf,532,558,287,324,26,37,962
cr1_1327p_00001.cbf,532,559,287,324,27,37,999
cr1_1327p_00002.cbf,532,558,288,325,26,37,962
cr1_1327p_00003.cbf,532,558,288,325,26,37,962
cr1_1327p_00004.cbf,531,558,288,325,27,37,999
cr1_1327p_00005.cbf,531,557,288,324,26,36,936
cr1_1327p_00006.cbf,531,558,287,324,27,37,999
cr1_1327p_00007.cbf,531,558,287,324,27,37,999
cr1_1327p_00008.cbf,531,559,287,324,28,37,1036
cr1_1328p_00001.cbf,532,559,287,324,27,37,999
cr1_1328p_00002.cbf,531,558,288,325,27,37,999
cr1_1328p_00003.cbf,532,558,288,326,26,38,988
cr1_1328p_00004.cbf,531,558,288,325,27,37,999
cr1_1328p_00005.cbf,531,557,288,325,26,37,962
cr1_1328p_00006.cbf,531,557,287,324,26,37,962
cr1_1328p_00007.cbf,531,558,287,325,27,38,1026
cr1_1328p_00008.cbf,532,558,287,325,26,38,988
cr1_1329p_00001.cbf,531,558,287,325,27,38,1026
cr1_1329p_00002.cbf,531,558,288,326,27,38,1026
cr1_1329p_00003.cbf,531,558,288,326,27,38,1026
cr1_1329p_00004.cbf,531,558,288,326,27,38,1026
cr1_1329p_00005.cbf,531,557,287,326,26,39,1014
cr1_1329p_00006.cbf,531,558,287,326,27,39,1053
cr1_1329p_00007.cbf,531,558,287,326,27,39,1053
cr1_1329p_00008.cbf,531,558,287,325,27,38,1026
cr1_1330p_00001.cbf,532,559,287,325,27,38,1026
cr1_1330p_00002.cbf,532,558,288,326,26,38,988
cr1_1330p_00003.cbf,531,558,288,326,27,38,1026
cr1_1330p_00004.cbf,531,558,288,326,27,38,1026
cr1_1330p_00005.cbf,531,557,286,325,26,39,1014
cr1_1330p_00006.cbf,531,558,286,325,27,39,1053
cr1_1330p_00007.cbf,532,558,287,326,26,39,1014
cr1_1330p_00008.cbf,531,558,287,325,27,38,1026
cr1_1331p_00001.cbf,531,559,287,325,28,38,1064
cr1_1331p_00002.cbf,532,558,288,326,26,38,988
cr1_1331p_00003.cbf,531,558,288,326,27,38,1026
cr1_1331p_00004.cbf,531,558,288,326,27,38,1026
cr1_1331p_00005.cbf,531,557,286,325,26,39,1014
cr1_1331p_00006.cbf,531,558,287,325,27,38,1026
cr1_1331p_00007.cbf,531,558,287,325,27,38,1026
cr1_1331p_00008.cbf,532,558,287,325,26,38,988
cr1_1332p_00001.cbf,532,558,287,325,26,38,988
cr1_1332p_00002.cbf,532,558,288,326,26,38,988
cr1_1332p_00003.cbf,531,558,288,326,27,38,1026
cr1_1332p_00004.cbf,531,558,288,326,27,38,1026
cr1_1332p_00005.cbf,531,557,286,325,26,39,1014
cr1_1332p_00006.cbf,531,558,287,325,27,38,1026
cr1_1332p_00007.cbf,531,558,287,325,27,38,1026
cr1_1332p_00008.cbf,532,558,287,325,26,38,988
cr1_1333p_00001.cbf,532,558,287,325,26,38,988
cr1_1333p_00002.cbf,531,558,288,326,27,38,1026
cr1_1333p_00003.cbf,531,558,288,326,27,38,1026
cr1_1333p_00004.cbf,531,558,288,325,27,37,999
cr1_1333p_00005.cbf,531,557,287,325,26,38,988
cr1_1333p_00006.cbf,531,558,287,325,27,38,1026
cr1_1333p_00007.cbf,531,558,287,325,27,38,1026
cr1_1333p_00008.cbf,532,558,287,325,26,38,988
cr1_1334p_00001.cbf,532,559,287,325,27,38,1026
cr1_1334p_00002.cbf,531,558,288,325,27,37,999
cr1_1334p_00003.cbf,531,558,288,326,27,38,1026
cr1_1334p_00004.cbf,531,558,287,325,27,38,1026
cr1_1334p_00005.cbf,531,557,286,324,26,38,988
cr1_1334p_00006.cbf,531,558,287,325,27,38,1026
cr1_1334p_00007.cbf,531,558,287,325,27,38,1026
cr1_1334p_00008.cbf,532,558,287,325,26,38,988
cr1_1335p_00001.cbf,532,558,287,325,26,38,988
cr1_1335p_00002.cbf,531,558,288,325,27,37,999
cr1_1335p_00003.cbf,531,558,288,326,27,38,1026
cr1_1335p_00004.cbf,531,558,287,325,27,38,1026
cr1_1335p_00005.cbf,531,558,286,324,27,38,1026
cr1_1335p_00006.cbf,532,558,286,324,26,38,988
cr1_1335p_00007.cbf,531,558,287,325,27,38,1026
cr1_1335p_00008.cbf,532,558,287,325,26,38,988
cr1_1336p_00001.cbf,532,559,287,325,27,38,1026
cr1_1336p_00002.cbf,532,558,288,325,26,37,962
cr1_1336p_00003.cbf,531,558,288,326,27,38,1026
cr1_1336p_00004.cbf,531,558,288,326,27,38,1026
cr1_1336p_00005.cbf,531,557,286,324,26,38,988
cr1_1336p_00006.cbf,532,558,286,324,26,38,988
cr1_1336p_00007.cbf,531,558,287,325,27,38,1026
cr1_1336p_00008.cbf,532,558,287,324,26,37,962
cr1_1337p_00001.cbf,531,559,287,325,28,38,1064
cr1_1337p_00002.cbf,531,558,287,325,27,38,1026
cr1_1337p_00003.cbf,531,558,288,325,27,37,999
cr1_1337p_00004.cbf,531,558,287,325,27,38,1026
cr1_1337p_00005.cbf,532,557,286,324,25,38,950
cr1_1337p_00006.cbf,531,558,287,325,27,38,1026
cr1_1337p_00007.cbf,531,558,287,325,27,38,1026
cr1_1337p_00008.cbf,532,558,287,325,26,38,988
cr1_1338p_00001.cbf,532,558,287,325,26,38,988
cr1_1338p_00002.cbf,532,558,288,325,26,37,962
cr1_1338p_00003.cbf,531,558,288,326,27,38,1026
cr1_1338p_00004.cbf,531,558,287,325,27,38,1026
cr1_1338p_00005.cbf,531,557,287,324,26,37,962
cr1_1338p_00006.cbf,532,558,286,324,26,38,988
cr1_1338p_00007.cbf,531,558,287,325,27,38,1026
cr1_1338p_00008.cbf,532,558,287,324,26,37,962
cr1_1339p_00001.cbf,532,558,287,325,26,38,988
cr1_1339p_00002.cbf,532,558,287,325,26,38,988
cr1_1339p_00003.cbf,532,558,288,326,26,38,988
cr1_1339p_00004.cbf,532,558,287,325,26,38,988
cr1_1339p_00005.cbf,531,557,286,324,26,38,988
cr1_1339p_00006.cbf,531,558,287,325,27,38,1026
cr1_1339p_00007.cbf,532,558,287,325,26,38,988
cr1_1339p_00008.cbf,532,558,287,325,26,38,988
cr1_1340p_00001.cbf,532,558,287,325,26,38,988
cr1_1340p_00002.cbf,532,558,288,325,26,37,962
cr1_1340p_00003.cbf,532,558,288,325,26,37,962
cr1_1340p_00004.cbf,532,558,287,325,26,38,988
cr1_1340p_00005.cbf,531,557,286,324,26,38,988
cr1_1340p_00006.cbf,532,558,286,324,26,38,988
cr1_1340p_00007.cbf,532,558,287,325,26,38,988
cr1_1340p_00008.cbf,532,558,287,325,26,38,988
cr1_1341p_00001.cbf,532,559,287,325,27,38,1026
cr1_1341p_00002.cbf,532,558,288,326,26,38,988
cr1_1341p_00003.cbf,531,558,288,326,27,38,1026
cr1_1341p_00004.cbf,531,558,287,325,27,38,1026
cr1_1341p_00005.cbf,532,557,286,324,25,38,950
cr1_1341p_00006.cbf,532,558,286,325,26,39,1014
cr1_1341p_00007.cbf,532,558,287,325,26,38,988
cr1_1341p_00008.cbf,532,558,287,325,26,38,988
cr1_1342p_00001.cbf,532,559,287,325,27,38,1026
cr1_1342p_00002.cbf,532,558,288,325,26,37,962
cr1_1342p_00003.cbf,532,558,288,326,26,38,988
cr1_1342p_00004.cbf,531,558,287,325,27,38,1026
cr1_1342p_00005.cbf,532,557,286,324,25,38,950
cr1_1342p_00006.cbf,532,558,287,325,26,38,988
cr1_1342p_00007.cbf,532,558,287,325,26,38,988
cr1_1342p_00008.cbf,532,558,287,325,26,38,988
cr1_1343p_00001.cbf,532,559,287,325,27,38,1026
cr1_1343p_00002.cbf,532,558,288,326,26,38,988
cr1_1343p_00003.cbf,531,558,288,326,27,38,1026
cr1_1343p_00004.cbf,531,558,287,325,27,38,1026
cr1_1343p_00005.cbf,532,557,286,324,25,38,950
cr1_1343p_00006.cbf,532,558,286,325,26,39,1014
cr1_1343p_00007.cbf,532,558,287,325,26,38,988
cr1_1343p_00008.cbf,532,558,287,325,26,38,988
cr1_1344p_00001.cbf,532,559,287,325,27,38,1026
cr1_1344p_00002.cbf,532,558,288,325,26,37,962
cr1_1344p_00003.cbf,532,558,288,325,26,37,962
cr1_1344p_00004.cbf,532,558,287,325,26,38,988
cr1_1344p_00005.cbf,532,557,286,324,25,38,950
cr1_1344p_00006.cbf,532,558,287,325,26,38,988
cr1_1344p_00007.cbf,531,558,287,325,27,38,1026
cr1_1344p_00008.cbf,532,558,287,325,26,38,988
cr1_1345p_00001.cbf,532,558,287,325,26,38,988
cr1_1345p_00002.cbf,532,558,288,325,26,37,962
cr1_1345p_00003.cbf,532,558,288,326,26,38,988
cr1_1345p_00004.cbf,532,558,287,325,26,38,988
cr1_1345p_00005.cbf,532,557,286,324,25,38,950
cr1_1345p_00006.cbf,532,558,287,325,26,38,988
cr1_1345p_00007.cbf,532,558,287,325,26,38,988
cr1_1345p_00008.cbf,532,558,287,325,26,38,988
cr1_1346p_00001.cbf,532,559,287,325,27,38,1026
cr1_1346p_00002.cbf,532,558,288,325,26,37,962
cr1_1346p_00003.cbf,532,558,287,325,26,38,988
cr1_1346p_00004.cbf,532,558,287,325,26,38,988
cr1_1346p_00005.cbf,532,557,286,324,25,38,950
cr1_1346p_00006.cbf,532,558,286,324,26,38,988
cr1_1346p_00007.cbf,532,558,287,325,26,38,988
cr1_1346p_00008.cbf,532,558,287,325,26,38,988
cr1_1347p_00001.cbf,532,558,287,325,26,38,988
cr1_1347p_00002.cbf,531,558,288,325,27,37,999
cr1_1347p_00003.cbf,532,558,288,325,26,37,962
cr1_1347p_00004.cbf,532,558,287,325,26,38,988
cr1_1347p_00005.cbf,532,557,286,324,25,38,950
cr1_1347p_00006.cbf,532,558,287,325,26,38,988
cr1_1347p_00007.cbf,532,558,287,325,26,38,988
cr1_1347p_00008.cbf,532,558,287,325,26,38,988
cr1_1348p_00001.cbf,532,558,287,325,26,38,988
cr1_1348p_00002.cbf,532,558,288,325,26,37,962
cr1_1348p_00003.cbf,532,558,288,325,26,37,962
cr1_1348p_00004.cbf,531,558,287,325,27,38,1026
cr1_1348p_00005.cbf,531,557,286,324,26,38,988
cr1_1348p_00006.cbf,531,558,286,325,27,39,1053
cr1_1348p_00007.cbf,532,558,287,325,26,38,988
cr1_1348p_00008.cbf,532,558,287,325,26,38,988
cr1_1349p_00001.cbf,532,558,287,325,26,38,988
cr1_1349p_00002.cbf,532,558,288,326,26,38,988
cr1_1349p_00003.cbf,532,558,288,326,26,38,988
cr1_1349p_00004.cbf,532,558,287,325,26,38,988
cr1_1349p_00005.cbf,532,557,286,324,25,38,950
cr1_1349p_00006.cbf,532,558,287,325,26,38,988
cr1_1349p_00007.cbf,532,558,287,325,26,38,988
cr1_1349p_00008.cbf,532,558,287,325,26,38,988
cr1_1350p_00001.cbf,532,559,287,325,27,38,1026
cr1_1350p_00002.cbf,532,558,288,326,26,38,988
cr1_1350p_00003.cbf,532,558,288,326,26,38,988
cr1_1350p_00004.cbf,532,558,287,325,26,38,988
cr1_1350p_00005.cbf,532,557,285,324,25,39,975
cr1_1350p_00006.cbf,532,558,286,324,26,38,988
cr1_1350p_00007.cbf,532,558,287,325,26,38,988
cr1_1350p_00008.cbf,532,558,287,324,26,37,962
cr1_1351p_00001.cbf,532,558,287,325,26,38,988
cr1_1351p_00002.cbf,532,558,288,325,26,37,962
cr1_1351p_00003.cbf,532,558,288,325,26,37,962
cr1_1351p_00004.cbf,532,558,287,324,26,37,962
cr1_1351p_00005.cbf,532,557,286,324,25,38,950
cr1_1351p_00006.cbf,532,558,286,324,26,38,988
cr1_1351p_00007.cbf,532,558,287,325,26,38,988
cr1_1351p_00008.cbf,532,558,287,324,26,37,962
cr1_1352p_00001.cbf,532,559,287,325,27,38,1026
cr1_1352p_00002.cbf,532,559,287,325,27,38,1026
cr1_1352p_00003.cbf,532,558,288,325,26,37,962
cr1_1352p_00004.cbf,532,558,287,324,26,37,962
cr1_1352p_00005.cbf,531,557,285,324,26,39,1014
cr1_1352p_00006.cbf,532,558,286,324,26,38,988
cr1_1352p_00007.cbf,532,558,287,324,26,37,962
cr1_1352p_00008.cbf,532,559,287,324,27,37,999
cr1_1353p_00001.cbf,532,559,287,324,27,37,999
cr1_1353p_00002.cbf,532,559,287,325,27,38,1026
cr1_1353p_00003.cbf,532,558,287,325,26,38,988
cr1_1353p_00004.cbf,532,558,286,324,26,38,988
cr1_1353p_00005.cbf,532,558,285,323,26,38,988
cr1_1353p_00006.cbf,531,558,286,324,27,38,1026
cr1_1353p_00007.cbf,532,558,287,325,26,38,988
cr1_1353p_00008.cbf,532,558,287,324,26,37,962
cr1_1354p_00001.cbf,532,559,287,324,27,37,999
cr1_1354p_00002.cbf,532,558,287,325,26,38,988
cr1_1354p_00003.cbf,532,558,288,325,26,37,962
cr1_1354p_00004.cbf,531,558,286,324,27,38,1026
cr1_1354p_00005.cbf,531,558,285,323,27,38,1026
cr1_1354p_00006.cbf,532,558,286,324,26,38,988
cr1_1354p_00007.cbf,532,558,287,324,26,37,962
cr1_1354p_00008.cbf,532,559,287,324,27,37,999
cr1_1355p_00001.cbf,532,559,287,325,27,38,1026
cr1_1355p_00002.cbf,532,558,288,325,26,37,962
cr1_1355p_00003.cbf,532,558,287,325,26,38,988
cr1_1355p_00004.cbf,532,558,286,324,26,38,988
cr1_1355p_00005.cbf,532,558,284,322,26,38,988
cr1_1355p_00006.cbf,531,558,286,324,27,38,1026
cr1_1355p_00007.cbf,532,558,287,325,26,38,988
cr1_1355p_00008.cbf,532,559,287,324,27,37,999
cr1_1356p_00001.cbf,532,559,287,324,27,37,999
cr1_1356p_00002.cbf,532,559,288,325,27,37,999
cr1_1356p_00003.cbf,532,558,288,325,26,37,962
cr1_1356p_00004.cbf,531,558,286,324,27,38,1026
cr1_1356p_00005.cbf,532,558,284,322,26,38,988
cr1_1356p_00006.cbf,532,558,286,323,26,37,962
cr1_1356p_00007.cbf,532,558,287,324,26,37,962
cr1_1356p_00008.cbf,532,559,287,324,27,37,999
cr1_1357p_00001.cbf,532,559,287,324,27,37,999
cr1_1357p_00002.cbf,532,559,288,325,27,37,999
cr1_1357p_00003.cbf,532,558,287,325,26,38,988
cr1_1357p_00004.cbf,532,558,286,324,26,38,988
cr1_1357p_00005.cbf,532,558,285,323,26,38,988
cr1_1357p_00006.cbf,532,558,286,323,26,37,962
cr1_1357p_00007.cbf,532,558,287,324,26,37,962
cr1_1357p_00008.cbf,532,559,287,324,27,37,999
cr1_1358p_00001.cbf,532,559,287,324,27,37,999
cr1_1358p_00002.cbf,532,559,287,325,27,38,1026
cr1_1358p_00003.cbf,532,558,287,325,26,38,988
cr1_1358p_00004.cbf,532,558,286,323,26,37,962
cr1_1358p_00005.cbf,531,557,285,323,26,38,988
cr1_1358p_00006.cbf,532,558,286,324,26,38,988
cr1_1358p_00007.cbf,532,558,287,324,26,37,962
cr1_1358p_00008.cbf,532,559,287,324,27,37,999
cr1_1359p_00001.cbf,532,559,287,324,27,37,999
cr1_1359p_00002.cbf,532,559,287,324,27,37,999
cr1_1359p_00003.cbf,532,558,287,324,26,37,962
cr1_1359p_00004.cbf,532,558,286,323,26,37,962
cr1_1359p_00005.cbf,531,558,285,323,27,38,1026
cr1_1359p_00006.cbf,532,558,286,323,26,37,962
cr1_1359p_00007.cbf,532,558,287,324,26,37,962
cr1_1359p_00008.cbf,532,559,287,324,27,37,999
cr1_1360p_00001.cbf,532,559,287,324,27,37,999
cr1_1360p_00002.cbf,532,559,287,324,27,37,999
cr1_1360p_00003.cbf,532,558,287,324,26,37,962
cr1_1360p_00004.cbf,531,558,286,324,27,38,1026
cr1_1360p_00005.cbf,532,557,285,323,25,38,950
cr1_1360p_00006.cbf,531,558,286,323,27,37,999
cr1_1360p_00007.cbf,532,558,287,324,26,37,962
cr1_1360p_00008.cbf,532,559,287,323,27,36,972
cr1_1361p_00001.cbf,532,559,287,324,27,37,999
cr1_1361p_00002.cbf,532,559,287,324,27,37,999
cr1_1361p_00003.cbf,532,558,287,324,26,37,962
cr1_1361p_00004.cbf,532,558,286,323,26,37,962
cr1_1361p_00005.cbf,532,557,285,323,25,38,950
cr1_1361p_00006.cbf,532,558,286,323,26,37,962
cr1_1361p_00007.cbf,532,558,287,324,26,37,962
cr1_1361p_00008.cbf,532,559,287,324,27,37,999
cr1_1362p_00001.cbf,532,559,287,324,27,37,999
cr1_1362p_00002.cbf,532,559,287,324,27,37,999
cr1_1362p_00003.cbf,532,558,287,324,26,37,962
cr1_1362p_00004.cbf,531,558,286,323,27,37,999
cr1_1362p_00005.cbf,532,558,285,323,26,38,988
cr1_1362p_00006.cbf,531,558,286,323,27,37,999
cr1_1362p_00007.cbf,532,558,287,323,26,36,936
cr1_1362p_00008.cbf,532,559,287,323,27,36,972
cr1_1363p_00001.cbf,532,559,287,324,27,37,999
cr1_1363p_00002.cbf,532,559,287,324,27,37,999
cr1_1363p_00003.cbf,532,558,287,324,26,37,962
cr1_1363p_00004.cbf,532,558,286,323,26,37,962
cr1_1363p_00005.cbf,531,558,285,323,27,38,1026
cr1_1363p_00006.cbf,531,558,286,323,27,37,999
cr1_1363p_00007.cbf,532,558,287,323,26,36,936
cr1_1363p_00008.cbf,532,559,286,323,27,37,999
cr1_1364p_00001.cbf,532,559,287,323,27,36,972
cr1_1364p_00002.cbf,532,559,287,324,27,37,999
cr1_1364p_00003.cbf,532,558,287,324,26,37,962
cr1_1364p_00004.cbf,532,558,286,323,26,37,962
cr1_1364p_00005.cbf,532,558,285,322,26,37,962
cr1_1364p_00006.cbf,531,558,286,323,27,37,999
cr1_1364p_00007.cbf,532,558,287,323,26,36,936
cr1_1364p_00008.cbf,532,559,287,323,27,36,972
cr1_1365p_00001.cbf,532,559,287,323,27,36,972
cr1_1365p_00002.cbf,532,559,287,324,27,37,999
cr1_1365p_00003.cbf,532,558,287,324,26,37,962
cr1_1365p_00004.cbf,532,558,286,323,26,37,962
cr1_1365p_00005.cbf,532,558,285,322,26,37,962
cr1_1365p_00006.cbf,532,558,285,322,26,37,962
cr1_1365p_00007.cbf,532,558,286,323,26,37,962
cr1_1365p_00008.cbf,532,559,287,323,27,36,972
cr1_1366p_00001.cbf,532,559,287,324,27,37,999
cr1_1366p_00002.cbf,532,559,287,324,27,37,999
cr1_1366p_00003.cbf,532,558,287,324,26,37,962
cr1_1366p_00004.cbf,532,558,286,323,26,37,962
cr1_1366p_00005.cbf,531,558,284,322,27,38,1026
cr1_1366p_00006.cbf,532,558,285,322,26,37,962
cr1_1366p_00007.cbf,532,558,286,323,26,37,962
cr1_1366p_00008.cbf,531,559,286,323,28,37,1036
cr1_1367p_00001.cbf,532,559,287,324,27,37,999
cr1_1367p_00002.cbf,531,559,287,324,28,37,1036
cr1_1367p_00003.cbf,531,558,287,324,27,37,999
cr1_1367p_00004.cbf,532,558,286,323,26,37,962
cr1_1367p_00005.cbf,531,558,284,322,27,38,1026
cr1_1367p_00006.cbf,532,558,285,322,26,37,962
cr1_1367p_00007.cbf,531,558,286,323,27,37,999
cr1_1367p_00008.cbf,531,559,286,323,28,37,1036
cr1_1368p_00001.cbf,531,559,287,324,28,37,1036
cr1_1368p_00002.cbf,531,559,287,324,28,37,1036
cr1_1368p_00003.cbf,531,558,287,324,27,37,999
cr1_1368p_00004.cbf,531,558,286,323,27,37,999
cr1_1368p_00005.cbf,531,558,284,322,27,38,1026
cr1_1368p_00006.cbf,531,558,285,323,27,38,1026
cr1_1368p_00007.cbf,531,558,286,324,27,38,1026
cr1_1368p_00008.cbf,532,559,286,324,27,38,1026
cr1_1369p_00001.cbf,532,559,287,324,27,37,999
cr1_1369p_00002.cbf,531,559,287,325,28,38,1064
cr1_1369p_00003.cbf,531,558,287,324,27,37,999
cr1_1369p_00004.cbf,531,558,286,323,27,37,999
cr1_1369p_00005.cbf,531,558,284,323,27,39,1053
cr1_1369p_00006.cbf,531,558,286,323,27,37,999
cr1_1369p_00007.cbf,532,558,286,323,26,37,962
cr1_1369p_00008.cbf,531,559,286,323,28,37,1036
cr1_1370p_00001.cbf,532,559,287,324,27,37,999
cr1_1370p_00002.cbf,531,559,287,324,28,37,1036
cr1_1370p_00003.cbf,532,558,287,324,26,37,962
cr1_1370p_00004.cbf,531,558,286,323,27,37,999
cr1_1370p_00005.cbf,531,558,284,322,27,38,1026
cr1_1370p_00006.cbf,531,558,285,323,27,38,1026
cr1_1370p_00007.cbf,531,558,286,324,27,38,1026
cr1_1370p_00008.cbf,532,559,287,324,27,37,999
cr1_1371p_00001.cbf,532,559,287,324,27,37,999
cr1_1371p_00002.cbf,532,559,287,324,27,37,999
cr1_1371p_00003.cbf,531,558,287,324,27,37,999
cr1_1371p_00004.cbf,531,558,286,323,27,37,999
cr1_1371p_00005.cbf,531,558,284,322,27,38,1026
cr1_1371p_00006.cbf,531,558,285,323,27,38,1026
cr1_1371p_00007.cbf,531,558,286,324,27,38,1026
cr1_1371p_00008.cbf,531,559,287,324,28,37,1036
cr1_1372p_00001.cbf,531,559,287,324,28,37,1036
cr1_1372p_00002.cbf,532,559,287,325,27,38,1026
cr1_1372p_00003.cbf,531,558,287,325,27,38,1026
cr1_1372p_00004.cbf,531,558,286,324,27,38,1026
cr1_1372p_00005.cbf,531,558,284,322,27,38,1026
cr1_1372p_00006.cbf,531,558,285,323,27,38,1026
cr1_1372p_00007.cbf,532,558,286,324,26,38,988
cr1_1372p_00008.cbf,531,559,286,324,28,38,1064
cr1_1373p_00001.cbf,532,559,287,324,27,37,999
cr1_1373p_00002.cbf,532,559,287,325,27,38,1026
cr1_1373p_00003.cbf,531,558,287,325,27,38,1026
cr1_1373p_00004.cbf,531,558,285,324,27,39,1053
cr1_1373p_00005.cbf,531,558,284,322,27,38,1026
cr1_1373p_00006.cbf,532,558,284,322,26,38,988
cr1_1373p_00007.cbf,532,558,286,324,26,38,988
cr1_1373p_00008.cbf,532,559,287,324,27,37,999
cr1_1374p_00001.cbf,532,559,287,324,27,37,999
cr1_1374p_00002.cbf,531,559,287,325,28,38,1064
cr1_1374p_00003.cbf,531,558,287,324,27,37,999
cr1_1374p_00004.cbf,531,558,286,324,27,38,1026
cr1_1374p_00005.cbf,531,558,284,323,27,39,1053
cr1_1374p_00006.cbf,531,558,285,322,27,37,999
cr1_1374p_00007.cbf,531,558,286,323,27,37,999
cr1_1374p_00008.cbf,532,559,287,323,27,36,972
cr1_1375p_00001.cbf,532,559,287,324,27,37,999
cr1_1375p_00002.cbf,531,559,287,324,28,37,1036
cr1_1375p_00003.cbf,531,558,287,324,27,37,999
cr1_1375p_00004.cbf,531,558,286,323,27,37,999
cr1_1375p_00005.cbf,531,558,284,322,27,38,1026
cr1_1375p_00006.cbf,531,558,285,322,27,37,999
cr1_1375p_00007.cbf,531,558,286,323,27,37,999
cr1_1375p_00008.cbf,531,559,286,323,28,37,1036
cr1_1376p_00001.cbf,531,559,287,323,28,36,1008
cr1_1376p_00002.cbf,532,559,287,324,27,37,999
cr1_1376p_00003.cbf,531,558,286,324,27,38,1026
cr1_1376p_00004.cbf,531,558,286,323,27,37,999
cr1_1376p_00005.cbf,531,557,285,322,26,37,962
cr1_1376p_00006.cbf,531,557,285,322,26,37,962
cr1_1376p_00007.cbf,531,558,285,323,27,38,1026
cr1_1376p_00008.cbf,532,559,286,323,27,37,999
cr1_1377p_00001.cbf,531,559,286,323,28,37,1036
cr1_1377p_00002.cbf,531,559,287,324,28,37,1036
cr1_1377p_00003.cbf,531,558,286,324,27,38,1026
cr1_1377p_00004.cbf,531,558,285,323,27,38,1026
cr1_1377p_00005.cbf,531,558,284,322,27,38,1026
cr1_1377p_00006.cbf,531,558,285,322,27,37,999
cr1_1377p_00007.cbf,532,558,286,323,26,37,962
cr1_1377p_00008.cbf,532,559,286,323,27,37,999
cr1_1378p_00001.cbf,531,559,286,323,28,37,1036
cr1_1378p_00002.cbf,532,559,287,324,27,37,999
cr1_1378p_00003.cbf,531,558,287,324,27,37,999
cr1_1378p_00004.cbf,532,558,285,323,26,38,988
cr1_1378p_00005.cbf,531,558,284,322,27,38,1026
cr1_1378p_00006.cbf,532,558,284,322,26,38,988
cr1_1378p_00007.cbf,531,558,285,323,27,38,1026
cr1_1378p_00008.cbf,531,559,286,324,28,38,1064
cr1_1379p_00001.cbf,531,559,286,324,28,38,1064
cr1_1379p_00002.cbf,531,559,287,324,28,37,1036
cr1_1379p_00003.cbf,531,558,287,324,27,37,999
cr1_1379p_00004.cbf,532,558,285,323,26,38,988
cr1_1379p_00005.cbf,531,558,284,323,27,39,1053
cr1_1379p_00006.cbf,532,558,285,323,26,38,988
cr1_1379p_00007.cbf,531,558,286,324,27,38,1026
cr1_1379p_00008.cbf,531,559,286,324,28,38,1064
cr1_1380p_00001.cbf,531,559,286,324,28,38,1064
cr1_1380p_00002.cbf,532,559,287,325,27,38,1026
cr1_1380p_00003.cbf,531,558,287,324,27,37,999
cr1_1380p_00004.cbf,532,558,286,324,26,38,988
cr1_1380p_00005.cbf,532,558,284,323,26,39,1014
cr1_1380p_00006.cbf,531,558,285,323,27,38,1026
cr1_1380p_00007.cbf,531,558,286,323,27,37,999
cr1_1380p_00008.cbf,531,559,286,324,28,38,1064
cr1_1381p_00001.cbf,532,559,287,324,27,37,999
cr1_1381p_00002.cbf,532,559,287,324,27,37,999
cr1_1381p_00003.cbf,531,558,287,324,27,37,999
cr1_1381p_00004.cbf,531,558,286,324,27,38,1026
cr1_1381p_00005.cbf,531,558,284,323,27,39,1053
cr1_1381p_00006.cbf,532,558,285,323,26,38,988
cr1_1381p_00007.cbf,531,558,286,323,27,37,999
cr1_1381p_00008.cbf,532,559,286,324,27,38,1026
cr1_1382p_00001.cbf,531,559,287,324,28,37,1036
cr1_1382p_00002.cbf,532,559,287,324,27,37,999
cr1_1382p_00003.cbf,531,558,287,324,27,37,999
cr1_1382p_00004.cbf,532,558,286,323,26,37,962
cr1_1382p_00005.cbf,531,558,284,323,27,39,1053
cr1_1382p_00006.cbf,531,558,285,322,27,37,999
cr1_1382p_00007.cbf,532,558,285,323,26,38,988
cr1_1382p_00008.cbf,531,559,286,323,28,37,1036
cr1_1383p_00001.cbf,531,559,287,323,28,36,1008
cr1_1383p_00002.cbf,532,559,287,324,27,37,999
cr1_1383p_00003.cbf,531,558,287,324,27,37,999
cr1_1383p_00004.cbf,531,558,286,323,27,37,999
cr1_1383p_00005.cbf,531,558,284,322,27,38,1026
cr1_1383p_00006.cbf,532,558,285,322,26,37,962
cr1_1383p_00007.cbf,532,558,286,323,26,37,962
cr1_1383p_00008.cbf,532,559,286,323,27,37,999
cr1_1384p_00001.cbf,532,559,286,323,27,37,999
cr1_1384p_00002.cbf,531,559,287,324,28,37,1036
cr1_1384p_00003.cbf,531,558,287,324,27,37,999
cr1_1384p_00004.cbf,531,558,286,323,27,37,999
cr1_1384p_00005.cbf,531,558,284,323,27,39,1053
cr1_1384p_00006.cbf,531,558,285,323,27,38,1026
cr1_1384p_00007.cbf,532,558,286,324,26,38,988
cr1_1384p_00008.cbf,532,559,287,324,27,37,999
cr1_1385p_00001.cbf,532,559,287,324,27,37,999
cr1_1385p_00002.cbf,531,559,287,324,28,37,1036
cr1_1385p_00003.cbf,531,558,287,325,27,38,1026
cr1_1385p_00004.cbf,532,558,285,323,26,38,988
cr1_1385p_00005.cbf,531,558,284,323,27,39,1053
cr1_1385p_00006.cbf,532,558,285,323,26,38,988
cr1_1385p_00007.cbf,532,558,286,323,26,37,962
cr1_1385p_00008.cbf,532,559,287,324,27,37,999
cr1_1386p_00001.cbf,531,559,287,324,28,37,1036
cr1_1386p_00002.cbf,532,559,287,324,27,37,999
cr1_1386p_00003.cbf,531,558,287,324,27,37,999
cr1_1386p_00004.cbf,532,558,286,323,26,37,962
cr1_1386p_00005.cbf,531,558,284,323,27,39,1053
cr1_1386p_00006.cbf,531,558,285,323,27,38,1026
cr1_1386p_00007.cbf,532,558,286,324,26,38,988
cr1_1386p_00008.cbf,531,559,287,324,28,37,1036
cr1_1387p_00001.cbf,532,559,287,324,27,37,999
cr1_1387p_00002.cbf,531,559,287,325,28,38,1064
cr1_1387p_00003.cbf,531,558,287,324,27,37,999
cr1_1387p_00004.cbf,532,558,286,324,26,38,988
cr1_1387p_00005.cbf,531,558,284,322,27,38,1026
cr1_1387p_00006.cbf,531,558,285,323,27,38,1026
cr1_1387p_00007.cbf,531,558,286,324,27,38,1026
cr1_1387p_00008.cbf,532,559,286,324,27,38,1026
cr1_1388p_00001.cbf,531,559,286,324,28,38,1064
cr1_1388p_00002.cbf,531,559,287,325,28,38,1064
cr1_1388p_00003.cbf,531,558,287,325,27,38,1026
cr1_1388p_00004.cbf,531,558,285,323,27,38,1026
cr1_1388p_00005.cbf,531,558,283,322,27,39,1053
cr1_1388p_00006.cbf,531,558,285,323,27,38,1026
cr1_1388p_00007.cbf,532,558,286,324,26,38,988
cr1_1388p_00008.cbf,532,559,286,324,27,38,1026
cr1_1389p_00001.cbf,532,559,287,324,27,37,999
cr1_1389p_00002.cbf,532,559,287,325,27,38,1026
cr1_1389p_00003.cbf,531,558,287,325,27,38,1026
cr1_1389p_00004.cbf,531,558,286,323,27,37,999
cr1_1389p_00005.cbf,531,558,284,323,27,39,1053
cr1_1389p_00006.cbf,532,558,285,323,26,38,988
cr1_1389p_00007.cbf,531,558,286,324,27,38,1026
cr1_1389p_00008.cbf,532,559,287,324,27,37,999
cr1_1390p_00001.cbf,532,559,287,325,27,38,1026
cr1_1390p_00002.cbf,532,559,287,325,27,38,1026
cr1_1390p_00003.cbf,531,558,287,325,27,38,1026
cr1_1390p_00004.cbf,531,558,286,324,27,38,1026
cr1_1390p_00005.cbf,531,558,284,322,27,38,1026
cr1_1390p_00006.cbf,531,558,285,323,27,38,1026
cr1_1390p_00007.cbf,531,558,286,324,27,38,1026
cr1_1390p_00008.cbf,532,559,287,324,27,37,999
cr1_1391p_00001.cbf,531,559,287,324,28,37,1036
cr1_1391p_00002.cbf,532,559,287,325,27,38,1026
cr1_1391p_00003.cbf,532,558,287,325,26,38,988
cr1_1391p_00004.cbf,531,558,286,324,27,38,1026
cr1_1391p_00005.cbf,531,558,285,323,27,38,1026
cr1_1391p_00006.cbf,532,558,285,324,26,39,1014
cr1_1391p_00007.cbf,532,558,286,324,26,38,988
cr1_1391p_00008.cbf,531,559,286,324,28,38,1064
cr1_1392p_00001.cbf,532,559,287,325,27,38,1026
cr1_1392p_00002.cbf,531,559,287,325,28,38,1064
cr1_1392p_00003.cbf,531,558,287,325,27,38,1026
cr1_1392p_00004.cbf,532,558,285,324,26,39,1014
cr1_1392p_00005.cbf,532,558,284,322,26,38,988
cr1_1392p_00006.cbf,531,558,285,323,27,38,1026
cr1_1392p_00007.cbf,532,558,286,324,26,38,988
cr1_1392p_00008.cbf,531,558,286,324,27,38,1026
cr1_1393p_00001.cbf,532,559,287,324,27,37,999
cr1_1393p_00002.cbf,532,559,287,325,27,38,1026
cr1_1393p_00003.cbf,532,558,287,325,26,38,988
cr1_1393p_00004.cbf,531,558,286,323,27,37,999
cr1_1393p_00005.cbf,531,558,284,323,27,39,1053
cr1_1393p_00006.cbf,532,558,285,324,26,39,1014
cr1_1393p_00007.cbf,532,558,286,324,26,38,988
cr1_1393p_00008.cbf,532,559,287,324,27,37,999
cr1_1394p_00001.cbf,532,559,287,324,27,37,999
cr1_1394p_00002.cbf,531,559,287,325,28,38,1064
cr1_1394p_00003.cbf,531,558,287,325,27,38,1026
cr1_1394p_00004.cbf,531,558,286,324,27,38,1026
cr1_1394p_00005.cbf,531,558,285,323,27,38,1026
cr1_1394p_00006.cbf,532,558,285,324,26,39,1014
cr1_1394p_00007.cbf,531,558,286,324,27,38,1026
cr1_1394p_00008.cbf,532,559,287,325,27,38,1026
cr1_1395p_00001.cbf,532,559,287,325,27,38,1026
cr1_1395p_00002.cbf,531,559,287,325,28,38,1064
cr1_1395p_00003.cbf,532,558,287,325,26,38,988
cr1_1395p_00004.cbf,531,558,286,324,27,38,1026
cr1_1395p_00005.cbf,532,558,284,322,26,38,988
cr1_1395p_00006.cbf,532,558,285,324,26,39,1014
cr1_1395p_00007.cbf,531,558,286,324,27,38,1026
cr1_1395p_00008.cbf,532,559,287,325,27,38,1026
cr1_1396p_00001.cbf,532,559,287,325,27,38,1026
cr1_1396p_00002.cbf,532,559,287,325,27,38,1026
cr1_1396p_00003.cbf,531,558,287,325,27,38,1026
cr1_1396p_00004.cbf,531,558,286,324,27,38,1026
cr1_1396p_00005.cbf,531,558,284,322,27,38,1026
cr1_1396p_00006.cbf,532,558,285,323,26,38,988
cr1_1396p_00007.cbf,531,558,286,324,27,38,1026
cr1_1396p_00008.cbf,532,559,287,325,27,38,1026
cr1_1397p_00001.cbf,532,559,287,325,27,38,1026
cr1_1397p_00002.cbf,532,559,287,325,27,38,1026
cr1_1397p_00003.cbf,531,558,287,325,27,38,1026
cr1_1397p_00004.cbf,531,558,286,323,27,37,999
cr1_1397p_00005.cbf,532,558,284,322,26,38,988
cr1_1397p_00006.cbf,532,558,285,323,26,38,988
cr1_1397p_00007.cbf,532,558,286,324,26,38,988
cr1_1397p_00008.cbf,532,559,287,324,27,37,999
cr1_1398p_00001.cbf,532,559,287,325,27,38,1026
cr1_1398p_00002.cbf,532,559,287,325,27,38,1026
cr1_1398p_00003.cbf,531,558,287,325,27,38,1026
cr1_1398p_00004.cbf,531,558,286,324,27,38,1026
cr1_1398p_00005.cbf,531,558,284,323,27,39,1053
cr1_1398p_00006.cbf,532,558,285,324,26,39,1014
cr1_1398p_00007.cbf,532,558,286,324,26,38,988
cr1_1398p_00008.cbf,532,559,286,325,27,39,1053
cr1_1399p_00001.cbf,532,559,287,325,27,38,1026
cr1_1399p_00002.cbf,532,559,287,325,27,38,1026
cr1_1399p_00003.cbf,531,558,287,325,27,38,1026
cr1_1399p_00004.cbf,531,558,285,324,27,39,1053
cr1_1399p_00005.cbf,531,558,285,323,27,38,1026
cr1_1399p_00006.cbf,532,558,285,324,26,39,1014
cr1_1399p_00007.cbf,532,558,286,324,26,38,988
cr1_1399p_00008.cbf,532,559,286,324,27,38,1026
cr1_1400p_00001.cbf,531,559,287,325,28,38,1064
cr1_1400p_00002.cbf,531,559,287,325,28,38,1064
cr1_1400p_00003.cbf,531,558,287,325,27,38,1026
cr1_1400p_00004.cbf,531,558,286,324,27,38,1026
cr1_1400p_00005.cbf,531,558,284,323,27,39,1053
cr1_1400p_00006.cbf,531,558,285,323,27,38,1026
cr1_1400p_00007.cbf,531,558,286,324,27,38,1026
cr1_1400p_00008.cbf,532,559,287,325,27,38,1026
cr1_1401p_00001.cbf,531,559,286,325,28,39,1092
cr1_1401p_00002.cbf,531,559,287,325,28,38,1064
cr1_1401p_00003.cbf,531,558,287,325,27,38,1026
cr1_1401p_00004.cbf,531,558,285,324,27,39,1053
cr1_1401p_00005.cbf,531,558,284,323,27,39,1053
cr1_1401p_00006.cbf,532,558,285,323,26,38,988
cr1_1401p_00007.cbf,532,558,286,324,26,38,988
cr1_1401p_00008.cbf,531,559,286,325,28,39,1092
cr1_1402p_00001.cbf,531,559,287,325,28,38,1064
cr1_1402p_00002.cbf,531,559,287,325,28,38,1064
cr1_1402p_00003.cbf,531,558,287,325,27,38,1026
cr1_1402p_00004.cbf,531,558,285,324,27,39,1053
cr1_1402p_00005.cbf,531,558,284,323,27,39,1053
cr1_1402p_00006.cbf,532,558,285,323,26,38,988
cr1_1402p_00007.cbf,531,558,285,323,27,38,1026
cr1_1402p_00008.cbf,531,559,286,325,28,39,1092
cr1_1403p_00001.cbf,532,559,287,324,27,37,999
cr1_1403p_00002.cbf,531,559,287,325,28,38,1064
cr1_1403p_00003.cbf,531,558,287,325,27,38,1026
cr1_1403p_00004.cbf,531,558,285,324,27,39,1053
cr1_1403p_00005.cbf,531,558,284,323,27,39,1053
cr1_1403p_00006.cbf,531,558,285,323,27,38,1026
cr1_1403p_00007.cbf,531,558,286,324,27,38,1026
cr1_1403p_00008.cbf,532,559,286,325,27,39,1053
cr1_1404p_00001.cbf,531,559,287,325,28,38,1064
cr1_1404p_00002.cbf,531,559,287,325,28,38,1064
cr1_1404p_00003.cbf,531,558,287,325,27,38,1026
cr1_1404p_00004.cbf,531,558,286,324,27,38,1026
cr1_1404p_00005.cbf,531,558,284,322,27,38,1026
cr1_1404p_00006.cbf,531,558,285,323,27,38,1026
cr1_1404p_00007.cbf,531,558,286,324,27,38,1026
cr1_1404p_00008.cbf,531,559,287,324,28,37,1036
cr1_1405p_00001.cbf,532,559,286,325,27,39,1053
cr1_1405p_00002.cbf,531,559,287,325,28,38,1064
cr1_1405p_00003.cbf,531,558,286,325,27,39,1053
cr1_1405p_00004.cbf,532,558,286,324,26,38,988
cr1_1405p_00005.cbf,531,558,284,323,27,39,1053
cr1_1405p_00006.cbf,531,558,285,324,27,39,1053
cr1_1405p_00007.cbf,531,558,286,324,27,38,1026
cr1_1405p_00008.cbf,531,559,286,325,28,39,1092
cr1_1406p_00001.cbf,531,559,287,325,28,38,1064
cr1_1406p_00002.cbf,531,559,287,325,28,38,1064
cr1_1406p_00003.cbf,531,558,287,325,27,38,1026
cr1_1406p_00004.cbf,532,558,286,324,26,38,988
cr1_1406p_00005.cbf,531,558,284,323,27,39,1053
cr1_1406p_00006.cbf,531,558,285,323,27,38,1026
cr1_1406p_00007.cbf,531,558,286,324,27,38,1026
cr1_1406p_00008.cbf,532,559,286,324,27,38,1026
cr1_1407p_00001.cbf,531,559,287,324,28,37,1036
cr1_1407p_00002.cbf,531,559,287,325,28,38,1064
cr1_1407p_00003.cbf,531,558,287,325,27,38,1026
cr1_1407p_00004.cbf,531,558,285,323,27,38,1026
cr1_1407p_00005.cbf,531,558,284,322,27,38,1026
cr1_1407p_00006.cbf,532,558,284,323,26,39,1014
cr1_1407p_00007.cbf,531,558,286,324,27,38,1026
cr1_1407p_00008.cbf,531,559,287,325,28,38,1064
cr1_1408p_00001.cbf,532,559,287,325,27,38,1026
cr1_1408p_00002.cbf,531,559,287,325,28,38,1064
cr1_1408p_00003.cbf,531,558,287,325,27,38,1026
cr1_1408p_00004.cbf,531,558,285,324,27,39,1053
cr1_1408p_00005.cbf,531,558,284,323,27,39,1053
cr1_1408p_00006.cbf,531,558,285,323,27,38,1026
cr1_1408p_00007.cbf,531,558,286,324,27,38,1026
cr1_1408p_00008.cbf,531,559,286,324,28,38,1064
cr1_1409p_00001.cbf,531,559,286,324,28,38,1064
cr1_1409p_00002.cbf,531,559,287,325,28,38,1064
cr1_1409p_00003.cbf,532,558,287,325,26,38,988
cr1_1409p_00004.cbf,531,558,285,324,27,39,1053
cr1_1409p_00005.cbf,531,558,284,323,27,39,1053
cr1_1409p_00006.cbf,531,558,285,323,27,38,1026
cr1_1409p_00007.cbf,532,558,286,324,26,38,988
cr1_1409p_00008.cbf,532,559,286,325,27,39,1053
cr1_1410p_00001.cbf,532,559,286,325,27,39,1053
cr1_1410p_00002.cbf,532,559,287,325,27,38,1026
cr1_1410p_00003.cbf,531,558,287,325,27,38,1026
cr1_1410p_00004.cbf,531,558,286,324,27,38,1026
cr1_1410p_00005.cbf,531,558,284,323,27,39,1053
cr1_1410p_00006.cbf,531,558,285,323,27,38,1026
cr1_1410p_00007.cbf,532,558,286,324,26,38,988
cr1_1410p_00008.cbf,531,559,286,324,28,38,1064
cr1_1411p_00001.cbf,532,559,287,324,27,37,999
cr1_1411p_00002.cbf,531,559,287,325,28,38,1064
cr1_1411p_00003.cbf,531,558,287,325,27,38,1026
cr1_1411p_00004.cbf,531,558,285,324,27,39,1053
cr1_1411p_00005.cbf,531,558,284,323,27,39,1053
cr1_1411p_00006.cbf,531,558,285,323,27,38,1026
cr1_1411p_00007.cbf,531,558,286,323,27,37,999
cr1_1411p_00008.cbf,531,559,287,324,28,37,1036
cr1_1412p_00001.cbf,531,559,287,324,28,37,1036
cr1_1412p_00002.cbf,532,559,287,324,27,37,999
cr1_1412p_00003.cbf,531,559,286,324,28,38,1064
cr1_1412p_00004.cbf,531,558,285,323,27,38,1026
cr1_1412p_00005.cbf,531,557,284,323,26,39,1014
cr1_1412p_00006.cbf,531,558,284,323,27,39,1053
cr1_1412p_00007.cbf,531,558,286,323,27,37,999
cr1_1412p_00008.cbf,531,559,287,324,28,37,1036
cr1_1413p_00001.cbf,531,559,287,324,28,37,1036
cr1_1413p_00002.cbf,531,559,287,324,28,37,1036
cr1_1413p_00003.cbf,531,558,287,324,27,37,999
cr1_1413p_00004.cbf,531,558,285,323,27,38,1026
cr1_1413p_00005.cbf,531,557,284,323,26,39,1014
cr1_1413p_00006.cbf,531,558,285,322,27,37,999
cr1_1413p_00007.cbf,531,558,285,323,27,38,1026
cr1_1413p_00008.cbf,531,559,286,324,28,38,1064
cr1_1414p_00001.cbf,531,559,286,324,28,38,1064
cr1_1414p_00002.cbf,531,559,287,324,28,37,1036
cr1_1414p_00003.cbf,531,558,287,324,27,37,999
cr1_1414p_00004.cbf,531,558,285,323,27,38,1026
cr1_1414p_00005.cbf,531,558,284,322,27,38,1026
cr1_1414p_00006.cbf,531,558,285,323,27,38,1026
cr1_1414p_00007.cbf,532,558,286,324,26,38,988
cr1_1414p_00008.cbf,531,559,287,324,28,37,1036
cr1_1415p_00001.cbf,531,559,287,324,28,37,1036
cr1_1415p_00002.cbf,531,559,287,325,28,38,1064
cr1_1415p_00003.cbf,531,558,287,324,27,37,999
cr1_1415p_00004.cbf,531,558,286,323,27,37,999
cr1_1415p_00005.cbf,531,558,284,322,27,38,1026
cr1_1415p_00006.cbf,531,558,285,322,27,37,999
cr1_1415p_00007.cbf,532,558,286,324,26,38,988
cr1_1415p_00008.cbf,531,559,287,324,28,37,1036
cr1_1416p_00001.cbf,532,559,287,324,27,37,999
cr1_1416p_00002.cbf,531,559,287,324,28,37,1036
cr1_1416p_00003.cbf,531,558,287,324,27,37,999
cr1_1416p_00004.cbf,531,558,286,323,27,37,999
cr1_1416p_00005.cbf,531,558,284,322,27,38,1026
cr1_1416p_00006.cbf,531,558,285,322,27,37,999
cr1_1416p_00007.cbf,531,558,286,323,27,37,999
cr1_1416p_00008.cbf,532,559,287,324,27,37,999
cr1_1417p_00001.cbf,532,559,287,324,27,37,999
cr1_1417p_00002.cbf,531,559,287,324,28,37,1036
cr1_1417p_00003.cbf,531,558,287,324,27,37,999
cr1_1417p_00004.cbf,532,558,285,323,26,38,988
cr1_1417p_00005.cbf,531,558,284,323,27,39,1053
cr1_1417p_00006.cbf,532,558,285,322,26,37,962
cr1_1417p_00007.cbf,531,558,286,323,27,37,999
cr1_1417p_00008.cbf,531,559,286,324,28,38,1064
cr1_1418p_00001.cbf,532,559,287,324,27,37,999
cr1_1418p_00002.cbf,531,559,287,324,28,37,1036
cr1_1418p_00003.cbf,531,558,287,324,27,37,999
cr1_1418p_00004.cbf,531,558,286,323,27,37,999
cr1_1418p_00005.cbf,531,558,284,322,27,38,1026
cr1_1418p_00006.cbf,531,558,285,322,27,37,999
cr1_1418p_00007.cbf,531,558,286,323,27,37,999
cr1_1418p_00008.cbf,531,559,286,324,28,38,1064
cr1_1419p_00001.cbf,531,559,287,324,28,37,1036
cr1_1419p_00002.cbf,532,559,287,324,27,37,999
cr1_1419p_00003.cbf,531,558,287,324,27,37,999
cr1_1419p_00004.cbf,531,558,285,323,27,38,1026
cr1_1419p_00005.cbf,531,558,283,322,27,39,1053
cr1_1419p_00006.cbf,532,558,285,322,26,37,962
cr1_1419p_00007.cbf,531,558,286,323,27,37,999
cr1_1419p_00008.cbf,531,559,286,323,28,37,1036
cr1_1420p_00001.cbf,532,559,287,324,27,37,999
cr1_1420p_00002.cbf,531,559,287,324,28,37,1036
cr1_1420p_00003.cbf,531,558,287,324,27,37,999
cr1_1420p_00004.cbf,531,558,286,323,27,37,999
cr1_1420p_00005.cbf,531,558,284,323,27,39,1053
cr1_1420p_00006.cbf,531,558,285,322,27,37,999
cr1_1420p_00007.cbf,532,558,285,323,26,38,988
cr1_1420p_00008.cbf,531,559,287,324,28,37,1036
cr1_1421p_00001.cbf,532,559,287,324,27,37,999
cr1_1421p_00002.cbf,532,559,287,324,27,37,999
cr1_1421p_00003.cbf,531,558,287,324,27,37,999
cr1_1421p_00004.cbf,531,558,285,323,27,38,1026
cr1_1421p_00005.cbf,532,558,284,322,26,38,988
cr1_1421p_00006.cbf,532,558,284,323,26,39,1014
cr1_1421p_00007.cbf,531,558,286,323,27,37,999
cr1_1421p_00008.cbf,532,559,287,324,27,37,999
cr1_1422p_00001.cbf,532,559,287,324,27,37,999
cr1_1422p_00002.cbf,531,559,287,324,28,37,1036
cr1_1422p_00003.cbf,531,558,287,324,27,37,999
cr1_1422p_00004.cbf,531,558,285,323,27,38,1026
cr1_1422p_00005.cbf,531,558,284,322,27,38,1026
cr1_1422p_00006.cbf,531,558,285,323,27,38,1026
cr1_1422p_00007.cbf,531,558,286,323,27,37,999
cr1_1422p_00008.cbf,532,559,287,324,27,37,999
cr1_1423p_00001.cbf,532,559,287,324,27,37,999
cr1_1423p_00002.cbf,531,559,287,324,28,37,1036
cr1_1423p_00003.cbf,531,558,287,324,27,37,999
cr1_1423p_00004.cbf,531,558,286,323,27,37,999
cr1_1423p_00005.cbf,531,558,284,322,27,38,1026
cr1_1423p_00006.cbf,531,558,285,323,27,38,1026
cr1_1423p_00007.cbf,531,558,285,323,27,38,1026
cr1_1423p_00008.cbf,532,559,287,323,27,36,972
cr1_1424p_00001.cbf,532,559,287,323,27,36,972
cr1_1424p_00002.cbf,532,559,287,324,27,37,999
cr1_1424p_00003.cbf,531,558,287,324,27,37,999
cr1_1424p_00004.cbf,531,558,285,323,27,38,1026
cr1_1424p_00005.cbf,531,558,284,323,27,39,1053
cr1_1424p_00006.cbf,532,558,285,322,26,37,962
cr1_1424p_00007.cbf,531,558,286,323,27,37,999
cr1_1424p_00008.cbf,531,559,287,324,28,37,1036
cr1_1425p_00001.cbf,531,559,286,324,28,38,1064
cr1_1425p_00002.cbf,531,559,287,324,28,37,1036
cr1_1425p_00003.cbf,531,558,287,324,27,37,999
cr1_1425p_00004.cbf,531,558,285,323,27,38,1026
cr1_1425p_00005.cbf,531,558,284,323,27,39,1053
cr1_1425p_00006.cbf,531,558,285,323,27,38,1026
cr1_1425p_00007.cbf,532,558,286,324,26,38,988
cr1_1425p_00008.cbf,531,559,286,324,28,38,1064
cr1_1426p_00001.cbf,532,559,287,324,27,37,999
cr1_1426p_00002.cbf,532,559,287,324,27,37,999
cr1_1426p_00003.cbf,531,558,287,325,27,38,1026
cr1_1426p_00004.cbf,532,558,286,323,26,37,962
cr1_1426p_00005.cbf,531,558,284,323,27,39,1053
cr1_1426p_00006.cbf,531,558,285,323,27,38,1026
cr1_1426p_00007.cbf,532,558,286,323,26,37,962
cr1_1426p_00008.cbf,531,559,287,324,28,37,1036
cr1_1427p_00001.cbf,531,559,287,324,28,37,1036
cr1_1427p_00002.cbf,532,559,287,324,27,37,999
cr1_1427p_00003.cbf,531,558,287,324,27,37,999
cr1_1427p_00004.cbf,531,558,285,323,27,38,1026
cr1_1427p_00005.cbf,531,558,284,322,27,38,1026
cr1_1427p_00006.cbf,532,558,285,322,26,37,962
cr1_1427p_00007.cbf,531,558,286,323,27,37,999
cr1_1427p_00008.cbf,531,559,287,324,28,37,1036
cr1_1428p_00001.cbf,532,559,287,324,27,37,999
cr1_1428p_00002.cbf,532,559,287,324,27,37,999
cr1_1428p_00003.cbf,531,558,287,324,27,37,999
cr1_1428p_00004.cbf,531,558,286,323,27,37,999
cr1_1428p_00005.cbf,531,558,284,323,27,39,1053
cr1_1428p_00006.cbf,531,558,285,322,27,37,999
cr1_1428p_00007.cbf,532,558,286,323,26,37,962
cr1_1428p_00008.cbf,532,559,287,324,27,37,999
cr1_1429p_00001.cbf,531,559,287,324,28,37,1036
cr1_1429p_00002.cbf,531,559,287,324,28,37,1036
cr1_1429p_00003.cbf,531,558,287,324,27,37,999
cr1_1429p_00004.cbf,532,558,286,323,26,37,962
cr1_1429p_00005.cbf,531,558,284,322,27,38,1026
cr1_1429p_00006.cbf,532,558,285,322,26,37,962
cr1_1429p_00007.cbf,531,558,286,323,27,37,999
cr1_1429p_00008.cbf,532,559,286,324,27,38,1026
cr1_1430p_00001.cbf,532,559,287,324,27,37,999
cr1_1430p_00002.cbf,531,559,287,324,28,37,1036
cr1_1430p_00003.cbf,531,558,287,324,27,37,999
cr1_1430p_00004.cbf,531,558,285,323,27,38,1026
cr1_1430p_00005.cbf,531,558,284,322,27,38,1026
cr1_1430p_00006.cbf,531,558,285,322,27,37,999
cr1_1430p_00007.cbf,531,558,286,323,27,37,999
cr1_1430p_00008.cbf,532,559,287,324,27,37,999
cr1_1431p_00001.cbf,532,559,287,324,27,37,999
cr1_1431p_00002.cbf,531,559,287,324,28,37,1036
cr1_1431p_00003.cbf,531,558,287,324,27,37,999
cr1_1431p_00004.cbf,531,558,286,323,27,37,999
cr1_1431p_00005.cbf,532,558,284,322,26,38,988
cr1_1431p_00006.cbf,532,558,285,322,26,37,962
cr1_1431p_00007.cbf,531,558,286,323,27,37,999
cr1_1431p_00008.cbf,531,559,287,324,28,37,1036
cr1_1432p_00001.cbf,531,559,287,324,28,37,1036
cr1_1432p_00002.cbf,531,559,287,324,28,37,1036
cr1_1432p_00003.cbf,531,558,287,324,27,37,999
cr1_1432p_00004.cbf,532,558,286,323,26,37,962
cr1_1432p_00005.cbf,531,558,285,322,27,37,999
cr1_1432p_00006.cbf,532,558,285,322,26,37,962
cr1_1432p_00007.cbf,531,559,286,323,28,37,1036
cr1_1432p_00008.cbf,532,559,286,324,27,38,1026
cr1_1433p_00001.cbf,532,559,287,324,27,37,999
cr1_1433p_00002.cbf,531,559,287,324,28,37,1036
cr1_1433p_00003.cbf,531,558,287,324,27,37,999
cr1_1433p_00004.cbf,531,558,285,323,27,38,1026
cr1_1433p_00005.cbf,531,558,284,322,27,38,1026
cr1_1433p_00006.cbf,531,558,285,323,27,38,1026
cr1_1433p_00007.cbf,531,559,286,323,28,37,1036
cr1_1433p_00008.cbf,531,559,287,324,28,37,1036
cr1_1434p_00001.cbf,531,559,287,324,28,37,1036
cr1_1434p_00002.cbf,531,559,287,324,28,37,1036
cr1_1434p_00003.cbf,530,559,287,324,29,37,1073
cr1_1434p_00004.cbf,531,558,286,323,27,37,999
cr1_1434p_00005.cbf,531,558,284,322,27,38,1026
cr1_1434p_00006.cbf,531,558,285,323,27,38,1026
cr1_1434p_00007.cbf,531,558,286,324,27,38,1026
cr1_1434p_00008.cbf,531,559,286,324,28,38,1064
cr1_1435p_00001.cbf,531,559,287,324,28,37,1036
cr1_1435p_00002.cbf,531,559,287,324,28,37,1036
cr1_1435p_00003.cbf,531,558,287,324,27,37,999
cr1_1435p_00004.cbf,531,558,286,323,27,37,999
cr1_1435p_00005.cbf,531,558,285,323,27,38,1026
cr1_1435p_00006.cbf,531,558,285,323,27,38,1026
cr1_1435p_00007.cbf,531,558,286,324,27,38,1026
cr1_1435p_00008.cbf,532,559,287,324,27,37,999
cr1_1436p_00001.cbf,531,559,286,324,28,38,1064
cr1_1436p_00002.cbf,531,559,287,324,28,37,1036
cr1_1436p_00003.cbf,531,558,287,325,27,38,1026
cr1_1436p_00004.cbf,531,558,286,324,27,38,1026
cr1_1436p_00005.cbf,531,558,284,322,27,38,1026
cr1_1436p_00006.cbf,531,558,285,323,27,38,1026
cr1_1436p_00007.cbf,531,558,286,323,27,37,999
cr1_1436p_00008.cbf,531,559,286,324,28,38,1064
cr1_1437p_00001.cbf,532,559,287,324,27,37,999
cr1_1437p_00002.cbf,531,559,287,324,28,37,1036
cr1_1437p_00003.cbf,531,558,287,324,27,37,999
cr1_1437p_00004.cbf,531,558,285,323,27,38,1026
cr1_1437p_00005.cbf,531,558,284,322,27,38,1026
cr1_1437p_00006.cbf,531,558,285,323,27,38,1026
cr1_1437p_00007.cbf,531,558,286,323,27,37,999
cr1_1437p_00008.cbf,531,559,286,324,28,38,1064
cr1_1438p_00001.cbf,531,559,287,324,28,37,1036
cr1_1438p_00002.cbf,531,559,287,324,28,37,1036
cr1_1438p_00003.cbf,531,558,286,324,27,38,1026
cr1_1438p_00004.cbf,531,558,285,323,27,38,1026
cr1_1438p_00005.cbf,531,558,284,323,27,39,1053
cr1_1438p_00006.cbf,532,558,285,323,26,38,988
cr1_1438p_00007.cbf,531,558,286,323,27,37,999
cr1_1438p_00008.cbf,531,559,287,324,28,37,1036
cr1_1439p_00001.cbf,531,559,287,324,28,37,1036
cr1_1439p_00002.cbf,531,559,287,324,28,37,1036
cr1_1439p_00003.cbf,531,558,287,324,27,37,999
cr1_1439p_00004.cbf,531,558,285,323,27,38,1026
cr1_1439p_00005.cbf,531,558,285,322,27,37,999
cr1_1439p_00006.cbf,531,558,285,323,27,38,1026
cr1_1439p_00007.cbf,531,558,286,323,27,37,999
cr1_1439p_00008.cbf,531,559,287,324,28,37,1036
cr1_1440p_00001.cbf,531,559,287,324,28,37,1036
cr1_1440p_00002.cbf,531,559,287,324,28,37,1036
cr1_1440p_00003.cbf,531,558,287,324,27,37,999
cr1_1440p_00004.cbf,531,558,286,323,27,37,999
cr1_1440p_00005.cbf,531,558,285,322,27,37,999
cr1_1440p_00006.cbf,531,558,285,322,27,37,999
cr1_1440p_00007.cbf,531,558,286,323,27,37,999
cr1_1440p_00008.cbf,532,559,286,324,27,38,1026
cr1_1441p_00001.cbf,531,559,287,324,28,37,1036
cr1_1441p_00002.cbf,531,559,287,324,28,37,1036
cr1_1441p_00003.cbf,532,558,287,324,26,37,962
cr1_1441p_00004.cbf,531,558,286,323,27,37,999
cr1_1441p_00005.cbf,531,558,285,323,27,38,1026
cr1_1441p_00006.cbf,531,558,285,322,27,37,999
cr1_1441p_00007.cbf,531,558,286,323,27,37,999
cr1_1441p_00008.cbf,531,559,286,323,28,37,1036
cr1_1442p_00001.cbf,531,559,287,324,28,37,1036
cr1_1442p_00002.cbf,531,559,287,324,28,37,1036
cr1_1442p_00003.cbf,531,559,287,324,28,37,1036
cr1_1442p_00004.cbf,531,558,286,323,27,37,999
cr1_1442p_00005.cbf,531,558,285,322,27,37,999
cr1_1442p_00006.cbf,531,558,285,322,27,37,999
cr1_1442p_00007.cbf,531,559,286,323,28,37,1036
cr1_1442p_00008.cbf,531,559,286,324,28,38,1064
cr1_1443p_00001.cbf,531,559,287,324,28,37,1036
cr1_1443p_00002.cbf,531,559,287,324,28,37,1036
cr1_1443p_00003.cbf,531,559,287,324,28,37,1036
cr1_1443p_00004.cbf,531,558,285,323,27,38,1026
cr1_1443p_00005.cbf,531,558,285,322,27,37,999
cr1_1443p_00006.cbf,531,558,285,322,27,37,999
cr1_1443p_00007.cbf,531,558,286,323,27,37,999
cr1_1443p_00008.cbf,531,559,287,324,28,37,1036
cr1_1444p_00001.cbf,531,559,287,324,28,37,1036
cr1_1444p_00002.cbf,531,559,287,324,28,37,1036
cr1_1444p_00003.cbf,531,558,287,324,27,37,999
cr1_1444p_00004.cbf,531,558,285,323,27,38,1026
cr1_1444p_00005.cbf,531,558,284,322,27,38,1026
cr1_1444p_00006.cbf,531,558,285,322,27,37,999
cr1_1444p_00007.cbf,531,559,286,323,28,37,1036
cr1_1444p_00008.cbf,531,559,287,324,28,37,1036
cr1_1445p_00001.cbf,531,559,287,324,28,37,1036
cr1_1445p_00002.cbf,531,559,287,324,28,37,1036
cr1_1445p_00003.cbf,531,558,287,324,27,37,999
cr1_1445p_00004.cbf,531,558,286,323,27,37,999
cr1_1445p_00005.cbf,531,558,285,322,27,37,999
cr1_1445p_00006.cbf,532,558,285,322,26,37,962
cr1_1445p_00007.cbf,531,558,286,323,27,37,999
cr1_1445p_00008.cbf,531,559,286,324,28,38,1064
cr1_1446p_00001.cbf,531,559,287,324,28,37,1036
cr1_1446p_00002.cbf,531,559,287,324,28,37,1036
cr1_1446p_00003.cbf,531,558,287,324,27,37,999
cr1_1446p_00004.cbf,531,558,286,323,27,37,999
cr1_1446p_00005.cbf,531,558,285,322,27,37,999
cr1_1446p_00006.cbf,531,558,285,322,27,37,999
cr1_1446p_00007.cbf,531,559,286,323,28,37,1036
cr1_1446p_00008.cbf,531,559,287,324,28,37,1036
cr1_1447p_00001.cbf,532,559,287,324,27,37,999
cr1_1447p_00002.cbf,531,559,287,324,28,37,1036
cr1_1447p_00003.cbf,531,559,287,324,28,37,1036
cr1_1447p_00004.cbf,531,558,286,323,27,37,999
cr1_1447p_00005.cbf,531,558,285,322,27,37,999
cr1_1447p_00006.cbf,531,558,285,322,27,37,999
cr1_1447p_00007.cbf,531,559,286,323,28,37,1036
cr1_1447p_00008.cbf,532,559,286,323,27,37,999
cr1_1448p_00001.cbf,531,559,287,324,28,37,1036
cr1_1448p_00002.cbf,531,559,287,324,28,37,1036
cr1_1448p_00003.cbf,531,558,287,324,27,37,999
cr1_1448p_00004.cbf,531,558,285,323,27,38,1026
cr1_1448p_00005.cbf,531,558,285,322,27,37,999
cr1_1448p_00006.cbf,531,558,285,322,27,37,999
cr1_1448p_00007.cbf,531,559,286,322,28,36,1008
cr1_1448p_00008.cbf,531,559,286,323,28,37,1036
cr1_1449p_00001.cbf,532,559,287,324,27,37,999
cr1_1449p_00002.cbf,532,559,287,324,27,37,999
cr1_1449p_00003.cbf,531,559,287,324,28,37,1036
cr1_1449p_00004.cbf,531,558,286,323,27,37,999
cr1_1449p_00005.cbf,531,558,285,323,27,38,1026
cr1_1449p_00006.cbf,531,558,285,322,27,37,999
cr1_1449p_00007.cbf,531,559,286,323,28,37,1036
cr1_1449p_00008.cbf,531,559,287,323,28,36,1008
cr1_1450p_00001.cbf,531,559,286,324,28,38,1064
cr1_1450p_00002.cbf,531,559,287,324,28,37,1036
cr1_1450p_00003.cbf,531,559,287,324,28,37,1036
cr1_1450p_00004.cbf,531,558,286,323,27,37,999
cr1_1450p_00005.cbf,531,558,285,323,27,38,1026
cr1_1450p_00006.cbf,531,558,285,322,27,37,999
cr1_1450p_00007.cbf,532,559,286,323,27,37,999
cr1_1450p_00008.cbf,531,559,286,323,28,37,1036
cr1_1451p_00001.cbf,531,559,287,323,28,36,1008
cr1_1451p_00002.cbf,531,559,287,324,28,37,1036
cr1_1451p_00003.cbf,531,559,286,324,28,38,1064
cr1_1451p_00004.cbf,531,558,286,323,27,37,999
cr1_1451p_00005.cbf,531,558,285,323,27,38,1026
cr1_1451p_00006.cbf,531,558,285,322,27,37,999
cr1_1451p_00007.cbf,531,559,286,323,28,37,1036
cr1_1451p_00008.cbf,531,559,286,323,28,37,1036
cr1_1452p_00001.cbf,532,559,287,323,27,36,972
cr1_1452p_00002.cbf,532,559,287,324,27,37,999
cr1_1452p_00003.cbf,531,558,287,324,27,37,999
cr1_1452p_00004.cbf,531,558,286,323,27,37,999
cr1_1452p_00005.cbf,531,558,285,322,27,37,999
cr1_1452p_00006.cbf,531,558,285,322,27,37,999
cr1_1452p_00007.cbf,531,559,286,323,28,37,1036
cr1_1452p_00008.cbf,531,559,286,323,28,37,1036
cr1_1453p_00001.cbf,532,559,287,324,27,37,999
cr1_1453p_00002.cbf,531,559,287,324,28,37,1036
cr1_1453p_00003.cbf,531,559,287,324,28,37,1036
cr1_1453p_00004.cbf,531,558,285,323,27,38,1026
cr1_1453p_00005.cbf,531,558,285,322,27,37,999
cr1_1453p_00006.cbf,531,558,285,322,27,37,999
cr1_1453p_00007.cbf,531,559,286,323,28,37,1036
cr1_1453p_00008.cbf,531,559,287,324,28,37,1036
cr1_1454p_00001.cbf,531,559,287,323,28,36,1008
cr1_1454p_00002.cbf,531,559,287,324,28,37,1036
cr1_1454p_00003.cbf,531,558,287,324,27,37,999
cr1_1454p_00004.cbf,531,558,286,323,27,37,999
cr1_1454p_00005.cbf,531,558,285,323,27,38,1026
cr1_1454p_00006.cbf,531,558,285,322,27,37,999
cr1_1454p_00007.cbf,531,558,286,323,27,37,999
cr1_1454p_00008.cbf,531,559,286,323,28,37,1036
cr1_1455p_00001.cbf,531,559,287,323,28,36,1008
cr1_1455p_00002.cbf,531,559,287,324,28,37,1036
cr1_1455p_00003.cbf,531,559,287,324,28,37,1036
cr1_1455p_00004.cbf,531,558,286,323,27,37,999
cr1_1455p_00005.cbf,531,558,285,322,27,37,999
cr1_1455p_00006.cbf,531,558,285,322,27,37,999
cr1_1455p_00007.cbf,531,559,286,323,28,37,1036
cr1_1455p_00008.cbf,532,559,286,323,27,37,999
cr1_1456p_00001.cbf,531,559,287,323,28,36,1008
cr1_1456p_00002.cbf,531,559,287,324,28,37,1036
cr1_1456p_00003.cbf,531,559,287,324,28,37,1036
cr1_1456p_00004.cbf,531,558,286,323,27,37,999
cr1_1456p_00005.cbf,531,558,285,323,27,38,1026
cr1_1456p_00006.cbf,531,558,285,322,27,37,999
cr1_1456p_00007.cbf,531,558,286,323,27,37,999
cr1_1456p_00008.cbf,531,559,286,323,28,37,1036
cr1_1457p_00001.cbf,531,559,287,323,28,36,1008
cr1_1457p_00002.cbf,532,559,287,324,27,37,999
cr1_1457p_00003.cbf,532,559,287,324,27,37,999
cr1_1457p_00004.cbf,531,558,286,323,27,37,999
cr1_1457p_00005.cbf,531,558,285,322,27,37,999
cr1_1457p_00006.cbf,531,558,285,322,27,37,999
cr1_1457p_00007.cbf,532,558,286,322,26,36,936
cr1_1457p_00008.cbf,531,559,286,323,28,37,1036
cr1_1458p_00001.cbf,531,559,286,323,28,37,1036
cr1_1458p_00002.cbf,531,559,287,324,28,37,1036
cr1_1458p_00003.cbf,531,558,287,324,27,37,999
cr1_1458p_00004.cbf,531,558,286,323,27,37,999
cr1_1458p_00005.cbf,531,558,285,323,27,38,1026
cr1_1458p_00006.cbf,531,558,285,322,27,37,999
cr1_1458p_00007.cbf,531,558,286,322,27,36,972
cr1_1458p_00008.cbf,531,559,286,323,28,37,1036
cr1_1459p_00001.cbf,532,559,286,323,27,37,999
cr1_1459p_00002.cbf,531,559,287,324,28,37,1036
cr1_1459p_00003.cbf,531,558,287,324,27,37,999
cr1_1459p_00004.cbf,531,558,286,323,27,37,999
cr1_1459p_00005.cbf,531,558,285,322,27,37,999
cr1_1459p_00006.cbf,531,558,285,322,27,37,999
cr1_1459p_00007.cbf,531,558,285,322,27,37,999
cr1_1459p_00008.cbf,531,559,286,323,28,37,1036
cr1_1460p_00001.cbf,531,559,286,323,28,37,1036
cr1_1460p_00002.cbf,531,559,287,324,28,37,1036
cr1_1460p_00003.cbf,531,558,286,323,27,37,999
cr1_1460p_00004.cbf,531,558,285,322,27,37,999
cr1_1460p_00005.cbf,531,558,284,322,27,38,1026
cr1_1460p_00006.cbf,532,558,284,321,26,37,962
cr1_1460p_00007.cbf,531,558,285,322,27,37,999
cr1_1460p_00008.cbf,532,559,286,323,27,37,999
cr1_1461p_00001.cbf,532,559,286,323,27,37,999
cr1_1461p_00002.cbf,531,559,287,324,28,37,1036
cr1_1461p_00003.cbf,531,558,287,323,27,36,972
cr1_1461p_00004.cbf,531,558,285,323,27,38,1026
cr1_1461p_00005.cbf,531,558,285,323,27,38,1026
cr1_1461p_00006.cbf,531,558,285,323,27,38,1026
cr1_1461p_00007.cbf,531,558,285,322,27,37,999
cr1_1461p_00008.cbf,531,559,286,323,28,37,1036
cr1_1462p_00001.cbf,531,559,286,323,28,37,1036
cr1_1462p_00002.cbf,531,559,287,324,28,37,1036
cr1_1462p_00003.cbf,531,559,287,323,28,36,1008
cr1_1462p_00004.cbf,531,558,286,323,27,37,999
cr1_1462p_00005.cbf,531,558,285,322,27,37,999
cr1_1462p_00006.cbf,531,558,285,322,27,37,999
cr1_1462p_00007.cbf,531,558,286,323,27,37,999
cr1_1462p_00008.cbf,531,559,286,323,28,37,1036
cr1_1463p_00001.cbf,532,559,286,323,27,37,999
cr1_1463p_00002.cbf,531,559,287,324,28,37,1036
cr1_1463p_00003.cbf,531,559,287,324,28,37,1036
cr1_1463p_00004.cbf,531,558,286,323,27,37,999
cr1_1463p_00005.cbf,531,558,285,322,27,37,999
cr1_1463p_00006.cbf,531,558,285,322,27,37,999
cr1_1463p_00007.cbf,531,559,286,323,28,37,1036
cr1_1463p_00008.cbf,531,559,286,323,28,37,1036
cr1_1464p_00001.cbf,531,559,286,323,28,37,1036
cr1_1464p_00002.cbf,531,559,287,323,28,36,1008
cr1_1464p_00003.cbf,531,558,287,324,27,37,999
cr1_1464p_00004.cbf,531,558,286,323,27,37,999
cr1_1464p_00005.cbf,531,558,285,323,27,38,1026
cr1_1464p_00006.cbf,531,558,285,323,27,38,1026
cr1_1464p_00007.cbf,531,558,286,322,27,36,972
cr1_1464p_00008.cbf,531,559,286,323,28,37,1036
cr1_1465p_00001.cbf,532,559,286,323,27,37,999
cr1_1465p_00002.cbf,531,559,287,323,28,36,1008
cr1_1465p_00003.cbf,531,558,287,324,27,37,999
cr1_1465p_00004.cbf,531,558,286,323,27,37,999
cr1_1465p_00005.cbf,531,558,285,322,27,37,999
cr1_1465p_00006.cbf,531,558,285,322,27,37,999
cr1_1465p_00007.cbf,531,558,286,323,27,37,999
cr1_1465p_00008.cbf,531,559,286,323,28,37,1036
cr1_1466p_00001.cbf,531,559,286,323,28,37,1036
cr1_1466p_00002.cbf,531,559,287,323,28,36,1008
cr1_1466p_00003.cbf,531,558,287,323,27,36,972
cr1_1466p_00004.cbf,531,558,285,323,27,38,1026
cr1_1466p_00005.cbf,531,558,285,322,27,37,999
cr1_1466p_00006.cbf,531,558,285,321,27,36,972
cr1_1466p_00007.cbf,531,559,285,323,28,38,1064
cr1_1466p_00008.cbf,531,559,286,323,28,37,1036
cr1_1467p_00001.cbf,531,559,286,323,28,37,1036
cr1_1467p_00002.cbf,531,559,287,323,28,36,1008
cr1_1467p_00003.cbf,531,559,287,323,28,36,1008
cr1_1467p_00004.cbf,531,558,285,323,27,38,1026
cr1_1467p_00005.cbf,530,558,285,323,28,38,1064
cr1_1467p_00006.cbf,531,558,285,322,27,37,999
cr1_1467p_00007.cbf,531,558,285,322,27,37,999
cr1_1467p_00008.cbf,531,559,286,323,28,37,1036
cr1_1468p_00001.cbf,531,559,286,323,28,37,1036
cr1_1468p_00002.cbf,531,559,286,324,28,38,1064
cr1_1468p_00003.cbf,531,558,286,323,27,37,999
cr1_1468p_00004.cbf,531,558,285,323,27,38,1026
cr1_1468p_00005.cbf,531,558,285,323,27,38,1026
cr1_1468p_00006.cbf,530,558,285,322,28,37,1036
cr1_1468p_00007.cbf,531,558,285,323,27,38,1026
cr1_1468p_00008.cbf,531,559,286,323,28,37,1036
cr1_1469p_00001.cbf,531,559,286,323,28,37,1036
cr1_1469p_00002.cbf,531,559,286,323,28,37,1036
cr1_1469p_00003.cbf,531,558,286,323,27,37,999
cr1_1469p_00004.cbf,531,558,285,323,27,38,1026
cr1_1469p_00005.cbf,531,558,285,322,27,37,999
cr1_1469p_00006.cbf,531,558,285,322,27,37,999
cr1_1469p_00007.cbf,531,558,285,322,27,37,999
cr1_1469p_00008.cbf,531,559,286,323,28,37,1036
cr1_1470p_00001.cbf,531,559,286,323,28,37,1036
cr1_1470p_00002.cbf,531,559,286,323,28,37,1036
cr1_1470p_00003.cbf,530,558,287,324,28,37,1036
cr1_1470p_00004.cbf,531,558,285,323,27,38,1026
cr1_1470p_00005.cbf,531,558,285,322,27,37,999
cr1_1470p_00006.cbf,531,558,285,321,27,36,972
cr1_1470p_00007.cbf,531,558,285,323,27,38,1026
cr1_1470p_00008.cbf,531,559,286,323,28,37,1036
cr1_1471p_00001.cbf,531,559,286,323,28,37,1036
cr1_1471p_00002.cbf,531,559,287,323,28,36,1008
cr1_1471p_00003.cbf,531,558,287,323,27,36,972
cr1_1471p_00004.cbf,530,558,285,323,28,38,1064
cr1_1471p_00005.cbf,531,558,285,323,27,38,1026
cr1_1471p_00006.cbf,531,558,285,322,27,37,999
cr1_1471p_00007.cbf,531,558,285,323,27,38,1026
cr1_1471p_00008.cbf,531,559,286,323,28,37,1036
cr1_1472p_00001.cbf,531,559,286,323,28,37,1036
cr1_1472p_00002.cbf,531,559,287,323,28,36,1008
cr1_1472p_00003.cbf,530,559,286,323,29,37,1073
cr1_1472p_00004.cbf,531,558,285,323,27,38,1026
cr1_1472p_00005.cbf,531,558,285,322,27,37,999
cr1_1472p_00006.cbf,531,558,285,322,27,37,999
cr1_1472p_00007.cbf,531,558,285,322,27,37,999
cr1_1472p_00008.cbf,531,559,286,323,28,37,1036
cr1_1473p_00001.cbf,531,559,286,323,28,37,1036
cr1_1473p_00002.cbf,531,559,287,323,28,36,1008
cr1_1473p_00003.cbf,531,558,287,323,27,36,972
cr1_1473p_00004.cbf,530,558,285,323,28,38,1064
cr1_1473p_00005.cbf,531,558,285,322,27,37,999
cr1_1473p_00006.cbf,531,558,285,323,27,38,1026
cr1_1473p_00007.cbf,531,558,285,323,27,38,1026
cr1_1473p_00008.cbf,531,559,286,323,28,37,1036
cr1_1474p_00001.cbf,531,559,286,323,28,37,1036
cr1_1474p_00002.cbf,531,559,287,323,28,36,1008
cr1_1474p_00003.cbf,531,558,286,323,27,37,999
cr1_1474p_00004.cbf,531,558,286,323,27,37,999
cr1_1474p_00005.cbf,531,558,285,322,27,37,999
cr1_1474p_00006.cbf,531,558,285,322,27,37,999
cr1_1474p_00007.cbf,531,558,285,323,27,38,1026
cr1_1474p_00008.cbf,531,559,286,323,28,37,1036
cr1_1475p_00001.cbf,531,559,286,323,28,37,1036
cr1_1475p_00002.cbf,531,559,287,323,28,36,1008
cr1_1475p_00003.cbf,531,558,286,323,27,37,999
cr1_1475p_00004.cbf,531,558,285,323,27,38,1026
cr1_1475p_00005.cbf,531,558,285,323,27,38,1026
cr1_1475p_00006.cbf,531,558,285,323,27,38,1026
cr1_1475p_00007.cbf,531,558,285,323,27,38,1026
cr1_1475p_00008.cbf,531,559,286,323,28,37,1036
cr1_1476p_00001.cbf,531,559,286,323,28,37,1036
cr1_1476p_00002.cbf,531,559,286,323,28,37,1036
cr1_1476p_00003.cbf,531,558,286,323,27,37,999
cr1_1476p_00004.cbf,531,558,286,323,27,37,999
cr1_1476p_00005.cbf,531,558,285,323,27,38,1026
cr1_1476p_00006.cbf,531,558,285,322,27,37,999
cr1_1476p_00007.cbf,531,558,285,323,27,38,1026
cr1_1476p_00008.cbf,531,559,286,323,28,37,1036
cr1_1477p_00001.cbf,531,559,286,323,28,37,1036
cr1_1477p_00002.cbf,531,559,286,323,28,37,1036
cr1_1477p_00003.cbf,531,558,286,323,27,37,999
cr1_1477p_00004.cbf,531,558,285,323,27,38,1026
cr1_1477p_00005.cbf,531,558,285,322,27,37,999
cr1_1477p_00006.cbf,531,558,285,322,27,37,999
cr1_1477p_00007.cbf,531,558,285,323,27,38,1026
cr1_1477p_00008.cbf,531,559,286,323,28,37,1036
cr1_1478p_00001.cbf,531,559,286,323,28,37,1036
cr1_1478p_00002.cbf,531,559,286,323,28,37,1036
cr1_1478p_00003.cbf,531,558,287,323,27,36,972
cr1_1478p_00004.cbf,531,558,285,322,27,37,999
cr1_1478p_00005.cbf,531,558,285,322,27,37,999
cr1_1478p_00006.cbf,531,558,285,322,27,37,999
cr1_1478p_00007.cbf,531,558,285,323,27,38,1026
cr1_1478p_00008.cbf,531,559,285,322,28,37,1036
cr1_1479p_00001.cbf,531,559,286,323,28,37,1036
cr1_1479p_00002.cbf,531,559,286,323,28,37,1036
cr1_1479p_00003.cbf,531,558,286,323,27,37,999
cr1_1479p_00004.cbf,531,558,285,323,27,38,1026
cr1_1479p_00005.cbf,531,558,285,323,27,38,1026
cr1_1479p_00006.cbf,531,558,285,322,27,37,999
cr1_1479p_00007.cbf,531,558,285,322,27,37,999
cr1_1479p_00008.cbf,531,559,285,323,28,38,1064
cr1_1480p_00001.cbf,531,559,286,323,28,37,1036
cr1_1480p_00002.cbf,531,559,286,323,28,37,1036
cr1_1480p_00003.cbf,531,558,286,323,27,37,999
cr1_1480p_00004.cbf,531,558,285,322,27,37,999
cr1_1480p_00005.cbf,531,558,285,323,27,38,1026
cr1_1480p_00006.cbf,531,558,285,322,27,37,999
cr1_1480p_00007.cbf,531,558,285,323,27,38,1026
cr1_1480p_00008.cbf,531,559,285,322,28,37,1036
cr1_1481p_00001.cbf,531,559,286,323,28,37,1036
cr1_1481p_00002.cbf,531,559,286,323,28,37,1036
cr1_1481p_00003.cbf,531,558,286,323,27,37,999
cr1_1481p_00004.cbf,531,558,285,323,27,38,1026
cr1_1481p_00005.cbf,531,558,285,322,27,37,999
cr1_1481p_00006.cbf,531,558,284,322,27,38,1026
cr1_1481p_00007.cbf,531,558,285,322,27,37,999
cr1_1481p_00008.cbf,530,559,286,322,29,36,1044
cr1_1482p_00001.cbf,531,559,286,323,28,37,1036
cr1_1482p_00002.cbf,531,559,286,323,28,37,1036
cr1_1482p_00003.cbf,531,558,287,323,27,36,972
cr1_1482p_00004.cbf,531,558,285,323,27,38,1026
cr1_1482p_00005.cbf,531,558,285,322,27,37,999
cr1_1482p_00006.cbf,531,558,285,322,27,37,999
cr1_1482p_00007.cbf,531,558,285,322,27,37,999
cr1_1482p_00008.cbf,531,559,286,322,28,36,1008
cr1_1483p_00001.cbf,531,559,286,323,28,37,1036
cr1_1483p_00002.cbf,531,559,286,323,28,37,1036
cr1_1483p_00003.cbf,531,558,286,323,27,37,999
cr1_1483p_00004.cbf,531,558,285,323,27,38,1026
cr1_1483p_00005.cbf,531,558,285,322,27,37,999
cr1_1483p_00006.cbf,531,558,285,322,27,37,999
cr1_1483p_00007.cbf,531,558,285,323,27,38,1026
cr1_1483p_00008.cbf,531,559,286,323,28,37,1036
cr1_1484p_00001.cbf,531,559,286,323,28,37,1036
cr1_1484p_00002.cbf,531,559,286,323,28,37,1036
cr1_1484p_00003.cbf,530,558,286,323,28,37,1036
cr1_1484p_00004.cbf,531,558,285,323,27,38,1026
cr1_1484p_00005.cbf,531,558,285,322,27,37,999
cr1_1484p_00006.cbf,531,558,285,322,27,37,999
cr1_1484p_00007.cbf,531,558,285,323,27,38,1026
cr1_1484p_00008.cbf,531,559,286,323,28,37,1036
cr1_1485p_00001.cbf,531,559,286,323,28,37,1036
cr1_1485p_00002.cbf,531,559,286,323,28,37,1036
cr1_1485p_00003.cbf,531,558,286,323,27,37,999
cr1_1485p_00004.cbf,531,558,285,323,27,38,1026
cr1_1485p_00005.cbf,531,558,285,323,27,38,1026
cr1_1485p_00006.cbf,531,558,285,322,27,37,999
cr1_1485p_00007.cbf,531,558,285,323,27,38,1026
cr1_1485p_00008.cbf,531,559,285,323,28,38,1064
cr1_1486p_00001.cbf,531,559,286,323,28,37,1036
cr1_1486p_00002.cbf,531,559,286,323,28,37,1036
cr1_1486p_00003.cbf,531,558,286,323,27,37,999
cr1_1486p_00004.cbf,530,558,285,323,28,38,1064
cr1_1486p_00005.cbf,531,558,285,322,27,37,999
cr1_1486p_00006.cbf,531,558,284,322,27,38,1026
cr1_1486p_00007.cbf,531,558,285,323,27,38,1026
cr1_1486p_00008.cbf,531,559,285,323,28,38,1064
cr1_1487p_00001.cbf,531,559,286,323,28,37,1036
cr1_1487p_00002.cbf,531,559,286,323,28,37,1036
cr1_1487p_00003.cbf,531,558,286,323,27,37,999
cr1_1487p_00004.cbf,531,558,285,323,27,38,1026
cr1_1487p_00005.cbf,531,558,285,322,27,37,999
cr1_1487p_00006.cbf,531,558,285,322,27,37,999
cr1_1487p_00007.cbf,531,558,285,323,27,38,1026
cr1_1487p_00008.cbf,531,559,285,323,28,38,1064
cr1_1488p_00001.cbf,531,559,286,322,28,36,1008
cr1_1488p_00002.cbf,531,559,286,323,28,37,1036
cr1_1488p_00003.cbf,530,558,286,323,28,37,1036
cr1_1488p_00004.cbf,531,558,285,323,27,38,1026
cr1_1488p_00005.cbf,531,558,285,322,27,37,999
cr1_1488p_00006.cbf,531,558,285,323,27,38,1026
cr1_1488p_00007.cbf,531,558,285,323,27,38,1026
cr1_1488p_00008.cbf,531,559,285,323,28,38,1064
cr1_1489p_00001.cbf,531,559,286,323,28,37,1036
cr1_1489p_00002.cbf,531,559,286,323,28,37,1036
cr1_1489p_00003.cbf,531,558,286,323,27,37,999
cr1_1489p_00004.cbf,530,558,285,323,28,38,1064
cr1_1489p_00005.cbf,531,558,286,323,27,37,999
cr1_1489p_00006.cbf,531,558,285,322,27,37,999
cr1_1489p_00007.cbf,531,558,285,323,27,38,1026
cr1_1489p_00008.cbf,531,559,285,323,28,38,1064
cr1_1490p_00001.cbf,531,559,286,323,28,37,1036
cr1_1490p_00002.cbf,531,559,286,323,28,37,1036
cr1_1490p_00003.cbf,531,558,286,323,27,37,999
cr1_1490p_00004.cbf,530,558,285,323,28,38,1064
cr1_1490p_00005.cbf,531,558,285,323,27,38,1026
cr1_1490p_00006.cbf,531,558,284,322,27,38,1026
cr1_1490p_00007.cbf,531,558,285,323,27,38,1026
cr1_1490p_00008.cbf,532,559,285,323,27,38,1026
cr1_1491p_00001.cbf,531,559,286,323,28,37,1036
cr1_1491p_00002.cbf,531,559,286,323,28,37,1036
cr1_1491p_00003.cbf,531,558,286,323,27,37,999
cr1_1491p_00004.cbf,531,558,285,323,27,38,1026
cr1_1491p_00005.cbf,531,558,285,322,27,37,999
cr1_1491p_00006.cbf,531,558,284,322,27,38,1026
cr1_1491p_00007.cbf,531,558,285,323,27,38,1026
cr1_1491p_00008.cbf,531,559,285,323,28,38,1064
cr1_1492p_00001.cbf,531,559,286,323,28,37,1036
cr1_1492p_00002.cbf,531,559,286,323,28,37,1036
cr1_1492p_00003.cbf,531,558,286,323,27,37,999
cr1_1492p_00004.cbf,531,558,285,323,27,38,1026
cr1_1492p_00005.cbf,531,558,285,323,27,38,1026
cr1_1492p_00006.cbf,531,558,285,323,27,38,1026
cr1_1492p_00007.cbf,531,558,285,323,27,38,1026
cr1_1492p_00008.cbf,531,559,285,323,28,38,1064
cr1_1493p_00001.cbf,531,559,285,323,28,38,1064
cr1_1493p_00002.cbf,531,559,286,323,28,37,1036
cr1_1493p_00003.cbf,531,558,286,323,27,37,999
cr1_1493p_00004.cbf,531,558,285,323,27,38,1026
cr1_1493p_00005.cbf,531,558,284,322,27,38,1026
cr1_1493p_00006.cbf,531,558,284,322,27,38,1026
cr1_1493p_00007.cbf,531,558,285,323,27,38,1026
cr1_1493p_00008.cbf,531,559,285,323,28,38,1064
cr1_1494p_00001.cbf,531,559,286,323,28,37,1036
cr1_1494p_00002.cbf,531,559,286,323,28,37,1036
cr1_1494p_00003.cbf,531,558,286,323,27,37,999
cr1_1494p_00004.cbf,531,558,285,323,27,38,1026
cr1_1494p_00005.cbf,531,558,285,322,27,37,999
cr1_1494p_00006.cbf,531,558,284,322,27,38,1026
cr1_1494p_00007.cbf,531,558,285,323,27,38,1026
cr1_1494p_00008.cbf,531,559,285,323,28,38,1064
cr1_1495p_00001.cbf,531,559,285,323,28,38,1064
cr1_1495p_00002.cbf,532,559,286,323,27,37,999
cr1_1495p_00003.cbf,531,558,286,323,27,37,999
cr1_1495p_00004.cbf,531,558,285,323,27,38,1026
cr1_1495p_00005.cbf,531,558,285,322,27,37,999
cr1_1495p_00006.cbf,531,558,285,323,27,38,1026
cr1_1495p_00007.cbf,531,558,285,323,27,38,1026
cr1_1495p_00008.cbf,531,558,285,323,27,38,1026
cr1_1496p_00001.cbf,531,559,285,323,28,38,1064
cr1_1496p_00002.cbf,531,558,286,323,27,37,999
cr1_1496p_00003.cbf,531,558,286,323,27,37,999
cr1_1496p_00004.cbf,531,558,285,323,27,38,1026
cr1_1496p_00005.cbf,531,557,285,322,26,37,962
cr1_1496p_00006.cbf,531,558,284,322,27,38,1026
cr1_1496p_00007.cbf,531,558,285,323,27,38,1026
cr1_1496p_00008.cbf,531,558,285,323,27,38,1026
cr1_1497p_00001.cbf,531,559,285,323,28,38,1064
cr1_1497p_00002.cbf,531,558,286,323,27,37,999
cr1_1497p_00003.cbf,531,558,286,323,27,37,999
cr1_1497p_00004.cbf,531,558,285,323,27,38,1026
cr1_1497p_00005.cbf,531,557,285,322,26,37,962
cr1_1497p_00006.cbf,531,558,285,323,27,38,1026
cr1_1497p_00007.cbf,531,558,285,323,27,38,1026
cr1_1497p_00008.cbf,531,558,285,323,27,38,1026
cr1_1498p_00001.cbf,531,559,285,323,28,38,1064
cr1_1498p_00002.cbf,531,558,286,323,27,37,999
cr1_1498p_00003.cbf,531,558,286,323,27,37,999
cr1_1498p_00004.cbf,531,558,285,323,27,38,1026
cr1_1498p_00005.cbf,531,558,284,322,27,38,1026
cr1_1498p_00006.cbf,531,558,285,323,27,38,1026
cr1_1498p_00007.cbf,531,558,285,323,27,38,1026
cr1_1498p_00008.cbf,531,559,285,323,28,38,1064
cr1_1499p_00001.cbf,531,559,285,323,28,38,1064
cr1_1499p_00002.cbf,531,559,286,323,28,37,1036
cr1_1499p_00003.cbf,531,558,286,323,27,37,999
cr1_1499p_00004.cbf,531,558,285,323,27,38,1026
cr1_1499p_00005.cbf,530,558,284,322,28,38,1064
cr1_1499p_00006.cbf,531,558,284,323,27,39,1053
cr1_1499p_00007.cbf,531,558,285,323,27,38,1026
cr1_1499p_00008.cbf,531,559,285,323,28,38,1064
cr1_1500p_00001.cbf,531,559,285,323,28,38,1064
cr1_1500p_00002.cbf,531,559,286,323,28,37,1036
cr1_1500p_00003.cbf,531,558,286,324,27,38,1026
cr1_1500p_00004.cbf,530,558,285,323,28,38,1064
cr1_1500p_00005.cbf,531,557,285,323,26,38,988
cr1_1500p_00006.cbf,531,558,284,322,27,38,1026
cr1_1500p_00007.cbf,531,558,285,323,27,38,1026
cr1_1500p_00008.cbf,531,559,285,323,28,38,1064
cr1_1501p_00001.cbf,531,559,286,323,28,37,1036
cr1_1501p_00002.cbf,531,559,286,323,28,37,1036
cr1_1501p_00003.cbf,531,558,286,323,27,37,999
cr1_1501p_00004.cbf,530,558,285,322,28,37,1036
cr1_1501p_00005.cbf,531,558,284,322,27,38,1026
cr1_1501p_00006.cbf,531,558,284,322,27,38,1026
cr1_1501p_00007.cbf,531,559,286,323,28,37,1036
cr1_1501p_00008.cbf,531,559,286,323,28,37,1036
cr1_1502p_00001.cbf,531,559,286,323,28,37,1036
cr1_1502p_00002.cbf,531,559,286,324,28,38,1064
cr1_1502p_00003.cbf,531,559,286,324,28,38,1064
cr1_1502p_00004.cbf,530,558,285,323,28,38,1064
cr1_1502p_00005.cbf,531,558,284,322,27,38,1026
cr1_1502p_00006.cbf,531,558,284,322,27,38,1026
cr1_1502p_00007.cbf,531,558,286,323,27,37,999
cr1_1502p_00008.cbf,531,559,286,323,28,37,1036
cr1_1503p_00001.cbf,531,559,286,323,28,37,1036
cr1_1503p_00002.cbf,531,559,287,324,28,37,1036
cr1_1503p_00003.cbf,531,558,286,324,27,38,1026
cr1_1503p_00004.cbf,531,558,285,323,27,38,1026
cr1_1503p_00005.cbf,531,558,284,322,27,38,1026
cr1_1503p_00006.cbf,531,558,284,322,27,38,1026
cr1_1503p_00007.cbf,530,559,285,323,29,38,1102
cr1_1503p_00008.cbf,531,559,286,324,28,38,1064
cr1_1504p_00001.cbf,531,559,286,323,28,37,1036
cr1_1504p_00002.cbf,531,559,287,324,28,37,1036
cr1_1504p_00003.cbf,530,558,287,324,28,37,1036
cr1_1504p_00004.cbf,531,558,285,324,27,39,1053
cr1_1504p_00005.cbf,531,558,284,323,27,39,1053
cr1_1504p_00006.cbf,531,558,284,324,27,40,1080
cr1_1504p_00007.cbf,531,558,286,324,27,38,1026
cr1_1504p_00008.cbf,531,559,286,324,28,38,1064
cr1_1505p_00001.cbf,531,559,286,324,28,38,1064
cr1_1505p_00002.cbf,531,559,287,325,28,38,1064
cr1_1505p_00003.cbf,531,558,287,325,27,38,1026
cr1_1505p_00004.cbf,531,558,285,324,27,39,1053
cr1_1505p_00005.cbf,531,558,283,323,27,40,1080
cr1_1505p_00006.cbf,531,558,285,324,27,39,1053
cr1_1505p_00007.cbf,531,558,286,324,27,38,1026
cr1_1505p_00008.cbf,531,559,286,325,28,39,1092
cr1_1506p_00001.cbf,531,559,286,324,28,38,1064
cr1_1506p_00002.cbf,531,559,287,325,28,38,1064
cr1_1506p_00003.cbf,530,559,287,325,29,38,1102
cr1_1506p_00004.cbf,531,558,285,324,27,39,1053
cr1_1506p_00005.cbf,531,558,284,323,27,39,1053
cr1_1506p_00006.cbf,531,558,285,323,27,38,1026
cr1_1506p_00007.cbf,531,558,286,324,27,38,1026
cr1_1506p_00008.cbf,531,559,286,325,28,39,1092
cr1_1507p_00001.cbf,531,559,286,324,28,38,1064
cr1_1507p_00002.cbf,531,559,287,325,28,38,1064
cr1_1507p_00003.cbf,531,558,287,325,27,38,1026
cr1_1507p_00004.cbf,531,558,285,323,27,38,1026
cr1_1507p_00005.cbf,531,558,283,322,27,39,1053
cr1_1507p_00006.cbf,531,558,284,323,27,39,1053
cr1_1507p_00007.cbf,531,558,286,324,27,38,1026
cr1_1507p_00008.cbf,531,559,286,324,28,38,1064
cr1_1508p_00001.cbf,531,559,286,324,28,38,1064
cr1_1508p_00002.cbf,530,559,287,325,29,38,1102
cr1_1508p_00003.cbf,530,559,286,325,29,39,1131
cr1_1508p_00004.cbf,531,558,285,324,27,39,1053
cr1_1508p_00005.cbf,531,558,284,323,27,39,1053
cr1_1508p_00006.cbf,531,558,284,323,27,39,1053
cr1_1508p_00007.cbf,531,558,286,324,27,38,1026
cr1_1508p_00008.cbf,531,559,286,324,28,38,1064
cr1_1509p_00001.cbf,531,559,287,324,28,37,1036
cr1_1509p_00002.cbf,531,559,287,325,28,38,1064
cr1_1509p_00003.cbf,531,559,287,325,28,38,1064
cr1_1509p_00004.cbf,531,558,285,324,27,39,1053
cr1_1509p_00005.cbf,531,558,284,323,27,39,1053
cr1_1509p_00006.cbf,531,558,285,323,27,38,1026
cr1_1509p_00007.cbf,531,558,285,324,27,39,1053
cr1_1509p_00008.cbf,531,559,286,324,28,38,1064
cr1_1510p_00001.cbf,531,559,286,324,28,38,1064
cr1_1510p_00002.cbf,531,559,287,325,28,38,1064
cr1_1510p_00003.cbf,531,558,286,325,27,39,1053
cr1_1510p_00004.cbf,531,558,285,324,27,39,1053
cr1_1510p_00005.cbf,531,558,284,323,27,39,1053
cr1_1510p_00006.cbf,531,558,285,323,27,38,1026
cr1_1510p_00007.cbf,531,558,286,324,27,38,1026
cr1_1510p_00008.cbf,531,559,286,324,28,38,1064
cr1_1511p_00001.cbf,531,559,286,324,28,38,1064
cr1_1511p_00002.cbf,531,559,287,325,28,38,1064
cr1_1511p_00003.cbf,531,558,287,325,27,38,1026
cr1_1511p_00004.cbf,531,558,285,324,27,39,1053
cr1_1511p_00005.cbf,531,558,284,323,27,39,1053
cr1_1511p_00006.cbf,531,558,284,323,27,39,1053
cr1_1511p_00007.cbf,530,558,286,324,28,38,1064
cr1_1511p_00008.cbf,531,559,286,324,28,38,1064
cr1_1512p_00001.cbf,531,559,287,324,28,37,1036
cr1_1512p_00002.cbf,530,559,287,325,29,38,1102
cr1_1512p_00003.cbf,531,558,287,325,27,38,1026
cr1_1512p_00004.cbf,531,558,285,324,27,39,1053
cr1_1512p_00005.cbf,531,558,284,322,27,38,1026
cr1_1512p_00006.cbf,531,558,285,323,27,38,1026
cr1_1512p_00007.cbf,531,558,286,324,27,38,1026
cr1_1512p_00008.cbf,531,559,287,324,28,37,1036
cr1_1513p_00001.cbf,531,559,286,324,28,38,1064
cr1_1513p_00002.cbf,531,559,287,325,28,38,1064
cr1_1513p_00003.cbf,531,558,287,325,27,38,1026
cr1_1513p_00004.cbf,531,558,286,324,27,38,1026
cr1_1513p_00005.cbf,531,558,284,323,27,39,1053
cr1_1513p_00006.cbf,531,558,285,323,27,38,1026
cr1_1513p_00007.cbf,531,558,286,324,27,38,1026
cr1_1513p_00008.cbf,531,559,287,324,28,37,1036
cr1_1514p_00001.cbf,530,559,287,324,29,37,1073
cr1_1514p_00002.cbf,531,559,287,325,28,38,1064
cr1_1514p_00003.cbf,531,558,287,325,27,38,1026
cr1_1514p_00004.cbf,531,558,285,324,27,39,1053
cr1_1514p_00005.cbf,531,558,284,322,27,38,1026
cr1_1514p_00006.cbf,531,558,285,323,27,38,1026
cr1_1514p_00007.cbf,531,558,286,324,27,38,1026
cr1_1514p_00008.cbf,531,559,287,324,28,37,1036
cr1_1515p_00001.cbf,531,559,286,324,28,38,1064
cr1_1515p_00002.cbf,531,559,287,325,28,38,1064
cr1_1515p_00003.cbf,531,558,287,325,27,38,1026
cr1_1515p_00004.cbf,531,558,285,323,27,38,1026
cr1_1515p_00005.cbf,531,558,285,323,27,38,1026
cr1_1515p_00006.cbf,531,558,285,323,27,38,1026
cr1_1515p_00007.cbf,531,558,286,324,27,38,1026
cr1_1515p_00008.cbf,531,559,287,324,28,37,1036
cr1_1516p_00001.cbf,531,559,286,324,28,38,1064
cr1_1516p_00002.cbf,531,559,287,325,28,38,1064
cr1_1516p_00003.cbf,531,558,287,325,27,38,1026
cr1_1516p_00004.cbf,531,558,286,324,27,38,1026
cr1_1516p_00005.cbf,531,558,284,323,27,39,1053
cr1_1516p_00006.cbf,531,558,285,323,27,38,1026
cr1_1516p_00007.cbf,531,558,286,324,27,38,1026
cr1_1516p_00008.cbf,531,559,287,324,28,37,1036
cr1_1517p_00001.cbf,531,559,287,324,28,37,1036
cr1_1517p_00002.cbf,530,559,287,325,29,38,1102
cr1_1517p_00003.cbf,531,558,287,325,27,38,1026
cr1_1517p_00004.cbf,531,558,285,324,27,39,1053
cr1_1517p_00005.cbf,531,558,284,322,27,38,1026
cr1_1517p_00006.cbf,531,558,285,323,27,38,1026
cr1_1517p_00007.cbf,531,558,286,324,27,38,1026
cr1_1517p_00008.cbf,531,559,287,324,28,37,1036
cr1_1518p_00001.cbf,531,559,287,324,28,37,1036
cr1_1518p_00002.cbf,531,559,287,325,28,38,1064
cr1_1518p_00003.cbf,531,558,286,325,27,39,1053
cr1_1518p_00004.cbf,531,558,286,324,27,38,1026
cr1_1518p_00005.cbf,531,558,284,322,27,38,1026
cr1_1518p_00006.cbf,531,558,285,323,27,38,1026
cr1_1518p_00007.cbf,531,558,286,324,27,38,1026
cr1_1518p_00008.cbf,531,559,287,324,28,37,1036
cr1_1519p_00001.cbf,531,559,287,324,28,37,1036
cr1_1519p_00002.cbf,531,559,287,325,28,38,1064
cr1_1519p_00003.cbf,531,558,287,325,27,38,1026
cr1_1519p_00004.cbf,531,558,286,324,27,38,1026
cr1_1519p_00005.cbf,531,558,284,323,27,39,1053
cr1_1519p_00006.cbf,531,558,285,323,27,38,1026
cr1_1519p_00007.cbf,531,558,286,324,27,38,1026
cr1_1519p_00008.cbf,531,559,287,324,28,37,1036
cr1_1520p_00001.cbf,531,559,287,324,28,37,1036
cr1_1520p_00002.cbf,531,559,287,324,28,37,1036
cr1_1520p_00003.cbf,531,558,287,325,27,38,1026
cr1_1520p_00004.cbf,531,558,286,324,27,38,1026
cr1_1520p_00005.cbf,531,558,284,323,27,39,1053
cr1_1520p_00006.cbf,531,558,285,323,27,38,1026
cr1_1520p_00007.cbf,531,558,286,324,27,38,1026
cr1_1520p_00008.cbf,531,559,287,324,28,37,1036
cr1_1521p_00001.cbf,531,559,287,324,28,37,1036
cr1_1521p_00002.cbf,531,559,287,325,28,38,1064
cr1_1521p_00003.cbf,531,558,287,325,27,38,1026
cr1_1521p_00004.cbf,531,558,286,324,27,38,1026
cr1_1521p_00005.cbf,531,558,285,323,27,38,1026
cr1_1521p_00006.cbf,531,558,285,323,27,38,1026
cr1_1521p_00007.cbf,531,558,286,324,27,38,1026
cr1_1521p_00008.cbf,531,559,287,324,28,37,1036
cr1_1522p_00001.cbf,531,559,287,324,28,37,1036
cr1_1522p_00002.cbf,531,558,287,325,27,38,1026
cr1_1522p_00003.cbf,531,558,287,325,27,38,1026
cr1_1522p_00004.cbf,531,558,286,324,27,38,1026
cr1_1522p_00005.cbf,531,558,284,323,27,39,1053
cr1_1522p_00006.cbf,531,558,285,323,27,38,1026
cr1_1522p_00007.cbf,531,558,286,324,27,38,1026
cr1_1522p_00008.cbf,531,559,287,324,28,37,1036
cr1_1523p_00001.cbf,531,559,287,324,28,37,1036
cr1_1523p_00002.cbf,531,559,287,325,28,38,1064
cr1_1523p_00003.cbf,530,558,287,325,28,38,1064
cr1_1523p_00004.cbf,531,558,286,324,27,38,1026
cr1_1523p_00005.cbf,531,558,284,322,27,38,1026
cr1_1523p_00006.cbf,531,558,285,323,27,38,1026
cr1_1523p_00007.cbf,531,558,286,324,27,38,1026
cr1_1523p_00008.cbf,531,559,287,324,28,37,1036
cr1_1524p_00001.cbf,531,559,287,324,28,37,1036
cr1_1524p_00002.cbf,531,559,287,325,28,38,1064
cr1_1524p_00003.cbf,531,558,287,325,27,38,1026
cr1_1524p_00004.cbf,531,558,286,323,27,37,999
cr1_1524p_00005.cbf,531,558,285,322,27,37,999
cr1_1524p_00006.cbf,531,558,285,323,27,38,1026
cr1_1524p_00007.cbf,531,558,286,324,27,38,1026
cr1_1524p_00008.cbf,531,559,287,324,28,37,1036
cr1_1525p_00001.cbf,531,559,286,324,28,38,1064
cr1_1525p_00002.cbf,531,559,287,324,28,37,1036
cr1_1525p_00003.cbf,531,558,287,325,27,38,1026
cr1_1525p_00004.cbf,531,558,286,324,27,38,1026
cr1_1525p_00005.cbf,531,558,284,322,27,38,1026
cr1_1525p_00006.cbf,531,558,285,323,27,38,1026
cr1_1525p_00007.cbf,531,558,286,324,27,38,1026
cr1_1525p_00008.cbf,531,559,287,324,28,37,1036
cr1_1526p_00001.cbf,531,559,287,324,28,37,1036
cr1_1526p_00002.cbf,531,559,287,325,28,38,1064
cr1_1526p_00003.cbf,531,558,287,325,27,38,1026
cr1_1526p_00004.cbf,531,558,285,323,27,38,1026
cr1_1526p_00005.cbf,531,558,284,322,27,38,1026
cr1_1526p_00006.cbf,531,558,285,323,27,38,1026
cr1_1526p_00007.cbf,531,558,286,324,27,38,1026
cr1_1526p_00008.cbf,531,559,287,324,28,37,1036
cr1_1527p_00001.cbf,531,559,287,324,28,37,1036
cr1_1527p_00002.cbf,531,559,287,325,28,38,1064
cr1_1527p_00003.cbf,531,558,287,325,27,38,1026
cr1_1527p_00004.cbf,531,558,286,324,27,38,1026
cr1_1527p_00005.cbf,531,558,284,322,27,38,1026
cr1_1527p_00006.cbf,531,558,285,323,27,38,1026
cr1_1527p_00007.cbf,531,558,286,324,27,38,1026
cr1_1527p_00008.cbf,531,559,287,324,28,37,1036
cr1_1528p_00001.cbf,531,559,286,324,28,38,1064
cr1_1528p_00002.cbf,531,559,287,325,28,38,1064
cr1_1528p_00003.cbf,531,558,287,325,27,38,1026
cr1_1528p_00004.cbf,531,558,286,323,27,37,999
cr1_1528p_00005.cbf,531,558,285,323,27,38,1026
cr1_1528p_00006.cbf,531,558,285,323,27,38,1026
cr1_1528p_00007.cbf,531,558,286,324,27,38,1026
cr1_1528p_00008.cbf,531,559,287,324,28,37,1036
cr1_1529p_00001.cbf,531,559,287,324,28,37,1036
cr1_1529p_00002.cbf,531,559,287,325,28,38,1064
cr1_1529p_00003.cbf,531,558,287,325,27,38,1026
cr1_1529p_00004.cbf,531,558,286,323,27,37,999
cr1_1529p_00005.cbf,531,558,285,323,27,38,1026
cr1_1529p_00006.cbf,531,558,285,323,27,38,1026
cr1_1529p_00007.cbf,531,558,286,324,27,38,1026
cr1_1529p_00008.cbf,531,559,287,324,28,37,1036
cr1_1530p_00001.cbf,531,559,287,324,28,37,1036
cr1_1530p_00002.cbf,531,558,287,325,27,38,1026
cr1_1530p_00003.cbf,531,558,287,325,27,38,1026
cr1_1530p_00004.cbf,531,558,286,324,27,38,1026
cr1_1530p_00005.cbf,531,558,285,323,27,38,1026
cr1_1530p_00006.cbf,531,558,285,323,27,38,1026
cr1_1530p_00007.cbf,531,558,286,324,27,38,1026
cr1_1530p_00008.cbf,531,558,287,325,27,38,1026
cr1_1531p_00001.cbf,531,559,287,324,28,37,1036
cr1_1531p_00002.cbf,531,559,287,325,28,38,1064
cr1_1531p_00003.cbf,531,558,287,325,27,38,1026
cr1_1531p_00004.cbf,531,558,286,324,27,38,1026
cr1_1531p_00005.cbf,531,558,285,323,27,38,1026
cr1_1531p_00006.cbf,531,558,285,323,27,38,1026
cr1_1531p_00007.cbf,531,558,287,324,27,37,999
cr1_1531p_00008.cbf,531,558,287,325,27,38,1026
cr1_1532p_00001.cbf,531,559,287,324,28,37,1036
cr1_1532p_00002.cbf,531,558,287,325,27,38,1026
cr1_1532p_00003.cbf,531,558,287,325,27,38,1026
cr1_1532p_00004.cbf,531,558,285,324,27,39,1053
cr1_1532p_00005.cbf,530,558,284,323,28,39,1092
cr1_1532p_00006.cbf,531,558,285,323,27,38,1026
cr1_1532p_00007.cbf,531,558,286,324,27,38,1026
cr1_1532p_00008.cbf,531,559,287,325,28,38,1064
cr1_1533p_00001.cbf,531,559,286,324,28,38,1064
cr1_1533p_00002.cbf,531,559,287,325,28,38,1064
cr1_1533p_00003.cbf,531,558,287,325,27,38,1026
cr1_1533p_00004.cbf,531,558,286,324,27,38,1026
cr1_1533p_00005.cbf,531,558,284,323,27,39,1053
cr1_1533p_00006.cbf,531,558,285,323,27,38,1026
cr1_1533p_00007.cbf,530,558,286,324,28,38,1064
cr1_1533p_00008.cbf,530,559,287,324,29,37,1073
cr1_1534p_00001.cbf,531,559,287,324,28,37,1036
cr1_1534p_00002.cbf,531,559,287,325,28,38,1064
cr1_1534p_00003.cbf,531,558,287,325,27,38,1026
cr1_1534p_00004.cbf,531,558,286,324,27,38,1026
cr1_1534p_00005.cbf,531,558,284,323,27,39,1053
cr1_1534p_00006.cbf,531,558,285,323,27,38,1026
cr1_1534p_00007.cbf,531,558,286,324,27,38,1026
cr1_1534p_00008.cbf,531,559,286,324,28,38,1064
cr1_1535p_00001.cbf,531,559,287,324,28,37,1036
cr1_1535p_00002.cbf,530,559,287,325,29,38,1102
cr1_1535p_00003.cbf,531,558,287,325,27,38,1026
cr1_1535p_00004.cbf,531,558,286,324,27,38,1026
cr1_1535p_00005.cbf,531,558,284,322,27,38,1026
cr1_1535p_00006.cbf,531,558,285,324,27,39,1053
cr1_1535p_00007.cbf,531,558,286,324,27,38,1026
cr1_1535p_00008.cbf,531,559,287,325,28,38,1064
cr1_1536p_00001.cbf,531,559,287,324,28,37,1036
cr1_1536p_00002.cbf,531,559,287,325,28,38,1064
cr1_1536p_00003.cbf,531,559,287,325,28,38,1064
cr1_1536p_00004.cbf,530,558,286,324,28,38,1064
cr1_1536p_00005.cbf,531,558,285,323,27,38,1026
cr1_1536p_00006.cbf,531,558,285,324,27,39,1053
cr1_1536p_00007.cbf,531,559,286,324,28,38,1064
cr1_1536p_00008.cbf,531,559,287,324,28,37,1036
cr1_1537p_00001.cbf,530,559,287,324,29,37,1073
cr1_1537p_00002.cbf,531,559,287,325,28,38,1064
cr1_1537p_00003.cbf,531,558,287,325,27,38,1026
cr1_1537p_00004.cbf,531,558,286,324,27,38,1026
cr1_1537p_00005.cbf,531,558,285,323,27,38,1026
cr1_1537p_00006.cbf,531,558,285,324,27,39,1053
cr1_1537p_00007.cbf,531,558,286,324,27,38,1026
cr1_1537p_00008.cbf,531,559,287,325,28,38,1064
cr1_1538p_00001.cbf,531,559,287,324,28,37,1036
cr1_1538p_00002.cbf,531,559,287,325,28,38,1064
cr1_1538p_00003.cbf,531,558,287,325,27,38,1026
cr1_1538p_00004.cbf,531,558,286,324,27,38,1026
cr1_1538p_00005.cbf,531,558,285,323,27,38,1026
cr1_1538p_00006.cbf,531,558,285,324,27,39,1053
cr1_1538p_00007.cbf,530,558,287,324,28,37,1036
cr1_1538p_00008.cbf,530,559,287,325,29,38,1102
cr1_1539p_00001.cbf,531,559,287,325,28,38,1064
cr1_1539p_00002.cbf,531,559,287,325,28,38,1064
cr1_1539p_00003.cbf,530,559,287,325,29,38,1102
cr1_1539p_00004.cbf,531,558,286,324,27,38,1026
cr1_1539p_00005.cbf,531,558,285,323,27,38,1026
cr1_1539p_00006.cbf,531,558,285,323,27,38,1026
cr1_1539p_00007.cbf,531,559,286,324,28,38,1064
cr1_1539p_00008.cbf,531,559,287,325,28,38,1064
cr1_1540p_00001.cbf,531,559,287,324,28,37,1036
cr1_1540p_00002.cbf,531,559,287,325,28,38,1064
cr1_1540p_00003.cbf,531,559,287,325,28,38,1064
cr1_1540p_00004.cbf,531,558,286,324,27,38,1026
cr1_1540p_00005.cbf,531,558,285,323,27,38,1026
cr1_1540p_00006.cbf,531,558,285,324,27,39,1053
cr1_1540p_00007.cbf,531,558,286,324,27,38,1026
cr1_1540p_00008.cbf,531,559,287,325,28,38,1064
cr1_1541p_00001.cbf,531,559,287,324,28,37,1036
cr1_1541p_00002.cbf,531,559,287,325,28,38,1064
cr1_1541p_00003.cbf,530,559,287,325,29,38,1102
cr1_1541p_00004.cbf,531,558,286,324,27,38,1026
cr1_1541p_00005.cbf,531,558,284,323,27,39,1053
cr1_1541p_00006.cbf,531,558,285,324,27,39,1053
cr1_1541p_00007.cbf,531,559,286,324,28,38,1064
cr1_1541p_00008.cbf,531,559,287,324,28,37,1036
cr1_1542p_00001.cbf,531,559,287,324,28,37,1036
cr1_1542p_00002.cbf,530,559,287,325,29,38,1102
cr1_1542p_00003.cbf,531,558,287,325,27,38,1026
cr1_1542p_00004.cbf,531,558,286,324,27,38,1026
cr1_1542p_00005.cbf,531,558,284,323,27,39,1053
cr1_1542p_00006.cbf,531,558,285,324,27,39,1053
cr1_1542p_00007.cbf,531,558,286,324,27,38,1026
cr1_1542p_00008.cbf,531,559,287,324,28,37,1036
cr1_1543p_00001.cbf,531,559,287,324,28,37,1036
cr1_1543p_00002.cbf,531,559,287,325,28,38,1064
cr1_1543p_00003.cbf,530,558,287,325,28,38,1064
cr1_1543p_00004.cbf,531,558,286,324,27,38,1026
cr1_1543p_00005.cbf,531,558,284,322,27,38,1026
cr1_1543p_00006.cbf,531,558,285,324,27,39,1053
cr1_1543p_00007.cbf,531,558,286,324,27,38,1026
cr1_1543p_00008.cbf,531,559,287,324,28,37,1036
cr1_1544p_00001.cbf,531,559,287,324,28,37,1036
cr1_1544p_00002.cbf,531,559,287,325,28,38,1064
cr1_1544p_00003.cbf,531,558,287,325,27,38,1026
cr1_1544p_00004.cbf,531,558,286,324,27,38,1026
cr1_1544p_00005.cbf,531,558,285,323,27,38,1026
cr1_1544p_00006.cbf,531,558,285,324,27,39,1053
cr1_1544p_00007.cbf,531,558,286,324,27,38,1026
cr1_1544p_00008.cbf,531,559,287,324,28,37,1036
cr1_1545p_00001.cbf,531,559,287,324,28,37,1036
cr1_1545p_00002.cbf,531,559,287,325,28,38,1064
cr1_1545p_00003.cbf,531,558,287,325,27,38,1026
cr1_1545p_00004.cbf,531,558,286,323,27,37,999
cr1_1545p_00005.cbf,531,558,284,323,27,39,1053
cr1_1545p_00006.cbf,531,558,285,323,27,38,1026
cr1_1545p_00007.cbf,531,558,286,324,27,38,1026
cr1_1545p_00008.cbf,531,559,287,324,28,37,1036
cr1_1546p_00001.cbf,531,559,287,324,28,37,1036
cr1_1546p_00002.cbf,531,558,288,325,27,37,999
cr1_1546p_00003.cbf,531,558,287,325,27,38,1026
cr1_1546p_00004.cbf,531,558,286,324,27,38,1026
cr1_1546p_00005.cbf,531,558,285,323,27,38,1026
cr1_1546p_00006.cbf,531,558,285,323,27,38,1026
cr1_1546p_00007.cbf,531,558,286,324,27,38,1026
cr1_1546p_00008.cbf,531,559,287,324,28,37,1036
cr1_1547p_00001.cbf,531,559,287,324,28,37,1036
cr1_1547p_00002.cbf,531,559,287,325,28,38,1064
cr1_1547p_00003.cbf,531,558,287,325,27,38,1026
cr1_1547p_00004.cbf,531,558,286,324,27,38,1026
cr1_1547p_00005.cbf,531,558,284,322,27,38,1026
cr1_1547p_00006.cbf,531,558,285,323,27,38,1026
cr1_1547p_00007.cbf,531,559,286,324,28,38,1064
cr1_1547p_00008.cbf,531,559,287,324,28,37,1036
cr1_1548p_00001.cbf,531,559,287,324,28,37,1036
cr1_1548p_00002.cbf,531,559,287,325,28,38,1064
cr1_1548p_00003.cbf,531,558,287,325,27,38,1026
cr1_1548p_00004.cbf,531,558,286,324,27,38,1026
cr1_1548p_00005.cbf,531,558,285,323,27,38,1026
cr1_1548p_00006.cbf,531,558,286,324,27,38,1026
cr1_1548p_00007.cbf,531,558,286,324,27,38,1026
cr1_1548p_00008.cbf,531,559,287,324,28,37,1036
cr1_1549p_00001.cbf,531,559,287,324,28,37,1036
cr1_1549p_00002.cbf,531,559,287,325,28,38,1064
cr1_1549p_00003.cbf,531,558,287,325,27,38,1026
cr1_1549p_00004.cbf,531,558,286,324,27,38,1026
cr1_1549p_00005.cbf,531,558,285,323,27,38,1026
cr1_1549p_00006.cbf,531,558,286,324,27,38,1026
cr1_1549p_00007.cbf,531,558,286,324,27,38,1026
cr1_1549p_00008.cbf,531,559,287,324,28,37,1036
cr1_1550p_00001.cbf,531,559,287,324,28,37,1036
cr1_1550p_00002.cbf,531,559,287,325,28,38,1064
cr1_1550p_00003.cbf,531,558,287,325,27,38,1026
cr1_1550p_00004.cbf,531,558,286,324,27,38,1026
cr1_1550p_00005.cbf,531,558,284,323,27,39,1053
cr1_1550p_00006.cbf,531,558,286,324,27,38,1026
cr1_1550p_00007.cbf,531,558,286,324,27,38,1026
cr1_1550p_00008.cbf,531,559,287,324,28,37,1036
cr1_1551p_00001.cbf,531,559,287,324,28,37,1036
cr1_1551p_00002.cbf,531,559,287,325,28,38,1064
cr1_1551p_00003.cbf,531,558,287,325,27,38,1026
cr1_1551p_00004.cbf,531,558,286,324,27,38,1026
cr1_1551p_00005.cbf,531,558,285,323,27,38,1026
cr1_1551p_00006.cbf,531,558,285,323,27,38,1026
cr1_1551p_00007.cbf,531,558,286,324,27,38,1026
cr1_1551p_00008.cbf,531,559,287,324,28,37,1036
cr1_1552p_00001.cbf,531,559,287,324,28,37,1036
cr1_1552p_00002.cbf,531,559,287,325,28,38,1064
cr1_1552p_00003.cbf,531,558,287,325,27,38,1026
cr1_1552p_00004.cbf,531,558,286,324,27,38,1026
cr1_1552p_00005.cbf,531,558,284,323,27,39,1053
cr1_1552p_00006.cbf,531,558,285,323,27,38,1026
cr1_1552p_00007.cbf,531,558,286,324,27,38,1026
cr1_1552p_00008.cbf,531,559,287,324,28,37,1036
cr1_1553p_00001.cbf,531,559,287,324,28,37,1036
cr1_1553p_00002.cbf,531,559,287,325,28,38,1064
cr1_1553p_00003.cbf,531,558,287,325,27,38,1026
cr1_1553p_00004.cbf,531,558,286,324,27,38,1026
cr1_1553p_00005.cbf,530,557,285,324,27,39,1053
cr1_1553p_00006.cbf,531,558,286,323,27,37,999
cr1_1553p_00007.cbf,531,558,287,324,27,37,999
cr1_1553p_00008.cbf,531,558,287,324,27,37,999
cr1_1554p_00001.cbf,530,559,287,324,29,37,1073
cr1_1554p_00002.cbf,531,559,287,324,28,37,1036
cr1_1554p_00003.cbf,531,558,287,324,27,37,999
cr1_1554p_00004.cbf,531,558,286,323,27,37,999
cr1_1554p_00005.cbf,531,558,284,322,27,38,1026
cr1_1554p_00006.cbf,531,558,286,323,27,37,999
cr1_1554p_00007.cbf,531,558,287,324,27,37,999
cr1_1554p_00008.cbf,531,558,287,324,27,37,999
cr1_1555p_00001.cbf,531,559,287,324,28,37,1036
cr1_1555p_00002.cbf,531,559,288,324,28,36,1008
cr1_1555p_00003.cbf,531,558,288,324,27,36,972
cr1_1555p_00004.cbf,531,558,286,324,27,38,1026
cr1_1555p_00005.cbf,531,558,285,323,27,38,1026
cr1_1555p_00006.cbf,531,558,286,323,27,37,999
cr1_1555p_00007.cbf,531,558,287,324,27,37,999
cr1_1555p_00008.cbf,531,558,287,324,27,37,999
cr1_1556p_00001.cbf,531,559,287,324,28,37,1036
cr1_1556p_00002.cbf,531,558,287,324,27,37,999
cr1_1556p_00003.cbf,531,558,287,324,27,37,999
cr1_1556p_00004.cbf,531,558,286,323,27,37,999
cr1_1556p_00005.cbf,531,558,285,323,27,38,1026
cr1_1556p_00006.cbf,531,558,285,323,27,38,1026
cr1_1556p_00007.cbf,531,558,287,324,27,37,999
cr1_1556p_00008.cbf,531,559,287,324,28,37,1036
cr1_1557p_00001.cbf,531,559,287,324,28,37,1036
cr1_1557p_00002.cbf,531,559,287,324,28,37,1036
cr1_1557p_00003.cbf,531,558,287,324,27,37,999
cr1_1557p_00004.cbf,531,558,286,324,27,38,1026
cr1_1557p_00005.cbf,531,558,285,323,27,38,1026
cr1_1557p_00006.cbf,531,558,286,323,27,37,999
cr1_1557p_00007.cbf,531,558,287,324,27,37,999
cr1_1557p_00008.cbf,531,559,287,324,28,37,1036
cr1_1558p_00001.cbf,531,559,287,324,28,37,1036
cr1_1558p_00002.cbf,531,558,288,325,27,37,999
cr1_1558p_00003.cbf,531,558,288,325,27,37,999
cr1_1558p_00004.cbf,531,558,287,324,27,37,999
cr1_1558p_00005.cbf,531,558,284,321,27,37,999
cr1_1558p_00006.cbf,531,558,286,322,27,36,972
cr1_1558p_00007.cbf,531,558,287,323,27,36,972
cr1_1558p_00008.cbf,531,559,287,324,28,37,1036
cr1_1559p_00001.cbf,531,559,287,323,28,36,1008
cr1_1559p_00002.cbf,531,559,288,324,28,36,1008
cr1_1559p_00003.cbf,531,558,287,324,27,37,999
cr1_1559p_00004.cbf,531,558,286,323,27,37,999
cr1_1559p_00005.cbf,531,558,285,322,27,37,999
cr1_1559p_00006.cbf,531,558,286,323,27,37,999
cr1_1559p_00007.cbf,531,558,287,323,27,36,972
cr1_1559p_00008.cbf,531,559,287,323,28,36,1008
cr1_1560p_00001.cbf,531,559,287,323,28,36,1008
cr1_1560p_00002.cbf,531,559,287,324,28,37,1036
cr1_1560p_00003.cbf,531,558,287,324,27,37,999
cr1_1560p_00004.cbf,531,558,286,323,27,37,999
cr1_1560p_00005.cbf,531,558,285,322,27,37,999
cr1_1560p_00006.cbf,531,558,285,322,27,37,999
cr1_1560p_00007.cbf,531,559,286,323,28,37,1036
cr1_1560p_00008.cbf,531,559,287,323,28,36,1008
cr1_1561p_00001.cbf,531,559,287,323,28,36,1008
cr1_1561p_00002.cbf,531,559,287,324,28,37,1036
cr1_1561p_00003.cbf,530,558,287,324,28,37,1036
cr1_1561p_00004.cbf,531,558,286,323,27,37,999
cr1_1561p_00005.cbf,531,558,285,322,27,37,999
cr1_1561p_00006.cbf,531,558,285,322,27,37,999
cr1_1561p_00007.cbf,530,558,287,323,28,36,1008
cr1_1561p_00008.cbf,531,559,287,323,28,36,1008
cr1_1562p_00001.cbf,531,559,287,324,28,37,1036
cr1_1562p_00002.cbf,531,559,288,324,28,36,1008
cr1_1562p_00003.cbf,531,558,287,324,27,37,999
cr1_1562p_00004.cbf,531,558,286,323,27,37,999
cr1_1562p_00005.cbf,531,558,285,322,27,37,999
cr1_1562p_00006.cbf,531,558,285,322,27,37,999
cr1_1562p_00007.cbf,531,558,286,323,27,37,999
cr1_1562p_00008.cbf,531,559,286,323,28,37,1036
cr1_1563p_00001.cbf,531,559,286,323,28,37,1036
cr1_1563p_00002.cbf,531,559,287,324,28,37,1036
cr1_1563p_00003.cbf,531,558,287,324,27,37,999
cr1_1563p_00004.cbf,531,558,286,323,27,37,999
cr1_1563p_00005.cbf,531,558,285,323,27,38,1026
cr1_1563p_00006.cbf,531,558,284,323,27,39,1053
cr1_1563p_00007.cbf,531,558,286,323,27,37,999
cr1_1563p_00008.cbf,531,559,286,323,28,37,1036
cr1_1564p_00001.cbf,531,559,286,323,28,37,1036
cr1_1564p_00002.cbf,531,559,287,324,28,37,1036
cr1_1564p_00003.cbf,531,558,287,324,27,37,999
cr1_1564p_00004.cbf,531,558,286,323,27,37,999
cr1_1564p_00005.cbf,531,558,285,322,27,37,999
cr1_1564p_00006.cbf,532,558,285,322,26,37,962
cr1_1564p_00007.cbf,531,558,287,323,27,36,972
cr1_1564p_00008.cbf,531,558,287,323,27,36,972
cr1_1565p_00001.cbf,531,559,287,323,28,36,1008
cr1_1565p_00002.cbf,531,558,287,324,27,37,999
cr1_1565p_00003.cbf,531,558,287,324,27,37,999
cr1_1565p_00004.cbf,531,558,286,323,27,37,999
cr1_1565p_00005.cbf,531,558,285,322,27,37,999
cr1_1565p_00006.cbf,531,558,285,322,27,37,999
cr1_1565p_00007.cbf,531,558,286,323,27,37,999
cr1_1565p_00008.cbf,531,559,286,323,28,37,1036
cr1_1566p_00001.cbf,531,559,286,323,28,37,1036
cr1_1566p_00002.cbf,531,559,287,324,28,37,1036
cr1_1566p_00003.cbf,531,558,287,324,27,37,999
cr1_1566p_00004.cbf,531,558,286,323,27,37,999
cr1_1566p_00005.cbf,531,558,285,322,27,37,999
cr1_1566p_00006.cbf,531,558,285,323,27,38,1026
cr1_1566p_00007.cbf,531,558,287,324,27,37,999
cr1_1566p_00008.cbf,531,559,287,323,28,36,1008
cr1_1567p_00001.cbf,531,559,287,324,28,37,1036
cr1_1567p_00002.cbf,531,559,287,324,28,37,1036
cr1_1567p_00003.cbf,531,558,287,324,27,37,999
cr1_1567p_00004.cbf,531,558,286,323,27,37,999
cr1_1567p_00005.cbf,531,558,284,321,27,37,999
cr1_1567p_00006.cbf,531,558,285,323,27,38,1026
cr1_1567p_00007.cbf,530,558,286,324,28,38,1064
cr1_1567p_00008.cbf,531,559,287,324,28,37,1036
cr1_1568p_00001.cbf,531,559,287,324,28,37,1036
cr1_1568p_00002.cbf,531,559,287,324,28,37,1036
cr1_1568p_00003.cbf,531,558,287,324,27,37,999
cr1_1568p_00004.cbf,531,558,286,323,27,37,999
cr1_1568p_00005.cbf,531,558,285,322,27,37,999
cr1_1568p_00006.cbf,531,558,285,323,27,38,1026
cr1_1568p_00007.cbf,531,558,287,323,27,36,972
cr1_1568p_00008.cbf,531,559,287,324,28,37,1036
cr1_1569p_00001.cbf,531,559,287,324,28,37,1036
cr1_1569p_00002.cbf,531,559,287,324,28,37,1036
cr1_1569p_00003.cbf,531,558,287,324,27,37,999
cr1_1569p_00004.cbf,531,558,286,323,27,37,999
cr1_1569p_00005.cbf,531,558,285,322,27,37,999
cr1_1569p_00006.cbf,531,558,285,323,27,38,1026
cr1_1569p_00007.cbf,530,558,286,324,28,38,1064
cr1_1569p_00008.cbf,531,559,287,324,28,37,1036
cr1_1570p_00001.cbf,531,559,287,324,28,37,1036
cr1_1570p_00002.cbf,531,558,287,324,27,37,999
cr1_1570p_00003.cbf,531,558,287,324,27,37,999
cr1_1570p_00004.cbf,531,558,286,323,27,37,999
cr1_1570p_00005.cbf,531,558,285,322,27,37,999
cr1_1570p_00006.cbf,531,558,285,323,27,38,1026
cr1_1570p_00007.cbf,531,558,286,324,27,38,1026
cr1_1570p_00008.cbf,531,559,287,324,28,37,1036
cr1_1571p_00001.cbf,531,559,287,324,28,37,1036
cr1_1571p_00002.cbf,531,558,287,324,27,37,999
cr1_1571p_00003.cbf,531,558,287,325,27,38,1026
cr1_1571p_00004.cbf,531,558,286,323,27,37,999
cr1_1571p_00005.cbf,531,558,285,322,27,37,999
cr1_1571p_00006.cbf,531,558,285,323,27,38,1026
cr1_1571p_00007.cbf,531,558,286,324,27,38,1026
cr1_1571p_00008.cbf,531,559,287,324,28,37,1036
cr1_1572p_00001.cbf,531,559,287,324,28,37,1036
cr1_1572p_00002.cbf,531,558,287,324,27,37,999
cr1_1572p_00003.cbf,531,558,287,324,27,37,999
cr1_1572p_00004.cbf,531,558,286,323,27,37,999
cr1_1572p_00005.cbf,531,558,285,322,27,37,999
cr1_1572p_00006.cbf,531,558,286,323,27,37,999
cr1_1572p_00007.cbf,531,558,287,324,27,37,999
cr1_1572p_00008.cbf,531,559,287,324,28,37,1036
cr1_1573p_00001.cbf,531,559,287,324,28,37,1036
cr1_1573p_00002.cbf,531,559,287,324,28,37,1036
cr1_1573p_00003.cbf,531,558,287,324,27,37,999
cr1_1573p_00004.cbf,531,558,286,323,27,37,999
cr1_1573p_00005.cbf,531,558,285,322,27,37,999
cr1_1573p_00006.cbf,531,558,285,323,27,38,1026
cr1_1573p_00007.cbf,531,558,286,324,27,38,1026
cr1_1573p_00008.cbf,531,558,287,324,27,37,999
cr1_1574p_00001.cbf,531,559,287,324,28,37,1036
cr1_1574p_00002.cbf,530,559,287,324,29,37,1073
cr1_1574p_00003.cbf,530,558,287,324,28,37,1036
cr1_1574p_00004.cbf,531,558,286,323,27,37,999
cr1_1574p_00005.cbf,531,558,285,322,27,37,999
cr1_1574p_00006.cbf,531,558,285,323,27,38,1026
cr1_1574p_00007.cbf,531,558,286,324,27,38,1026
cr1_1574p_00008.cbf,531,558,287,324,27,37,999
cr1_1575p_00001.cbf,531,559,287,324,28,37,1036
cr1_1575p_00002.cbf,531,559,287,325,28,38,1064
cr1_1575p_00003.cbf,531,558,287,325,27,38,1026
cr1_1575p_00004.cbf,531,558,286,324,27,38,1026
cr1_1575p_00005.cbf,531,558,285,323,27,38,1026
cr1_1575p_00006.cbf,531,558,285,323,27,38,1026
cr1_1575p_00007.cbf,530,558,286,324,28,38,1064
cr1_1575p_00008.cbf,531,559,287,324,28,37,1036
cr1_1576p_00001.cbf,530,559,287,324,29,37,1073
cr1_1576p_00002.cbf,531,559,288,324,28,36,1008
cr1_1576p_00003.cbf,531,558,287,324,27,37,999
cr1_1576p_00004.cbf,531,558,286,323,27,37,999
cr1_1576p_00005.cbf,531,558,284,322,27,38,1026
cr1_1576p_00006.cbf,531,558,286,323,27,37,999
cr1_1576p_00007.cbf,531,558,287,324,27,37,999
cr1_1576p_00008.cbf,531,559,287,324,28,37,1036
cr1_1577p_00001.cbf,531,559,287,324,28,37,1036
cr1_1577p_00002.cbf,531,558,288,324,27,36,972
cr1_1577p_00003.cbf,531,558,287,325,27,38,1026
cr1_1577p_00004.cbf,530,558,286,323,28,37,1036
cr1_1577p_00005.cbf,531,558,285,323,27,38,1026
cr1_1577p_00006.cbf,531,558,285,323,27,38,1026
cr1_1577p_00007.cbf,530,558,287,324,28,37,1036
cr1_1577p_00008.cbf,531,558,287,324,27,37,999
cr1_1578p_00001.cbf,530,559,287,324,29,37,1073
cr1_1578p_00002.cbf,531,558,288,324,27,36,972
cr1_1578p_00003.cbf,531,558,287,325,27,38,1026
cr1_1578p_00004.cbf,531,558,286,323,27,37,999
cr1_1578p_00005.cbf,531,558,284,322,27,38,1026
cr1_1578p_00006.cbf,531,558,286,323,27,37,999
cr1_1578p_00007.cbf,531,558,287,324,27,37,999
cr1_1578p_00008.cbf,531,559,287,324,28,37,1036
cr1_1579p_00001.cbf,530,559,287,324,29,37,1073
cr1_1579p_00002.cbf,531,558,288,324,27,36,972
cr1_1579p_00003.cbf,530,558,287,324,28,37,1036
cr1_1579p_00004.cbf,531,558,286,323,27,37,999
cr1_1579p_00005.cbf,531,558,285,323,27,38,1026
cr1_1579p_00006.cbf,531,558,286,323,27,37,999
cr1_1579p_00007.cbf,531,558,287,324,27,37,999
cr1_1579p_00008.cbf,531,559,287,324,28,37,1036
cr1_1580p_00001.cbf,531,559,287,324,28,37,1036
cr1_1580p_00002.cbf,531,559,288,324,28,36,1008
cr1_1580p_00003.cbf,531,558,287,324,27,37,999
cr1_1580p_00004.cbf,531,558,286,323,27,37,999
cr1_1580p_00005.cbf,531,558,285,322,27,37,999
cr1_1580p_00006.cbf,531,558,286,323,27,37,999
cr1_1580p_00007.cbf,531,558,287,324,27,37,999
cr1_1580p_00008.cbf,531,558,287,324,27,37,999
cr1_1581p_00001.cbf,531,559,287,324,28,37,1036
cr1_1581p_00002.cbf,531,559,288,324,28,36,1008
cr1_1581p_00003.cbf,531,558,287,324,27,37,999
cr1_1581p_00004.cbf,531,558,286,323,27,37,999
cr1_1581p_00005.cbf,531,558,285,323,27,38,1026
cr1_1581p_00006.cbf,531,558,286,323,27,37,999
cr1_1581p_00007.cbf,531,558,286,324,27,38,1026
cr1_1581p_00008.cbf,531,559,287,324,28,37,1036
cr1_1582p_00001.cbf,531,559,287,324,28,37,1036
cr1_1582p_00002.cbf,531,558,287,324,27,37,999
cr1_1582p_00003.cbf,531,558,287,324,27,37,999
cr1_1582p_00004.cbf,531,558,286,323,27,37,999
cr1_1582p_00005.cbf,531,558,285,322,27,37,999
cr1_1582p_00006.cbf,531,558,286,323,27,37,999
cr1_1582p_00007.cbf,531,558,286,324,27,38,1026
cr1_1582p_00008.cbf,531,559,287,324,28,37,1036
cr1_1583p_00001.cbf,531,559,287,324,28,37,1036
cr1_1583p_00002.cbf,531,559,288,324,28,36,1008
cr1_1583p_00003.cbf,531,558,288,324,27,36,972
cr1_1583p_00004.cbf,531,558,286,323,27,37,999
cr1_1583p_00005.cbf,531,558,285,323,27,38,1026
cr1_1583p_00006.cbf,531,558,285,323,27,38,1026
cr1_1583p_00007.cbf,531,558,287,324,27,37,999
cr1_1583p_00008.cbf,531,559,287,324,28,37,1036
cr1_1584p_00001.cbf,531,559,287,324,28,37,1036
cr1_1584p_00002.cbf,531,558,288,324,27,36,972
cr1_1584p_00003.cbf,531,558,287,324,27,37,999
cr1_1584p_00004.cbf,531,558,286,323,27,37,999
cr1_1584p_00005.cbf,531,558,285,323,27,38,1026
cr1_1584p_00006.cbf,531,558,286,323,27,37,999
cr1_1584p_00007.cbf,531,558,287,324,27,37,999
cr1_1584p_00008.cbf,531,559,287,324,28,37,1036
cr1_1585p_00001.cbf,531,559,287,324,28,37,1036
cr1_1585p_00002.cbf,531,558,288,324,27,36,972
cr1_1585p_00003.cbf,531,558,287,324,27,37,999
cr1_1585p_00004.cbf,531,558,286,323,27,37,999
cr1_1585p_00005.cbf,531,558,285,322,27,37,999
cr1_1585p_00006.cbf,531,558,285,323,27,38,1026
cr1_1585p_00007.cbf,531,558,286,324,27,38,1026
cr1_1585p_00008.cbf,531,559,287,324,28,37,1036
cr1_1586p_00001.cbf,531,559,287,324,28,37,1036
cr1_1586p_00002.cbf,531,558,288,325,27,37,999
cr1_1586p_00003.cbf,531,558,287,324,27,37,999
cr1_1586p_00004.cbf,531,558,286,323,27,37,999
cr1_1586p_00005.cbf,531,558,285,322,27,37,999
cr1_1586p_00006.cbf,531,558,285,323,27,38,1026
cr1_1586p_00007.cbf,531,558,287,324,27,37,999
cr1_1586p_00008.cbf,531,559,287,324,28,37,1036
cr1_1587p_00001.cbf,531,559,287,324,28,37,1036
cr1_1587p_00002.cbf,531,558,288,325,27,37,999
cr1_1587p_00003.cbf,531,558,287,324,27,37,999
cr1_1587p_00004.cbf,531,558,286,323,27,37,999
cr1_1587p_00005.cbf,531,558,285,323,27,38,1026
cr1_1587p_00006.cbf,531,558,285,323,27,38,1026
cr1_1587p_00007.cbf,531,558,286,324,27,38,1026
cr1_1587p_00008.cbf,531,559,287,324,28,37,1036
cr1_1588p_00001.cbf,531,559,287,324,28,37,1036
cr1_1588p_00002.cbf,531,558,288,325,27,37,999
cr1_1588p_00003.cbf,531,558,287,324,27,37,999
cr1_1588p_00004.cbf,531,558,286,323,27,37,999
cr1_1588p_00005.cbf,531,558,284,322,27,38,1026
cr1_1588p_00006.cbf,531,558,285,323,27,38,1026
cr1_1588p_00007.cbf,531,558,286,324,27,38,1026
cr1_1588p_00008.cbf,531,559,287,324,28,37,1036
cr1_1589p_00001.cbf,531,559,287,324,28,37,1036
cr1_1589p_00002.cbf,531,558,288,324,27,36,972
cr1_1589p_00003.cbf,531,558,287,324,27,37,999
cr1_1589p_00004.cbf,531,558,286,323,27,37,999
cr1_1589p_00005.cbf,531,558,285,322,27,37,999
cr1_1589p_00006.cbf,531,558,285,323,27,38,1026
cr1_1589p_00007.cbf,531,559,286,324,28,38,1064
cr1_1589p_00008.cbf,531,559,287,324,28,37,1036
cr1_1590p_00001.cbf,531,559,287,324,28,37,1036
cr1_1590p_00002.cbf,531,559,287,324,28,37,1036
cr1_1590p_00003.cbf,531,558,287,324,27,37,999
cr1_1590p_00004.cbf,531,558,286,323,27,37,999
cr1_1590p_00005.cbf,531,558,284,322,27,38,1026
cr1_1590p_00006.cbf,531,558,285,323,27,38,1026
cr1_1590p_00007.cbf,531,559,286,324,28,38,1064
cr1_1590p_00008.cbf,531,559,287,324,28,37,1036
cr1_1591p_00001.cbf,531,559,287,324,28,37,1036
cr1_1591p_00002.cbf,531,558,288,324,27,36,972
cr1_1591p_00003.cbf,531,558,287,324,27,37,999
cr1_1591p_00004.cbf,531,558,286,323,27,37,999
cr1_1591p_00005.cbf,531,558,284,322,27,38,1026
cr1_1591p_00006.cbf,531,559,285,323,28,38,1064
cr1_1591p_00007.cbf,531,559,287,324,28,37,1036
cr1_1591p_00008.cbf,531,559,287,324,28,37,1036
cr1_1592p_00001.cbf,531,559,287,324,28,37,1036
cr1_1592p_00002.cbf,531,559,287,324,28,37,1036
cr1_1592p_00003.cbf,531,558,287,324,27,37,999
cr1_1592p_00004.cbf,531,558,286,323,27,37,999
cr1_1592p_00005.cbf,531,558,285,322,27,37,999
cr1_1592p_00006.cbf,531,558,285,323,27,38,1026
cr1_1592p_00007.cbf,531,559,286,324,28,38,1064
cr1_1592p_00008.cbf,531,559,287,324,28,37,1036
cr1_1593p_00001.cbf,531,559,287,324,28,37,1036
cr1_1593p_00002.cbf,531,559,287,324,28,37,1036
cr1_1593p_00003.cbf,531,558,287,324,27,37,999
cr1_1593p_00004.cbf,531,558,286,323,27,37,999
cr1_1593p_00005.cbf,531,558,285,322,27,37,999
cr1_1593p_00006.cbf,531,558,285,323,27,38,1026
cr1_1593p_00007.cbf,530,559,286,324,29,38,1102
cr1_1593p_00008.cbf,531,559,287,324,28,37,1036
cr1_1594p_00001.cbf,531,559,287,324,28,37,1036
cr1_1594p_00002.cbf,531,559,287,324,28,37,1036
cr1_1594p_00003.cbf,531,558,287,324,27,37,999
cr1_1594p_00004.cbf,531,558,286,323,27,37,999
cr1_1594p_00005.cbf,531,558,285,322,27,37,999
cr1_1594p_00006.cbf,531,558,285,323,27,38,1026
cr1_1594p_00007.cbf,530,559,286,324,29,38,1102
cr1_1594p_00008.cbf,531,559,287,324,28,37,1036
cr1_1595p_00001.cbf,531,559,287,324,28,37,1036
cr1_1595p_00002.cbf,531,559,287,324,28,37,1036
cr1_1595p_00003.cbf,531,558,287,324,27,37,999
cr1_1595p_00004.cbf,531,558,286,323,27,37,999
cr1_1595p_00005.cbf,531,558,285,322,27,37,999
cr1_1595p_00006.cbf,531,558,285,323,27,38,1026
cr1_1595p_00007.cbf,531,559,286,324,28,38,1064
cr1_1595p_00008.cbf,531,559,287,324,28,37,1036
cr1_1596p_00001.cbf,531,559,287,324,28,37,1036
cr1_1596p_00002.cbf,531,559,287,324,28,37,1036
cr1_1596p_00003.cbf,531,558,287,324,27,37,999
cr1_1596p_00004.cbf,531,558,286,323,27,37,999
cr1_1596p_00005.cbf,531,558,284,322,27,38,1026
cr1_1596p_00006.cbf,531,558,285,323,27,38,1026
cr1_1596p_00007.cbf,531,559,286,324,28,38,1064
cr1_1596p_00008.cbf,531,559,287,324,28,37,1036
cr1_1597p_00001.cbf,531,559,287,324,28,37,1036
cr1_1597p_00002.cbf,531,559,287,324,28,37,1036
cr1_1597p_00003.cbf,531,558,287,324,27,37,999
cr1_1597p_00004.cbf,531,558,286,323,27,37,999
cr1_1597p_00005.cbf,531,558,285,322,27,37,999
cr1_1597p_00006.cbf,531,558,285,323,27,38,1026
cr1_1597p_00007.cbf,531,559,286,324,28,38,1064
cr1_1597p_00008.cbf,531,559,287,324,28,37,1036
cr1_1598p_00001.cbf,531,559,287,324,28,37,1036
cr1_1598p_00002.cbf,531,559,287,325,28,38,1064
cr1_1598p_00003.cbf,531,558,287,324,27,37,999
cr1_1598p_00004.cbf,531,558,286,323,27,37,999
cr1_1598p_00005.cbf,531,558,284,322,27,38,1026
cr1_1598p_00006.cbf,531,559,285,323,28,38,1064
cr1_1598p_00007.cbf,531,559,286,324,28,38,1064
cr1_1598p_00008.cbf,531,559,287,324,28,37,1036
cr1_1599p_00001.cbf,531,559,287,324,28,37,1036
cr1_1599p_00002.cbf,531,559,287,325,28,38,1064
cr1_1599p_00003.cbf,530,559,287,325,29,38,1102
cr1_1599p_00004.cbf,531,558,285,323,27,38,1026
cr1_1599p_00005.cbf,531,559,285,323,28,38,1064
cr1_1599p_00006.cbf,531,559,285,323,28,38,1064
cr1_1599p_00007.cbf,531,559,286,324,28,38,1064
cr1_1599p_00008.cbf,530,559,287,324,29,37,1073
cr1_1600p_00001.cbf,531,559,287,324,28,37,1036
cr1_1600p_00002.cbf,531,559,287,325,28,38,1064
cr1_1600p_00003.cbf,531,559,287,325,28,38,1064
cr1_1600p_00004.cbf,530,558,286,324,28,38,1064
cr1_1600p_00005.cbf,531,559,285,323,28,38,1064
cr1_1600p_00006.cbf,531,559,285,323,28,38,1064
cr1_1600p_00007.cbf,531,559,286,324,28,38,1064
cr1_1600p_00008.cbf,531,559,287,324,28,37,1036
cr1_1601p_00001.cbf,530,559,287,324,29,37,1073
cr1_1601p_00002.cbf,530,559,287,325,29,38,1102
cr1_1601p_00003.cbf,530,559,287,325,29,38,1102
cr1_1601p_00004.cbf,531,558,286,324,27,38,1026
cr1_1601p_00005.cbf,531,558,285,323,27,38,1026
cr1_1601p_00006.cbf,531,559,285,323,28,38,1064
cr1_1601p_00007.cbf,531,559,286,324,28,38,1064
cr1_1601p_00008.cbf,531,559,287,324,28,37,1036
cr1_1602p_00001.cbf,531,559,287,324,28,37,1036
cr1_1602p_00002.cbf,531,559,287,325,28,38,1064
cr1_1602p_00003.cbf,531,559,287,324,28,37,1036
cr1_1602p_00004.cbf,531,558,286,324,27,38,1026
cr1_1602p_00005.cbf,531,558,285,323,27,38,1026
cr1_1602p_00006.cbf,530,559,285,323,29,38,1102
cr1_1602p_00007.cbf,530,559,286,324,29,38,1102
cr1_1602p_00008.cbf,531,559,287,324,28,37,1036
cr1_1603p_00001.cbf,531,559,287,324,28,37,1036
cr1_1603p_00002.cbf,531,559,287,324,28,37,1036
cr1_1603p_00003.cbf,531,558,287,324,27,37,999
cr1_1603p_00004.cbf,531,558,286,323,27,37,999
cr1_1603p_00005.cbf,531,558,285,323,27,38,1026
cr1_1603p_00006.cbf,531,559,284,323,28,39,1092
cr1_1603p_00007.cbf,531,559,286,324,28,38,1064
cr1_1603p_00008.cbf,531,559,287,324,28,37,1036
cr1_1604p_00001.cbf,531,559,287,325,28,38,1064
cr1_1604p_00002.cbf,531,559,287,325,28,38,1064
cr1_1604p_00003.cbf,531,558,287,324,27,37,999
cr1_1604p_00004.cbf,531,558,286,323,27,37,999
cr1_1604p_00005.cbf,531,558,285,322,27,37,999
cr1_1604p_00006.cbf,531,559,285,323,28,38,1064
cr1_1604p_00007.cbf,531,559,286,324,28,38,1064
cr1_1604p_00008.cbf,531,559,287,324,28,37,1036
cr1_1605p_00001.cbf,531,559,287,324,28,37,1036
cr1_1605p_00002.cbf,531,559,287,325,28,38,1064
cr1_1605p_00003.cbf,531,559,287,325,28,38,1064
cr1_1605p_00004.cbf,531,558,286,323,27,37,999
cr1_1605p_00005.cbf,531,559,284,322,28,38,1064
cr1_1605p_00006.cbf,531,559,284,322,28,38,1064
cr1_1605p_00007.cbf,531,559,286,323,28,37,1036
cr1_1605p_00008.cbf,531,559,287,324,28,37,1036
cr1_1606p_00001.cbf,531,559,287,324,28,37,1036
cr1_1606p_00002.cbf,531,559,287,325,28,38,1064
cr1_1606p_00003.cbf,531,558,287,324,27,37,999
cr1_1606p_00004.cbf,530,558,285,323,28,38,1064
cr1_1606p_00005.cbf,531,558,284,322,27,38,1026
cr1_1606p_00006.cbf,531,558,285,323,27,38,1026
cr1_1606p_00007.cbf,531,558,286,323,27,37,999
cr1_1606p_00008.cbf,531,559,287,324,28,37,1036
cr1_1607p_00001.cbf,531,559,287,324,28,37,1036
cr1_1607p_00002.cbf,531,559,287,325,28,38,1064
cr1_1607p_00003.cbf,531,558,287,324,27,37,999
cr1_1607p_00004.cbf,531,558,286,323,27,37,999
cr1_1607p_00005.cbf,531,558,284,322,27,38,1026
cr1_1607p_00006.cbf,531,558,285,323,27,38,1026
cr1_1607p_00007.cbf,531,559,287,324,28,37,1036
cr1_1607p_00008.cbf,531,559,287,324,28,37,1036
cr1_1608p_00001.cbf,531,559,287,324,28,37,1036
cr1_1608p_00002.cbf,531,559,287,324,28,37,1036
cr1_1608p_00003.cbf,530,559,287,324,29,37,1073
cr1_1608p_00004.cbf,531,558,286,323,27,37,999
cr1_1608p_00005.cbf,531,558,285,323,27,38,1026
cr1_1608p_00006.cbf,531,559,285,323,28,38,1064
cr1_1608p_00007.cbf,531,559,286,324,28,38,1064
cr1_1608p_00008.cbf,531,559,287,324,28,37,1036
cr1_1609p_00001.cbf,531,560,287,324,29,37,1073
cr1_1609p_00002.cbf,531,559,287,324,28,37,1036
cr1_1609p_00003.cbf,531,559,287,324,28,37,1036
cr1_1609p_00004.cbf,531,558,286,323,27,37,999
cr1_1609p_00005.cbf,531,558,285,323,27,38,1026
cr1_1609p_00006.cbf,531,558,285,323,27,38,1026
cr1_1609p_00007.cbf,531,559,286,324,28,38,1064
cr1_1609p_00008.cbf,531,559,287,324,28,37,1036
cr1_1610p_00001.cbf,531,559,287,324,28,37,1036
cr1_1610p_00002.cbf,531,559,287,324,28,37,1036
cr1_1610p_00003.cbf,531,558,287,324,27,37,999
cr1_1610p_00004.cbf,531,558,285,323,27,38,1026
cr1_1610p_00005.cbf,531,558,285,323,27,38,1026
cr1_1610p_00006.cbf,531,559,285,323,28,38,1064
cr1_1610p_00007.cbf,530,559,286,324,29,38,1102
cr1_1610p_00008.cbf,531,559,287,324,28,37,1036
cr1_1611p_00001.cbf,531,559,287,324,28,37,1036
cr1_1611p_00002.cbf,531,559,287,324,28,37,1036
cr1_1611p_00003.cbf,531,558,287,324,27,37,999
cr1_1611p_00004.cbf,531,558,286,323,27,37,999
cr1_1611p_00005.cbf,531,558,284,323,27,39,1053
cr1_1611p_00006.cbf,530,558,285,323,28,38,1064
cr1_1611p_00007.cbf,531,559,286,324,28,38,1064
cr1_1611p_00008.cbf,531,559,287,324,28,37,1036
cr1_1612p_00001.cbf,531,559,287,324,28,37,1036
cr1_1612p_00002.cbf,531,559,288,325,28,37,1036
cr1_1612p_00003.cbf,531,558,287,325,27,38,1026
cr1_1612p_00004.cbf,531,558,286,323,27,37,999
cr1_1612p_00005.cbf,531,558,285,323,27,38,1026
cr1_1612p_00006.cbf,531,558,285,323,27,38,1026
cr1_1612p_00007.cbf,531,559,287,324,28,37,1036
cr1_1612p_00008.cbf,531,559,287,324,28,37,1036
cr1_1613p_00001.cbf,531,559,287,324,28,37,1036
cr1_1613p_00002.cbf,531,559,287,325,28,38,1064
cr1_1613p_00003.cbf,531,558,287,324,27,37,999
cr1_1613p_00004.cbf,531,558,286,323,27,37,999
cr1_1613p_00005.cbf,531,559,284,322,28,38,1064
cr1_1613p_00006.cbf,531,559,285,323,28,38,1064
cr1_1613p_00007.cbf,531,559,286,324,28,38,1064
cr1_1613p_00008.cbf,531,559,287,324,28,37,1036
cr1_1614p_00001.cbf,531,559,287,324,28,37,1036
cr1_1614p_00002.cbf,531,559,287,325,28,38,1064
cr1_1614p_00003.cbf,530,559,287,325,29,38,1102
cr1_1614p_00004.cbf,530,559,286,323,29,37,1073
cr1_1614p_00005.cbf,531,558,284,323,27,39,1053
cr1_1614p_00006.cbf,531,559,285,323,28,38,1064
cr1_1614p_00007.cbf,531,559,286,324,28,38,1064
cr1_1614p_00008.cbf,531,559,287,324,28,37,1036
cr1_1615p_00001.cbf,531,559,287,324,28,37,1036
cr1_1615p_00002.cbf,531,559,288,325,28,37,1036
cr1_1615p_00003.cbf,531,559,287,324,28,37,1036
cr1_1615p_00004.cbf,531,559,286,323,28,37,1036
cr1_1615p_00005.cbf,531,559,285,323,28,38,1064
cr1_1615p_00006.cbf,531,559,285,323,28,38,1064
cr1_1615p_00007.cbf,531,559,286,324,28,38,1064
cr1_1615p_00008.cbf,531,559,287,324,28,37,1036
cr1_1616p_00001.cbf,531,559,287,324,28,37,1036
cr1_1616p_00002.cbf,531,559,287,325,28,38,1064
cr1_1616p_00003.cbf,531,559,287,325,28,38,1064
cr1_1616p_00004.cbf,531,558,286,324,27,38,1026
cr1_1616p_00005.cbf,531,558,284,323,27,39,1053
cr1_1616p_00006.cbf,531,559,285,323,28,38,1064
cr1_1616p_00007.cbf,531,559,287,324,28,37,1036
cr1_1616p_00008.cbf,530,559,287,324,29,37,1073
cr1_1617p_00001.cbf,531,559,287,324,28,37,1036
cr1_1617p_00002.cbf,531,559,288,325,28,37,1036
cr1_1617p_00003.cbf,531,558,287,325,27,38,1026
cr1_1617p_00004.cbf,531,559,286,324,28,38,1064
cr1_1617p_00005.cbf,531,559,285,324,28,39,1092
cr1_1617p_00006.cbf,531,559,285,323,28,38,1064
cr1_1617p_00007.cbf,531,559,287,324,28,37,1036
cr1_1617p_00008.cbf,531,559,287,324,28,37,1036
cr1_1618p_00001.cbf,531,559,287,324,28,37,1036
cr1_1618p_00002.cbf,531,559,288,325,28,37,1036
cr1_1618p_00003.cbf,531,559,287,325,28,38,1064
cr1_1618p_00004.cbf,531,559,286,324,28,38,1064
cr1_1618p_00005.cbf,531,558,285,323,27,38,1026
cr1_1618p_00006.cbf,531,559,285,323,28,38,1064
cr1_1618p_00007.cbf,531,559,286,324,28,38,1064
cr1_1618p_00008.cbf,531,559,287,324,28,37,1036
cr1_1619p_00001.cbf,531,559,287,324,28,37,1036
cr1_1619p_00002.cbf,531,559,288,325,28,37,1036
cr1_1619p_00003.cbf,531,558,287,325,27,38,1026
cr1_1619p_00004.cbf,531,558,286,323,27,37,999
cr1_1619p_00005.cbf,531,558,285,323,27,38,1026
cr1_1619p_00006.cbf,531,559,286,324,28,38,1064
cr1_1619p_00007.cbf,531,559,286,324,28,38,1064
cr1_1619p_00008.cbf,531,559,287,324,28,37,1036
cr1_1620p_00001.cbf,531,559,287,325,28,38,1064
cr1_1620p_00002.cbf,531,559,288,325,28,37,1036
cr1_1620p_00003.cbf,531,558,287,325,27,38,1026
cr1_1620p_00004.cbf,531,558,286,323,27,37,999
cr1_1620p_00005.cbf,531,558,284,323,27,39,1053
cr1_1620p_00006.cbf,531,559,285,323,28,38,1064
cr1_1620p_00007.cbf,531,559,287,324,28,37,1036
cr1_1620p_00008.cbf,531,559,287,324,28,37,1036
cr1_1621p_00001.cbf,531,559,287,325,28,38,1064
cr1_1621p_00002.cbf,531,559,287,325,28,38,1064
cr1_1621p_00003.cbf,531,558,287,325,27,38,1026
cr1_1621p_00004.cbf,530,558,286,324,28,38,1064
cr1_1621p_00005.cbf,531,558,285,323,27,38,1026
cr1_1621p_00006.cbf,531,559,286,324,28,38,1064
cr1_1621p_00007.cbf,531,559,287,324,28,37,1036
cr1_1621p_00008.cbf,531,559,287,325,28,38,1064
cr1_1622p_00001.cbf,531,559,287,324,28,37,1036
cr1_1622p_00002.cbf,531,559,288,325,28,37,1036
cr1_1622p_00003.cbf,531,558,287,325,27,38,1026
cr1_1622p_00004.cbf,531,558,286,323,27,37,999
cr1_1622p_00005.cbf,531,558,285,323,27,38,1026
cr1_1622p_00006.cbf,531,559,285,323,28,38,1064
cr1_1622p_00007.cbf,531,559,287,324,28,37,1036
cr1_1622p_00008.cbf,531,559,287,324,28,37,1036
cr1_1623p_00001.cbf,531,559,287,324,28,37,1036
cr1_1623p_00002.cbf,531,559,287,325,28,38,1064
cr1_1623p_00003.cbf,531,558,287,324,27,37,999
cr1_1623p_00004.cbf,531,559,286,324,28,38,1064
cr1_1623p_00005.cbf,531,558,285,323,27,38,1026
cr1_1623p_00006.cbf,531,559,285,323,28,38,1064
cr1_1623p_00007.cbf,531,559,287,324,28,37,1036
cr1_1623p_00008.cbf,531,559,287,324,28,37,1036
cr1_1624p_00001.cbf,531,559,287,324,28,37,1036
cr1_1624p_00002.cbf,531,559,288,325,28,37,1036
cr1_1624p_00003.cbf,530,558,287,325,28,38,1064
cr1_1624p_00004.cbf,531,558,286,324,27,38,1026
cr1_1624p_00005.cbf,531,558,285,323,27,38,1026
cr1_1624p_00006.cbf,531,558,286,323,27,37,999
cr1_1624p_00007.cbf,531,559,287,324,28,37,1036
cr1_1624p_00008.cbf,531,559,287,325,28,38,1064
cr1_1625p_00001.cbf,531,559,287,324,28,37,1036
cr1_1625p_00002.cbf,531,559,288,325,28,37,1036
cr1_1625p_00003.cbf,531,558,287,325,27,38,1026
cr1_1625p_00004.cbf,531,559,286,323,28,37,1036
cr1_1625p_00005.cbf,531,558,285,323,27,38,1026
cr1_1625p_00006.cbf,531,559,286,323,28,37,1036
cr1_1625p_00007.cbf,531,559,286,324,28,38,1064
cr1_1625p_00008.cbf,531,559,287,324,28,37,1036
cr1_1626p_00001.cbf,531,559,287,325,28,38,1064
cr1_1626p_00002.cbf,531,559,287,325,28,38,1064
cr1_1626p_00003.cbf,531,559,287,325,28,38,1064
cr1_1626p_00004.cbf,531,559,286,324,28,38,1064
cr1_1626p_00005.cbf,531,558,284,322,27,38,1026
cr1_1626p_00006.cbf,531,559,285,323,28,38,1064
cr1_1626p_00007.cbf,531,559,286,324,28,38,1064
cr1_1626p_00008.cbf,531,559,287,324,28,37,1036
cr1_1627p_00001.cbf,531,559,287,324,28,37,1036
cr1_1627p_00002.cbf,531,559,288,325,28,37,1036
cr1_1627p_00003.cbf,531,558,287,324,27,37,999
cr1_1627p_00004.cbf,531,558,286,323,27,37,999
cr1_1627p_00005.cbf,531,558,285,323,27,38,1026
cr1_1627p_00006.cbf,531,559,285,323,28,38,1064
cr1_1627p_00007.cbf,531,559,287,324,28,37,1036
cr1_1627p_00008.cbf,531,559,287,324,28,37,1036
cr1_1628p_00001.cbf,531,559,287,325,28,38,1064
cr1_1628p_00002.cbf,531,559,288,325,28,37,1036
cr1_1628p_00003.cbf,531,559,287,325,28,38,1064
cr1_1628p_00004.cbf,531,559,286,324,28,38,1064
cr1_1628p_00005.cbf,531,558,286,323,27,37,999
cr1_1628p_00006.cbf,531,559,286,323,28,37,1036
cr1_1628p_00007.cbf,531,559,287,324,28,37,1036
cr1_1628p_00008.cbf,531,559,288,324,28,36,1008
cr1_1629p_00001.cbf,531,560,287,324,29,37,1073
cr1_1629p_00002.cbf,531,559,288,325,28,37,1036
cr1_1629p_00003.cbf,531,559,288,325,28,37,1036
cr1_1629p_00004.cbf,531,559,286,324,28,38,1064
cr1_1629p_00005.cbf,531,559,286,323,28,37,1036
cr1_1629p_00006.cbf,531,559,286,323,28,37,1036
cr1_1629p_00007.cbf,531,559,287,324,28,37,1036
cr1_1629p_00008.cbf,531,560,288,324,29,36,1044
cr1_1630p_00001.cbf,531,560,288,324,29,36,1044
cr1_1630p_00002.cbf,531,559,288,325,28,37,1036
cr1_1630p_00003.cbf,531,559,287,324,28,37,1036
cr1_1630p_00004.cbf,531,559,286,323,28,37,1036
cr1_1630p_00005.cbf,531,559,286,323,28,37,1036
cr1_1630p_00006.cbf,531,559,286,323,28,37,1036
cr1_1630p_00007.cbf,531,559,287,324,28,37,1036
cr1_1630p_00008.cbf,531,560,287,324,29,37,1073
cr1_1631p_00001.cbf,531,560,288,324,29,36,1044
cr1_1631p_00002.cbf,531,560,288,324,29,36,1044
cr1_1631p_00003.cbf,531,559,288,324,28,36,1008
cr1_1631p_00004.cbf,531,559,286,323,28,37,1036
cr1_1631p_00005.cbf,531,559,286,323,28,37,1036
cr1_1631p_00006.cbf,531,559,286,323,28,37,1036
cr1_1631p_00007.cbf,531,559,286,324,28,38,1064
cr1_1631p_00008.cbf,531,560,287,324,29,37,1073
cr1_1632p_00001.cbf,531,560,287,324,29,37,1073
cr1_1632p_00002.cbf,530,560,287,325,30,38,1140
cr1_1632p_00003.cbf,531,559,287,325,28,38,1064
cr1_1632p_00004.cbf,531,559,286,323,28,37,1036
cr1_1632p_00005.cbf,531,559,285,323,28,38,1064
cr1_1632p_00006.cbf,531,559,286,323,28,37,1036
cr1_1632p_00007.cbf,531,559,286,324,28,38,1064
cr1_1632p_00008.cbf,530,560,287,324,30,37,1110
cr1_1633p_00001.cbf,531,560,287,324,29,37,1073
cr1_1633p_00002.cbf,531,560,287,325,29,38,1102
cr1_1633p_00003.cbf,531,559,287,325,28,38,1064
cr1_1633p_00004.cbf,530,559,286,323,29,37,1073
cr1_1633p_00005.cbf,531,559,285,323,28,38,1064
cr1_1633p_00006.cbf,531,559,285,323,28,38,1064
cr1_1633p_00007.cbf,531,559,287,324,28,37,1036
cr1_1633p_00008.cbf,531,560,287,324,29,37,1073
cr1_1634p_00001.cbf,530,560,287,324,30,37,1110
cr1_1634p_00002.cbf,531,560,288,325,29,37,1073
cr1_1634p_00003.cbf,530,559,288,325,29,37,1073
cr1_1634p_00004.cbf,530,559,286,323,29,37,1073
cr1_1634p_00005.cbf,530,559,285,323,29,38,1102
cr1_1634p_00006.cbf,531,559,286,323,28,37,1036
cr1_1634p_00007.cbf,530,559,287,324,29,37,1073
cr1_1634p_00008.cbf,531,559,287,324,28,37,1036
cr1_1635p_00001.cbf,531,560,287,324,29,37,1073
cr1_1635p_00002.cbf,531,560,288,325,29,37,1073
cr1_1635p_00003.cbf,530,559,287,325,29,38,1102
cr1_1635p_00004.cbf,531,559,286,323,28,37,1036
cr1_1635p_00005.cbf,531,559,285,323,28,38,1064
cr1_1635p_00006.cbf,531,559,286,323,28,37,1036
cr1_1635p_00007.cbf,531,559,287,324,28,37,1036
cr1_1635p_00008.cbf,531,560,287,324,29,37,1073
cr1_1636p_00001.cbf,531,560,287,324,29,37,1073
cr1_1636p_00002.cbf,531,560,288,325,29,37,1073
cr1_1636p_00003.cbf,531,559,287,324,28,37,1036
cr1_1636p_00004.cbf,531,559,286,323,28,37,1036
cr1_1636p_00005.cbf,531,559,285,323,28,38,1064
cr1_1636p_00006.cbf,531,559,286,323,28,37,1036
cr1_1636p_00007.cbf,531,559,287,324,28,37,1036
cr1_1636p_00008.cbf,531,559,287,324,28,37,1036
cr1_1637p_00001.cbf,530,560,287,324,30,37,1110
cr1_1637p_00002.cbf,531,559,288,325,28,37,1036
cr1_1637p_00003.cbf,531,559,287,325,28,38,1064
cr1_1637p_00004.cbf,531,559,286,324,28,38,1064
cr1_1637p_00005.cbf,531,559,285,323,28,38,1064
cr1_1637p_00006.cbf,531,559,286,323,28,37,1036
cr1_1637p_00007.cbf,531,559,287,324,28,37,1036
cr1_1637p_00008.cbf,531,559,287,324,28,37,1036
cr1_1638p_00001.cbf,531,560,287,325,29,38,1102
cr1_1638p_00002.cbf,531,559,288,325,28,37,1036
cr1_1638p_00003.cbf,531,559,287,325,28,38,1064
cr1_1638p_00004.cbf,531,559,286,324,28,38,1064
cr1_1638p_00005.cbf,531,559,285,323,28,38,1064
cr1_1638p_00006.cbf,531,559,285,323,28,38,1064
cr1_1638p_00007.cbf,530,559,286,324,29,38,1102
cr1_1638p_00008.cbf,531,559,287,324,28,37,1036
cr1_1639p_00001.cbf,531,559,287,325,28,38,1064
cr1_1639p_00002.cbf,531,559,288,325,28,37,1036
cr1_1639p_00003.cbf,531,559,287,324,28,37,1036
cr1_1639p_00004.cbf,531,559,286,323,28,37,1036
cr1_1639p_00005.cbf,531,559,285,323,28,38,1064
cr1_1639p_00006.cbf,531,559,285,323,28,38,1064
cr1_1639p_00007.cbf,531,559,287,324,28,37,1036
cr1_1639p_00008.cbf,530,559,287,324,29,37,1073
cr1_1640p_00001.cbf,531,559,287,325,28,38,1064
cr1_1640p_00002.cbf,531,559,288,325,28,37,1036
cr1_1640p_00003.cbf,531,559,287,325,28,38,1064
cr1_1640p_00004.cbf,531,559,286,324,28,38,1064
cr1_1640p_00005.cbf,531,559,285,323,28,38,1064
cr1_1640p_00006.cbf,531,559,286,323,28,37,1036
cr1_1640p_00007.cbf,531,559,287,324,28,37,1036
cr1_1640p_00008.cbf,531,559,288,324,28,36,1008
cr1_1641p_00001.cbf,531,559,287,325,28,38,1064
cr1_1641p_00002.cbf,531,559,288,325,28,37,1036
cr1_1641p_00003.cbf,531,559,288,325,28,37,1036
cr1_1641p_00004.cbf,531,559,286,324,28,38,1064
cr1_1641p_00005.cbf,531,559,285,323,28,38,1064
cr1_1641p_00006.cbf,531,559,286,323,28,37,1036
cr1_1641p_00007.cbf,531,559,286,324,28,38,1064
cr1_1641p_00008.cbf,531,560,287,324,29,37,1073
cr1_1642p_00001.cbf,531,560,288,324,29,36,1044
cr1_1642p_00002.cbf,531,559,288,325,28,37,1036
cr1_1642p_00003.cbf,531,559,287,325,28,38,1064
cr1_1642p_00004.cbf,531,559,286,324,28,38,1064
cr1_1642p_00005.cbf,531,559,285,323,28,38,1064
cr1_1642p_00006.cbf,531,559,285,323,28,38,1064
cr1_1642p_00007.cbf,530,559,287,324,29,37,1073
cr1_1642p_00008.cbf,531,559,287,324,28,37,1036
cr1_1643p_00001.cbf,531,560,287,324,29,37,1073
cr1_1643p_00002.cbf,531,560,288,325,29,37,1073
cr1_1643p_00003.cbf,531,559,288,325,28,37,1036
cr1_1643p_00004.cbf,531,559,286,323,28,37,1036
cr1_1643p_00005.cbf,531,559,285,323,28,38,1064
cr1_1643p_00006.cbf,531,559,286,323,28,37,1036
cr1_1643p_00007.cbf,531,559,287,324,28,37,1036
cr1_1643p_00008.cbf,531,560,287,324,29,37,1073
cr1_1644p_00001.cbf,531,560,287,324,29,37,1073
cr1_1644p_00002.cbf,531,559,288,325,28,37,1036
cr1_1644p_00003.cbf,531,559,288,325,28,37,1036
cr1_1644p_00004.cbf,531,559,286,323,28,37,1036
cr1_1644p_00005.cbf,531,559,286,323,28,37,1036
cr1_1644p_00006.cbf,531,559,285,323,28,38,1064
cr1_1644p_00007.cbf,531,559,286,324,28,38,1064
cr1_1644p_00008.cbf,530,560,287,324,30,37,1110
cr1_1645p_00001.cbf,531,560,287,324,29,37,1073
cr1_1645p_00002.cbf,531,560,288,325,29,37,1073
cr1_1645p_00003.cbf,531,559,288,325,28,37,1036
cr1_1645p_00004.cbf,531,559,286,324,28,38,1064
cr1_1645p_00005.cbf,530,559,286,323,29,37,1073
cr1_1645p_00006.cbf,531,559,286,323,28,37,1036
cr1_1645p_00007.cbf,531,560,286,324,29,38,1102
cr1_1645p_00008.cbf,531,560,287,324,29,37,1073
cr1_1646p_00001.cbf,531,560,287,324,29,37,1073
cr1_1646p_00002.cbf,531,560,288,325,29,37,1073
cr1_1646p_00003.cbf,531,559,288,325,28,37,1036
cr1_1646p_00004.cbf,530,559,287,323,29,36,1044
cr1_1646p_00005.cbf,530,559,285,323,29,38,1102
cr1_1646p_00006.cbf,531,560,284,324,29,40,1160
cr1_1646p_00007.cbf,531,560,286,324,29,38,1102
cr1_1646p_00008.cbf,531,560,287,324,29,37,1073
cr1_1647p_00001.cbf,531,561,287,324,30,37,1110
cr1_1647p_00002.cbf,531,560,288,325,29,37,1073
cr1_1647p_00003.cbf,530,559,288,325,29,37,1073
cr1_1647p_00004.cbf,531,559,286,323,28,37,1036
cr1_1647p_00005.cbf,531,559,285,324,28,39,1092
cr1_1647p_00006.cbf,531,559,285,324,28,39,1092
cr1_1647p_00007.cbf,531,560,285,324,29,39,1131
cr1_1647p_00008.cbf,531,560,286,324,29,38,1102
cr1_1648p_00001.cbf,531,560,287,324,29,37,1073
cr1_1648p_00002.cbf,531,560,287,325,29,38,1102
cr1_1648p_00003.cbf,531,560,287,325,29,38,1102
cr1_1648p_00004.cbf,531,559,286,324,28,38,1064
cr1_1648p_00005.cbf,531,559,285,324,28,39,1092
cr1_1648p_00006.cbf,531,559,284,322,28,38,1064
cr1_1648p_00007.cbf,531,560,285,324,29,39,1131
cr1_1648p_00008.cbf,531,560,286,324,29,38,1102
cr1_1649p_00001.cbf,531,561,287,324,30,37,1110
cr1_1649p_00002.cbf,531,560,287,325,29,38,1102
cr1_1649p_00003.cbf,531,560,287,325,29,38,1102
cr1_1649p_00004.cbf,531,559,286,324,28,38,1064
cr1_1649p_00005.cbf,531,560,286,324,29,38,1102
cr1_1649p_00006.cbf,531,559,284,323,28,39,1092
cr1_1649p_00007.cbf,530,560,285,324,30,39,1170
cr1_1649p_00008.cbf,531,560,285,324,29,39,1131
cr1_1650p_00001.cbf,531,561,286,324,30,38,1140
cr1_1650p_00002.cbf,531,560,287,325,29,38,1102
cr1_1650p_00003.cbf,531,560,287,325,29,38,1102
cr1_1650p_00004.cbf,531,559,287,324,28,37,1036
cr1_1650p_00005.cbf,531,560,285,324,29,39,1131
cr1_1650p_00006.cbf,531,559,284,323,28,39,1092
cr1_1650p_00007.cbf,531,560,284,324,29,40,1160
cr1_1650p_00008.cbf,531,560,285,324,29,39,1131
cr1_1651p_00001.cbf,531,561,286,325,30,39,1170
cr1_1651p_00002.cbf,531,560,287,325,29,38,1102
cr1_1651p_00003.cbf,531,560,287,325,29,38,1102
cr1_1651p_00004.cbf,531,559,286,324,28,38,1064
cr1_1651p_00005.cbf,531,560,285,324,29,39,1131
cr1_1651p_00006.cbf,531,559,283,323,28,40,1120
cr1_1651p_00007.cbf,531,560,284,324,29,40,1160
cr1_1651p_00008.cbf,531,560,286,325,29,39,1131
cr1_1652p_00001.cbf,531,561,286,325,30,39,1170
cr1_1652p_00002.cbf,531,561,287,325,30,38,1140
cr1_1652p_00003.cbf,531,560,288,325,29,37,1073
cr1_1652p_00004.cbf,531,559,286,324,28,38,1064
cr1_1652p_00005.cbf,531,560,284,325,29,41,1189
cr1_1652p_00006.cbf,531,559,283,323,28,40,1120
cr1_1652p_00007.cbf,531,560,284,324,29,40,1160
cr1_1652p_00008.cbf,531,561,285,325,30,40,1200
cr1_1653p_00001.cbf,531,561,286,325,30,39,1170
cr1_1653p_00002.cbf,531,560,287,325,29,38,1102
cr1_1653p_00003.cbf,531,560,287,325,29,38,1102
cr1_1653p_00004.cbf,531,559,286,325,28,39,1092
cr1_1653p_00005.cbf,530,560,284,325,30,41,1230
cr1_1653p_00006.cbf,531,559,284,323,28,39,1092
cr1_1653p_00007.cbf,531,559,284,324,28,40,1120
cr1_1653p_00008.cbf,531,560,285,325,29,40,1160
cr1_1654p_00001.cbf,531,561,285,325,30,40,1200
cr1_1654p_00002.cbf,531,560,287,326,29,39,1131
cr1_1654p_00003.cbf,530,560,287,325,30,38,1140
cr1_1654p_00004.cbf,531,559,286,325,28,39,1092
cr1_1654p_00005.cbf,531,560,284,324,29,40,1160
cr1_1654p_00006.cbf,531,559,284,323,28,39,1092
cr1_1654p_00007.cbf,531,559,284,324,28,40,1120
cr1_1654p_00008.cbf,531,560,285,324,29,39,1131
cr1_1655p_00001.cbf,531,561,285,325,30,40,1200
cr1_1655p_00002.cbf,531,560,287,325,29,38,1102
cr1_1655p_00003.cbf,531,560,287,325,29,38,1102
cr1_1655p_00004.cbf,531,560,286,325,29,39,1131
cr1_1655p_00005.cbf,531,560,284,324,29,40,1160
cr1_1655p_00006.cbf,531,559,284,323,28,39,1092
cr1_1655p_00007.cbf,531,560,285,325,29,40,1160
cr1_1655p_00008.cbf,531,561,286,325,30,39,1170
cr1_1656p_00001.cbf,531,561,286,325,30,39,1170
cr1_1656p_00002.cbf,531,561,287,325,30,38,1140
cr1_1656p_00003.cbf,531,560,287,325,29,38,1102
cr1_1656p_00004.cbf,530,559,287,324,29,37,1073
cr1_1656p_00005.cbf,531,559,286,324,28,38,1064
cr1_1656p_00006.cbf,531,560,285,324,29,39,1131
cr1_1656p_00007.cbf,531,560,285,325,29,40,1160
cr1_1656p_00008.cbf,531,560,285,325,29,40,1160
cr1_1657p_00001.cbf,531,561,286,325,30,39,1170
cr1_1657p_00002.cbf,531,560,287,325,29,38,1102
cr1_1657p_00003.cbf,531,560,287,325,29,38,1102
cr1_1657p_00004.cbf,530,559,286,324,29,38,1102
cr1_1657p_00005.cbf,531,559,285,323,28,38,1064
cr1_1657p_00006.cbf,531,560,285,324,29,39,1131
cr1_1657p_00007.cbf,531,560,286,325,29,39,1131
cr1_1657p_00008.cbf,532,560,287,325,28,38,1064
cr1_1658p_00001.cbf,531,561,287,325,30,38,1140
cr1_1658p_00002.cbf,531,561,287,325,30,38,1140
cr1_1658p_00003.cbf,531,560,288,325,29,37,1073
cr1_1658p_00004.cbf,531,559,287,324,28,37,1036
cr1_1658p_00005.cbf,531,559,285,324,28,39,1092
cr1_1658p_00006.cbf,531,560,284,324,29,40,1160
cr1_1658p_00007.cbf,531,560,285,325,29,40,1160
cr1_1658p_00008.cbf,531,560,286,325,29,39,1131
cr1_1659p_00001.cbf,531,561,287,325,30,38,1140
cr1_1659p_00002.cbf,531,560,287,325,29,38,1102
cr1_1659p_00003.cbf,531,560,287,325,29,38,1102
cr1_1659p_00004.cbf,531,559,287,324,28,37,1036
cr1_1659p_00005.cbf,531,559,285,324,28,39,1092
cr1_1659p_00006.cbf,531,560,285,324,29,39,1131
cr1_1659p_00007.cbf,531,560,286,325,29,39,1131
cr1_1659p_00008.cbf,531,560,287,325,29,38,1102
cr1_1660p_00001.cbf,531,561,287,325,30,38,1140
cr1_1660p_00002.cbf,531,561,287,325,30,38,1140
cr1_1660p_00003.cbf,531,560,287,325,29,38,1102
cr1_1660p_00004.cbf,531,559,287,324,28,37,1036
cr1_1660p_00005.cbf,531,559,286,323,28,37,1036
cr1_1660p_00006.cbf,531,559,286,324,28,38,1064
cr1_1660p_00007.cbf,531,560,286,325,29,39,1131
cr1_1660p_00008.cbf,531,560,287,325,29,38,1102
cr1_1661p_00001.cbf,531,561,287,325,30,38,1140
cr1_1661p_00002.cbf,531,560,288,325,29,37,1073
cr1_1661p_00003.cbf,531,559,288,325,28,37,1036
cr1_1661p_00004.cbf,531,559,287,324,28,37,1036
cr1_1661p_00005.cbf,531,559,286,324,28,38,1064
cr1_1661p_00006.cbf,531,559,286,324,28,38,1064
cr1_1661p_00007.cbf,531,559,287,325,28,38,1064
cr1_1661p_00008.cbf,531,560,287,325,29,38,1102
cr1_1662p_00001.cbf,531,561,287,325,30,38,1140
cr1_1662p_00002.cbf,531,560,288,325,29,37,1073
cr1_1662p_00003.cbf,531,559,288,325,28,37,1036
cr1_1662p_00004.cbf,531,559,287,324,28,37,1036
cr1_1662p_00005.cbf,531,559,286,323,28,37,1036
cr1_1662p_00006.cbf,531,559,286,324,28,38,1064
cr1_1662p_00007.cbf,531,560,287,325,29,38,1102
cr1_1662p_00008.cbf,531,560,288,325,29,37,1073
cr1_1663p_00001.cbf,531,561,288,325,30,37,1110
cr1_1663p_00002.cbf,531,560,288,325,29,37,1073
cr1_1663p_00003.cbf,531,559,288,325,28,37,1036
cr1_1663p_00004.cbf,531,559,287,324,28,37,1036
cr1_1663p_00005.cbf,531,559,286,323,28,37,1036
cr1_1663p_00006.cbf,531,559,286,323,28,37,1036
cr1_1663p_00007.cbf,531,560,287,324,29,37,1073
cr1_1663p_00008.cbf,531,560,288,325,29,37,1073
cr1_1664p_00001.cbf,531,560,288,324,29,36,1044
cr1_1664p_00002.cbf,531,560,288,325,29,37,1073
cr1_1664p_00003.cbf,531,559,288,325,28,37,1036
cr1_1664p_00004.cbf,531,559,287,324,28,37,1036
cr1_1664p_00005.cbf,531,559,286,323,28,37,1036
cr1_1664p_00006.cbf,531,559,287,324,28,37,1036
cr1_1664p_00007.cbf,531,559,287,324,28,37,1036
cr1_1664p_00008.cbf,531,560,288,325,29,37,1073
cr1_1665p_00001.cbf,531,560,288,325,29,37,1073
cr1_1665p_00002.cbf,531,560,287,325,29,38,1102
cr1_1665p_00003.cbf,530,559,288,325,29,37,1073
cr1_1665p_00004.cbf,531,559,287,324,28,37,1036
cr1_1665p_00005.cbf,530,559,285,324,29,39,1131
cr1_1665p_00006.cbf,531,559,285,324,28,39,1092
cr1_1665p_00007.cbf,531,560,286,325,29,39,1131
cr1_1665p_00008.cbf,531,560,287,325,29,38,1102
cr1_1666p_00001.cbf,531,561,287,325,30,38,1140
cr1_1666p_00002.cbf,531,560,287,325,29,38,1102
cr1_1666p_00003.cbf,531,559,287,325,28,38,1064
cr1_1666p_00004.cbf,531,559,287,324,28,37,1036
cr1_1666p_00005.cbf,530,559,286,324,29,38,1102
cr1_1666p_00006.cbf,531,559,285,324,28,39,1092
cr1_1666p_00007.cbf,530,560,286,324,30,38,1140
cr1_1666p_00008.cbf,531,560,287,325,29,38,1102
cr1_1667p_00001.cbf,531,561,287,325,30,38,1140
cr1_1667p_00002.cbf,530,560,288,325,30,37,1110
cr1_1667p_00003.cbf,530,560,288,325,30,37,1110
cr1_1667p_00004.cbf,531,559,287,324,28,37,1036
cr1_1667p_00005.cbf,531,559,286,323,28,37,1036
cr1_1667p_00006.cbf,530,559,287,324,29,37,1073
cr1_1667p_00007.cbf,531,560,286,325,29,39,1131
cr1_1667p_00008.cbf,531,560,287,325,29,38,1102
cr1_1668p_00001.cbf,531,561,287,325,30,38,1140
cr1_1668p_00002.cbf,531,560,288,325,29,37,1073
cr1_1668p_00003.cbf,531,559,288,325,28,37,1036
cr1_1668p_00004.cbf,531,559,287,324,28,37,1036
cr1_1668p_00005.cbf,531,559,286,324,28,38,1064
cr1_1668p_00006.cbf,531,560,286,325,29,39,1131
cr1_1668p_00007.cbf,530,560,286,325,30,39,1170
cr1_1668p_00008.cbf,531,560,287,325,29,38,1102
cr1_1669p_00001.cbf,531,561,287,325,30,38,1140
cr1_1669p_00002.cbf,531,560,288,325,29,37,1073
cr1_1669p_00003.cbf,531,560,288,326,29,38,1102
cr1_1669p_00004.cbf,531,559,287,325,28,38,1064
cr1_1669p_00005.cbf,531,559,286,324,28,38,1064
cr1_1669p_00006.cbf,531,559,286,324,28,38,1064
cr1_1669p_00007.cbf,531,560,287,325,29,38,1102
cr1_1669p_00008.cbf,531,560,286,325,29,39,1131
cr1_1670p_00001.cbf,531,561,287,325,30,38,1140
cr1_1670p_00002.cbf,531,560,287,325,29,38,1102
cr1_1670p_00003.cbf,531,559,287,325,28,38,1064
cr1_1670p_00004.cbf,530,560,287,325,30,38,1140
cr1_1670p_00005.cbf,530,560,284,325,30,41,1230
cr1_1670p_00006.cbf,531,559,284,324,28,40,1120
cr1_1670p_00007.cbf,530,559,285,324,29,39,1131
cr1_1670p_00008.cbf,531,560,285,324,29,39,1131
cr1_1671p_00001.cbf,531,561,286,324,30,38,1140
cr1_1671p_00002.cbf,531,560,287,325,29,38,1102
cr1_1671p_00003.cbf,531,559,288,325,28,37,1036
cr1_1671p_00004.cbf,531,560,286,325,29,39,1131
cr1_1671p_00005.cbf,531,559,284,323,28,39,1092
cr1_1671p_00006.cbf,531,559,284,324,28,40,1120
cr1_1671p_00007.cbf,531,559,285,324,28,39,1092
cr1_1671p_00008.cbf,531,560,285,325,29,40,1160
cr1_1672p_00001.cbf,531,561,286,325,30,39,1170
cr1_1672p_00002.cbf,531,560,287,325,29,38,1102
cr1_1672p_00003.cbf,530,559,287,325,29,38,1102
cr1_1672p_00004.cbf,531,560,286,325,29,39,1131
cr1_1672p_00005.cbf,531,559,284,322,28,38,1064
cr1_1672p_00006.cbf,531,559,283,322,28,39,1092
cr1_1672p_00007.cbf,531,559,284,323,28,39,1092
cr1_1672p_00008.cbf,531,560,285,324,29,39,1131
cr1_1673p_00001.cbf,531,560,285,325,29,40,1160
cr1_1673p_00002.cbf,531,560,287,325,29,38,1102
cr1_1673p_00003.cbf,530,559,287,325,29,38,1102
cr1_1673p_00004.cbf,531,559,286,325,28,39,1092
cr1_1673p_00005.cbf,530,559,284,322,29,38,1102
cr1_1673p_00006.cbf,530,559,284,323,29,39,1131
cr1_1673p_00007.cbf,531,559,285,324,28,39,1092
cr1_1673p_00008.cbf,531,560,285,324,29,39,1131
cr1_1674p_00001.cbf,531,560,285,325,29,40,1160
cr1_1674p_00002.cbf,531,560,286,325,29,39,1131
cr1_1674p_00003.cbf,531,559,287,325,28,38,1064
cr1_1674p_00004.cbf,530,560,286,325,30,39,1170
cr1_1674p_00005.cbf,531,559,284,323,28,39,1092
cr1_1674p_00006.cbf,531,559,284,323,28,39,1092
cr1_1674p_00007.cbf,531,559,285,324,28,39,1092
cr1_1674p_00008.cbf,531,559,285,324,28,39,1092
cr1_1675p_00001.cbf,531,560,285,324,29,39,1131
cr1_1675p_00002.cbf,531,560,286,325,29,39,1131
cr1_1675p_00003.cbf,530,559,287,325,29,38,1102
cr1_1675p_00004.cbf,531,559,286,325,28,39,1092
cr1_1675p_00005.cbf,531,558,284,322,27,38,1026
cr1_1675p_00006.cbf,531,559,284,323,28,39,1092
cr1_1675p_00007.cbf,531,559,285,324,28,39,1092
cr1_1675p_00008.cbf,531,559,285,324,28,39,1092
cr1_1676p_00001.cbf,531,560,285,324,29,39,1131
cr1_1676p_00002.cbf,531,559,287,325,28,38,1064
cr1_1676p_00003.cbf,531,559,287,325,28,38,1064
cr1_1676p_00004.cbf,531,559,286,325,28,39,1092
cr1_1676p_00005.cbf,531,559,284,323,28,39,1092
cr1_1676p_00006.cbf,531,559,284,323,28,39,1092
cr1_1676p_00007.cbf,530,559,284,324,29,40,1160
cr1_1676p_00008.cbf,531,559,285,324,28,39,1092
cr1_1677p_00001.cbf,531,559,285,324,28,39,1092
cr1_1677p_00002.cbf,531,559,286,325,28,39,1092
cr1_1677p_00003.cbf,531,559,287,325,28,38,1064
cr1_1677p_00004.cbf,531,559,286,324,28,38,1064
cr1_1677p_00005.cbf,531,558,284,322,27,38,1026
cr1_1677p_00006.cbf,531,559,284,323,28,39,1092
cr1_1677p_00007.cbf,531,559,284,323,28,39,1092
cr1_1677p_00008.cbf,531,559,284,324,28,40,1120
cr1_1678p_00001.cbf,531,559,285,324,28,39,1092
cr1_1678p_00002.cbf,531,559,286,325,28,39,1092
cr1_1678p_00003.cbf,530,559,287,325,29,38,1102
cr1_1678p_00004.cbf,531,559,286,324,28,38,1064
cr1_1678p_00005.cbf,530,558,284,322,28,38,1064
cr1_1678p_00006.cbf,531,559,284,323,28,39,1092
cr1_1678p_00007.cbf,531,559,285,324,28,39,1092
cr1_1678p_00008.cbf,531,559,285,324,28,39,1092
cr1_1679p_00001.cbf,531,559,285,324,28,39,1092
cr1_1679p_00002.cbf,531,559,286,325,28,39,1092
cr1_1679p_00003.cbf,531,559,287,325,28,38,1064
cr1_1679p_00004.cbf,531,559,285,325,28,40,1120
cr1_1679p_00005.cbf,531,558,285,322,27,37,999
cr1_1679p_00006.cbf,531,558,284,323,27,39,1053
cr1_1679p_00007.cbf,531,559,284,323,28,39,1092
cr1_1679p_00008.cbf,531,559,285,324,28,39,1092
cr1_1680p_00001.cbf,531,559,285,324,28,39,1092
cr1_1680p_00002.cbf,531,559,286,325,28,39,1092
cr1_1680p_00003.cbf,531,559,287,325,28,38,1064
cr1_1680p_00004.cbf,531,559,285,325,28,40,1120
cr1_1680p_00005.cbf,530,558,284,322,28,38,1064
cr1_1680p_00006.cbf,530,559,284,323,29,39,1131
cr1_1680p_00007.cbf,530,559,284,324,29,40,1160
cr1_1680p_00008.cbf,531,559,285,324,28,39,1092
cr1_1681p_00001.cbf,531,559,285,324,28,39,1092
cr1_1681p_00002.cbf,531,559,286,325,28,39,1092
cr1_1681p_00003.cbf,531,559,287,325,28,38,1064
cr1_1681p_00004.cbf,530,559,285,325,29,40,1160
cr1_1681p_00005.cbf,530,558,284,323,28,39,1092
cr1_1681p_00006.cbf,531,559,284,323,28,39,1092
cr1_1681p_00007.cbf,531,559,284,324,28,40,1120
cr1_1681p_00008.cbf,531,559,284,324,28,40,1120
cr1_1682p_00001.cbf,531,559,285,324,28,39,1092
cr1_1682p_00002.cbf,531,559,286,325,28,39,1092
cr1_1682p_00003.cbf,531,559,287,325,28,38,1064
cr1_1682p_00004.cbf,531,559,284,325,28,41,1148
cr1_1682p_00005.cbf,531,558,284,322,27,38,1026
cr1_1682p_00006.cbf,531,559,284,323,28,39,1092
cr1_1682p_00007.cbf,531,559,284,324,28,40,1120
cr1_1682p_00008.cbf,531,559,284,324,28,40,1120
cr1_1683p_00001.cbf,531,559,285,324,28,39,1092
cr1_1683p_00002.cbf,531,559,286,325,28,39,1092
cr1_1683p_00003.cbf,531,559,287,325,28,38,1064
cr1_1683p_00004.cbf,531,559,284,325,28,41,1148
cr1_1683p_00005.cbf,531,558,284,322,27,38,1026
cr1_1683p_00006.cbf,531,559,284,324,28,40,1120
cr1_1683p_00007.cbf,531,559,284,324,28,40,1120
cr1_1683p_00008.cbf,531,559,284,324,28,40,1120
cr1_1684p_00001.cbf,531,559,284,324,28,40,1120
cr1_1684p_00002.cbf,531,559,286,325,28,39,1092
cr1_1684p_00003.cbf,531,559,287,325,28,38,1064
cr1_1684p_00004.cbf,530,559,285,325,29,40,1160
cr1_1684p_00005.cbf,530,558,283,322,28,39,1092
cr1_1684p_00006.cbf,531,559,283,323,28,40,1120
cr1_1684p_00007.cbf,531,559,284,324,28,40,1120
cr1_1684p_00008.cbf,531,559,284,324,28,40,1120
cr1_1685p_00001.cbf,531,559,284,324,28,40,1120
cr1_1685p_00002.cbf,531,559,286,325,28,39,1092
cr1_1685p_00003.cbf,531,559,287,325,28,38,1064
cr1_1685p_00004.cbf,531,559,284,324,28,40,1120
cr1_1685p_00005.cbf,531,558,283,322,27,39,1053
cr1_1685p_00006.cbf,531,559,283,323,28,40,1120
cr1_1685p_00007.cbf,531,559,284,324,28,40,1120
cr1_1685p_00008.cbf,531,559,284,324,28,40,1120
cr1_1686p_00001.cbf,531,559,284,324,28,40,1120
cr1_1686p_00002.cbf,531,559,286,325,28,39,1092
cr1_1686p_00003.cbf,531,559,287,325,28,38,1064
cr1_1686p_00004.cbf,531,559,284,324,28,40,1120
cr1_1686p_00005.cbf,531,558,284,322,27,38,1026
cr1_1686p_00006.cbf,530,559,283,323,29,40,1160
cr1_1686p_00007.cbf,531,559,284,324,28,40,1120
cr1_1686p_00008.cbf,531,559,284,324,28,40,1120
cr1_1687p_00001.cbf,531,559,285,324,28,39,1092
cr1_1687p_00002.cbf,531,559,286,325,28,39,1092
cr1_1687p_00003.cbf,531,559,286,325,28,39,1092
cr1_1687p_00004.cbf,531,559,285,325,28,40,1120
cr1_1687p_00005.cbf,530,558,284,322,28,38,1064
cr1_1687p_00006.cbf,531,558,283,323,27,40,1080
cr1_1687p_00007.cbf,531,559,284,324,28,40,1120
cr1_1687p_00008.cbf,531,559,284,324,28,40,1120
cr1_1688p_00001.cbf,531,559,285,324,28,39,1092
cr1_1688p_00002.cbf,531,559,285,325,28,40,1120
cr1_1688p_00003.cbf,531,558,286,325,27,39,1053
cr1_1688p_00004.cbf,531,559,285,324,28,39,1092
cr1_1688p_00005.cbf,531,558,284,322,27,38,1026
cr1_1688p_00006.cbf,531,559,284,323,28,39,1092
cr1_1688p_00007.cbf,531,559,284,324,28,40,1120
cr1_1688p_00008.cbf,531,559,284,324,28,40,1120
cr1_1689p_00001.cbf,531,559,285,324,28,39,1092
cr1_1689p_00002.cbf,531,559,286,325,28,39,1092
cr1_1689p_00003.cbf,531,558,286,325,27,39,1053
cr1_1689p_00004.cbf,531,559,285,325,28,40,1120
cr1_1689p_00005.cbf,531,558,284,322,27,38,1026
cr1_1689p_00006.cbf,531,559,283,323,28,40,1120
cr1_1689p_00007.cbf,531,559,284,324,28,40,1120
cr1_1689p_00008.cbf,531,559,284,324,28,40,1120
cr1_1690p_00001.cbf,531,559,285,324,28,39,1092
cr1_1690p_00002.cbf,531,559,286,325,28,39,1092
cr1_1690p_00003.cbf,531,558,287,325,27,38,1026
cr1_1690p_00004.cbf,531,559,285,325,28,40,1120
cr1_1690p_00005.cbf,531,558,284,323,27,39,1053
cr1_1690p_00006.cbf,531,559,284,324,28,40,1120
cr1_1690p_00007.cbf,531,558,284,324,27,40,1080
cr1_1690p_00008.cbf,531,559,284,324,28,40,1120
cr1_1691p_00001.cbf,531,559,285,324,28,39,1092
cr1_1691p_00002.cbf,531,559,286,325,28,39,1092
cr1_1691p_00003.cbf,531,558,286,325,27,39,1053
cr1_1691p_00004.cbf,531,559,285,325,28,40,1120
cr1_1691p_00005.cbf,530,558,284,322,28,38,1064
cr1_1691p_00006.cbf,531,558,284,323,27,39,1053
cr1_1691p_00007.cbf,531,558,284,324,27,40,1080
cr1_1691p_00008.cbf,531,559,284,324,28,40,1120
cr1_1692p_00001.cbf,531,559,285,324,28,39,1092
cr1_1692p_00002.cbf,531,559,286,325,28,39,1092
cr1_1692p_00003.cbf,530,558,286,325,28,39,1092
cr1_1692p_00004.cbf,530,559,285,325,29,40,1160
cr1_1692p_00005.cbf,531,558,283,322,27,39,1053
cr1_1692p_00006.cbf,531,559,283,324,28,41,1148
cr1_1692p_00007.cbf,531,558,284,324,27,40,1080
cr1_1692p_00008.cbf,531,559,284,324,28,40,1120
cr1_1693p_00001.cbf,531,559,285,324,28,39,1092
cr1_1693p_00002.cbf,531,559,286,325,28,39,1092
cr1_1693p_00003.cbf,531,558,287,325,27,38,1026
cr1_1693p_00004.cbf,531,559,285,325,28,40,1120
cr1_1693p_00005.cbf,531,558,284,322,27,38,1026
cr1_1693p_00006.cbf,531,558,283,323,27,40,1080
cr1_1693p_00007.cbf,531,558,284,324,27,40,1080
cr1_1693p_00008.cbf,531,559,284,324,28,40,1120
cr1_1694p_00001.cbf,531,559,285,324,28,39,1092
cr1_1694p_00002.cbf,531,559,286,325,28,39,1092
cr1_1694p_00003.cbf,531,558,286,325,27,39,1053
cr1_1694p_00004.cbf,531,559,285,324,28,39,1092
cr1_1694p_00005.cbf,531,558,284,325,27,41,1107
cr1_1694p_00006.cbf,531,558,284,323,27,39,1053
cr1_1694p_00007.cbf,531,559,285,324,28,39,1092
cr1_1694p_00008.cbf,531,559,285,324,28,39,1092
cr1_1695p_00001.cbf,531,559,285,324,28,39,1092
cr1_1695p_00002.cbf,531,559,286,325,28,39,1092
cr1_1695p_00003.cbf,531,558,286,325,27,39,1053
cr1_1695p_00004.cbf,531,558,286,324,27,38,1026
cr1_1695p_00005.cbf,531,558,284,324,27,40,1080
cr1_1695p_00006.cbf,531,558,284,323,27,39,1053
cr1_1695p_00007.cbf,531,559,285,324,28,39,1092
cr1_1695p_00008.cbf,531,559,284,324,28,40,1120
cr1_1696p_00001.cbf,531,559,285,324,28,39,1092
cr1_1696p_00002.cbf,531,559,286,325,28,39,1092
cr1_1696p_00003.cbf,531,558,286,325,27,39,1053
cr1_1696p_00004.cbf,531,558,286,324,27,38,1026
cr1_1696p_00005.cbf,531,558,284,322,27,38,1026
cr1_1696p_00006.cbf,531,558,283,323,27,40,1080
cr1_1696p_00007.cbf,531,559,285,324,28,39,1092
cr1_1696p_00008.cbf,531,559,285,325,28,40,1120
cr1_1697p_00001.cbf,531,559,285,324,28,39,1092
cr1_1697p_00002.cbf,531,559,286,325,28,39,1092
cr1_1697p_00003.cbf,531,558,286,325,27,39,1053
cr1_1697p_00004.cbf,531,558,286,324,27,38,1026
cr1_1697p_00005.cbf,530,558,285,324,28,39,1092
cr1_1697p_00006.cbf,531,558,284,323,27,39,1053
cr1_1697p_00007.cbf,531,558,285,325,27,40,1080
cr1_1697p_00008.cbf,532,559,285,325,27,40,1080
cr1_1698p_00001.cbf,531,559,285,325,28,40,1120
cr1_1698p_00002.cbf,531,559,286,325,28,39,1092
cr1_1698p_00003.cbf,531,559,286,325,28,39,1092
cr1_1698p_00004.cbf,530,559,285,325,29,40,1160
cr1_1698p_00005.cbf,531,559,284,322,28,38,1064
cr1_1698p_00006.cbf,531,559,283,323,28,40,1120
cr1_1698p_00007.cbf,531,559,284,324,28,40,1120
cr1_1698p_00008.cbf,531,559,284,324,28,40,1120
cr1_1699p_00001.cbf,531,559,285,324,28,39,1092
cr1_1699p_00002.cbf,531,559,285,325,28,40,1120
cr1_1699p_00003.cbf,530,559,286,325,29,39,1131
cr1_1699p_00004.cbf,531,559,285,324,28,39,1092
cr1_1699p_00005.cbf,531,559,284,323,28,39,1092
cr1_1699p_00006.cbf,531,559,284,325,28,41,1148
cr1_1699p_00007.cbf,531,559,284,325,28,41,1148
cr1_1699p_00008.cbf,531,559,285,325,28,40,1120
cr1_1700p_00001.cbf,531,559,285,325,28,40,1120
cr1_1700p_00002.cbf,531,559,285,326,28,41,1148
cr1_1700p_00003.cbf,530,559,286,325,29,39,1131
cr1_1700p_00004.cbf,531,559,286,325,28,39,1092
cr1_1700p_00005.cbf,531,558,284,325,27,41,1107
cr1_1700p_00006.cbf,531,559,284,323,28,39,1092
cr1_1700p_00007.cbf,531,559,284,324,28,40,1120
cr1_1700p_00008.cbf,531,559,285,324,28,39,1092
cr1_1701p_00001.cbf,531,559,285,325,28,40,1120
cr1_1701p_00002.cbf,531,559,286,325,28,39,1092
cr1_1701p_00003.cbf,531,559,286,325,28,39,1092
cr1_1701p_00004.cbf,531,559,286,324,28,38,1064
cr1_1701p_00005.cbf,531,558,285,324,27,39,1053
cr1_1701p_00006.cbf,530,558,284,325,28,41,1148
cr1_1701p_00007.cbf,531,559,284,325,28,41,1148
cr1_1701p_00008.cbf,531,559,285,325,28,40,1120
cr1_1702p_00001.cbf,531,559,285,325,28,40,1120
cr1_1702p_00002.cbf,531,559,285,325,28,40,1120
cr1_1702p_00003.cbf,531,559,286,326,28,40,1120
cr1_1702p_00004.cbf,531,559,286,324,28,38,1064
cr1_1702p_00005.cbf,530,558,285,324,28,39,1092
cr1_1702p_00006.cbf,531,559,284,324,28,40,1120
cr1_1702p_00007.cbf,531,559,285,325,28,40,1120
cr1_1702p_00008.cbf,531,559,284,325,28,41,1148
cr1_1703p_00001.cbf,531,559,285,325,28,40,1120
cr1_1703p_00002.cbf,531,559,286,326,28,40,1120
cr1_1703p_00003.cbf,530,559,286,326,29,40,1160
cr1_1703p_00004.cbf,531,559,286,325,28,39,1092
cr1_1703p_00005.cbf,531,558,284,325,27,41,1107
cr1_1703p_00006.cbf,531,559,284,324,28,40,1120
cr1_1703p_00007.cbf,531,559,285,325,28,40,1120
cr1_1703p_00008.cbf,531,559,285,325,28,40,1120
cr1_1704p_00001.cbf,531,559,285,325,28,40,1120
cr1_1704p_00002.cbf,531,559,286,326,28,40,1120
cr1_1704p_00003.cbf,531,559,286,326,28,40,1120
cr1_1704p_00004.cbf,530,558,286,325,28,39,1092
cr1_1704p_00005.cbf,531,558,285,324,27,39,1053
cr1_1704p_00006.cbf,531,558,284,325,27,41,1107
cr1_1704p_00007.cbf,531,559,284,324,28,40,1120
cr1_1704p_00008.cbf,531,559,284,325,28,41,1148
cr1_1705p_00001.cbf,530,559,285,325,29,40,1160
cr1_1705p_00002.cbf,531,559,286,325,28,39,1092
cr1_1705p_00003.cbf,531,559,286,325,28,39,1092
cr1_1705p_00004.cbf,531,558,286,324,27,38,1026
cr1_1705p_00005.cbf,531,558,285,324,27,39,1053
cr1_1705p_00006.cbf,531,558,284,325,27,41,1107
cr1_1705p_00007.cbf,531,559,285,324,28,39,1092
cr1_1705p_00008.cbf,531,559,284,325,28,41,1148
cr1_1706p_00001.cbf,531,559,285,325,28,40,1120
cr1_1706p_00002.cbf,531,559,286,326,28,40,1120
cr1_1706p_00003.cbf,531,559,286,325,28,39,1092
cr1_1706p_00004.cbf,531,559,286,324,28,38,1064
cr1_1706p_00005.cbf,531,558,286,324,27,38,1026
cr1_1706p_00006.cbf,531,558,284,322,27,38,1026
cr1_1706p_00007.cbf,531,559,284,324,28,40,1120
cr1_1706p_00008.cbf,531,559,284,325,28,41,1148
cr1_1707p_00001.cbf,531,559,285,325,28,40,1120
cr1_1707p_00002.cbf,531,559,286,325,28,39,1092
cr1_1707p_00003.cbf,531,559,286,325,28,39,1092
cr1_1707p_00004.cbf,531,559,286,324,28,38,1064
cr1_1707p_00005.cbf,531,558,284,322,27,38,1026
cr1_1707p_00006.cbf,531,558,284,324,27,40,1080
cr1_1707p_00007.cbf,531,559,285,324,28,39,1092
cr1_1707p_00008.cbf,531,559,285,325,28,40,1120
cr1_1708p_00001.cbf,531,559,285,325,28,40,1120
cr1_1708p_00002.cbf,531,559,286,325,28,39,1092
cr1_1708p_00003.cbf,531,559,286,325,28,39,1092
cr1_1708p_00004.cbf,530,558,286,324,28,38,1064
cr1_1708p_00005.cbf,530,558,284,325,28,41,1148
cr1_1708p_00006.cbf,531,558,284,323,27,39,1053
cr1_1708p_00007.cbf,531,559,284,324,28,40,1120
cr1_1708p_00008.cbf,531,559,284,324,28,40,1120
cr1_1709p_00001.cbf,531,559,285,325,28,40,1120
cr1_1709p_00002.cbf,531,559,286,325,28,39,1092
cr1_1709p_00003.cbf,531,559,286,325,28,39,1092
cr1_1709p_00004.cbf,531,558,285,324,27,39,1053
cr1_1709p_00005.cbf,531,558,284,322,27,38,1026
cr1_1709p_00006.cbf,531,558,284,324,27,40,1080
cr1_1709p_00007.cbf,531,559,285,324,28,39,1092
cr1_1709p_00008.cbf,531,559,285,324,28,39,1092
cr1_1710p_00001.cbf,531,559,285,325,28,40,1120
cr1_1710p_00002.cbf,531,559,286,325,28,39,1092
cr1_1710p_00003.cbf,530,559,286,325,29,39,1131
cr1_1710p_00004.cbf,531,558,286,324,27,38,1026
cr1_1710p_00005.cbf,531,558,285,324,27,39,1053
cr1_1710p_00006.cbf,531,558,284,325,27,41,1107
cr1_1710p_00007.cbf,530,559,285,325,29,40,1160
cr1_1710p_00008.cbf,531,559,286,325,28,39,1092
cr1_1711p_00001.cbf,531,559,286,326,28,40,1120
cr1_1711p_00002.cbf,531,559,286,326,28,40,1120
cr1_1711p_00003.cbf,530,559,287,326,29,39,1131
cr1_1711p_00004.cbf,531,558,286,324,27,38,1026
cr1_1711p_00005.cbf,531,558,285,323,27,38,1026
cr1_1711p_00006.cbf,531,558,285,324,27,39,1053
cr1_1711p_00007.cbf,531,559,286,325,28,39,1092
cr1_1711p_00008.cbf,531,559,286,325,28,39,1092
cr1_1712p_00001.cbf,531,559,287,325,28,38,1064
cr1_1712p_00002.cbf,531,559,287,325,28,38,1064
cr1_1712p_00003.cbf,531,559,287,325,28,38,1064
cr1_1712p_00004.cbf,531,558,286,324,27,38,1026
cr1_1712p_00005.cbf,531,558,285,324,27,39,1053
cr1_1712p_00006.cbf,531,558,284,323,27,39,1053
cr1_1712p_00007.cbf,531,558,285,324,27,39,1053
cr1_1712p_00008.cbf,531,559,285,325,28,40,1120
cr1_1713p_00001.cbf,531,559,285,325,28,40,1120
cr1_1713p_00002.cbf,531,559,286,325,28,39,1092
cr1_1713p_00003.cbf,531,559,286,325,28,39,1092
cr1_1713p_00004.cbf,531,558,286,324,27,38,1026
cr1_1713p_00005.cbf,530,558,285,324,28,39,1092
cr1_1713p_00006.cbf,531,558,284,323,27,39,1053
cr1_1713p_00007.cbf,531,559,284,324,28,40,1120
cr1_1713p_00008.cbf,531,559,285,325,28,40,1120
cr1_1714p_00001.cbf,531,559,285,325,28,40,1120
cr1_1714p_00002.cbf,531,559,286,325,28,39,1092
cr1_1714p_00003.cbf,531,559,286,325,28,39,1092
cr1_1714p_00004.cbf,531,558,286,324,27,38,1026
cr1_1714p_00005.cbf,531,558,285,324,27,39,1053
cr1_1714p_00006.cbf,531,558,284,323,27,39,1053
cr1_1714p_00007.cbf,531,559,284,324,28,40,1120
cr1_1714p_00008.cbf,531,559,285,325,28,40,1120
cr1_1715p_00001.cbf,531,559,286,325,28,39,1092
cr1_1715p_00002.cbf,531,559,286,325,28,39,1092
cr1_1715p_00003.cbf,531,558,286,325,27,39,1053
cr1_1715p_00004.cbf,531,559,286,324,28,38,1064
cr1_1715p_00005.cbf,531,558,285,324,27,39,1053
cr1_1715p_00006.cbf,531,558,284,323,27,39,1053
cr1_1715p_00007.cbf,531,559,284,324,28,40,1120
cr1_1715p_00008.cbf,531,559,285,324,28,39,1092
cr1_1716p_00001.cbf,531,559,286,325,28,39,1092
cr1_1716p_00002.cbf,531,559,286,325,28,39,1092
cr1_1716p_00003.cbf,531,558,286,325,27,39,1053
cr1_1716p_00004.cbf,531,558,286,324,27,38,1026
cr1_1716p_00005.cbf,531,558,285,323,27,38,1026
cr1_1716p_00006.cbf,531,558,284,324,27,40,1080
cr1_1716p_00007.cbf,531,558,285,325,27,40,1080
cr1_1716p_00008.cbf,531,559,285,325,28,40,1120
cr1_1717p_00001.cbf,531,559,285,325,28,40,1120
cr1_1717p_00002.cbf,531,559,286,325,28,39,1092
cr1_1717p_00003.cbf,531,558,287,326,27,39,1053
cr1_1717p_00004.cbf,531,558,286,324,27,38,1026
cr1_1717p_00005.cbf,531,558,285,324,27,39,1053
cr1_1717p_00006.cbf,531,558,285,325,27,40,1080
cr1_1717p_00007.cbf,531,558,285,325,27,40,1080
cr1_1717p_00008.cbf,531,559,285,325,28,40,1120
cr1_1718p_00001.cbf,531,559,286,326,28,40,1120
cr1_1718p_00002.cbf,531,559,286,326,28,40,1120
cr1_1718p_00003.cbf,530,558,286,325,28,39,1092
cr1_1718p_00004.cbf,530,558,286,324,28,38,1064
cr1_1718p_00005.cbf,530,558,285,325,28,40,1120
cr1_1718p_00006.cbf,531,558,284,323,27,39,1053
cr1_1718p_00007.cbf,531,558,285,324,27,39,1053
cr1_1718p_00008.cbf,531,559,285,325,28,40,1120
cr1_1719p_00001.cbf,531,559,285,325,28,40,1120
cr1_1719p_00002.cbf,531,559,286,325,28,39,1092
cr1_1719p_00003.cbf,531,558,287,325,27,38,1026
cr1_1719p_00004.cbf,531,558,286,324,27,38,1026
cr1_1719p_00005.cbf,531,558,285,324,27,39,1053
cr1_1719p_00006.cbf,531,558,284,324,27,40,1080
cr1_1719p_00007.cbf,531,558,285,324,27,39,1053
cr1_1719p_00008.cbf,531,559,285,324,28,39,1092
cr1_1720p_00001.cbf,531,559,285,325,28,40,1120
cr1_1720p_00002.cbf,531,559,286,325,28,39,1092
cr1_1720p_00003.cbf,531,558,286,325,27,39,1053
cr1_1720p_00004.cbf,531,558,286,324,27,38,1026
cr1_1720p_00005.cbf,531,558,284,324,27,40,1080
cr1_1720p_00006.cbf,530,558,284,323,28,39,1092
cr1_1720p_00007.cbf,531,558,285,324,27,39,1053
cr1_1720p_00008.cbf,531,559,285,324,28,39,1092
cr1_1721p_00001.cbf,531,559,285,325,28,40,1120
cr1_1721p_00002.cbf,531,559,286,325,28,39,1092
cr1_1721p_00003.cbf,531,558,286,325,27,39,1053
cr1_1721p_00004.cbf,531,558,286,324,27,38,1026
cr1_1721p_00005.cbf,531,558,285,324,27,39,1053
cr1_1721p_00006.cbf,531,558,284,323,27,39,1053
cr1_1721p_00007.cbf,531,558,285,324,27,39,1053
cr1_1721p_00008.cbf,531,559,285,324,28,39,1092
cr1_1722p_00001.cbf,531,559,286,324,28,38,1064
cr1_1722p_00002.cbf,531,559,286,325,28,39,1092
cr1_1722p_00003.cbf,531,558,287,325,27,38,1026
cr1_1722p_00004.cbf,531,558,286,324,27,38,1026
cr1_1722p_00005.cbf,531,558,285,322,27,37,999
cr1_1722p_00006.cbf,531,558,285,323,27,38,1026
cr1_1722p_00007.cbf,531,558,285,324,27,39,1053
cr1_1722p_00008.cbf,531,559,285,324,28,39,1092
cr1_1723p_00001.cbf,531,559,285,324,28,39,1092
cr1_1723p_00002.cbf,530,559,286,325,29,39,1131
cr1_1723p_00003.cbf,530,558,287,325,28,38,1064
cr1_1723p_00004.cbf,531,558,286,324,27,38,1026
cr1_1723p_00005.cbf,531,558,285,325,27,40,1080
cr1_1723p_00006.cbf,531,558,284,324,27,40,1080
cr1_1723p_00007.cbf,531,558,285,324,27,39,1053
cr1_1723p_00008.cbf,531,559,285,324,28,39,1092
cr1_1724p_00001.cbf,531,559,286,325,28,39,1092
cr1_1724p_00002.cbf,531,559,286,325,28,39,1092
cr1_1724p_00003.cbf,531,558,286,325,27,39,1053
cr1_1724p_00004.cbf,531,558,286,324,27,38,1026
cr1_1724p_00005.cbf,531,558,286,325,27,39,1053
cr1_1724p_00006.cbf,531,558,284,324,27,40,1080
cr1_1724p_00007.cbf,531,558,285,324,27,39,1053
cr1_1724p_00008.cbf,531,559,285,325,28,40,1120
cr1_1725p_00001.cbf,531,559,286,325,28,39,1092
cr1_1725p_00002.cbf,531,559,286,325,28,39,1092
cr1_1725p_00003.cbf,531,558,287,325,27,38,1026
cr1_1725p_00004.cbf,531,558,286,324,27,38,1026
cr1_1725p_00005.cbf,531,558,285,324,27,39,1053
cr1_1725p_00006.cbf,531,558,285,324,27,39,1053
cr1_1725p_00007.cbf,531,558,285,325,27,40,1080
cr1_1725p_00008.cbf,531,559,285,325,28,40,1120
cr1_1726p_00001.cbf,531,559,286,325,28,39,1092
cr1_1726p_00002.cbf,531,559,287,326,28,39,1092
cr1_1726p_00003.cbf,531,558,287,325,27,38,1026
cr1_1726p_00004.cbf,531,558,286,324,27,38,1026
cr1_1726p_00005.cbf,531,558,286,324,27,38,1026
cr1_1726p_00006.cbf,531,558,285,324,27,39,1053
cr1_1726p_00007.cbf,531,558,286,325,27,39,1053
cr1_1726p_00008.cbf,531,559,286,325,28,39,1092
cr1_1727p_00001.cbf,531,559,286,325,28,39,1092
cr1_1727p_00002.cbf,531,559,287,325,28,38,1064
cr1_1727p_00003.cbf,531,559,287,325,28,38,1064
cr1_1727p_00004.cbf,531,558,286,324,27,38,1026
cr1_1727p_00005.cbf,531,558,285,323,27,38,1026
cr1_1727p_00006.cbf,531,558,286,324,27,38,1026
cr1_1727p_00007.cbf,531,559,286,325,28,39,1092
cr1_1727p_00008.cbf,531,559,286,325,28,39,1092
cr1_1728p_00001.cbf,531,559,287,325,28,38,1064
cr1_1728p_00002.cbf,531,559,287,325,28,38,1064
cr1_1728p_00003.cbf,531,558,287,325,27,38,1026
cr1_1728p_00004.cbf,531,558,286,324,27,38,1026
cr1_1728p_00005.cbf,531,558,286,324,27,38,1026
cr1_1728p_00006.cbf,531,558,286,324,27,38,1026
cr1_1728p_00007.cbf,531,558,287,324,27,37,999
cr1_1728p_00008.cbf,531,559,287,325,28,38,1064
cr1_1729p_00001.cbf,531,560,287,325,29,38,1102
cr1_1729p_00002.cbf,531,559,288,325,28,37,1036
cr1_1729p_00003.cbf,531,559,288,325,28,37,1036
cr1_1729p_00004.cbf,531,558,286,324,27,38,1026
cr1_1729p_00005.cbf,531,558,286,323,27,37,999
cr1_1729p_00006.cbf,531,558,286,324,27,38,1026
cr1_1729p_00007.cbf,531,559,287,324,28,37,1036
cr1_1729p_00008.cbf,531,559,287,325,28,38,1064
cr1_1730p_00001.cbf,531,560,287,325,29,38,1102
cr1_1730p_00002.cbf,531,559,288,325,28,37,1036
cr1_1730p_00003.cbf,531,559,287,325,28,38,1064
cr1_1730p_00004.cbf,531,558,286,324,27,38,1026
cr1_1730p_00005.cbf,531,558,286,323,27,37,999
cr1_1730p_00006.cbf,531,558,286,323,27,37,999
cr1_1730p_00007.cbf,531,559,287,325,28,38,1064
cr1_1730p_00008.cbf,531,559,287,325,28,38,1064
cr1_1731p_00001.cbf,531,559,288,325,28,37,1036
cr1_1731p_00002.cbf,531,559,288,325,28,37,1036
cr1_1731p_00003.cbf,531,559,288,325,28,37,1036
cr1_1731p_00004.cbf,530,558,286,324,28,38,1064
cr1_1731p_00005.cbf,531,558,286,324,27,38,1026
cr1_1731p_00006.cbf,531,558,286,324,27,38,1026
cr1_1731p_00007.cbf,531,559,286,324,28,38,1064
cr1_1731p_00008.cbf,531,559,287,325,28,38,1064
cr1_1732p_00001.cbf,531,559,287,325,28,38,1064
cr1_1732p_00002.cbf,531,559,288,325,28,37,1036
cr1_1732p_00003.cbf,531,559,288,325,28,37,1036
cr1_1732p_00004.cbf,531,558,286,324,27,38,1026
cr1_1732p_00005.cbf,531,558,285,323,27,38,1026
cr1_1732p_00006.cbf,531,558,286,323,27,37,999
cr1_1732p_00007.cbf,531,559,287,324,28,37,1036
cr1_1732p_00008.cbf,531,559,288,325,28,37,1036
cr1_1733p_00001.cbf,531,560,287,325,29,38,1102
cr1_1733p_00002.cbf,531,559,288,325,28,37,1036
cr1_1733p_00003.cbf,531,559,287,325,28,38,1064
cr1_1733p_00004.cbf,531,558,286,324,27,38,1026
cr1_1733p_00005.cbf,531,558,285,323,27,38,1026
cr1_1733p_00006.cbf,531,558,286,324,27,38,1026
cr1_1733p_00007.cbf,531,559,286,324,28,38,1064
cr1_1733p_00008.cbf,531,559,287,325,28,38,1064
cr1_1734p_00001.cbf,531,559,288,325,28,37,1036
cr1_1734p_00002.cbf,531,559,288,325,28,37,1036
cr1_1734p_00003.cbf,530,559,287,325,29,38,1102
cr1_1734p_00004.cbf,531,558,286,324,27,38,1026
cr1_1734p_00005.cbf,530,558,286,324,28,38,1064
cr1_1734p_00006.cbf,531,558,286,324,27,38,1026
cr1_1734p_00007.cbf,531,559,287,325,28,38,1064
cr1_1734p_00008.cbf,531,559,287,325,28,38,1064
cr1_1735p_00001.cbf,531,559,288,325,28,37,1036
cr1_1735p_00002.cbf,531,559,287,325,28,38,1064
cr1_1735p_00003.cbf,531,559,288,325,28,37,1036
cr1_1735p_00004.cbf,531,558,286,324,27,38,1026
cr1_1735p_00005.cbf,531,558,286,324,27,38,1026
cr1_1735p_00006.cbf,531,558,286,324,27,38,1026
cr1_1735p_00007.cbf,531,559,287,325,28,38,1064
cr1_1735p_00008.cbf,531,559,287,325,28,38,1064
cr1_1736p_00001.cbf,531,559,287,325,28,38,1064
cr1_1736p_00002.cbf,531,559,288,325,28,37,1036
cr1_1736p_00003.cbf,531,559,287,325,28,38,1064
cr1_1736p_00004.cbf,531,558,287,324,27,37,999
cr1_1736p_00005.cbf,531,558,286,324,27,38,1026
cr1_1736p_00006.cbf,530,558,286,324,28,38,1064
cr1_1736p_00007.cbf,531,559,287,324,28,37,1036
cr1_1736p_00008.cbf,531,559,287,325,28,38,1064
cr1_1737p_00001.cbf,531,559,288,325,28,37,1036
cr1_1737p_00002.cbf,531,559,288,325,28,37,1036
cr1_1737p_00003.cbf,531,558,287,325,27,38,1026
cr1_1737p_00004.cbf,530,558,286,324,28,38,1064
cr1_1737p_00005.cbf,531,558,285,323,27,38,1026
cr1_1737p_00006.cbf,531,558,286,324,27,38,1026
cr1_1737p_00007.cbf,531,559,286,324,28,38,1064
cr1_1737p_00008.cbf,531,559,287,325,28,38,1064
cr1_1738p_00001.cbf,531,559,287,325,28,38,1064
cr1_1738p_00002.cbf,531,559,287,325,28,38,1064
cr1_1738p_00003.cbf,531,559,287,325,28,38,1064
cr1_1738p_00004.cbf,531,558,286,324,27,38,1026
cr1_1738p_00005.cbf,531,558,286,323,27,37,999
cr1_1738p_00006.cbf,531,558,286,324,27,38,1026
cr1_1738p_00007.cbf,531,559,287,324,28,37,1036
cr1_1738p_00008.cbf,531,559,287,325,28,38,1064
cr1_1739p_00001.cbf,531,560,287,325,29,38,1102
cr1_1739p_00002.cbf,531,559,288,325,28,37,1036
cr1_1739p_00003.cbf,531,559,287,325,28,38,1064
cr1_1739p_00004.cbf,531,558,286,324,27,38,1026
cr1_1739p_00005.cbf,531,558,286,323,27,37,999
cr1_1739p_00006.cbf,531,558,286,324,27,38,1026
cr1_1739p_00007.cbf,531,558,287,324,27,37,999
cr1_1739p_00008.cbf,531,559,287,325,28,38,1064
cr1_1740p_00001.cbf,531,559,288,325,28,37,1036
cr1_1740p_00002.cbf,531,559,288,325,28,37,1036
cr1_1740p_00003.cbf,531,559,287,325,28,38,1064
cr1_1740p_00004.cbf,531,558,287,324,27,37,999
cr1_1740p_00005.cbf,531,558,286,324,27,38,1026
cr1_1740p_00006.cbf,531,558,286,324,27,38,1026
cr1_1740p_00007.cbf,530,559,287,324,29,37,1073
cr1_1740p_00008.cbf,531,559,287,325,28,38,1064
cr1_1741p_00001.cbf,531,559,287,325,28,38,1064
cr1_1741p_00002.cbf,531,559,288,325,28,37,1036
cr1_1741p_00003.cbf,531,559,287,325,28,38,1064
cr1_1741p_00004.cbf,531,558,287,324,27,37,999
cr1_1741p_00005.cbf,530,558,286,323,28,37,1036
cr1_1741p_00006.cbf,531,558,286,324,27,38,1026
cr1_1741p_00007.cbf,531,558,287,324,27,37,999
cr1_1741p_00008.cbf,531,559,287,325,28,38,1064
cr1_1742p_00001.cbf,531,559,288,325,28,37,1036
cr1_1742p_00002.cbf,531,559,288,325,28,37,1036
cr1_1742p_00003.cbf,531,559,287,325,28,38,1064
cr1_1742p_00004.cbf,531,558,286,324,27,38,1026
cr1_1742p_00005.cbf,531,558,286,323,27,37,999
cr1_1742p_00006.cbf,531,558,286,324,27,38,1026
cr1_1742p_00007.cbf,531,558,287,324,27,37,999
cr1_1742p_00008.cbf,531,559,287,325,28,38,1064
cr1_1743p_00001.cbf,531,559,287,325,28,38,1064
cr1_1743p_00002.cbf,531,559,287,325,28,38,1064
cr1_1743p_00003.cbf,531,559,287,325,28,38,1064
cr1_1743p_00004.cbf,531,558,287,324,27,37,999
cr1_1743p_00005.cbf,531,558,286,323,27,37,999
cr1_1743p_00006.cbf,531,558,286,324,27,38,1026
cr1_1743p_00007.cbf,531,558,287,324,27,37,999
cr1_1743p_00008.cbf,531,559,287,325,28,38,1064
cr1_1744p_00001.cbf,531,559,287,325,28,38,1064
cr1_1744p_00002.cbf,531,559,288,325,28,37,1036
cr1_1744p_00003.cbf,531,559,287,325,28,38,1064
cr1_1744p_00004.cbf,531,558,286,324,27,38,1026
cr1_1744p_00005.cbf,530,558,285,323,28,38,1064
cr1_1744p_00006.cbf,531,558,286,323,27,37,999
cr1_1744p_00007.cbf,531,558,287,324,27,37,999
cr1_1744p_00008.cbf,531,559,287,324,28,37,1036
cr1_1745p_00001.cbf,531,559,288,325,28,37,1036
cr1_1745p_00002.cbf,531,559,287,325,28,38,1064
cr1_1745p_00003.cbf,531,559,287,325,28,38,1064
cr1_1745p_00004.cbf,531,558,286,324,27,38,1026
cr1_1745p_00005.cbf,531,558,286,323,27,37,999
cr1_1745p_00006.cbf,531,558,286,324,27,38,1026
cr1_1745p_00007.cbf,531,559,286,324,28,38,1064
cr1_1745p_00008.cbf,531,559,287,325,28,38,1064
cr1_1746p_00001.cbf,531,559,287,325,28,38,1064
cr1_1746p_00002.cbf,531,559,288,325,28,37,1036
cr1_1746p_00003.cbf,531,559,288,325,28,37,1036
cr1_1746p_00004.cbf,530,558,287,324,28,37,1036
cr1_1746p_00005.cbf,531,558,286,323,27,37,999
cr1_1746p_00006.cbf,531,558,286,324,27,38,1026
cr1_1746p_00007.cbf,531,559,287,324,28,37,1036
cr1_1746p_00008.cbf,531,559,287,325,28,38,1064
cr1_1747p_00001.cbf,531,559,287,325,28,38,1064
cr1_1747p_00002.cbf,531,559,288,325,28,37,1036
cr1_1747p_00003.cbf,531,558,287,325,27,38,1026
cr1_1747p_00004.cbf,531,558,286,324,27,38,1026
cr1_1747p_00005.cbf,531,558,285,323,27,38,1026
cr1_1747p_00006.cbf,531,558,286,324,27,38,1026
cr1_1747p_00007.cbf,531,559,287,324,28,37,1036
cr1_1747p_00008.cbf,531,559,287,324,28,37,1036
cr1_1748p_00001.cbf,531,559,288,325,28,37,1036
cr1_1748p_00002.cbf,531,559,288,325,28,37,1036
cr1_1748p_00003.cbf,531,558,287,325,27,38,1026
cr1_1748p_00004.cbf,531,558,287,324,27,37,999
cr1_1748p_00005.cbf,531,558,286,323,27,37,999
cr1_1748p_00006.cbf,531,558,286,324,27,38,1026
cr1_1748p_00007.cbf,531,558,287,324,27,37,999
cr1_1748p_00008.cbf,531,559,287,325,28,38,1064
cr1_1749p_00001.cbf,531,559,288,325,28,37,1036
cr1_1749p_00002.cbf,531,559,288,325,28,37,1036
cr1_1749p_00003.cbf,531,558,288,325,27,37,999
cr1_1749p_00004.cbf,531,558,286,324,27,38,1026
cr1_1749p_00005.cbf,531,558,286,324,27,38,1026
cr1_1749p_00006.cbf,531,558,286,324,27,38,1026
cr1_1749p_00007.cbf,531,558,287,324,27,37,999
cr1_1749p_00008.cbf,531,559,287,325,28,38,1064
cr1_1750p_00001.cbf,531,559,287,325,28,38,1064
cr1_1750p_00002.cbf,531,559,287,325,28,38,1064
cr1_1750p_00003.cbf,531,558,287,325,27,38,1026
cr1_1750p_00004.cbf,531,558,287,324,27,37,999
cr1_1750p_00005.cbf,531,558,286,323,27,37,999
cr1_1750p_00006.cbf,531,558,286,323,27,37,999
cr1_1750p_00007.cbf,531,559,287,324,28,37,1036
cr1_1750p_00008.cbf,531,559,287,324,28,37,1036
cr1_1751p_00001.cbf,531,559,287,325,28,38,1064
cr1_1751p_00002.cbf,531,559,288,325,28,37,1036
cr1_1751p_00003.cbf,531,559,287,325,28,38,1064
cr1_1751p_00004.cbf,531,558,286,324,27,38,1026
cr1_1751p_00005.cbf,531,558,286,323,27,37,999
cr1_1751p_00006.cbf,531,558,286,324,27,38,1026
cr1_1751p_00007.cbf,531,558,287,324,27,37,999
cr1_1751p_00008.cbf,531,559,287,324,28,37,1036
cr1_1752p_00001.cbf,531,559,288,325,28,37,1036
cr1_1752p_00002.cbf,531,559,288,325,28,37,1036
cr1_1752p_00003.cbf,531,559,287,325,28,38,1064
cr1_1752p_00004.cbf,531,558,286,324,27,38,1026
cr1_1752p_00005.cbf,531,558,286,323,27,37,999
cr1_1752p_00006.cbf,531,558,286,324,27,38,1026
cr1_1752p_00007.cbf,531,558,287,324,27,37,999
cr1_1752p_00008.cbf,531,559,287,324,28,37,1036
cr1_1753p_00001.cbf,531,559,287,325,28,38,1064
cr1_1753p_00002.cbf,531,559,288,325,28,37,1036
cr1_1753p_00003.cbf,531,558,287,325,27,38,1026
cr1_1753p_00004.cbf,531,558,286,324,27,38,1026
cr1_1753p_00005.cbf,531,558,286,323,27,37,999
cr1_1753p_00006.cbf,531,558,286,324,27,38,1026
cr1_1753p_00007.cbf,531,558,287,324,27,37,999
cr1_1753p_00008.cbf,531,559,287,324,28,37,1036
cr1_1754p_00001.cbf,531,559,288,325,28,37,1036
cr1_1754p_00002.cbf,531,559,288,325,28,37,1036
cr1_1754p_00003.cbf,531,558,287,325,27,38,1026
cr1_1754p_00004.cbf,531,558,286,324,27,38,1026
cr1_1754p_00005.cbf,531,558,286,323,27,37,999
cr1_1754p_00006.cbf,531,558,286,324,27,38,1026
cr1_1754p_00007.cbf,531,558,287,324,27,37,999
cr1_1754p_00008.cbf,531,559,287,325,28,38,1064
cr1_1755p_00001.cbf,531,559,288,325,28,37,1036
cr1_1755p_00002.cbf,531,559,288,325,28,37,1036
cr1_1755p_00003.cbf,531,558,287,325,27,38,1026
cr1_1755p_00004.cbf,531,558,286,324,27,38,1026
cr1_1755p_00005.cbf,531,558,285,324,27,39,1053
cr1_1755p_00006.cbf,531,558,287,324,27,37,999
cr1_1755p_00007.cbf,531,559,287,324,28,37,1036
cr1_1755p_00008.cbf,531,559,287,325,28,38,1064
cr1_1756p_00001.cbf,531,559,288,325,28,37,1036
cr1_1756p_00002.cbf,531,559,288,325,28,37,1036
cr1_1756p_00003.cbf,531,558,287,325,27,38,1026
cr1_1756p_00004.cbf,531,558,287,324,27,37,999
cr1_1756p_00005.cbf,531,558,286,323,27,37,999
cr1_1756p_00006.cbf,531,558,286,324,27,38,1026
cr1_1756p_00007.cbf,531,558,287,324,27,37,999
cr1_1756p_00008.cbf,531,559,287,325,28,38,1064
cr1_1757p_00001.cbf,531,559,288,325,28,37,1036
cr1_1757p_00002.cbf,531,559,288,325,28,37,1036
cr1_1757p_00003.cbf,531,558,287,325,27,38,1026
cr1_1757p_00004.cbf,531,558,286,324,27,38,1026
cr1_1757p_00005.cbf,531,558,285,323,27,38,1026
cr1_1757p_00006.cbf,531,558,286,324,27,38,1026
cr1_1757p_00007.cbf,531,558,287,324,27,37,999
cr1_1757p_00008.cbf,531,559,287,324,28,37,1036
cr1_1758p_00001.cbf,531,559,288,325,28,37,1036
cr1_1758p_00002.cbf,531,559,288,325,28,37,1036
cr1_1758p_00003.cbf,531,558,287,325,27,38,1026
cr1_1758p_00004.cbf,531,558,286,324,27,38,1026
cr1_1758p_00005.cbf,531,558,286,323,27,37,999
cr1_1758p_00006.cbf,531,558,286,324,27,38,1026
cr1_1758p_00007.cbf,531,558,287,324,27,37,999
cr1_1758p_00008.cbf,531,559,287,325,28,38,1064
cr1_1759p_00001.cbf,531,559,288,325,28,37,1036
cr1_1759p_00002.cbf,531,559,288,325,28,37,1036
cr1_1759p_00003.cbf,531,558,287,325,27,38,1026
cr1_1759p_00004.cbf,531,558,286,324,27,38,1026
cr1_1759p_00005.cbf,530,558,286,323,28,37,1036
cr1_1759p_00006.cbf,531,558,286,324,27,38,1026
cr1_1759p_00007.cbf,531,558,287,324,27,37,999
cr1_1759p_00008.cbf,531,559,287,325,28,38,1064
cr1_1760p_00001.cbf,531,559,288,325,28,37,1036
cr1_1760p_00002.cbf,531,559,288,325,28,37,1036
cr1_1760p_00003.cbf,531,559,287,324,28,37,1036
cr1_1760p_00004.cbf,531,558,286,324,27,38,1026
cr1_1760p_00005.cbf,531,558,286,324,27,38,1026
cr1_1760p_00006.cbf,531,558,286,324,27,38,1026
cr1_1760p_00007.cbf,531,558,287,324,27,37,999
cr1_1760p_00008.cbf,531,559,287,324,28,37,1036
cr1_1761p_00001.cbf,531,559,287,325,28,38,1064
cr1_1761p_00002.cbf,531,559,288,325,28,37,1036
cr1_1761p_00003.cbf,531,558,288,325,27,37,999
cr1_1761p_00004.cbf,531,558,287,324,27,37,999
cr1_1761p_00005.cbf,531,558,286,323,27,37,999
cr1_1761p_00006.cbf,531,558,287,324,27,37,999
cr1_1761p_00007.cbf,531,558,287,324,27,37,999
cr1_1761p_00008.cbf,531,559,287,325,28,38,1064
cr1_1762p_00001.cbf,531,559,288,325,28,37,1036
cr1_1762p_00002.cbf,531,559,288,325,28,37,1036
cr1_1762p_00003.cbf,531,559,287,325,28,38,1064
cr1_1762p_00004.cbf,531,558,286,324,27,38,1026
cr1_1762p_00005.cbf,531,558,285,322,27,37,999
cr1_1762p_00006.cbf,531,558,286,324,27,38,1026
cr1_1762p_00007.cbf,531,558,286,324,27,38,1026
cr1_1762p_00008.cbf,531,559,287,325,28,38,1064
cr1_1763p_00001.cbf,531,559,288,325,28,37,1036
cr1_1763p_00002.cbf,531,559,287,325,28,38,1064
cr1_1763p_00003.cbf,531,558,288,325,27,37,999
cr1_1763p_00004.cbf,531,558,286,324,27,38,1026
cr1_1763p_00005.cbf,531,558,286,323,27,37,999
cr1_1763p_00006.cbf,531,558,286,323,27,37,999
cr1_1763p_00007.cbf,531,558,287,324,27,37,999
cr1_1763p_00008.cbf,531,559,287,324,28,37,1036
cr1_1764p_00001.cbf,531,559,288,325,28,37,1036
cr1_1764p_00002.cbf,531,559,288,325,28,37,1036
cr1_1764p_00003.cbf,531,558,288,325,27,37,999
cr1_1764p_00004.cbf,531,558,287,324,27,37,999
cr1_1764p_00005.cbf,531,558,286,324,27,38,1026
cr1_1764p_00006.cbf,531,558,286,324,27,38,1026
cr1_1764p_00007.cbf,531,559,286,324,28,38,1064
cr1_1764p_00008.cbf,531,559,287,325,28,38,1064
cr1_1765p_00001.cbf,531,559,288,325,28,37,1036
cr1_1765p_00002.cbf,531,559,287,325,28,38,1064
cr1_1765p_00003.cbf,531,558,287,325,27,38,1026
cr1_1765p_00004.cbf,530,558,286,324,28,38,1064
cr1_1765p_00005.cbf,531,558,286,323,27,37,999
cr1_1765p_00006.cbf,531,558,286,324,27,38,1026
cr1_1765p_00007.cbf,531,559,286,324,28,38,1064
cr1_1765p_00008.cbf,531,559,287,324,28,37,1036
cr1_1766p_00001.cbf,531,559,287,325,28,38,1064
cr1_1766p_00002.cbf,531,559,287,325,28,38,1064
cr1_1766p_00003.cbf,531,559,287,325,28,38,1064
cr1_1766p_00004.cbf,531,558,286,324,27,38,1026
cr1_1766p_00005.cbf,531,558,286,323,27,37,999
cr1_1766p_00006.cbf,531,558,286,323,27,37,999
cr1_1766p_00007.cbf,531,558,286,324,27,38,1026
cr1_1766p_00008.cbf,531,559,287,324,28,37,1036
cr1_1767p_00001.cbf,531,559,287,325,28,38,1064
cr1_1767p_00002.cbf,531,559,287,325,28,38,1064
cr1_1767p_00003.cbf,531,559,287,325,28,38,1064
cr1_1767p_00004.cbf,531,558,287,324,27,37,999
cr1_1767p_00005.cbf,530,558,286,324,28,38,1064
cr1_1767p_00006.cbf,530,558,286,325,28,39,1092
cr1_1767p_00007.cbf,530,558,285,326,28,41,1148
cr1_1767p_00008.cbf,531,559,286,325,28,39,1092
cr1_1768p_00001.cbf,530,559,287,325,29,38,1102
cr1_1768p_00002.cbf,531,559,287,325,28,38,1064
cr1_1768p_00003.cbf,531,558,287,325,27,38,1026
cr1_1768p_00004.cbf,531,558,286,325,27,39,1053
cr1_1768p_00005.cbf,530,557,285,323,27,38,1026
cr1_1768p_00006.cbf,531,558,285,322,27,37,999
cr1_1768p_00007.cbf,531,558,285,323,27,38,1026
cr1_1768p_00008.cbf,531,559,285,323,28,38,1064
cr1_1769p_00001.cbf,531,559,286,324,28,38,1064
cr1_1769p_00002.cbf,530,559,287,324,29,37,1073
cr1_1769p_00003.cbf,531,558,287,324,27,37,999
cr1_1769p_00004.cbf,531,558,285,325,27,40,1080
cr1_1769p_00005.cbf,530,557,285,323,27,38,1026
cr1_1769p_00006.cbf,530,558,285,323,28,38,1064
cr1_1769p_00007.cbf,531,558,284,323,27,39,1053
cr1_1769p_00008.cbf,531,559,284,323,28,39,1092
cr1_1770p_00001.cbf,531,559,285,324,28,39,1092
cr1_1770p_00002.cbf,531,559,286,324,28,38,1064
cr1_1770p_00003.cbf,531,558,287,324,27,37,999
cr1_1770p_00004.cbf,530,558,285,323,28,38,1064
cr1_1770p_00005.cbf,530,558,285,323,28,38,1064
cr1_1770p_00006.cbf,531,558,283,323,27,40,1080
cr1_1770p_00007.cbf,530,558,283,323,28,40,1120
cr1_1770p_00008.cbf,531,559,284,323,28,39,1092
cr1_1771p_00001.cbf,531,559,285,323,28,38,1064
cr1_1771p_00002.cbf,531,559,286,324,28,38,1064
cr1_1771p_00003.cbf,531,558,287,324,27,37,999
cr1_1771p_00004.cbf,530,558,285,323,28,38,1064
cr1_1771p_00005.cbf,530,558,284,323,28,39,1092
cr1_1771p_00006.cbf,530,558,283,323,28,40,1120
cr1_1771p_00007.cbf,531,558,282,323,27,41,1107
cr1_1771p_00008.cbf,531,559,283,323,28,40,1120
cr1_1772p_00001.cbf,531,559,284,323,28,39,1092
cr1_1772p_00002.cbf,531,559,285,324,28,39,1092
cr1_1772p_00003.cbf,531,558,286,324,27,38,1026
cr1_1772p_00004.cbf,530,558,284,323,28,39,1092
cr1_1772p_00005.cbf,530,558,284,323,28,39,1092
cr1_1772p_00006.cbf,530,558,283,323,28,40,1120
cr1_1772p_00007.cbf,531,558,282,323,27,41,1107
cr1_1772p_00008.cbf,531,558,282,323,27,41,1107
cr1_1773p_00001.cbf,531,559,283,323,28,40,1120
cr1_1773p_00002.cbf,531,559,284,323,28,39,1092
cr1_1773p_00003.cbf,531,558,285,323,27,38,1026
cr1_1773p_00004.cbf,531,558,285,324,27,39,1053
cr1_1773p_00005.cbf,530,558,284,323,28,39,1092
cr1_1773p_00006.cbf,531,558,283,323,27,40,1080
cr1_1773p_00007.cbf,530,558,282,323,28,41,1148
cr1_1773p_00008.cbf,531,559,282,323,28,41,1148
cr1_1774p_00001.cbf,531,559,283,323,28,40,1120
cr1_1774p_00002.cbf,531,559,285,324,28,39,1092
cr1_1774p_00003.cbf,531,558,286,324,27,38,1026
cr1_1774p_00004.cbf,531,558,284,323,27,39,1053
cr1_1774p_00005.cbf,530,558,284,323,28,39,1092
cr1_1774p_00006.cbf,530,558,283,323,28,40,1120
cr1_1774p_00007.cbf,531,558,282,323,27,41,1107
cr1_1774p_00008.cbf,531,559,282,323,28,41,1148
cr1_1775p_00001.cbf,531,559,284,323,28,39,1092
cr1_1775p_00002.cbf,531,559,284,323,28,39,1092
cr1_1775p_00003.cbf,531,558,285,323,27,38,1026
cr1_1775p_00004.cbf,531,558,285,323,27,38,1026
cr1_1775p_00005.cbf,530,557,284,323,27,39,1053
cr1_1775p_00006.cbf,531,558,283,322,27,39,1053
cr1_1775p_00007.cbf,531,558,282,322,27,40,1080
cr1_1775p_00008.cbf,531,559,282,323,28,41,1148
cr1_1776p_00001.cbf,531,559,284,323,28,39,1092
cr1_1776p_00002.cbf,531,559,285,324,28,39,1092
cr1_1776p_00003.cbf,531,558,286,323,27,37,999
cr1_1776p_00004.cbf,531,558,285,324,27,39,1053
cr1_1776p_00005.cbf,530,558,284,323,28,39,1092
cr1_1776p_00006.cbf,530,558,283,323,28,40,1120
cr1_1776p_00007.cbf,531,558,282,323,27,41,1107
cr1_1776p_00008.cbf,531,558,283,323,27,40,1080
cr1_1777p_00001.cbf,531,559,284,323,28,39,1092
cr1_1777p_00002.cbf,531,559,285,323,28,38,1064
cr1_1777p_00003.cbf,531,558,285,323,27,38,1026
cr1_1777p_00004.cbf,531,558,284,324,27,40,1080
cr1_1777p_00005.cbf,530,558,285,323,28,38,1064
cr1_1777p_00006.cbf,531,558,283,323,27,40,1080
cr1_1777p_00007.cbf,531,558,282,322,27,40,1080
cr1_1777p_00008.cbf,531,559,284,323,28,39,1092
cr1_1778p_00001.cbf,531,559,285,323,28,38,1064
cr1_1778p_00002.cbf,531,559,285,323,28,38,1064
cr1_1778p_00003.cbf,531,558,286,323,27,37,999
cr1_1778p_00004.cbf,531,558,285,322,27,37,999
cr1_1778p_00005.cbf,530,558,285,324,28,39,1092
cr1_1778p_00006.cbf,531,558,282,322,27,40,1080
cr1_1778p_00007.cbf,531,558,282,323,27,41,1107
cr1_1778p_00008.cbf,531,559,282,323,28,41,1148
cr1_1779p_00001.cbf,531,559,283,324,28,41,1148
cr1_1779p_00002.cbf,531,559,284,323,28,39,1092
cr1_1779p_00003.cbf,531,558,285,323,27,38,1026
cr1_1779p_00004.cbf,531,558,285,324,27,39,1053
cr1_1779p_00005.cbf,530,558,284,322,28,38,1064
cr1_1779p_00006.cbf,531,558,283,322,27,39,1053
cr1_1779p_00007.cbf,531,558,285,323,27,38,1026
cr1_1779p_00008.cbf,531,559,286,324,28,38,1064
cr1_1780p_00001.cbf,531,559,286,324,28,38,1064
cr1_1780p_00002.cbf,531,559,286,324,28,38,1064
cr1_1780p_00003.cbf,531,558,286,324,27,38,1026
cr1_1780p_00004.cbf,531,558,284,324,27,40,1080
cr1_1780p_00005.cbf,531,558,282,322,27,40,1080
cr1_1780p_00006.cbf,531,558,281,322,27,41,1107
cr1_1780p_00007.cbf,531,558,284,322,27,38,1026
cr1_1780p_00008.cbf,531,559,285,323,28,38,1064
cr1_1781p_00001.cbf,531,559,285,324,28,39,1092
cr1_1781p_00002.cbf,531,559,286,324,28,38,1064
cr1_1781p_00003.cbf,531,558,286,324,27,38,1026
cr1_1781p_00004.cbf,531,558,285,323,27,38,1026
cr1_1781p_00005.cbf,531,558,283,322,27,39,1053
cr1_1781p_00006.cbf,531,558,285,322,27,37,999
cr1_1781p_00007.cbf,531,558,286,323,27,37,999
cr1_1781p_00008.cbf,531,559,286,324,28,38,1064
cr1_1782p_00001.cbf,531,559,287,324,28,37,1036
cr1_1782p_00002.cbf,531,559,287,324,28,37,1036
cr1_1782p_00003.cbf,531,558,287,324,27,37,999
cr1_1782p_00004.cbf,530,558,286,324,28,38,1064
cr1_1782p_00005.cbf,531,558,285,323,27,38,1026
cr1_1782p_00006.cbf,531,558,284,322,27,38,1026
cr1_1782p_00007.cbf,531,558,284,323,27,39,1053
cr1_1782p_00008.cbf,531,559,284,323,28,39,1092
cr1_1783p_00001.cbf,531,559,286,324,28,38,1064
cr1_1783p_00002.cbf,531,559,286,324,28,38,1064
cr1_1783p_00003.cbf,531,558,286,324,27,38,1026
cr1_1783p_00004.cbf,531,558,286,323,27,37,999
cr1_1783p_00005.cbf,531,558,285,324,27,39,1053
cr1_1783p_00006.cbf,531,558,283,322,27,39,1053
cr1_1783p_00007.cbf,531,558,283,323,27,40,1080
cr1_1783p_00008.cbf,531,559,283,323,28,40,1120
cr1_1784p_00001.cbf,531,559,284,324,28,40,1120
cr1_1784p_00002.cbf,531,559,285,324,28,39,1092
cr1_1784p_00003.cbf,531,558,286,324,27,38,1026
cr1_1784p_00004.cbf,530,558,285,324,28,39,1092
cr1_1784p_00005.cbf,531,558,285,323,27,38,1026
cr1_1784p_00006.cbf,531,558,285,323,27,38,1026
cr1_1784p_00007.cbf,531,558,286,324,27,38,1026
cr1_1784p_00008.cbf,531,559,286,325,28,39,1092
cr1_1785p_00001.cbf,531,559,287,325,28,38,1064
cr1_1785p_00002.cbf,531,559,287,325,28,38,1064
cr1_1785p_00003.cbf,531,558,287,325,27,38,1026
cr1_1785p_00004.cbf,531,558,286,325,27,39,1053
cr1_1785p_00005.cbf,531,558,284,323,27,39,1053
cr1_1785p_00006.cbf,531,558,282,323,27,41,1107
cr1_1785p_00007.cbf,530,558,282,323,28,41,1148
cr1_1785p_00008.cbf,531,559,282,323,28,41,1148
cr1_1786p_00001.cbf,531,559,283,323,28,40,1120
cr1_1786p_00002.cbf,531,559,284,324,28,40,1120
cr1_1786p_00003.cbf,531,558,285,325,27,40,1080
cr1_1786p_00004.cbf,530,558,283,323,28,40,1120
cr1_1786p_00005.cbf,530,558,284,324,28,40,1120
cr1_1786p_00006.cbf,530,558,283,324,28,41,1148
cr1_1786p_00007.cbf,531,558,282,323,27,41,1107
cr1_1786p_00008.cbf,531,559,282,323,28,41,1148
cr1_1787p_00001.cbf,531,559,283,323,28,40,1120
cr1_1787p_00002.cbf,531,559,285,323,28,38,1064
cr1_1787p_00003.cbf,531,558,284,324,27,40,1080
cr1_1787p_00004.cbf,531,558,283,324,27,41,1107
cr1_1787p_00005.cbf,530,558,283,324,28,41,1148
cr1_1787p_00006.cbf,530,558,283,324,28,41,1148
cr1_1787p_00007.cbf,531,558,282,323,27,41,1107
cr1_1787p_00008.cbf,531,559,282,322,28,40,1120
cr1_1788p_00001.cbf,531,559,283,323,28,40,1120
cr1_1788p_00002.cbf,531,559,284,323,28,39,1092
cr1_1788p_00003.cbf,531,558,284,323,27,39,1053
cr1_1788p_00004.cbf,531,558,283,323,27,40,1080
cr1_1788p_00005.cbf,530,558,282,323,28,41,1148
cr1_1788p_00006.cbf,531,558,282,323,27,41,1107
cr1_1788p_00007.cbf,531,559,281,323,28,42,1176
cr1_1788p_00008.cbf,531,559,281,322,28,41,1148
cr1_1789p_00001.cbf,531,559,283,323,28,40,1120
cr1_1789p_00002.cbf,531,559,284,323,28,39,1092
cr1_1789p_00003.cbf,531,558,284,323,27,39,1053
cr1_1789p_00004.cbf,531,558,284,323,27,39,1053
cr1_1789p_00005.cbf,531,558,283,321,27,38,1026
cr1_1789p_00006.cbf,531,558,282,322,27,40,1080
cr1_1789p_00007.cbf,531,558,282,322,27,40,1080
cr1_1789p_00008.cbf,531,559,283,322,28,39,1092
cr1_1790p_00001.cbf,531,559,284,323,28,39,1092
cr1_1790p_00002.cbf,531,558,285,323,27,38,1026
cr1_1790p_00003.cbf,531,558,286,323,27,37,999
cr1_1790p_00004.cbf,531,558,284,324,27,40,1080
cr1_1790p_00005.cbf,530,558,283,323,28,40,1120
cr1_1790p_00006.cbf,531,558,282,323,27,41,1107
cr1_1790p_00007.cbf,531,558,281,323,27,42,1134
cr1_1790p_00008.cbf,531,559,282,322,28,40,1120
cr1_1791p_00001.cbf,530,559,283,323,29,40,1160
cr1_1791p_00002.cbf,531,559,284,323,28,39,1092
cr1_1791p_00003.cbf,531,558,285,323,27,38,1026
cr1_1791p_00004.cbf,531,558,284,323,27,39,1053
cr1_1791p_00005.cbf,531,558,283,322,27,39,1053
cr1_1791p_00006.cbf,531,558,283,323,27,40,1080
cr1_1791p_00007.cbf,531,558,283,323,27,40,1080
cr1_1791p_00008.cbf,531,559,284,323,28,39,1092
cr1_1792p_00001.cbf,531,559,285,323,28,38,1064
cr1_1792p_00002.cbf,531,558,285,324,27,39,1053
cr1_1792p_00003.cbf,530,558,286,324,28,38,1064
cr1_1792p_00004.cbf,531,558,285,323,27,38,1026
cr1_1792p_00005.cbf,531,558,285,323,27,38,1026
cr1_1792p_00006.cbf,531,558,285,323,27,38,1026
cr1_1792p_00007.cbf,531,558,286,323,27,37,999
cr1_1792p_00008.cbf,531,559,287,323,28,36,1008
cr1_1793p_00001.cbf,531,559,287,324,28,37,1036
cr1_1793p_00002.cbf,531,559,287,324,28,37,1036
cr1_1793p_00003.cbf,531,558,287,324,27,37,999
cr1_1793p_00004.cbf,531,558,286,323,27,37,999
cr1_1793p_00005.cbf,531,558,285,323,27,38,1026
cr1_1793p_00006.cbf,531,558,286,323,27,37,999
cr1_1793p_00007.cbf,531,558,287,323,27,36,972
cr1_1793p_00008.cbf,531,558,287,324,27,37,999
cr1_1794p_00001.cbf,531,559,287,324,28,37,1036
cr1_1794p_00002.cbf,531,558,287,324,27,37,999
cr1_1794p_00003.cbf,531,558,287,324,27,37,999
cr1_1794p_00004.cbf,531,558,286,323,27,37,999
cr1_1794p_00005.cbf,531,558,285,323,27,38,1026
cr1_1794p_00006.cbf,531,558,286,323,27,37,999
cr1_1794p_00007.cbf,531,558,286,323,27,37,999
cr1_1794p_00008.cbf,531,558,287,324,27,37,999
cr1_1795p_00001.cbf,531,559,287,324,28,37,1036
cr1_1795p_00002.cbf,531,558,288,325,27,37,999
cr1_1795p_00003.cbf,531,558,287,324,27,37,999
cr1_1795p_00004.cbf,531,558,286,323,27,37,999
cr1_1795p_00005.cbf,531,558,285,323,27,38,1026
cr1_1795p_00006.cbf,531,558,286,323,27,37,999
cr1_1795p_00007.cbf,531,558,287,324,27,37,999
cr1_1795p_00008.cbf,531,559,287,324,28,37,1036
cr1_1796p_00001.cbf,531,559,287,324,28,37,1036
cr1_1796p_00002.cbf,531,558,288,325,27,37,999
cr1_1796p_00003.cbf,531,558,287,324,27,37,999
cr1_1796p_00004.cbf,531,558,286,323,27,37,999
cr1_1796p_00005.cbf,531,558,286,323,27,37,999
cr1_1796p_00006.cbf,531,558,286,323,27,37,999
cr1_1796p_00007.cbf,531,558,286,324,27,38,1026
cr1_1796p_00008.cbf,531,559,287,324,28,37,1036
cr1_1797p_00001.cbf,531,559,287,324,28,37,1036
cr1_1797p_00002.cbf,531,558,288,325,27,37,999
cr1_1797p_00003.cbf,531,558,287,324,27,37,999
cr1_1797p_00004.cbf,531,558,286,323,27,37,999
cr1_1797p_00005.cbf,531,558,286,323,27,37,999
cr1_1797p_00006.cbf,531,558,286,323,27,37,999
cr1_1797p_00007.cbf,531,558,286,324,27,38,1026
cr1_1797p_00008.cbf,531,559,287,324,28,37,1036
cr1_1798p_00001.cbf,530,559,287,325,29,38,1102
cr1_1798p_00002.cbf,530,559,287,325,29,38,1102
cr1_1798p_00003.cbf,530,558,287,324,28,37,1036
cr1_1798p_00004.cbf,530,558,286,324,28,38,1064
cr1_1798p_00005.cbf,531,558,285,323,27,38,1026
cr1_1798p_00006.cbf,531,558,286,323,27,37,999
cr1_1798p_00007.cbf,531,558,286,324,27,38,1026
cr1_1798p_00008.cbf,531,559,287,324,28,37,1036
cr1_1799p_00001.cbf,531,559,287,325,28,38,1064
cr1_1799p_00002.cbf,531,559,287,325,28,38,1064
cr1_1799p_00003.cbf,531,558,287,324,27,37,999
cr1_1799p_00004.cbf,530,558,286,324,28,38,1064
cr1_1799p_00005.cbf,531,558,285,323,27,38,1026
cr1_1799p_00006.cbf,531,558,286,323,27,37,999
cr1_1799p_00007.cbf,530,558,286,324,28,38,1064
cr1_1799p_00008.cbf,531,559,287,324,28,37,1036
cr1_1800p_00001.cbf,531,559,288,325,28,37,1036
cr1_1800p_00002.cbf,531,559,287,325,28,38,1064
cr1_1800p_00003.cbf,530,558,287,325,28,38,1064
cr1_1800p_00004.cbf,531,558,286,323,27,37,999
cr1_1800p_00005.cbf,531,558,286,323,27,37,999
cr1_1800p_00006.cbf,531,558,286,323,27,37,999
cr1_1800p_00007.cbf,530,558,286,324,28,38,1064
cr1_1800p_00008.cbf,531,559,287,324,28,37,1036
cr1_1801p_00001.cbf,531,559,287,324,28,37,1036
cr1_1801p_00002.cbf,531,559,288,325,28,37,1036
cr1_1801p_00003.cbf,531,558,287,325,27,38,1026
cr1_1801p_00004.cbf,531,558,286,324,27,38,1026
cr1_1801p_00005.cbf,531,558,286,323,27,37,999
cr1_1801p_00006.cbf,531,558,286,323,27,37,999
cr1_1801p_00007.cbf,531,558,286,324,27,38,1026
cr1_1801p_00008.cbf,531,559,287,324,28,37,1036
cr1_1802p_00001.cbf,531,559,287,325,28,38,1064
cr1_1802p_00002.cbf,531,559,288,325,28,37,1036
cr1_1802p_00003.cbf,531,558,287,325,27,38,1026
cr1_1802p_00004.cbf,531,558,286,324,27,38,1026
cr1_1802p_00005.cbf,531,558,286,324,27,38,1026
cr1_1802p_00006.cbf,531,558,286,324,27,38,1026
cr1_1802p_00007.cbf,531,558,286,324,27,38,1026
cr1_1802p_00008.cbf,531,559,287,324,28,37,1036
cr1_1803p_00001.cbf,531,559,287,325,28,38,1064
cr1_1803p_00002.cbf,531,559,287,325,28,38,1064
cr1_1803p_00003.cbf,531,558,287,325,27,38,1026
cr1_1803p_00004.cbf,531,558,286,324,27,38,1026
cr1_1803p_00005.cbf,531,558,286,323,27,37,999
cr1_1803p_00006.cbf,531,558,286,323,27,37,999
cr1_1803p_00007.cbf,531,559,286,324,28,38,1064
cr1_1803p_00008.cbf,531,559,287,324,28,37,1036
cr1_1804p_00001.cbf,531,559,287,325,28,38,1064
cr1_1804p_00002.cbf,531,559,287,325,28,38,1064
cr1_1804p_00003.cbf,531,558,287,325,27,38,1026
cr1_1804p_00004.cbf,530,558,287,324,28,37,1036
cr1_1804p_00005.cbf,531,558,285,323,27,38,1026
cr1_1804p_00006.cbf,531,558,286,323,27,37,999
cr1_1804p_00007.cbf,531,559,286,324,28,38,1064
cr1_1804p_00008.cbf,531,559,287,324,28,37,1036
cr1_1805p_00001.cbf,531,559,287,324,28,37,1036
cr1_1805p_00002.cbf,531,559,288,325,28,37,1036
cr1_1805p_00003.cbf,531,558,287,325,27,38,1026
cr1_1805p_00004.cbf,531,558,286,324,27,38,1026
cr1_1805p_00005.cbf,531,558,286,323,27,37,999
cr1_1805p_00006.cbf,531,558,286,323,27,37,999
cr1_1805p_00007.cbf,531,558,287,324,27,37,999
cr1_1805p_00008.cbf,531,559,287,324,28,37,1036
cr1_1806p_00001.cbf,531,559,287,325,28,38,1064
cr1_1806p_00002.cbf,531,559,288,325,28,37,1036
cr1_1806p_00003.cbf,531,558,287,325,27,38,1026
cr1_1806p_00004.cbf,531,558,286,324,27,38,1026
cr1_1806p_00005.cbf,531,558,286,323,27,37,999
cr1_1806p_00006.cbf,531,558,286,323,27,37,999
cr1_1806p_00007.cbf,531,559,286,324,28,38,1064
cr1_1806p_00008.cbf,531,559,287,324,28,37,1036
cr1_1807p_00001.cbf,531,559,287,325,28,38,1064
cr1_1807p_00002.cbf,531,559,288,325,28,37,1036
cr1_1807p_00003.cbf,531,558,288,325,27,37,999
cr1_1807p_00004.cbf,531,558,287,324,27,37,999
cr1_1807p_00005.cbf,531,558,286,323,27,37,999
cr1_1807p_00006.cbf,531,558,286,323,27,37,999
cr1_1807p_00007.cbf,531,559,286,324,28,38,1064
cr1_1807p_00008.cbf,531,559,287,324,28,37,1036
cr1_1808p_00001.cbf,531,559,287,325,28,38,1064
cr1_1808p_00002.cbf,531,559,288,325,28,37,1036
cr1_1808p_00003.cbf,531,558,287,325,27,38,1026
cr1_1808p_00004.cbf,531,558,286,324,27,38,1026
cr1_1808p_00005.cbf,531,558,286,324,27,38,1026
cr1_1808p_00006.cbf,531,558,286,323,27,37,999
cr1_1808p_00007.cbf,531,558,286,324,27,38,1026
cr1_1808p_00008.cbf,531,559,287,324,28,37,1036
cr1_1809p_00001.cbf,531,559,287,325,28,38,1064
cr1_1809p_00002.cbf,531,559,288,325,28,37,1036
cr1_1809p_00003.cbf,531,558,287,325,27,38,1026
cr1_1809p_00004.cbf,531,558,286,323,27,37,999
cr1_1809p_00005.cbf,531,558,286,323,27,37,999
cr1_1809p_00006.cbf,531,558,286,323,27,37,999
cr1_1809p_00007.cbf,531,558,287,324,27,37,999
cr1_1809p_00008.cbf,531,559,287,324,28,37,1036
cr1_1810p_00001.cbf,530,559,287,325,29,38,1102
cr1_1810p_00002.cbf,531,559,288,325,28,37,1036
cr1_1810p_00003.cbf,530,558,287,324,28,37,1036
cr1_1810p_00004.cbf,531,558,286,323,27,37,999
cr1_1810p_00005.cbf,531,558,286,323,27,37,999
cr1_1810p_00006.cbf,531,558,287,324,27,37,999
cr1_1810p_00007.cbf,531,558,284,324,27,40,1080
cr1_1810p_00008.cbf,531,559,284,323,28,39,1092
cr1_1811p_00001.cbf,531,559,285,324,28,39,1092
cr1_1811p_00002.cbf,531,559,286,324,28,38,1064
cr1_1811p_00003.cbf,531,559,287,324,28,37,1036
cr1_1811p_00004.cbf,531,558,286,324,27,38,1026
cr1_1811p_00005.cbf,531,558,284,325,27,41,1107
cr1_1811p_00006.cbf,531,559,282,323,28,41,1148
cr1_1811p_00007.cbf,531,559,281,323,28,42,1176
cr1_1811p_00008.cbf,531,559,281,323,28,42,1176
cr1_1812p_00001.cbf,531,559,283,324,28,41,1148
cr1_1812p_00002.cbf,531,559,284,324,28,40,1120
cr1_1812p_00003.cbf,531,558,285,324,27,39,1053
cr1_1812p_00004.cbf,531,558,286,325,27,39,1053
cr1_1812p_00005.cbf,530,560,284,323,30,39,1170
cr1_1812p_00006.cbf,531,559,282,323,28,41,1148
cr1_1812p_00007.cbf,531,558,282,323,27,41,1107
cr1_1812p_00008.cbf,531,559,282,323,28,41,1148
cr1_1813p_00001.cbf,531,559,283,323,28,40,1120
cr1_1813p_00002.cbf,531,559,284,323,28,39,1092
cr1_1813p_00003.cbf,531,558,285,324,27,39,1053
cr1_1813p_00004.cbf,530,558,285,325,28,40,1120
cr1_1813p_00005.cbf,531,559,284,323,28,39,1092
cr1_1813p_00006.cbf,530,559,283,323,29,40,1160
cr1_1813p_00007.cbf,531,559,282,322,28,40,1120
cr1_1813p_00008.cbf,531,559,283,323,28,40,1120
cr1_1814p_00001.cbf,531,559,284,324,28,40,1120
cr1_1814p_00002.cbf,531,559,285,324,28,39,1092
cr1_1814p_00003.cbf,531,558,285,323,27,38,1026
cr1_1814p_00004.cbf,531,558,285,323,27,38,1026
cr1_1814p_00005.cbf,530,559,284,322,29,38,1102
cr1_1814p_00006.cbf,531,559,282,323,28,41,1148
cr1_1814p_00007.cbf,531,558,282,323,27,41,1107
cr1_1814p_00008.cbf,531,559,282,323,28,41,1148
cr1_1815p_00001.cbf,531,559,283,323,28,40,1120
cr1_1815p_00002.cbf,531,559,284,323,28,39,1092
cr1_1815p_00003.cbf,531,558,285,324,27,39,1053
cr1_1815p_00004.cbf,531,558,285,323,27,38,1026
cr1_1815p_00005.cbf,531,558,283,323,27,40,1080
cr1_1815p_00006.cbf,531,558,284,323,27,39,1053
cr1_1815p_00007.cbf,531,558,283,323,27,40,1080
cr1_1815p_00008.cbf,531,559,284,323,28,39,1092
cr1_1816p_00001.cbf,531,559,285,323,28,38,1064
cr1_1816p_00002.cbf,531,559,285,324,28,39,1092
cr1_1816p_00003.cbf,531,558,286,324,27,38,1026
cr1_1816p_00004.cbf,531,558,285,324,27,39,1053
cr1_1816p_00005.cbf,530,558,284,324,28,40,1120
cr1_1816p_00006.cbf,531,558,281,322,27,41,1107
cr1_1816p_00007.cbf,530,558,281,323,28,42,1176
cr1_1816p_00008.cbf,531,559,281,323,28,42,1176
cr1_1817p_00001.cbf,531,559,283,324,28,41,1148
cr1_1817p_00002.cbf,531,559,284,324,28,40,1120
cr1_1817p_00003.cbf,531,558,285,324,27,39,1053
cr1_1817p_00004.cbf,531,558,285,324,27,39,1053
cr1_1817p_00005.cbf,531,558,283,323,27,40,1080
cr1_1817p_00006.cbf,531,558,284,323,27,39,1053
cr1_1817p_00007.cbf,531,558,285,324,27,39,1053
cr1_1817p_00008.cbf,531,559,285,324,28,39,1092
cr1_1818p_00001.cbf,531,559,286,325,28,39,1092
cr1_1818p_00002.cbf,531,559,287,325,28,38,1064
cr1_1818p_00003.cbf,531,558,287,325,27,38,1026
cr1_1818p_00004.cbf,531,558,286,324,27,38,1026
cr1_1818p_00005.cbf,531,558,284,323,27,39,1053
cr1_1818p_00006.cbf,531,558,285,324,27,39,1053
cr1_1818p_00007.cbf,531,558,286,324,27,38,1026
cr1_1818p_00008.cbf,531,559,286,324,28,38,1064
cr1_1819p_00001.cbf,531,559,287,325,28,38,1064
cr1_1819p_00002.cbf,531,559,287,325,28,38,1064
cr1_1819p_00003.cbf,531,558,288,325,27,37,999
cr1_1819p_00004.cbf,531,558,286,324,27,38,1026
cr1_1819p_00005.cbf,531,558,285,323,27,38,1026
cr1_1819p_00006.cbf,531,558,285,323,27,38,1026
cr1_1819p_00007.cbf,531,558,286,324,27,38,1026
cr1_1819p_00008.cbf,531,559,287,324,28,37,1036
cr1_1820p_00001.cbf,531,559,288,325,28,37,1036
cr1_1820p_00002.cbf,531,559,288,325,28,37,1036
cr1_1820p_00003.cbf,531,558,287,325,27,38,1026
cr1_1820p_00004.cbf,531,558,286,324,27,38,1026
cr1_1820p_00005.cbf,531,558,286,323,27,37,999
cr1_1820p_00006.cbf,531,558,286,323,27,37,999
cr1_1820p_00007.cbf,531,558,287,324,27,37,999
cr1_1820p_00008.cbf,531,559,287,324,28,37,1036
cr1_1821p_00001.cbf,531,559,288,325,28,37,1036
cr1_1821p_00002.cbf,531,559,288,325,28,37,1036
cr1_1821p_00003.cbf,531,558,287,324,27,37,999
cr1_1821p_00004.cbf,531,558,286,323,27,37,999
cr1_1821p_00005.cbf,531,558,284,322,27,38,1026
cr1_1821p_00006.cbf,531,558,286,323,27,37,999
cr1_1821p_00007.cbf,531,558,286,324,27,38,1026
cr1_1821p_00008.cbf,531,558,287,324,27,37,999
cr1_1822p_00001.cbf,531,559,288,325,28,37,1036
cr1_1822p_00002.cbf,531,559,288,325,28,37,1036
cr1_1822p_00003.cbf,531,558,287,325,27,38,1026
cr1_1822p_00004.cbf,531,558,286,324,27,38,1026
cr1_1822p_00005.cbf,531,558,286,324,27,38,1026
cr1_1822p_00006.cbf,531,558,286,324,27,38,1026
cr1_1822p_00007.cbf,531,558,287,324,27,37,999
cr1_1822p_00008.cbf,531,559,287,325,28,38,1064
cr1_1823p_00001.cbf,531,559,288,325,28,37,1036
cr1_1823p_00002.cbf,531,559,288,325,28,37,1036
cr1_1823p_00003.cbf,531,558,288,325,27,37,999
cr1_1823p_00004.cbf,531,558,286,324,27,38,1026
cr1_1823p_00005.cbf,531,558,285,323,27,38,1026
cr1_1823p_00006.cbf,531,558,286,324,27,38,1026
cr1_1823p_00007.cbf,531,558,287,324,27,37,999
cr1_1823p_00008.cbf,531,558,287,325,27,38,1026
cr1_1824p_00001.cbf,531,559,288,325,28,37,1036
cr1_1824p_00002.cbf,531,559,288,325,28,37,1036
cr1_1824p_00003.cbf,531,558,287,325,27,38,1026
cr1_1824p_00004.cbf,531,558,287,324,27,37,999
cr1_1824p_00005.cbf,531,558,286,324,27,38,1026
cr1_1824p_00006.cbf,531,558,286,324,27,38,1026
cr1_1824p_00007.cbf,531,558,287,324,27,37,999
cr1_1824p_00008.cbf,531,559,287,325,28,38,1064
cr1_1825p_00001.cbf,531,559,288,325,28,37,1036
cr1_1825p_00002.cbf,531,559,288,325,28,37,1036
cr1_1825p_00003.cbf,531,558,287,325,27,38,1026
cr1_1825p_00004.cbf,531,558,287,324,27,37,999
cr1_1825p_00005.cbf,531,558,286,324,27,38,1026
cr1_1825p_00006.cbf,531,558,287,324,27,37,999
cr1_1825p_00007.cbf,531,558,287,324,27,37,999
cr1_1825p_00008.cbf,531,559,287,325,28,38,1064
cr1_1826p_00001.cbf,531,559,287,325,28,38,1064
cr1_1826p_00002.cbf,531,559,288,325,28,37,1036
cr1_1826p_00003.cbf,531,558,288,325,27,37,999
cr1_1826p_00004.cbf,531,558,287,324,27,37,999
cr1_1826p_00005.cbf,531,558,286,324,27,38,1026
cr1_1826p_00006.cbf,531,558,285,324,27,39,1053
cr1_1826p_00007.cbf,531,558,285,324,27,39,1053
cr1_1826p_00008.cbf,531,559,286,324,28,38,1064
cr1_1827p_00001.cbf,531,559,287,325,28,38,1064
cr1_1827p_00002.cbf,531,559,287,325,28,38,1064
cr1_1827p_00003.cbf,531,558,287,325,27,38,1026
cr1_1827p_00004.cbf,531,558,286,324,27,38,1026
cr1_1827p_00005.cbf,530,558,285,323,28,38,1064
cr1_1827p_00006.cbf,531,558,286,323,27,37,999
cr1_1827p_00007.cbf,531,558,287,324,27,37,999
cr1_1827p_00008.cbf,531,559,287,324,28,37,1036
cr1_1828p_00001.cbf,531,559,288,325,28,37,1036
cr1_1828p_00002.cbf,531,559,288,325,28,37,1036
cr1_1828p_00003.cbf,531,558,288,325,27,37,999
cr1_1828p_00004.cbf,531,558,286,324,27,38,1026
cr1_1828p_00005.cbf,531,558,284,322,27,38,1026
cr1_1828p_00006.cbf,531,558,285,323,27,38,1026
cr1_1828p_00007.cbf,531,558,286,324,27,38,1026
cr1_1828p_00008.cbf,531,559,287,325,28,38,1064
cr1_1829p_00001.cbf,531,558,288,325,27,37,999
cr1_1829p_00002.cbf,531,558,288,325,27,37,999
cr1_1829p_00003.cbf,531,558,288,325,27,37,999
cr1_1829p_00004.cbf,531,558,286,324,27,38,1026
cr1_1829p_00005.cbf,531,558,285,324,27,39,1053
cr1_1829p_00006.cbf,531,558,286,323,27,37,999
cr1_1829p_00007.cbf,531,558,287,324,27,37,999
cr1_1829p_00008.cbf,531,558,288,325,27,37,999
cr1_1830p_00001.cbf,531,559,288,325,28,37,1036
cr1_1830p_00002.cbf,531,558,288,325,27,37,999
cr1_1830p_00003.cbf,531,558,288,325,27,37,999
cr1_1830p_00004.cbf,531,558,286,324,27,38,1026
cr1_1830p_00005.cbf,531,558,285,323,27,38,1026
cr1_1830p_00006.cbf,531,558,285,323,27,38,1026
cr1_1830p_00007.cbf,531,558,286,324,27,38,1026
cr1_1830p_00008.cbf,531,559,287,325,28,38,1064
cr1_1831p_00001.cbf,531,559,288,325,28,37,1036
cr1_1831p_00002.cbf,531,559,288,325,28,37,1036
cr1_1831p_00003.cbf,531,558,287,325,27,38,1026
cr1_1831p_00004.cbf,531,558,285,324,27,39,1053
cr1_1831p_00005.cbf,531,558,285,324,27,39,1053
cr1_1831p_00006.cbf,531,558,285,324,27,39,1053
cr1_1831p_00007.cbf,530,558,286,324,28,38,1064
cr1_1831p_00008.cbf,531,559,287,325,28,38,1064
cr1_1832p_00001.cbf,531,559,287,325,28,38,1064
cr1_1832p_00002.cbf,531,559,288,325,28,37,1036
cr1_1832p_00003.cbf,530,558,287,325,28,38,1064
cr1_1832p_00004.cbf,531,558,286,324,27,38,1026
cr1_1832p_00005.cbf,530,558,285,323,28,38,1064
cr1_1832p_00006.cbf,531,558,285,323,27,38,1026
cr1_1832p_00007.cbf,530,558,286,324,28,38,1064
cr1_1832p_00008.cbf,531,559,287,325,28,38,1064
cr1_1833p_00001.cbf,531,559,288,325,28,37,1036
cr1_1833p_00002.cbf,531,559,288,325,28,37,1036
cr1_1833p_00003.cbf,531,558,287,325,27,38,1026
cr1_1833p_00004.cbf,531,558,286,324,27,38,1026
cr1_1833p_00005.cbf,531,558,285,324,27,39,1053
cr1_1833p_00006.cbf,531,558,285,324,27,39,1053
cr1_1833p_00007.cbf,530,558,286,324,28,38,1064
cr1_1833p_00008.cbf,531,559,287,325,28,38,1064
cr1_1834p_00001.cbf,531,559,288,325,28,37,1036
cr1_1834p_00002.cbf,531,559,287,325,28,38,1064
cr1_1834p_00003.cbf,531,558,287,325,27,38,1026
cr1_1834p_00004.cbf,530,558,286,324,28,38,1064
cr1_1834p_00005.cbf,531,558,285,323,27,38,1026
cr1_1834p_00006.cbf,531,558,285,323,27,38,1026
cr1_1834p_00007.cbf,531,558,286,324,27,38,1026
cr1_1834p_00008.cbf,531,559,287,325,28,38,1064
cr1_1835p_00001.cbf,531,559,287,325,28,38,1064
cr1_1835p_00002.cbf,531,559,287,325,28,38,1064
cr1_1835p_00003.cbf,530,558,287,325,28,38,1064
cr1_1835p_00004.cbf,531,558,286,324,27,38,1026
cr1_1835p_00005.cbf,531,558,285,323,27,38,1026
cr1_1835p_00006.cbf,531,558,285,323,27,38,1026
cr1_1835p_00007.cbf,531,558,286,324,27,38,1026
cr1_1835p_00008.cbf,531,559,287,325,28,38,1064
cr1_1836p_00001.cbf,531,559,288,325,28,37,1036
cr1_1836p_00002.cbf,531,559,287,325,28,38,1064
cr1_1836p_00003.cbf,531,558,287,325,27,38,1026
cr1_1836p_00004.cbf,531,558,285,324,27,39,1053
cr1_1836p_00005.cbf,531,558,285,323,27,38,1026
cr1_1836p_00006.cbf,530,558,285,324,28,39,1092
cr1_1836p_00007.cbf,531,558,286,324,27,38,1026
cr1_1836p_00008.cbf,531,559,287,325,28,38,1064
cr1_1837p_00001.cbf,531,559,287,325,28,38,1064
cr1_1837p_00002.cbf,531,558,287,325,27,38,1026
cr1_1837p_00003.cbf,530,558,287,325,28,38,1064
cr1_1837p_00004.cbf,530,558,286,324,28,38,1064
cr1_1837p_00005.cbf,531,558,285,324,27,39,1053
cr1_1837p_00006.cbf,531,558,285,323,27,38,1026
cr1_1837p_00007.cbf,531,558,285,324,27,39,1053
cr1_1837p_00008.cbf,531,559,287,325,28,38,1064
cr1_1838p_00001.cbf,531,559,288,325,28,37,1036
cr1_1838p_00002.cbf,531,559,288,325,28,37,1036
cr1_1838p_00003.cbf,531,558,287,325,27,38,1026
cr1_1838p_00004.cbf,531,558,285,324,27,39,1053
cr1_1838p_00005.cbf,531,558,284,322,27,38,1026
cr1_1838p_00006.cbf,531,558,285,323,27,38,1026
cr1_1838p_00007.cbf,531,558,286,324,27,38,1026
cr1_1838p_00008.cbf,531,559,287,325,28,38,1064
cr1_1839p_00001.cbf,531,559,287,325,28,38,1064
cr1_1839p_00002.cbf,531,559,287,325,28,38,1064
cr1_1839p_00003.cbf,531,558,287,325,27,38,1026
cr1_1839p_00004.cbf,531,558,286,324,27,38,1026
cr1_1839p_00005.cbf,531,558,285,323,27,38,1026
cr1_1839p_00006.cbf,531,558,285,324,27,39,1053
cr1_1839p_00007.cbf,531,558,286,324,27,38,1026
cr1_1839p_00008.cbf,531,559,286,325,28,39,1092
cr1_1840p_00001.cbf,531,559,287,325,28,38,1064
cr1_1840p_00002.cbf,531,559,287,325,28,38,1064
cr1_1840p_00003.cbf,531,558,287,325,27,38,1026
cr1_1840p_00004.cbf,531,558,286,324,27,38,1026
cr1_1840p_00005.cbf,531,559,283,323,28,40,1120
cr1_1840p_00006.cbf,531,559,283,322,28,39,1092
cr1_1840p_00007.cbf,531,558,283,323,27,40,1080
cr1_1840p_00008.cbf,531,559,284,324,28,40,1120
cr1_1841p_00001.cbf,531,559,285,325,28,40,1120
cr1_1841p_00002.cbf,531,559,286,325,28,39,1092
cr1_1841p_00003.cbf,530,558,286,325,28,39,1092
cr1_1841p_00004.cbf,531,558,286,325,27,39,1053
cr1_1841p_00005.cbf,531,559,284,324,28,40,1120
cr1_1841p_00006.cbf,531,558,283,324,27,41,1107
cr1_1841p_00007.cbf,531,559,284,324,28,40,1120
cr1_1841p_00008.cbf,530,559,285,325,29,40,1160
cr1_1842p_00001.cbf,531,559,286,325,28,39,1092
cr1_1842p_00002.cbf,531,559,286,325,28,39,1092
cr1_1842p_00003.cbf,531,558,286,325,27,39,1053
cr1_1842p_00004.cbf,531,558,285,324,27,39,1053
cr1_1842p_00005.cbf,531,558,285,324,27,39,1053
cr1_1842p_00006.cbf,531,558,285,324,27,39,1053
cr1_1842p_00007.cbf,531,558,286,324,27,38,1026
cr1_1842p_00008.cbf,531,559,286,325,28,39,1092
cr1_1843p_00001.cbf,531,559,287,326,28,39,1092
cr1_1843p_00002.cbf,531,559,287,325,28,38,1064
cr1_1843p_00003.cbf,531,558,287,325,27,38,1026
cr1_1843p_00004.cbf,530,558,286,324,28,38,1064
cr1_1843p_00005.cbf,531,558,285,323,27,38,1026
cr1_1843p_00006.cbf,531,558,285,324,27,39,1053
cr1_1843p_00007.cbf,531,558,286,324,27,38,1026
cr1_1843p_00008.cbf,531,559,287,325,28,38,1064
cr1_1844p_00001.cbf,531,559,287,325,28,38,1064
cr1_1844p_00002.cbf,531,559,287,325,28,38,1064
cr1_1844p_00003.cbf,531,558,287,325,27,38,1026
cr1_1844p_00004.cbf,531,558,285,324,27,39,1053
cr1_1844p_00005.cbf,531,558,285,323,27,38,1026
cr1_1844p_00006.cbf,531,558,285,323,27,38,1026
cr1_1844p_00007.cbf,531,558,286,324,27,38,1026
cr1_1844p_00008.cbf,531,559,286,325,28,39,1092
cr1_1845p_00001.cbf,531,559,287,325,28,38,1064
cr1_1845p_00002.cbf,531,559,287,325,28,38,1064
cr1_1845p_00003.cbf,531,558,287,325,27,38,1026
cr1_1845p_00004.cbf,531,558,286,324,27,38,1026
cr1_1845p_00005.cbf,531,558,285,324,27,39,1053
cr1_1845p_00006.cbf,531,558,285,324,27,39,1053
cr1_1845p_00007.cbf,531,558,286,324,27,38,1026
cr1_1845p_00008.cbf,531,559,287,325,28,38,1064
cr1_1846p_00001.cbf,531,559,287,325,28,38,1064
cr1_1846p_00002.cbf,531,559,287,325,28,38,1064
cr1_1846p_00003.cbf,531,558,287,325,27,38,1026
cr1_1846p_00004.cbf,531,558,286,324,27,38,1026
cr1_1846p_00005.cbf,531,558,285,323,27,38,1026
cr1_1846p_00006.cbf,531,558,285,324,27,39,1053
cr1_1846p_00007.cbf,531,559,286,324,28,38,1064
cr1_1846p_00008.cbf,531,559,287,325,28,38,1064
cr1_1847p_00001.cbf,531,559,287,325,28,38,1064
cr1_1847p_00002.cbf,531,559,287,325,28,38,1064
cr1_1847p_00003.cbf,531,558,287,325,27,38,1026
cr1_1847p_00004.cbf,531,558,285,324,27,39,1053
cr1_1847p_00005.cbf,531,558,284,323,27,39,1053
cr1_1847p_00006.cbf,531,558,285,323,27,38,1026
cr1_1847p_00007.cbf,531,558,286,324,27,38,1026
cr1_1847p_00008.cbf,531,559,287,325,28,38,1064
cr1_1848p_00001.cbf,531,559,288,325,28,37,1036
cr1_1848p_00002.cbf,531,559,287,325,28,38,1064
cr1_1848p_00003.cbf,531,558,287,325,27,38,1026
cr1_1848p_00004.cbf,531,558,286,324,27,38,1026
cr1_1848p_00005.cbf,531,558,285,324,27,39,1053
cr1_1848p_00006.cbf,531,558,285,324,27,39,1053
cr1_1848p_00007.cbf,531,558,286,324,27,38,1026
cr1_1848p_00008.cbf,531,559,286,325,28,39,1092
cr1_1849p_00001.cbf,531,559,287,325,28,38,1064
cr1_1849p_00002.cbf,531,559,287,325,28,38,1064
cr1_1849p_00003.cbf,531,558,287,325,27,38,1026
cr1_1849p_00004.cbf,531,558,286,324,27,38,1026
cr1_1849p_00005.cbf,531,558,285,324,27,39,1053
cr1_1849p_00006.cbf,531,558,285,324,27,39,1053
cr1_1849p_00007.cbf,531,558,285,324,27,39,1053
cr1_1849p_00008.cbf,531,559,286,325,28,39,1092
cr1_1850p_00001.cbf,531,559,287,325,28,38,1064
cr1_1850p_00002.cbf,531,559,287,325,28,38,1064
cr1_1850p_00003.cbf,531,558,287,325,27,38,1026
cr1_1850p_00004.cbf,531,558,286,324,27,38,1026
cr1_1850p_00005.cbf,530,558,285,324,28,39,1092
cr1_1850p_00006.cbf,531,558,283,324,27,41,1107
cr1_1850p_00007.cbf,531,558,284,324,27,40,1080
cr1_1850p_00008.cbf,531,559,284,324,28,40,1120
cr1_1851p_00001.cbf,531,559,285,325,28,40,1120
cr1_1851p_00002.cbf,531,559,285,325,28,40,1120
cr1_1851p_00003.cbf,531,558,286,325,27,39,1053
cr1_1851p_00004.cbf,531,558,286,324,27,38,1026
cr1_1851p_00005.cbf,531,558,285,324,27,39,1053
cr1_1851p_00006.cbf,531,558,283,324,27,41,1107
cr1_1851p_00007.cbf,531,558,284,324,27,40,1080
cr1_1851p_00008.cbf,531,559,285,324,28,39,1092
cr1_1852p_00001.cbf,531,559,286,325,28,39,1092
cr1_1852p_00002.cbf,531,559,286,325,28,39,1092
cr1_1852p_00003.cbf,531,558,286,325,27,39,1053
cr1_1852p_00004.cbf,531,558,285,324,27,39,1053
cr1_1852p_00005.cbf,530,558,285,324,28,39,1092
cr1_1852p_00006.cbf,531,558,283,322,27,39,1053
cr1_1852p_00007.cbf,531,558,283,323,27,40,1080
cr1_1852p_00008.cbf,531,559,284,324,28,40,1120
cr1_1853p_00001.cbf,531,559,284,325,28,41,1148
cr1_1853p_00002.cbf,531,559,285,325,28,40,1120
cr1_1853p_00003.cbf,531,558,286,325,27,39,1053
cr1_1853p_00004.cbf,531,558,285,324,27,39,1053
cr1_1853p_00005.cbf,531,558,285,324,27,39,1053
cr1_1853p_00006.cbf,531,558,283,322,27,39,1053
cr1_1853p_00007.cbf,531,558,283,323,27,40,1080
cr1_1853p_00008.cbf,531,559,284,324,28,40,1120
cr1_1854p_00001.cbf,531,559,285,325,28,40,1120
cr1_1854p_00002.cbf,531,559,285,325,28,40,1120
cr1_1854p_00003.cbf,531,558,286,325,27,39,1053
cr1_1854p_00004.cbf,531,558,285,324,27,39,1053
cr1_1854p_00005.cbf,531,558,285,324,27,39,1053
cr1_1854p_00006.cbf,531,558,283,324,27,41,1107
cr1_1854p_00007.cbf,531,558,284,323,27,39,1053
cr1_1854p_00008.cbf,531,559,284,324,28,40,1120
cr1_1855p_00001.cbf,531,559,285,324,28,39,1092
cr1_1855p_00002.cbf,531,559,285,325,28,40,1120
cr1_1855p_00003.cbf,531,558,285,325,27,40,1080
cr1_1855p_00004.cbf,531,558,285,324,27,39,1053
cr1_1855p_00005.cbf,531,558,285,324,27,39,1053
cr1_1855p_00006.cbf,531,558,283,323,27,40,1080
cr1_1855p_00007.cbf,531,558,283,323,27,40,1080
cr1_1855p_00008.cbf,531,559,284,324,28,40,1120
cr1_1856p_00001.cbf,531,559,285,324,28,39,1092
cr1_1856p_00002.cbf,531,559,285,325,28,40,1120
cr1_1856p_00003.cbf,531,558,286,324,27,38,1026
cr1_1856p_00004.cbf,531,558,286,325,27,39,1053
cr1_1856p_00005.cbf,531,559,283,324,28,41,1148
cr1_1856p_00006.cbf,531,558,282,322,27,40,1080
cr1_1856p_00007.cbf,531,558,282,323,27,41,1107
cr1_1856p_00008.cbf,531,559,284,324,28,40,1120
cr1_1857p_00001.cbf,531,559,285,325,28,40,1120
cr1_1857p_00002.cbf,531,559,285,325,28,40,1120
cr1_1857p_00003.cbf,531,558,285,325,27,40,1080
cr1_1857p_00004.cbf,530,558,285,325,28,40,1120
cr1_1857p_00005.cbf,531,558,284,324,27,40,1080
cr1_1857p_00006.cbf,531,558,283,322,27,39,1053
cr1_1857p_00007.cbf,531,558,283,323,27,40,1080
cr1_1857p_00008.cbf,531,559,284,323,28,39,1092
cr1_1858p_00001.cbf,531,559,285,324,28,39,1092
cr1_1858p_00002.cbf,531,559,285,325,28,40,1120
cr1_1858p_00003.cbf,531,558,286,325,27,39,1053
cr1_1858p_00004.cbf,531,558,285,325,27,40,1080
cr1_1858p_00005.cbf,531,559,284,324,28,40,1120
cr1_1858p_00006.cbf,531,558,283,322,27,39,1053
cr1_1858p_00007.cbf,531,558,282,323,27,41,1107
cr1_1858p_00008.cbf,531,559,284,323,28,39,1092
cr1_1859p_00001.cbf,531,559,285,324,28,39,1092
cr1_1859p_00002.cbf,531,559,285,325,28,40,1120
cr1_1859p_00003.cbf,531,558,285,325,27,40,1080
cr1_1859p_00004.cbf,531,558,285,325,27,40,1080
cr1_1859p_00005.cbf,531,559,284,323,28,39,1092
cr1_1859p_00006.cbf,531,558,283,322,27,39,1053
cr1_1859p_00007.cbf,531,558,282,322,27,40,1080
cr1_1859p_00008.cbf,531,559,284,323,28,39,1092
cr1_1860p_00001.cbf,531,559,285,324,28,39,1092
cr1_1860p_00002.cbf,531,559,285,324,28,39,1092
cr1_1860p_00003.cbf,531,558,285,325,27,40,1080
cr1_1860p_00004.cbf,531,558,285,324,27,39,1053
cr1_1860p_00005.cbf,531,558,284,324,27,40,1080
cr1_1860p_00006.cbf,531,558,283,322,27,39,1053
cr1_1860p_00007.cbf,531,558,283,323,27,40,1080
cr1_1860p_00008.cbf,532,559,284,324,27,40,1080
cr1_1861p_00001.cbf,531,559,285,325,28,40,1120
cr1_1861p_00002.cbf,531,559,285,325,28,40,1120
cr1_1861p_00003.cbf,531,558,285,325,27,40,1080
cr1_1861p_00004.cbf,531,558,284,324,27,40,1080
cr1_1861p_00005.cbf,531,558,283,324,27,41,1107
cr1_1861p_00006.cbf,531,558,282,322,27,40,1080
cr1_1861p_00007.cbf,531,558,282,323,27,41,1107
cr1_1861p_00008.cbf,531,558,284,323,27,39,1053
cr1_1862p_00001.cbf,532,559,284,324,27,40,1080
cr1_1862p_00002.cbf,531,559,285,325,28,40,1120
cr1_1862p_00003.cbf,531,558,285,325,27,40,1080
cr1_1862p_00004.cbf,531,558,284,324,27,40,1080
cr1_1862p_00005.cbf,530,557,283,324,27,41,1107
cr1_1862p_00006.cbf,531,558,283,323,27,40,1080
cr1_1862p_00007.cbf,531,558,284,324,27,40,1080
cr1_1862p_00008.cbf,531,559,285,324,28,39,1092
cr1_1863p_00001.cbf,531,559,285,325,28,40,1120
cr1_1863p_00002.cbf,532,559,285,325,27,40,1080
cr1_1863p_00003.cbf,531,558,285,325,27,40,1080
cr1_1863p_00004.cbf,531,558,284,324,27,40,1080
cr1_1863p_00005.cbf,531,557,284,324,26,40,1040
cr1_1863p_00006.cbf,531,558,283,323,27,40,1080
cr1_1863p_00007.cbf,531,559,283,323,28,40,1120
cr1_1863p_00008.cbf,531,559,284,324,28,40,1120
cr1_1864p_00001.cbf,531,559,285,325,28,40,1120
cr1_1864p_00002.cbf,531,559,286,325,28,39,1092
cr1_1864p_00003.cbf,531,558,285,325,27,40,1080
cr1_1864p_00004.cbf,531,558,284,324,27,40,1080
cr1_1864p_00005.cbf,531,558,283,324,27,41,1107
cr1_1864p_00006.cbf,531,558,282,323,27,41,1107
cr1_1864p_00007.cbf,531,558,283,323,27,40,1080
cr1_1864p_00008.cbf,531,559,283,323,28,40,1120
cr1_1865p_00001.cbf,531,559,284,324,28,40,1120
cr1_1865p_00002.cbf,531,559,285,324,28,39,1092
cr1_1865p_00003.cbf,531,558,285,324,27,39,1053
cr1_1865p_00004.cbf,531,558,284,324,27,40,1080
cr1_1865p_00005.cbf,531,558,283,324,27,41,1107
cr1_1865p_00006.cbf,531,558,282,322,27,40,1080
cr1_1865p_00007.cbf,531,558,282,323,27,41,1107
cr1_1865p_00008.cbf,531,559,284,324,28,40,1120
cr1_1866p_00001.cbf,531,559,285,325,28,40,1120
cr1_1866p_00002.cbf,531,559,285,325,28,40,1120
cr1_1866p_00003.cbf,531,558,285,325,27,40,1080
cr1_1866p_00004.cbf,530,558,283,324,28,41,1148
cr1_1866p_00005.cbf,531,558,283,324,27,41,1107
cr1_1866p_00006.cbf,531,558,282,323,27,41,1107
cr1_1866p_00007.cbf,531,559,283,323,28,40,1120
cr1_1866p_00008.cbf,531,559,285,324,28,39,1092
cr1_1867p_00001.cbf,531,559,285,324,28,39,1092
cr1_1867p_00002.cbf,531,559,286,324,28,38,1064
cr1_1867p_00003.cbf,531,558,285,324,27,39,1053
cr1_1867p_00004.cbf,530,558,284,324,28,40,1120
cr1_1867p_00005.cbf,531,558,283,324,27,41,1107
cr1_1867p_00006.cbf,531,558,282,323,27,41,1107
cr1_1867p_00007.cbf,531,558,283,323,27,40,1080
cr1_1867p_00008.cbf,531,559,284,324,28,40,1120
cr1_1868p_00001.cbf,530,559,285,324,29,39,1131
cr1_1868p_00002.cbf,531,559,285,324,28,39,1092
cr1_1868p_00003.cbf,531,558,285,324,27,39,1053
cr1_1868p_00004.cbf,531,558,283,324,27,41,1107
cr1_1868p_00005.cbf,531,558,282,322,27,40,1080
cr1_1868p_00006.cbf,531,558,282,321,27,39,1053
cr1_1868p_00007.cbf,531,558,283,322,27,39,1053
cr1_1868p_00008.cbf,531,559,284,324,28,40,1120
cr1_1869p_00001.cbf,531,559,285,324,28,39,1092
cr1_1869p_00002.cbf,531,559,286,325,28,39,1092
cr1_1869p_00003.cbf,531,558,285,324,27,39,1053
cr1_1869p_00004.cbf,530,558,284,324,28,40,1120
cr1_1869p_00005.cbf,531,558,282,322,27,40,1080
cr1_1869p_00006.cbf,531,558,282,323,27,41,1107
cr1_1869p_00007.cbf,531,558,284,324,27,40,1080
cr1_1869p_00008.cbf,531,559,285,324,28,39,1092
cr1_1870p_00001.cbf,531,559,286,325,28,39,1092
cr1_1870p_00002.cbf,531,559,286,325,28,39,1092
cr1_1870p_00003.cbf,531,558,285,325,27,40,1080
cr1_1870p_00004.cbf,531,558,284,324,27,40,1080
cr1_1870p_00005.cbf,531,558,282,323,27,41,1107
cr1_1870p_00006.cbf,531,558,283,323,27,40,1080
cr1_1870p_00007.cbf,531,558,284,325,27,41,1107
cr1_1870p_00008.cbf,531,559,285,325,28,40,1120
cr1_1871p_00001.cbf,530,559,286,325,29,39,1131
cr1_1871p_00002.cbf,531,559,286,325,28,39,1092
cr1_1871p_00003.cbf,531,558,285,325,27,40,1080
cr1_1871p_00004.cbf,531,558,284,324,27,40,1080
cr1_1871p_00005.cbf,531,558,283,324,27,41,1107
cr1_1871p_00006.cbf,531,558,283,324,27,41,1107
cr1_1871p_00007.cbf,531,558,285,325,27,40,1080
cr1_1871p_00008.cbf,531,559,286,325,28,39,1092
cr1_1872p_00001.cbf,531,559,286,325,28,39,1092
cr1_1872p_00002.cbf,531,559,286,325,28,39,1092
cr1_1872p_00003.cbf,531,558,286,325,27,39,1053
cr1_1872p_00004.cbf,531,558,284,325,27,41,1107
cr1_1872p_00005.cbf,531,558,283,324,27,41,1107
cr1_1872p_00006.cbf,531,558,284,324,27,40,1080
cr1_1872p_00007.cbf,531,558,285,325,27,40,1080
cr1_1872p_00008.cbf,531,558,286,325,27,39,1053
cr1_1873p_00001.cbf,531,559,287,326,28,39,1092
cr1_1873p_00002.cbf,531,559,286,326,28,40,1120
cr1_1873p_00003.cbf,531,558,286,325,27,39,1053
cr1_1873p_00004.cbf,531,558,284,324,27,40,1080
cr1_1873p_00005.cbf,531,558,283,324,27,41,1107
cr1_1873p_00006.cbf,531,558,284,324,27,40,1080
cr1_1873p_00007.cbf,530,558,285,325,28,40,1120
cr1_1873p_00008.cbf,531,559,286,325,28,39,1092
cr1_1874p_00001.cbf,531,559,286,326,28,40,1120
cr1_1874p_00002.cbf,531,559,286,326,28,40,1120
cr1_1874p_00003.cbf,530,558,286,325,28,39,1092
cr1_1874p_00004.cbf,530,558,284,324,28,40,1120
cr1_1874p_00005.cbf,531,558,283,324,27,41,1107
cr1_1874p_00006.cbf,531,558,284,324,27,40,1080
cr1_1874p_00007.cbf,531,558,284,324,27,40,1080
cr1_1874p_00008.cbf,531,559,286,325,28,39,1092
cr1_1875p_00001.cbf,531,559,286,326,28,40,1120
cr1_1875p_00002.cbf,531,559,286,325,28,39,1092
cr1_1875p_00003.cbf,531,558,285,325,27,40,1080
cr1_1875p_00004.cbf,531,558,284,324,27,40,1080
cr1_1875p_00005.cbf,531,558,283,324,27,41,1107
cr1_1875p_00006.cbf,531,558,283,324,27,41,1107
cr1_1875p_00007.cbf,531,558,285,325,27,40,1080
cr1_1875p_00008.cbf,531,559,286,325,28,39,1092
cr1_1876p_00001.cbf,531,559,286,326,28,40,1120
cr1_1876p_00002.cbf,531,559,286,326,28,40,1120
cr1_1876p_00003.cbf,531,558,286,326,27,40,1080
cr1_1876p_00004.cbf,531,558,284,325,27,41,1107
cr1_1876p_00005.cbf,531,558,283,324,27,41,1107
cr1_1876p_00006.cbf,531,558,283,324,27,41,1107
cr1_1876p_00007.cbf,531,558,284,325,27,41,1107
cr1_1876p_00008.cbf,531,558,286,325,27,39,1053
cr1_1877p_00001.cbf,531,559,286,326,28,40,1120
cr1_1877p_00002.cbf,531,559,286,326,28,40,1120
cr1_1877p_00003.cbf,531,558,286,326,27,40,1080
cr1_1877p_00004.cbf,531,558,284,325,27,41,1107
cr1_1877p_00005.cbf,530,558,282,323,28,41,1148
cr1_1877p_00006.cbf,531,558,283,324,27,41,1107
cr1_1877p_00007.cbf,531,558,284,325,27,41,1107
cr1_1877p_00008.cbf,531,558,286,325,27,39,1053
cr1_1878p_00001.cbf,531,559,286,326,28,40,1120
cr1_1878p_00002.cbf,531,558,286,326,27,40,1080
cr1_1878p_00003.cbf,531,558,286,325,27,39,1053
cr1_1878p_00004.cbf,531,558,284,324,27,40,1080
cr1_1878p_00005.cbf,531,558,283,324,27,41,1107
cr1_1878p_00006.cbf,531,558,284,324,27,40,1080
cr1_1878p_00007.cbf,531,558,285,325,27,40,1080
cr1_1878p_00008.cbf,531,559,286,325,28,39,1092
cr1_1879p_00001.cbf,531,559,286,326,28,40,1120
cr1_1879p_00002.cbf,531,558,286,326,27,40,1080
cr1_1879p_00003.cbf,530,558,286,325,28,39,1092
cr1_1879p_00004.cbf,531,558,284,325,27,41,1107
cr1_1879p_00005.cbf,531,558,283,323,27,40,1080
cr1_1879p_00006.cbf,531,558,283,324,27,41,1107
cr1_1879p_00007.cbf,530,558,285,325,28,40,1120
cr1_1879p_00008.cbf,531,559,286,325,28,39,1092
cr1_1880p_00001.cbf,531,559,286,326,28,40,1120
cr1_1880p_00002.cbf,531,559,286,326,28,40,1120
cr1_1880p_00003.cbf,531,558,286,325,27,39,1053
cr1_1880p_00004.cbf,531,558,285,325,27,40,1080
cr1_1880p_00005.cbf,531,558,283,324,27,41,1107
cr1_1880p_00006.cbf,531,558,283,324,27,41,1107
cr1_1880p_00007.cbf,531,558,285,325,27,40,1080
cr1_1880p_00008.cbf,531,558,286,325,27,39,1053
cr1_1881p_00001.cbf,531,559,286,326,28,40,1120
cr1_1881p_00002.cbf,531,558,286,326,27,40,1080
cr1_1881p_00003.cbf,531,558,286,325,27,39,1053
cr1_1881p_00004.cbf,531,558,284,325,27,41,1107
cr1_1881p_00005.cbf,531,558,283,324,27,41,1107
cr1_1881p_00006.cbf,531,558,284,325,27,41,1107
cr1_1881p_00007.cbf,531,558,285,325,27,40,1080
cr1_1881p_00008.cbf,531,558,286,326,27,40,1080
cr1_1882p_00001.cbf,531,559,287,326,28,39,1092
cr1_1882p_00002.cbf,531,558,286,326,27,40,1080
cr1_1882p_00003.cbf,531,558,286,325,27,39,1053
cr1_1882p_00004.cbf,531,558,285,325,27,40,1080
cr1_1882p_00005.cbf,531,558,284,325,27,41,1107
cr1_1882p_00006.cbf,531,558,284,324,27,40,1080
cr1_1882p_00007.cbf,531,558,285,325,27,40,1080
cr1_1882p_00008.cbf,531,559,286,325,28,39,1092
cr1_1883p_00001.cbf,531,559,286,325,28,39,1092
cr1_1883p_00002.cbf,531,559,286,325,28,39,1092
cr1_1883p_00003.cbf,531,558,286,325,27,39,1053
cr1_1883p_00004.cbf,531,558,284,324,27,40,1080
cr1_1883p_00005.cbf,531,558,283,324,27,41,1107
cr1_1883p_00006.cbf,531,558,284,325,27,41,1107
cr1_1883p_00007.cbf,531,559,285,325,28,40,1120
cr1_1883p_00008.cbf,531,559,286,325,28,39,1092
cr1_1884p_00001.cbf,531,559,286,325,28,39,1092
cr1_1884p_00002.cbf,531,559,287,325,28,38,1064
cr1_1884p_00003.cbf,531,558,286,325,27,39,1053
cr1_1884p_00004.cbf,531,558,284,324,27,40,1080
cr1_1884p_00005.cbf,530,558,283,324,28,41,1148
cr1_1884p_00006.cbf,531,558,284,324,27,40,1080
cr1_1884p_00007.cbf,531,559,285,325,28,40,1120
cr1_1884p_00008.cbf,531,559,286,325,28,39,1092
cr1_1885p_00001.cbf,531,559,286,325,28,39,1092
cr1_1885p_00002.cbf,531,559,287,325,28,38,1064
cr1_1885p_00003.cbf,531,558,286,325,27,39,1053
cr1_1885p_00004.cbf,531,558,284,324,27,40,1080
cr1_1885p_00005.cbf,531,559,283,324,28,41,1148
cr1_1885p_00006.cbf,531,558,284,324,27,40,1080
cr1_1885p_00007.cbf,531,559,284,325,28,41,1148
cr1_1885p_00008.cbf,531,559,285,325,28,40,1120
cr1_1886p_00001.cbf,531,559,286,325,28,39,1092
cr1_1886p_00002.cbf,531,559,286,325,28,39,1092
cr1_1886p_00003.cbf,531,558,286,325,27,39,1053
cr1_1886p_00004.cbf,531,558,285,325,27,40,1080
cr1_1886p_00005.cbf,531,559,284,325,28,41,1148
cr1_1886p_00006.cbf,531,559,283,323,28,40,1120
cr1_1886p_00007.cbf,531,559,283,324,28,41,1148
cr1_1886p_00008.cbf,531,559,283,324,28,41,1148
cr1_1887p_00001.cbf,531,559,284,325,28,41,1148
cr1_1887p_00002.cbf,531,559,285,325,28,40,1120
cr1_1887p_00003.cbf,531,558,285,325,27,40,1080
cr1_1887p_00004.cbf,531,558,284,325,27,41,1107
cr1_1887p_00005.cbf,531,558,283,324,27,41,1107
cr1_1887p_00006.cbf,532,558,283,324,26,41,1066
cr1_1887p_00007.cbf,531,558,285,325,27,40,1080
cr1_1887p_00008.cbf,531,559,286,325,28,39,1092
cr1_1888p_00001.cbf,531,559,286,326,28,40,1120
cr1_1888p_00002.cbf,531,559,286,325,28,39,1092
cr1_1888p_00003.cbf,531,558,286,325,27,39,1053
cr1_1888p_00004.cbf,531,558,284,324,27,40,1080
cr1_1888p_00005.cbf,531,558,283,324,27,41,1107
cr1_1888p_00006.cbf,531,558,283,324,27,41,1107
cr1_1888p_00007.cbf,531,558,285,325,27,40,1080
cr1_1888p_00008.cbf,531,559,286,325,28,39,1092
cr1_1889p_00001.cbf,531,559,287,325,28,38,1064
cr1_1889p_00002.cbf,530,559,286,326,29,40,1160
cr1_1889p_00003.cbf,531,558,286,325,27,39,1053
cr1_1889p_00004.cbf,531,558,285,325,27,40,1080
cr1_1889p_00005.cbf,531,558,283,324,27,41,1107
cr1_1889p_00006.cbf,531,558,284,324,27,40,1080
cr1_1889p_00007.cbf,531,558,285,325,27,40,1080
cr1_1889p_00008.cbf,531,559,286,325,28,39,1092
cr1_1890p_00001.cbf,531,559,286,325,28,39,1092
cr1_1890p_00002.cbf,531,559,286,325,28,39,1092
cr1_1890p_00003.cbf,531,558,286,325,27,39,1053
cr1_1890p_00004.cbf,531,558,285,324,27,39,1053
cr1_1890p_00005.cbf,531,558,283,324,27,41,1107
cr1_1890p_00006.cbf,531,558,283,324,27,41,1107
cr1_1890p_00007.cbf,530,559,284,325,29,41,1189
cr1_1890p_00008.cbf,531,559,286,325,28,39,1092
cr1_1891p_00001.cbf,531,559,286,326,28,40,1120
cr1_1891p_00002.cbf,531,559,286,325,28,39,1092
cr1_1891p_00003.cbf,531,558,286,325,27,39,1053
cr1_1891p_00004.cbf,531,558,285,325,27,40,1080
cr1_1891p_00005.cbf,531,558,283,324,27,41,1107
cr1_1891p_00006.cbf,531,558,284,324,27,40,1080
cr1_1891p_00007.cbf,531,559,285,325,28,40,1120
cr1_1891p_00008.cbf,531,559,286,325,28,39,1092
cr1_1892p_00001.cbf,531,559,286,326,28,40,1120
cr1_1892p_00002.cbf,531,559,286,325,28,39,1092
cr1_1892p_00003.cbf,531,558,286,325,27,39,1053
cr1_1892p_00004.cbf,531,558,285,325,27,40,1080
cr1_1892p_00005.cbf,531,558,283,324,27,41,1107
cr1_1892p_00006.cbf,531,558,283,324,27,41,1107
cr1_1892p_00007.cbf,531,558,285,325,27,40,1080
cr1_1892p_00008.cbf,531,559,286,325,28,39,1092
cr1_1893p_00001.cbf,531,559,286,325,28,39,1092
cr1_1893p_00002.cbf,531,559,286,325,28,39,1092
cr1_1893p_00003.cbf,531,558,286,325,27,39,1053
cr1_1893p_00004.cbf,531,559,285,326,28,41,1148
cr1_1893p_00005.cbf,531,558,280,321,27,41,1107
cr1_1893p_00006.cbf,531,558,283,324,27,41,1107
cr1_1893p_00007.cbf,531,558,284,325,27,41,1107
cr1_1893p_00008.cbf,531,559,284,325,28,41,1148
cr1_1894p_00001.cbf,531,559,285,325,28,40,1120
cr1_1894p_00002.cbf,531,559,285,326,28,41,1148
cr1_1894p_00003.cbf,531,558,286,325,27,39,1053
cr1_1894p_00004.cbf,531,558,284,325,27,41,1107
cr1_1894p_00005.cbf,531,558,283,324,27,41,1107
cr1_1894p_00006.cbf,531,558,283,324,27,41,1107
cr1_1894p_00007.cbf,531,558,284,324,27,40,1080
cr1_1894p_00008.cbf,531,559,285,325,28,40,1120
cr1_1895p_00001.cbf,531,559,286,326,28,40,1120
cr1_1895p_00002.cbf,531,559,286,326,28,40,1120
cr1_1895p_00003.cbf,531,558,285,325,27,40,1080
cr1_1895p_00004.cbf,531,558,284,324,27,40,1080
cr1_1895p_00005.cbf,531,558,282,323,27,41,1107
cr1_1895p_00006.cbf,531,558,283,324,27,41,1107
cr1_1895p_00007.cbf,531,558,284,325,27,41,1107
cr1_1895p_00008.cbf,531,559,286,325,28,39,1092
cr1_1896p_00001.cbf,531,559,286,325,28,39,1092
cr1_1896p_00002.cbf,531,558,286,325,27,39,1053
cr1_1896p_00003.cbf,531,558,285,325,27,40,1080
cr1_1896p_00004.cbf,531,558,284,325,27,41,1107
cr1_1896p_00005.cbf,531,558,283,324,27,41,1107
cr1_1896p_00006.cbf,531,558,284,324,27,40,1080
cr1_1896p_00007.cbf,531,558,285,325,27,40,1080
cr1_1896p_00008.cbf,531,558,286,325,27,39,1053
cr1_1897p_00001.cbf,531,559,286,326,28,40,1120
cr1_1897p_00002.cbf,531,559,286,325,28,39,1092
cr1_1897p_00003.cbf,531,558,285,325,27,40,1080
cr1_1897p_00004.cbf,531,558,284,324,27,40,1080
cr1_1897p_00005.cbf,530,558,283,324,28,41,1148
cr1_1897p_00006.cbf,531,558,284,324,27,40,1080
cr1_1897p_00007.cbf,531,558,285,325,27,40,1080
cr1_1897p_00008.cbf,531,559,286,325,28,39,1092
cr1_1898p_00001.cbf,531,559,286,326,28,40,1120
cr1_1898p_00002.cbf,531,559,286,326,28,40,1120
cr1_1898p_00003.cbf,531,558,285,326,27,41,1107
cr1_1898p_00004.cbf,530,558,284,325,28,41,1148
cr1_1898p_00005.cbf,531,558,282,324,27,42,1134
cr1_1898p_00006.cbf,530,558,283,324,28,41,1148
cr1_1898p_00007.cbf,531,558,285,325,27,40,1080
cr1_1898p_00008.cbf,531,559,286,325,28,39,1092
cr1_1899p_00001.cbf,530,559,286,326,29,40,1160
cr1_1899p_00002.cbf,531,558,286,326,27,40,1080
cr1_1899p_00003.cbf,530,558,285,326,28,41,1148
cr1_1899p_00004.cbf,530,558,284,325,28,41,1148
cr1_1899p_00005.cbf,531,558,283,324,27,41,1107
cr1_1899p_00006.cbf,531,558,284,325,27,41,1107
cr1_1899p_00007.cbf,531,558,285,325,27,40,1080
cr1_1899p_00008.cbf,531,559,286,325,28,39,1092
cr1_1900p_00001.cbf,531,559,286,326,28,40,1120
cr1_1900p_00002.cbf,531,559,286,326,28,40,1120
cr1_1900p_00003.cbf,531,558,285,325,27,40,1080
cr1_1900p_00004.cbf,531,558,284,325,27,41,1107
cr1_1900p_00005.cbf,530,558,283,324,28,41,1148
cr1_1900p_00006.cbf,531,558,283,324,27,41,1107
cr1_1900p_00007.cbf,531,558,284,325,27,41,1107
cr1_1900p_00008.cbf,531,559,285,325,28,40,1120
cr1_1901p_00001.cbf,531,559,286,326,28,40,1120
cr1_1901p_00002.cbf,531,559,286,326,28,40,1120
cr1_1901p_00003.cbf,531,558,285,326,27,41,1107
cr1_1901p_00004.cbf,531,558,284,325,27,41,1107
cr1_1901p_00005.cbf,531,558,282,324,27,42,1134
cr1_1901p_00006.cbf,531,560,283,325,29,42,1218
cr1_1901p_00007.cbf,531,559,284,323,28,39,1092
cr1_1901p_00008.cbf,531,560,286,325,29,39,1131
cr1_1902p_00001.cbf,531,560,286,325,29,39,1131
cr1_1902p_00002.cbf,531,560,286,326,29,40,1160
cr1_1902p_00003.cbf,530,559,286,326,29,40,1160
cr1_1902p_00004.cbf,531,558,284,326,27,42,1134
cr1_1902p_00005.cbf,530,561,284,324,31,40,1240
cr1_1902p_00006.cbf,531,559,282,322,28,40,1120
cr1_1902p_00007.cbf,531,559,283,323,28,40,1120
cr1_1902p_00008.cbf,531,559,284,325,28,41,1148
cr1_1903p_00001.cbf,531,560,285,325,29,40,1160
cr1_1903p_00002.cbf,531,559,286,326,28,40,1120
cr1_1903p_00003.cbf,531,559,286,326,28,40,1120
cr1_1903p_00004.cbf,531,559,284,326,28,42,1176
cr1_1903p_00005.cbf,531,560,283,322,29,39,1131
cr1_1903p_00006.cbf,531,559,281,322,28,41,1148
cr1_1903p_00007.cbf,531,559,283,324,28,41,1148
cr1_1903p_00008.cbf,531,560,285,325,29,40,1160
cr1_1904p_00001.cbf,531,560,286,326,29,40,1160
cr1_1904p_00002.cbf,531,559,286,326,28,40,1120
cr1_1904p_00003.cbf,530,559,285,326,29,41,1189
cr1_1904p_00004.cbf,531,558,284,326,27,42,1134
cr1_1904p_00005.cbf,531,558,283,325,27,42,1134
cr1_1904p_00006.cbf,530,559,283,324,29,41,1189
cr1_1904p_00007.cbf,531,559,284,324,28,40,1120
cr1_1904p_00008.cbf,531,559,285,324,28,39,1092
cr1_1905p_00001.cbf,531,559,286,325,28,39,1092
cr1_1905p_00002.cbf,531,559,286,326,28,40,1120
cr1_1905p_00003.cbf,531,559,285,325,28,40,1120
cr1_1905p_00004.cbf,531,558,284,325,27,41,1107
cr1_1905p_00005.cbf,531,558,283,324,27,41,1107
cr1_1905p_00006.cbf,531,559,283,324,28,41,1148
cr1_1905p_00007.cbf,531,559,284,325,28,41,1148
cr1_1905p_00008.cbf,531,559,285,325,28,40,1120
cr1_1906p_00001.cbf,531,559,286,326,28,40,1120
cr1_1906p_00002.cbf,531,559,286,326,28,40,1120
cr1_1906p_00003.cbf,531,559,286,326,28,40,1120
cr1_1906p_00004.cbf,531,559,284,325,28,41,1148
cr1_1906p_00005.cbf,531,560,283,322,29,39,1131
cr1_1906p_00006.cbf,531,559,282,322,28,40,1120
cr1_1906p_00007.cbf,531,559,282,323,28,41,1148
cr1_1906p_00008.cbf,531,559,283,325,28,42,1176
cr1_1907p_00001.cbf,531,559,284,326,28,42,1176
cr1_1907p_00002.cbf,531,559,285,326,28,41,1148
cr1_1907p_00003.cbf,531,558,286,326,27,40,1080
cr1_1907p_00004.cbf,531,558,284,326,27,42,1134
cr1_1907p_00005.cbf,530,559,284,325,29,41,1189
cr1_1907p_00006.cbf,531,558,281,322,27,41,1107
cr1_1907p_00007.cbf,531,558,282,323,27,41,1107
cr1_1907p_00008.cbf,531,559,283,324,28,41,1148
cr1_1908p_00001.cbf,531,559,284,325,28,41,1148
cr1_1908p_00002.cbf,531,559,285,326,28,41,1148
cr1_1908p_00003.cbf,531,558,285,326,27,41,1107
cr1_1908p_00004.cbf,531,558,284,325,27,41,1107
cr1_1908p_00005.cbf,531,558,284,325,27,41,1107
cr1_1908p_00006.cbf,531,558,283,322,27,39,1053
cr1_1908p_00007.cbf,531,558,284,324,27,40,1080
cr1_1908p_00008.cbf,531,559,285,324,28,39,1092
cr1_1909p_00001.cbf,531,559,286,325,28,39,1092
cr1_1909p_00002.cbf,531,559,286,325,28,39,1092
cr1_1909p_00003.cbf,531,558,286,325,27,39,1053
cr1_1909p_00004.cbf,531,558,284,324,27,40,1080
cr1_1909p_00005.cbf,531,558,283,324,27,41,1107
cr1_1909p_00006.cbf,531,558,283,324,27,41,1107
cr1_1909p_00007.cbf,531,558,284,323,27,39,1053
cr1_1909p_00008.cbf,531,559,284,324,28,40,1120
cr1_1910p_00001.cbf,531,559,285,325,28,40,1120
cr1_1910p_00002.cbf,531,559,286,325,28,39,1092
cr1_1910p_00003.cbf,531,558,286,325,27,39,1053
cr1_1910p_00004.cbf,531,558,284,324,27,40,1080
cr1_1910p_00005.cbf,531,558,284,324,27,40,1080
cr1_1910p_00006.cbf,531,559,283,324,28,41,1148
cr1_1910p_00007.cbf,531,559,283,323,28,40,1120
cr1_1910p_00008.cbf,531,559,284,324,28,40,1120
cr1_1911p_00001.cbf,531,559,285,325,28,40,1120
cr1_1911p_00002.cbf,531,559,286,325,28,39,1092
cr1_1911p_00003.cbf,531,558,285,325,27,40,1080
cr1_1911p_00004.cbf,531,558,284,325,27,41,1107
cr1_1911p_00005.cbf,531,558,284,325,27,41,1107
cr1_1911p_00006.cbf,531,558,282,322,27,40,1080
cr1_1911p_00007.cbf,531,558,283,323,27,40,1080
cr1_1911p_00008.cbf,531,559,284,324,28,40,1120
cr1_1912p_00001.cbf,531,559,285,325,28,40,1120
cr1_1912p_00002.cbf,531,559,285,326,28,41,1148
cr1_1912p_00003.cbf,531,558,285,326,27,41,1107
cr1_1912p_00004.cbf,531,558,284,325,27,41,1107
cr1_1912p_00005.cbf,530,558,284,325,28,41,1148
cr1_1912p_00006.cbf,531,558,282,322,27,40,1080
cr1_1912p_00007.cbf,531,558,282,323,27,41,1107
cr1_1912p_00008.cbf,531,559,283,324,28,41,1148
cr1_1913p_00001.cbf,531,559,285,325,28,40,1120
cr1_1913p_00002.cbf,531,559,285,325,28,40,1120
cr1_1913p_00003.cbf,530,558,286,326,28,40,1120
cr1_1913p_00004.cbf,531,558,285,325,27,40,1080
cr1_1913p_00005.cbf,530,559,284,325,29,41,1189
cr1_1913p_00006.cbf,531,558,281,322,27,41,1107
cr1_1913p_00007.cbf,531,559,282,323,28,41,1148
cr1_1913p_00008.cbf,531,559,283,324,28,41,1148
cr1_1914p_00001.cbf,531,559,284,325,28,41,1148
cr1_1914p_00002.cbf,531,559,285,325,28,40,1120
cr1_1914p_00003.cbf,531,558,285,326,27,41,1107
cr1_1914p_00004.cbf,531,558,285,325,27,40,1080
cr1_1914p_00005.cbf,531,559,284,323,28,39,1092
cr1_1914p_00006.cbf,531,558,281,322,27,41,1107
cr1_1914p_00007.cbf,531,558,282,323,27,41,1107
cr1_1914p_00008.cbf,531,559,284,324,28,40,1120
cr1_1915p_00001.cbf,531,559,285,325,28,40,1120
cr1_1915p_00002.cbf,531,559,285,325,28,40,1120
cr1_1915p_00003.cbf,531,558,285,325,27,40,1080
cr1_1915p_00004.cbf,531,558,284,325,27,41,1107
cr1_1915p_00005.cbf,531,558,283,324,27,41,1107
cr1_1915p_00006.cbf,530,558,284,324,28,40,1120
cr1_1915p_00007.cbf,531,558,285,325,27,40,1080
cr1_1915p_00008.cbf,531,559,286,325,28,39,1092
cr1_1916p_00001.cbf,531,559,286,326,28,40,1120
cr1_1916p_00002.cbf,531,559,287,326,28,39,1092
cr1_1916p_00003.cbf,531,558,286,326,27,40,1080
cr1_1916p_00004.cbf,531,558,285,325,27,40,1080
cr1_1916p_00005.cbf,531,559,284,324,28,40,1120
cr1_1916p_00006.cbf,531,558,283,322,27,39,1053
cr1_1916p_00007.cbf,531,558,284,324,27,40,1080
cr1_1916p_00008.cbf,531,559,284,324,28,40,1120
cr1_1917p_00001.cbf,531,559,285,325,28,40,1120
cr1_1917p_00002.cbf,531,559,286,325,28,39,1092
cr1_1917p_00003.cbf,531,558,286,325,27,39,1053
cr1_1917p_00004.cbf,531,558,285,325,27,40,1080
cr1_1917p_00005.cbf,531,559,283,324,28,41,1148
cr1_1917p_00006.cbf,531,559,282,322,28,40,1120
cr1_1917p_00007.cbf,531,558,282,323,27,41,1107
cr1_1917p_00008.cbf,531,559,283,324,28,41,1148
cr1_1918p_00001.cbf,531,559,284,325,28,41,1148
cr1_1918p_00002.cbf,531,559,285,325,28,40,1120
cr1_1918p_00003.cbf,531,558,285,326,27,41,1107
cr1_1918p_00004.cbf,531,558,285,325,27,40,1080
cr1_1918p_00005.cbf,531,558,284,324,27,40,1080
cr1_1918p_00006.cbf,531,558,283,322,27,39,1053
cr1_1918p_00007.cbf,531,558,283,323,27,40,1080
cr1_1918p_00008.cbf,531,559,283,324,28,41,1148
cr1_1919p_00001.cbf,531,559,284,325,28,41,1148
cr1_1919p_00002.cbf,531,559,285,325,28,40,1120
cr1_1919p_00003.cbf,531,558,285,326,27,41,1107
cr1_1919p_00004.cbf,531,558,285,325,27,40,1080
cr1_1919p_00005.cbf,531,559,284,324,28,40,1120
cr1_1919p_00006.cbf,531,558,281,322,27,41,1107
cr1_1919p_00007.cbf,531,558,283,323,27,40,1080
cr1_1919p_00008.cbf,531,559,283,324,28,41,1148
cr1_1920p_00001.cbf,532,559,284,325,27,41,1107
cr1_1920p_00002.cbf,531,559,285,325,28,40,1120
cr1_1920p_00003.cbf,531,558,285,325,27,40,1080
cr1_1920p_00004.cbf,531,558,285,325,27,40,1080
cr1_1920p_00005.cbf,530,558,284,325,28,41,1148
cr1_1920p_00006.cbf,531,558,283,324,27,41,1107
cr1_1920p_00007.cbf,531,558,284,325,27,41,1107
cr1_1920p_00008.cbf,531,559,285,325,28,40,1120
cr1_1921p_00001.cbf,531,559,285,325,28,40,1120
cr1_1921p_00002.cbf,531,559,286,326,28,40,1120
cr1_1921p_00003.cbf,531,558,286,326,27,40,1080
cr1_1921p_00004.cbf,530,558,285,325,28,40,1120
cr1_1921p_00005.cbf,531,559,283,323,28,40,1120
cr1_1921p_00006.cbf,531,558,282,322,27,40,1080
cr1_1921p_00007.cbf,531,558,284,324,27,40,1080
cr1_1921p_00008.cbf,531,559,285,325,28,40,1120
cr1_1922p_00001.cbf,531,559,286,326,28,40,1120
cr1_1922p_00002.cbf,531,559,286,326,28,40,1120
cr1_1922p_00003.cbf,531,558,286,326,27,40,1080
cr1_1922p_00004.cbf,531,558,285,326,27,41,1107
cr1_1922p_00005.cbf,531,560,283,323,29,40,1160
cr1_1922p_00006.cbf,531,559,280,322,28,42,1176
cr1_1922p_00007.cbf,531,558,282,323,27,41,1107
cr1_1922p_00008.cbf,531,559,282,323,28,41,1148
cr1_1923p_00001.cbf,531,559,284,324,28,40,1120
cr1_1923p_00002.cbf,531,559,285,325,28,40,1120
cr1_1923p_00003.cbf,531,558,285,325,27,40,1080
cr1_1923p_00004.cbf,531,558,285,325,27,40,1080
cr1_1923p_00005.cbf,531,558,282,322,27,40,1080
cr1_1923p_00006.cbf,531,558,283,322,27,39,1053
cr1_1923p_00007.cbf,531,558,283,323,27,40,1080
cr1_1923p_00008.cbf,531,559,284,324,28,40,1120
cr1_1924p_00001.cbf,531,559,285,325,28,40,1120
cr1_1924p_00002.cbf,532,559,285,325,27,40,1080
cr1_1924p_00003.cbf,531,558,285,325,27,40,1080
cr1_1924p_00004.cbf,531,559,284,324,28,40,1120
cr1_1924p_00005.cbf,531,559,280,321,28,41,1148
cr1_1924p_00006.cbf,531,558,281,322,27,41,1107
cr1_1924p_00007.cbf,531,558,282,323,27,41,1107
cr1_1924p_00008.cbf,531,559,283,324,28,41,1148
cr1_1925p_00001.cbf,531,559,284,325,28,41,1148
cr1_1925p_00002.cbf,531,559,284,325,28,41,1148
cr1_1925p_00003.cbf,531,558,285,325,27,40,1080
cr1_1925p_00004.cbf,531,558,285,325,27,40,1080
cr1_1925p_00005.cbf,531,559,282,322,28,40,1120
cr1_1925p_00006.cbf,531,558,282,322,27,40,1080
cr1_1925p_00007.cbf,531,558,282,323,27,41,1107
cr1_1925p_00008.cbf,531,559,283,324,28,41,1148
cr1_1926p_00001.cbf,531,559,284,325,28,41,1148
cr1_1926p_00002.cbf,531,559,284,325,28,41,1148
cr1_1926p_00003.cbf,531,558,285,325,27,40,1080
cr1_1926p_00004.cbf,531,558,285,325,27,40,1080
cr1_1926p_00005.cbf,530,559,282,322,29,40,1160
cr1_1926p_00006.cbf,531,558,282,322,27,40,1080
cr1_1926p_00007.cbf,531,558,283,323,27,40,1080
cr1_1926p_00008.cbf,531,559,283,324,28,41,1148
cr1_1927p_00001.cbf,532,559,284,325,27,41,1107
cr1_1927p_00002.cbf,531,559,285,325,28,40,1120
cr1_1927p_00003.cbf,531,558,285,325,27,40,1080
cr1_1927p_00004.cbf,530,558,285,326,28,41,1148
cr1_1927p_00005.cbf,531,559,282,322,28,40,1120
cr1_1927p_00006.cbf,531,558,281,322,27,41,1107
cr1_1927p_00007.cbf,531,558,282,323,27,41,1107
cr1_1927p_00008.cbf,531,559,283,324,28,41,1148
cr1_1928p_00001.cbf,532,559,284,324,27,40,1080
cr1_1928p_00002.cbf,531,559,284,325,28,41,1148
cr1_1928p_00003.cbf,531,558,285,325,27,40,1080
cr1_1928p_00004.cbf,531,558,286,325,27,39,1053
cr1_1928p_00005.cbf,531,560,283,323,29,40,1160
cr1_1928p_00006.cbf,531,558,282,323,27,41,1107
cr1_1928p_00007.cbf,531,558,282,323,27,41,1107
cr1_1928p_00008.cbf,531,559,283,323,28,40,1120
cr1_1929p_00001.cbf,531,559,284,324,28,40,1120
cr1_1929p_00002.cbf,531,559,284,325,28,41,1148
cr1_1929p_00003.cbf,531,558,285,325,27,40,1080
cr1_1929p_00004.cbf,531,558,285,325,27,40,1080
cr1_1929p_00005.cbf,531,559,283,322,28,39,1092
cr1_1929p_00006.cbf,531,558,282,322,27,40,1080
cr1_1929p_00007.cbf,531,558,282,323,27,41,1107
cr1_1929p_00008.cbf,531,559,283,324,28,41,1148
cr1_1930p_00001.cbf,531,559,284,325,28,41,1148
cr1_1930p_00002.cbf,531,559,285,325,28,40,1120
cr1_1930p_00003.cbf,531,558,285,325,27,40,1080
cr1_1930p_00004.cbf,531,558,285,325,27,40,1080
cr1_1930p_00005.cbf,531,558,283,323,27,40,1080
cr1_1930p_00006.cbf,531,558,284,324,27,40,1080
cr1_1930p_00007.cbf,531,558,284,323,27,39,1053
cr1_1930p_00008.cbf,531,559,285,324,28,39,1092
cr1_1931p_00001.cbf,531,559,285,325,28,40,1120
cr1_1931p_00002.cbf,531,559,285,325,28,40,1120
cr1_1931p_00003.cbf,531,558,286,325,27,39,1053
cr1_1931p_00004.cbf,530,558,285,324,28,39,1092
cr1_1931p_00005.cbf,531,558,284,324,27,40,1080
cr1_1931p_00006.cbf,531,559,282,324,28,42,1176
cr1_1931p_00007.cbf,531,559,283,324,28,41,1148
cr1_1931p_00008.cbf,531,559,284,325,28,41,1148
cr1_1932p_00001.cbf,531,559,285,325,28,40,1120
cr1_1932p_00002.cbf,531,559,285,325,28,40,1120
cr1_1932p_00003.cbf,531,558,286,326,27,40,1080
cr1_1932p_00004.cbf,530,559,285,325,29,40,1160
cr1_1932p_00005.cbf,531,559,281,323,28,42,1176
cr1_1932p_00006.cbf,531,559,281,323,28,42,1176
cr1_1932p_00007.cbf,531,559,281,323,28,42,1176
cr1_1932p_00008.cbf,531,559,281,323,28,42,1176
cr1_1933p_00001.cbf,531,559,283,323,28,40,1120
cr1_1933p_00002.cbf,531,559,283,324,28,41,1148
cr1_1933p_00003.cbf,531,559,284,324,28,40,1120
cr1_1933p_00004.cbf,531,558,285,325,27,40,1080
cr1_1933p_00005.cbf,530,559,285,323,29,38,1102
cr1_1933p_00006.cbf,531,558,281,323,27,42,1134
cr1_1933p_00007.cbf,531,558,282,323,27,41,1107
cr1_1933p_00008.cbf,531,559,282,323,28,41,1148
cr1_1934p_00001.cbf,531,559,283,323,28,40,1120
cr1_1934p_00002.cbf,531,559,284,324,28,40,1120
cr1_1934p_00003.cbf,531,558,285,324,27,39,1053
cr1_1934p_00004.cbf,531,558,285,325,27,40,1080
cr1_1934p_00005.cbf,530,559,284,323,29,39,1131
cr1_1934p_00006.cbf,531,558,283,323,27,40,1080
cr1_1934p_00007.cbf,531,558,283,323,27,40,1080
cr1_1934p_00008.cbf,530,559,283,323,29,40,1160
cr1_1935p_00001.cbf,530,559,284,323,29,39,1131
cr1_1935p_00002.cbf,531,559,285,324,28,39,1092
cr1_1935p_00003.cbf,531,558,285,324,27,39,1053
cr1_1935p_00004.cbf,531,558,285,324,27,39,1053
cr1_1935p_00005.cbf,530,559,285,323,29,38,1102
cr1_1935p_00006.cbf,531,558,283,323,27,40,1080
cr1_1935p_00007.cbf,531,558,282,323,27,41,1107
cr1_1935p_00008.cbf,531,559,283,323,28,40,1120
cr1_1936p_00001.cbf,531,559,284,324,28,40,1120
cr1_1936p_00002.cbf,531,559,285,324,28,39,1092
cr1_1936p_00003.cbf,531,559,285,324,28,39,1092
cr1_1936p_00004.cbf,531,558,285,324,27,39,1053
cr1_1936p_00005.cbf,531,559,284,324,28,40,1120
cr1_1936p_00006.cbf,531,558,283,322,27,39,1053
cr1_1936p_00007.cbf,531,558,282,323,27,41,1107
cr1_1936p_00008.cbf,531,559,283,323,28,40,1120
cr1_1937p_00001.cbf,531,559,284,323,28,39,1092
cr1_1937p_00002.cbf,531,559,284,324,28,40,1120
cr1_1937p_00003.cbf,531,558,285,324,27,39,1053
cr1_1937p_00004.cbf,530,558,285,324,28,39,1092
cr1_1937p_00005.cbf,530,559,284,322,29,38,1102
cr1_1937p_00006.cbf,530,558,283,322,28,39,1092
cr1_1937p_00007.cbf,531,559,282,323,28,41,1148
cr1_1937p_00008.cbf,531,559,283,323,28,40,1120
cr1_1938p_00001.cbf,531,559,284,323,28,39,1092
cr1_1938p_00002.cbf,531,559,285,324,28,39,1092
cr1_1938p_00003.cbf,531,559,285,324,28,39,1092
cr1_1938p_00004.cbf,530,558,286,324,28,38,1064
cr1_1938p_00005.cbf,530,559,284,322,29,38,1102
cr1_1938p_00006.cbf,531,558,282,322,27,40,1080
cr1_1938p_00007.cbf,531,558,282,322,27,40,1080
cr1_1938p_00008.cbf,531,559,283,323,28,40,1120
cr1_1939p_00001.cbf,531,559,284,323,28,39,1092
cr1_1939p_00002.cbf,531,559,284,323,28,39,1092
cr1_1939p_00003.cbf,531,558,285,323,27,38,1026
cr1_1939p_00004.cbf,531,558,285,324,27,39,1053
cr1_1939p_00005.cbf,530,558,285,324,28,39,1092
cr1_1939p_00006.cbf,531,559,281,322,28,41,1148
cr1_1939p_00007.cbf,531,558,283,322,27,39,1053
cr1_1939p_00008.cbf,531,559,284,323,28,39,1092
cr1_1940p_00001.cbf,531,559,285,324,28,39,1092
cr1_1940p_00002.cbf,531,559,285,324,28,39,1092
cr1_1940p_00003.cbf,530,558,286,324,28,38,1064
cr1_1940p_00004.cbf,530,558,285,324,28,39,1092
cr1_1940p_00005.cbf,531,560,284,322,29,38,1102
cr1_1940p_00006.cbf,530,558,282,322,28,40,1120
cr1_1940p_00007.cbf,531,558,283,323,27,40,1080
cr1_1940p_00008.cbf,531,559,283,323,28,40,1120
cr1_1941p_00001.cbf,531,559,284,324,28,40,1120
cr1_1941p_00002.cbf,531,559,284,324,28,40,1120
cr1_1941p_00003.cbf,531,558,285,324,27,39,1053
cr1_1941p_00004.cbf,531,558,285,324,27,39,1053
cr1_1941p_00005.cbf,530,559,284,323,29,39,1131
cr1_1941p_00006.cbf,530,558,282,323,28,41,1148
cr1_1941p_00007.cbf,531,559,282,323,28,41,1148
cr1_1941p_00008.cbf,531,559,282,323,28,41,1148
cr1_1942p_00001.cbf,531,559,283,324,28,41,1148
cr1_1942p_00002.cbf,531,559,284,324,28,40,1120
cr1_1942p_00003.cbf,531,558,285,324,27,39,1053
cr1_1942p_00004.cbf,531,558,285,323,27,38,1026
cr1_1942p_00005.cbf,531,558,284,323,27,39,1053
cr1_1942p_00006.cbf,531,558,282,323,27,41,1107
cr1_1942p_00007.cbf,531,558,283,324,27,41,1107
cr1_1942p_00008.cbf,531,559,284,324,28,40,1120
cr1_1943p_00001.cbf,531,559,285,325,28,40,1120
cr1_1943p_00002.cbf,531,559,286,325,28,39,1092
cr1_1943p_00003.cbf,531,558,286,325,27,39,1053
cr1_1943p_00004.cbf,531,558,286,324,27,38,1026
cr1_1943p_00005.cbf,531,559,283,323,28,40,1120
cr1_1943p_00006.cbf,530,558,282,323,28,41,1148
cr1_1943p_00007.cbf,531,558,282,323,27,41,1107
cr1_1943p_00008.cbf,531,559,282,323,28,41,1148
cr1_1944p_00001.cbf,531,559,283,323,28,40,1120
cr1_1944p_00002.cbf,531,559,284,323,28,39,1092
cr1_1944p_00003.cbf,530,558,284,323,28,39,1092
cr1_1944p_00004.cbf,530,558,285,324,28,39,1092
cr1_1944p_00005.cbf,531,558,284,324,27,40,1080
cr1_1944p_00006.cbf,531,559,281,322,28,41,1148
cr1_1944p_00007.cbf,531,559,284,323,28,39,1092
cr1_1944p_00008.cbf,531,559,284,323,28,39,1092
cr1_1945p_00001.cbf,531,559,285,324,28,39,1092
cr1_1945p_00002.cbf,531,559,285,324,28,39,1092
cr1_1945p_00003.cbf,531,559,286,324,28,38,1064
cr1_1945p_00004.cbf,531,558,285,323,27,38,1026
cr1_1945p_00005.cbf,531,558,284,323,27,39,1053
cr1_1945p_00006.cbf,531,558,285,323,27,38,1026
cr1_1945p_00007.cbf,531,558,284,324,27,40,1080
cr1_1945p_00008.cbf,531,559,284,324,28,40,1120
cr1_1946p_00001.cbf,531,559,285,325,28,40,1120
cr1_1946p_00002.cbf,531,559,286,325,28,39,1092
cr1_1946p_00003.cbf,531,558,286,325,27,39,1053
cr1_1946p_00004.cbf,531,558,286,325,27,39,1053
cr1_1946p_00005.cbf,531,560,283,323,29,40,1160
cr1_1946p_00006.cbf,531,558,281,323,27,42,1134
cr1_1946p_00007.cbf,531,558,281,323,27,42,1134
cr1_1946p_00008.cbf,531,559,282,323,28,41,1148
cr1_1947p_00001.cbf,531,559,283,323,28,40,1120
cr1_1947p_00002.cbf,531,559,284,324,28,40,1120
cr1_1947p_00003.cbf,531,558,284,324,27,40,1080
cr1_1947p_00004.cbf,531,558,286,324,27,38,1026
cr1_1947p_00005.cbf,531,558,283,322,27,39,1053
cr1_1947p_00006.cbf,531,558,283,322,27,39,1053
cr1_1947p_00007.cbf,531,559,285,323,28,38,1064
cr1_1947p_00008.cbf,531,559,286,324,28,38,1064
cr1_1948p_00001.cbf,531,559,286,325,28,39,1092
cr1_1948p_00002.cbf,531,559,286,325,28,39,1092
cr1_1948p_00003.cbf,531,558,286,325,27,39,1053
cr1_1948p_00004.cbf,530,558,286,325,28,39,1092
cr1_1948p_00005.cbf,531,559,285,323,28,38,1064
cr1_1948p_00006.cbf,531,558,280,322,27,42,1134
cr1_1948p_00007.cbf,531,559,281,323,28,42,1176
cr1_1948p_00008.cbf,531,559,281,323,28,42,1176
cr1_1949p_00001.cbf,531,559,283,324,28,41,1148
cr1_1949p_00002.cbf,531,559,284,324,28,40,1120
cr1_1949p_00003.cbf,531,559,285,324,28,39,1092
cr1_1949p_00004.cbf,531,558,286,325,27,39,1053
cr1_1949p_00005.cbf,531,558,281,321,27,40,1080
cr1_1949p_00006.cbf,531,558,284,322,27,38,1026
cr1_1949p_00007.cbf,531,559,284,323,28,39,1092
cr1_1949p_00008.cbf,531,559,285,324,28,39,1092
cr1_1950p_00001.cbf,530,559,286,325,29,39,1131
cr1_1950p_00002.cbf,531,559,286,325,28,39,1092
cr1_1950p_00003.cbf,531,558,287,325,27,38,1026
cr1_1950p_00004.cbf,531,558,286,324,27,38,1026
cr1_1950p_00005.cbf,531,558,284,323,27,39,1053
cr1_1950p_00006.cbf,531,558,285,324,27,39,1053
cr1_1950p_00007.cbf,531,559,286,324,28,38,1064
cr1_1950p_00008.cbf,531,559,287,325,28,38,1064
cr1_1951p_00001.cbf,531,559,287,325,28,38,1064
cr1_1951p_00002.cbf,531,559,287,325,28,38,1064
cr1_1951p_00003.cbf,531,559,287,325,28,38,1064
cr1_1951p_00004.cbf,531,558,286,324,27,38,1026
cr1_1951p_00005.cbf,531,558,285,323,27,38,1026
cr1_1951p_00006.cbf,531,558,286,324,27,38,1026
cr1_1951p_00007.cbf,531,559,286,324,28,38,1064
cr1_1951p_00008.cbf,531,559,287,325,28,38,1064
cr1_1952p_00001.cbf,531,559,288,325,28,37,1036
cr1_1952p_00002.cbf,531,559,288,325,28,37,1036
cr1_1952p_00003.cbf,531,558,287,325,27,38,1026
cr1_1952p_00004.cbf,531,558,286,325,27,39,1053
cr1_1952p_00005.cbf,530,559,284,322,29,38,1102
cr1_1952p_00006.cbf,531,558,282,322,27,40,1080
cr1_1952p_00007.cbf,531,558,284,324,27,40,1080
cr1_1952p_00008.cbf,531,559,285,325,28,40,1120
cr1_1953p_00001.cbf,531,559,286,325,28,39,1092
cr1_1953p_00002.cbf,531,559,287,325,28,38,1064
cr1_1953p_00003.cbf,531,559,287,325,28,38,1064
cr1_1953p_00004.cbf,531,558,286,324,27,38,1026
cr1_1953p_00005.cbf,531,558,286,324,27,38,1026
cr1_1953p_00006.cbf,531,558,286,324,27,38,1026
cr1_1953p_00007.cbf,531,558,286,324,27,38,1026
cr1_1953p_00008.cbf,531,559,287,325,28,38,1064
cr1_1954p_00001.cbf,531,559,288,326,28,38,1064
cr1_1954p_00002.cbf,531,559,288,325,28,37,1036
cr1_1954p_00003.cbf,531,558,287,325,27,38,1026
cr1_1954p_00004.cbf,531,558,286,324,27,38,1026
cr1_1954p_00005.cbf,531,558,285,324,27,39,1053
cr1_1954p_00006.cbf,531,558,285,324,27,39,1053
cr1_1954p_00007.cbf,531,558,286,325,27,39,1053
cr1_1954p_00008.cbf,531,559,287,325,28,38,1064
cr1_1955p_00001.cbf,531,559,288,326,28,38,1064
cr1_1955p_00002.cbf,531,559,288,326,28,38,1064
cr1_1955p_00003.cbf,531,559,287,325,28,38,1064
cr1_1955p_00004.cbf,531,558,286,325,27,39,1053
cr1_1955p_00005.cbf,531,558,286,324,27,38,1026
cr1_1955p_00006.cbf,531,559,284,322,28,38,1064
cr1_1955p_00007.cbf,531,559,284,323,28,39,1092
cr1_1955p_00008.cbf,531,559,284,324,28,40,1120
cr1_1956p_00001.cbf,531,559,285,325,28,40,1120
cr1_1956p_00002.cbf,531,559,286,325,28,39,1092
cr1_1956p_00003.cbf,531,559,286,325,28,39,1092
cr1_1956p_00004.cbf,531,558,286,325,27,39,1053
cr1_1956p_00005.cbf,531,559,282,324,28,42,1176
cr1_1956p_00006.cbf,531,558,280,322,27,42,1134
cr1_1956p_00007.cbf,531,559,282,323,28,41,1148
cr1_1956p_00008.cbf,531,559,284,324,28,40,1120
cr1_1957p_00001.cbf,531,559,284,324,28,40,1120
cr1_1957p_00002.cbf,531,559,285,325,28,40,1120
cr1_1957p_00003.cbf,530,558,285,325,28,40,1120
cr1_1957p_00004.cbf,531,558,286,325,27,39,1053
cr1_1957p_00005.cbf,531,558,284,324,27,40,1080
cr1_1957p_00006.cbf,531,558,283,323,27,40,1080
cr1_1957p_00007.cbf,531,558,283,323,27,40,1080
cr1_1957p_00008.cbf,531,559,285,324,28,39,1092
cr1_1958p_00001.cbf,531,559,286,324,28,38,1064
cr1_1958p_00002.cbf,531,559,286,325,28,39,1092
cr1_1958p_00003.cbf,531,558,286,324,27,38,1026
cr1_1958p_00004.cbf,531,558,286,324,27,38,1026
cr1_1958p_00005.cbf,531,558,284,324,27,40,1080
cr1_1958p_00006.cbf,531,558,283,323,27,40,1080
cr1_1958p_00007.cbf,531,558,284,323,27,39,1053
cr1_1958p_00008.cbf,531,559,284,324,28,40,1120
cr1_1959p_00001.cbf,531,559,285,325,28,40,1120
cr1_1959p_00002.cbf,531,559,286,325,28,39,1092
cr1_1959p_00003.cbf,531,559,286,324,28,38,1064
cr1_1959p_00004.cbf,531,558,285,323,27,38,1026
cr1_1959p_00005.cbf,531,558,285,323,27,38,1026
cr1_1959p_00006.cbf,531,558,284,322,27,38,1026
cr1_1959p_00007.cbf,531,558,286,324,27,38,1026
cr1_1959p_00008.cbf,531,559,287,325,28,38,1064
cr1_1960p_00001.cbf,531,559,287,325,28,38,1064
cr1_1960p_00002.cbf,531,559,287,325,28,38,1064
cr1_1960p_00003.cbf,531,558,287,325,27,38,1026
cr1_1960p_00004.cbf,531,558,285,323,27,38,1026
cr1_1960p_00005.cbf,531,558,285,324,27,39,1053
cr1_1960p_00006.cbf,531,558,285,324,27,39,1053
cr1_1960p_00007.cbf,531,558,285,324,27,39,1053
cr1_1960p_00008.cbf,531,559,286,325,28,39,1092
cr1_1961p_00001.cbf,531,559,287,325,28,38,1064
cr1_1961p_00002.cbf,531,559,287,325,28,38,1064
cr1_1961p_00003.cbf,531,558,287,325,27,38,1026
cr1_1961p_00004.cbf,531,558,286,324,27,38,1026
cr1_1961p_00005.cbf,531,558,284,323,27,39,1053
cr1_1961p_00006.cbf,531,558,283,322,27,39,1053
cr1_1961p_00007.cbf,531,558,284,323,27,39,1053
cr1_1961p_00008.cbf,531,559,285,324,28,39,1092
cr1_1962p_00001.cbf,531,559,285,324,28,39,1092
cr1_1962p_00002.cbf,531,559,285,324,28,39,1092
cr1_1962p_00003.cbf,531,558,285,324,27,39,1053
cr1_1962p_00004.cbf,531,558,285,323,27,38,1026
cr1_1962p_00005.cbf,531,558,285,323,27,38,1026
cr1_1962p_00006.cbf,531,558,285,324,27,39,1053
cr1_1962p_00007.cbf,531,558,284,324,27,40,1080
cr1_1962p_00008.cbf,531,559,285,325,28,40,1120
cr1_1963p_00001.cbf,531,559,285,325,28,40,1120
cr1_1963p_00002.cbf,531,559,286,325,28,39,1092
cr1_1963p_00003.cbf,531,558,286,325,27,39,1053
cr1_1963p_00004.cbf,531,558,285,324,27,39,1053
cr1_1963p_00005.cbf,531,558,285,323,27,38,1026
cr1_1963p_00006.cbf,531,558,284,323,27,39,1053
cr1_1963p_00007.cbf,531,558,285,324,27,39,1053
cr1_1963p_00008.cbf,531,559,286,325,28,39,1092
cr1_1964p_00001.cbf,531,559,286,325,28,39,1092
cr1_1964p_00002.cbf,531,559,286,325,28,39,1092
cr1_1964p_00003.cbf,531,558,286,325,27,39,1053
cr1_1964p_00004.cbf,531,558,285,324,27,39,1053
cr1_1964p_00005.cbf,531,558,284,323,27,39,1053
cr1_1964p_00006.cbf,531,558,285,323,27,38,1026
cr1_1964p_00007.cbf,531,559,285,324,28,39,1092
cr1_1964p_00008.cbf,531,559,286,325,28,39,1092
cr1_1965p_00001.cbf,531,559,287,325,28,38,1064
cr1_1965p_00002.cbf,530,559,287,325,29,38,1102
cr1_1965p_00003.cbf,531,558,286,324,27,38,1026
cr1_1965p_00004.cbf,530,558,286,324,28,38,1064
cr1_1965p_00005.cbf,531,558,285,323,27,38,1026
cr1_1965p_00006.cbf,531,558,285,324,27,39,1053
cr1_1965p_00007.cbf,531,559,285,324,28,39,1092
cr1_1965p_00008.cbf,531,559,287,325,28,38,1064
cr1_1966p_00001.cbf,531,559,287,325,28,38,1064
cr1_1966p_00002.cbf,531,559,287,325,28,38,1064
cr1_1966p_00003.cbf,531,558,287,325,27,38,1026
cr1_1966p_00004.cbf,531,558,286,324,27,38,1026
cr1_1966p_00005.cbf,530,558,286,324,28,38,1064
cr1_1966p_00006.cbf,530,558,282,322,28,40,1120
cr1_1966p_00007.cbf,531,559,284,324,28,40,1120
cr1_1966p_00008.cbf,531,559,284,325,28,41,1148
cr1_1967p_00001.cbf,531,559,285,325,28,40,1120
cr1_1967p_00002.cbf,530,559,286,325,29,39,1131
cr1_1967p_00003.cbf,530,558,286,325,28,39,1092
cr1_1967p_00004.cbf,530,558,286,324,28,38,1064
cr1_1967p_00005.cbf,531,558,285,324,27,39,1053
cr1_1967p_00006.cbf,531,558,285,324,27,39,1053
cr1_1967p_00007.cbf,531,559,285,324,28,39,1092
cr1_1967p_00008.cbf,531,559,285,325,28,40,1120
cr1_1968p_00001.cbf,531,559,286,325,28,39,1092
cr1_1968p_00002.cbf,531,559,286,326,28,40,1120
cr1_1968p_00003.cbf,531,559,286,325,28,39,1092
cr1_1968p_00004.cbf,530,558,286,324,28,38,1064
cr1_1968p_00005.cbf,530,558,286,324,28,38,1064
cr1_1968p_00006.cbf,531,558,285,324,27,39,1053
cr1_1968p_00007.cbf,531,559,285,324,28,39,1092
cr1_1968p_00008.cbf,531,559,286,325,28,39,1092
cr1_1969p_00001.cbf,531,559,287,325,28,38,1064
cr1_1969p_00002.cbf,531,559,287,326,28,39,1092
cr1_1969p_00003.cbf,531,558,287,325,27,38,1026
cr1_1969p_00004.cbf,530,558,286,324,28,38,1064
cr1_1969p_00005.cbf,531,558,285,323,27,38,1026
cr1_1969p_00006.cbf,530,558,285,323,28,38,1064
cr1_1969p_00007.cbf,531,559,285,324,28,39,1092
cr1_1969p_00008.cbf,531,559,286,325,28,39,1092
cr1_1970p_00001.cbf,531,559,287,325,28,38,1064
cr1_1970p_00002.cbf,531,559,287,325,28,38,1064
cr1_1970p_00003.cbf,531,558,287,325,27,38,1026
cr1_1970p_00004.cbf,531,558,286,324,27,38,1026
cr1_1970p_00005.cbf,531,558,286,323,27,37,999
cr1_1970p_00006.cbf,531,558,286,324,27,38,1026
cr1_1970p_00007.cbf,531,558,286,324,27,38,1026
cr1_1970p_00008.cbf,531,559,287,325,28,38,1064
cr1_1971p_00001.cbf,531,559,287,325,28,38,1064
cr1_1971p_00002.cbf,531,559,288,326,28,38,1064
cr1_1971p_00003.cbf,530,558,287,325,28,38,1064
cr1_1971p_00004.cbf,531,558,286,325,27,39,1053
cr1_1971p_00005.cbf,531,558,282,322,27,40,1080
cr1_1971p_00006.cbf,531,558,283,323,27,40,1080
cr1_1971p_00007.cbf,531,558,283,324,27,41,1107
cr1_1971p_00008.cbf,531,559,284,325,28,41,1148
cr1_1972p_00001.cbf,531,559,285,325,28,40,1120
cr1_1972p_00002.cbf,531,559,286,325,28,39,1092
cr1_1972p_00003.cbf,531,558,286,325,27,39,1053
cr1_1972p_00004.cbf,531,558,286,325,27,39,1053
cr1_1972p_00005.cbf,531,558,285,325,27,40,1080
cr1_1972p_00006.cbf,531,558,283,323,27,40,1080
cr1_1972p_00007.cbf,531,558,283,324,27,41,1107
cr1_1972p_00008.cbf,531,559,284,324,28,40,1120
cr1_1973p_00001.cbf,531,559,285,325,28,40,1120
cr1_1973p_00002.cbf,531,559,285,325,28,40,1120
cr1_1973p_00003.cbf,531,558,286,325,27,39,1053
cr1_1973p_00004.cbf,531,559,286,325,28,39,1092
cr1_1973p_00005.cbf,530,558,284,324,28,40,1120
cr1_1973p_00006.cbf,531,558,283,323,27,40,1080
cr1_1973p_00007.cbf,531,559,283,323,28,40,1120
cr1_1973p_00008.cbf,531,559,284,324,28,40,1120
cr1_1974p_00001.cbf,531,559,284,324,28,40,1120
cr1_1974p_00002.cbf,531,559,285,324,28,39,1092
cr1_1974p_00003.cbf,531,559,286,324,28,38,1064
cr1_1974p_00004.cbf,531,558,286,324,27,38,1026
cr1_1974p_00005.cbf,531,558,283,323,27,40,1080
cr1_1974p_00006.cbf,531,558,282,323,27,41,1107
cr1_1974p_00007.cbf,531,559,282,323,28,41,1148
cr1_1974p_00008.cbf,531,559,284,324,28,40,1120
cr1_1975p_00001.cbf,531,559,284,324,28,40,1120
cr1_1975p_00002.cbf,531,559,285,324,28,39,1092
cr1_1975p_00003.cbf,531,559,286,324,28,38,1064
cr1_1975p_00004.cbf,531,558,285,324,27,39,1053
cr1_1975p_00005.cbf,530,558,284,323,28,39,1092
cr1_1975p_00006.cbf,531,558,282,323,27,41,1107
cr1_1975p_00007.cbf,531,559,282,323,28,41,1148
cr1_1975p_00008.cbf,531,559,283,324,28,41,1148
cr1_1976p_00001.cbf,531,559,284,324,28,40,1120
cr1_1976p_00002.cbf,531,559,285,324,28,39,1092
cr1_1976p_00003.cbf,531,559,285,324,28,39,1092
cr1_1976p_00004.cbf,531,558,284,324,27,40,1080
cr1_1976p_00005.cbf,530,558,284,323,28,39,1092
cr1_1976p_00006.cbf,531,558,283,323,27,40,1080
cr1_1976p_00007.cbf,531,559,282,323,28,41,1148
cr1_1976p_00008.cbf,531,559,283,324,28,41,1148
cr1_1977p_00001.cbf,531,559,284,324,28,40,1120
cr1_1977p_00002.cbf,531,559,285,324,28,39,1092
cr1_1977p_00003.cbf,531,559,285,324,28,39,1092
cr1_1977p_00004.cbf,531,558,285,324,27,39,1053
cr1_1977p_00005.cbf,531,558,284,324,27,40,1080
cr1_1977p_00006.cbf,530,558,282,323,28,41,1148
cr1_1977p_00007.cbf,531,559,282,323,28,41,1148
cr1_1977p_00008.cbf,531,559,283,324,28,41,1148
cr1_1978p_00001.cbf,531,559,284,324,28,40,1120
cr1_1978p_00002.cbf,531,559,285,324,28,39,1092
cr1_1978p_00003.cbf,531,559,285,324,28,39,1092
cr1_1978p_00004.cbf,531,558,285,324,27,39,1053
cr1_1978p_00005.cbf,531,558,284,323,27,39,1053
cr1_1978p_00006.cbf,530,558,283,323,28,40,1120
cr1_1978p_00007.cbf,531,559,282,323,28,41,1148
cr1_1978p_00008.cbf,531,559,283,324,28,41,1148
cr1_1979p_00001.cbf,531,560,284,324,29,40,1160
cr1_1979p_00002.cbf,531,559,284,324,28,40,1120
cr1_1979p_00003.cbf,531,559,285,324,28,39,1092
cr1_1979p_00004.cbf,530,558,285,325,28,40,1120
cr1_1979p_00005.cbf,530,558,284,324,28,40,1120
cr1_1979p_00006.cbf,531,558,282,323,27,41,1107
cr1_1979p_00007.cbf,531,559,282,323,28,41,1148
cr1_1979p_00008.cbf,531,560,283,324,29,41,1189
cr1_1980p_00001.cbf,530,559,284,324,29,40,1160
cr1_1980p_00002.cbf,531,559,284,324,28,40,1120
cr1_1980p_00003.cbf,531,559,285,324,28,39,1092
cr1_1980p_00004.cbf,531,558,285,324,27,39,1053
cr1_1980p_00005.cbf,530,558,284,323,28,39,1092
cr1_1980p_00006.cbf,531,558,282,323,27,41,1107
cr1_1980p_00007.cbf,531,559,282,323,28,41,1148
cr1_1980p_00008.cbf,531,559,283,324,28,41,1148
cr1_1981p_00001.cbf,531,559,284,324,28,40,1120
cr1_1981p_00002.cbf,531,559,284,324,28,40,1120
cr1_1981p_00003.cbf,531,559,285,324,28,39,1092
cr1_1981p_00004.cbf,531,559,285,323,28,38,1064
cr1_1981p_00005.cbf,531,558,284,323,27,39,1053
cr1_1981p_00006.cbf,531,558,284,324,27,40,1080
cr1_1981p_00007.cbf,531,559,283,323,28,40,1120
cr1_1981p_00008.cbf,531,559,283,324,28,41,1148
cr1_1982p_00001.cbf,531,559,284,324,28,40,1120
cr1_1982p_00002.cbf,531,559,285,324,28,39,1092
cr1_1982p_00003.cbf,530,559,285,324,29,39,1131
cr1_1982p_00004.cbf,531,558,286,324,27,38,1026
cr1_1982p_00005.cbf,531,558,282,322,27,40,1080
cr1_1982p_00006.cbf,531,558,283,323,27,40,1080
cr1_1982p_00007.cbf,531,559,282,323,28,41,1148
cr1_1982p_00008.cbf,531,559,283,324,28,41,1148
cr1_1983p_00001.cbf,531,559,284,324,28,40,1120
cr1_1983p_00002.cbf,531,559,284,324,28,40,1120
cr1_1983p_00003.cbf,531,559,285,324,28,39,1092
cr1_1983p_00004.cbf,531,558,285,323,27,38,1026
cr1_1983p_00005.cbf,531,558,284,323,27,39,1053
cr1_1983p_00006.cbf,531,558,285,323,27,38,1026
cr1_1983p_00007.cbf,531,559,285,324,28,39,1092
cr1_1983p_00008.cbf,531,559,285,324,28,39,1092
cr1_1984p_00001.cbf,531,559,285,324,28,39,1092
cr1_1984p_00002.cbf,531,559,286,324,28,38,1064
cr1_1984p_00003.cbf,531,559,286,324,28,38,1064
cr1_1984p_00004.cbf,531,558,285,323,27,38,1026
cr1_1984p_00005.cbf,531,558,285,323,27,38,1026
cr1_1984p_00006.cbf,531,558,286,324,27,38,1026
cr1_1984p_00007.cbf,531,559,285,324,28,39,1092
cr1_1984p_00008.cbf,531,559,286,325,28,39,1092
cr1_1985p_00001.cbf,531,559,286,325,28,39,1092
cr1_1985p_00002.cbf,531,559,287,325,28,38,1064
cr1_1985p_00003.cbf,531,559,287,325,28,38,1064
cr1_1985p_00004.cbf,531,558,286,324,27,38,1026
cr1_1985p_00005.cbf,531,558,283,323,27,40,1080
cr1_1985p_00006.cbf,531,558,282,323,27,41,1107
cr1_1985p_00007.cbf,531,559,282,324,28,42,1176
cr1_1985p_00008.cbf,531,559,282,324,28,42,1176
cr1_1986p_00001.cbf,531,559,283,324,28,41,1148
cr1_1986p_00002.cbf,531,559,284,324,28,40,1120
cr1_1986p_00003.cbf,531,559,285,324,28,39,1092
cr1_1986p_00004.cbf,531,558,285,324,27,39,1053
cr1_1986p_00005.cbf,531,559,284,323,28,39,1092
cr1_1986p_00006.cbf,531,559,281,322,28,41,1148
cr1_1986p_00007.cbf,531,559,282,323,28,41,1148
cr1_1986p_00008.cbf,531,559,283,324,28,41,1148
cr1_1987p_00001.cbf,531,559,284,324,28,40,1120
cr1_1987p_00002.cbf,531,559,285,324,28,39,1092
cr1_1987p_00003.cbf,531,559,285,324,28,39,1092
cr1_1987p_00004.cbf,530,558,286,324,28,38,1064
cr1_1987p_00005.cbf,531,559,284,323,28,39,1092
cr1_1987p_00006.cbf,531,558,283,323,27,40,1080
cr1_1987p_00007.cbf,531,559,282,323,28,41,1148
cr1_1987p_00008.cbf,531,559,283,324,28,41,1148
cr1_1988p_00001.cbf,531,559,284,324,28,40,1120
cr1_1988p_00002.cbf,531,559,284,324,28,40,1120
cr1_1988p_00003.cbf,530,559,285,324,29,39,1131
cr1_1988p_00004.cbf,531,558,285,324,27,39,1053
cr1_1988p_00005.cbf,531,558,283,323,27,40,1080
cr1_1988p_00006.cbf,531,559,282,323,28,41,1148
cr1_1988p_00007.cbf,531,559,283,323,28,40,1120
cr1_1988p_00008.cbf,531,559,283,324,28,41,1148
cr1_1989p_00001.cbf,531,559,284,324,28,40,1120
cr1_1989p_00002.cbf,531,559,285,324,28,39,1092
cr1_1989p_00003.cbf,531,559,285,324,28,39,1092
cr1_1989p_00004.cbf,531,558,286,324,27,38,1026
cr1_1989p_00005.cbf,531,558,284,323,27,39,1053
cr1_1989p_00006.cbf,531,558,282,323,27,41,1107
cr1_1989p_00007.cbf,531,559,282,323,28,41,1148
cr1_1989p_00008.cbf,531,559,283,324,28,41,1148
cr1_1990p_00001.cbf,531,559,284,324,28,40,1120
cr1_1990p_00002.cbf,531,559,285,324,28,39,1092
cr1_1990p_00003.cbf,531,559,285,325,28,40,1120
cr1_1990p_00004.cbf,531,558,286,324,27,38,1026
cr1_1990p_00005.cbf,530,558,284,324,28,40,1120
cr1_1990p_00006.cbf,531,558,282,323,27,41,1107
cr1_1990p_00007.cbf,531,559,282,323,28,41,1148
cr1_1990p_00008.cbf,531,559,283,324,28,41,1148
cr1_1991p_00001.cbf,531,559,284,324,28,40,1120
cr1_1991p_00002.cbf,531,559,285,324,28,39,1092
cr1_1991p_00003.cbf,531,559,285,324,28,39,1092
cr1_1991p_00004.cbf,531,558,286,324,27,38,1026
cr1_1991p_00005.cbf,531,558,284,323,27,39,1053
cr1_1991p_00006.cbf,531,558,282,323,27,41,1107
cr1_1991p_00007.cbf,531,559,283,323,28,40,1120
cr1_1991p_00008.cbf,531,559,284,324,28,40,1120
cr1_1992p_00001.cbf,531,559,284,324,28,40,1120
cr1_1992p_00002.cbf,531,559,285,324,28,39,1092
cr1_1992p_00003.cbf,531,559,286,324,28,38,1064
cr1_1992p_00004.cbf,531,558,286,324,27,38,1026
cr1_1992p_00005.cbf,531,558,284,323,27,39,1053
cr1_1992p_00006.cbf,531,558,284,323,27,39,1053
cr1_1992p_00007.cbf,531,559,283,323,28,40,1120
cr1_1992p_00008.cbf,531,559,283,324,28,41,1148
cr1_1993p_00001.cbf,531,559,284,324,28,40,1120
cr1_1993p_00002.cbf,531,559,285,324,28,39,1092
cr1_1993p_00003.cbf,531,559,286,324,28,38,1064
cr1_1993p_00004.cbf,531,558,285,324,27,39,1053
cr1_1993p_00005.cbf,531,559,283,322,28,39,1092
cr1_1993p_00006.cbf,531,558,282,323,27,41,1107
cr1_1993p_00007.cbf,531,559,282,323,28,41,1148
cr1_1993p_00008.cbf,531,559,283,323,28,40,1120
cr1_1994p_00001.cbf,531,559,284,324,28,40,1120
cr1_1994p_00002.cbf,531,559,284,324,28,40,1120
cr1_1994p_00003.cbf,531,559,285,324,28,39,1092
cr1_1994p_00004.cbf,531,558,285,324,27,39,1053
cr1_1994p_00005.cbf,530,558,283,323,28,40,1120
cr1_1994p_00006.cbf,531,558,282,323,27,41,1107
cr1_1994p_00007.cbf,531,558,282,323,27,41,1107
cr1_1994p_00008.cbf,531,559,283,324,28,41,1148
cr1_1995p_00001.cbf,531,559,284,324,28,40,1120
cr1_1995p_00002.cbf,531,559,284,324,28,40,1120
cr1_1995p_00003.cbf,531,559,285,324,28,39,1092
cr1_1995p_00004.cbf,531,558,286,324,27,38,1026
cr1_1995p_00005.cbf,531,558,284,323,27,39,1053
cr1_1995p_00006.cbf,531,558,282,323,27,41,1107
cr1_1995p_00007.cbf,531,559,282,323,28,41,1148
cr1_1995p_00008.cbf,531,559,283,323,28,40,1120
cr1_1996p_00001.cbf,531,559,284,324,28,40,1120
cr1_1996p_00002.cbf,531,559,285,324,28,39,1092
cr1_1996p_00003.cbf,531,559,285,324,28,39,1092
cr1_1996p_00004.cbf,531,558,285,323,27,38,1026
cr1_1996p_00005.cbf,531,558,283,323,27,40,1080
cr1_1996p_00006.cbf,531,558,282,323,27,41,1107
cr1_1996p_00007.cbf,531,559,283,323,28,40,1120
cr1_1996p_00008.cbf,531,559,284,324,28,40,1120
cr1_1997p_00001.cbf,531,559,284,324,28,40,1120
cr1_1997p_00002.cbf,531,559,285,324,28,39,1092
cr1_1997p_00003.cbf,531,559,285,324,28,39,1092
cr1_1997p_00004.cbf,531,558,286,324,27,38,1026
cr1_1997p_00005.cbf,531,558,284,323,27,39,1053
cr1_1997p_00006.cbf,531,559,282,323,28,41,1148
cr1_1997p_00007.cbf,531,559,282,323,28,41,1148
cr1_1997p_00008.cbf,531,559,283,324,28,41,1148
cr1_1998p_00001.cbf,531,559,284,324,28,40,1120
cr1_1998p_00002.cbf,531,559,285,324,28,39,1092
cr1_1998p_00003.cbf,531,559,285,325,28,40,1120
cr1_1998p_00004.cbf,531,559,285,324,28,39,1092
cr1_1998p_00005.cbf,531,558,284,324,27,40,1080
cr1_1998p_00006.cbf,531,559,282,322,28,40,1120
cr1_1998p_00007.cbf,531,559,283,323,28,40,1120
cr1_1998p_00008.cbf,531,559,284,324,28,40,1120
cr1_1999p_00001.cbf,530,559,285,324,29,39,1131
cr1_1999p_00002.cbf,531,559,285,324,28,39,1092
cr1_1999p_00003.cbf,531,559,286,324,28,38,1064
cr1_1999p_00004.cbf,530,559,286,324,29,38,1102
cr1_1999p_00005.cbf,531,559,284,323,28,39,1092
cr1_1999p_00006.cbf,531,559,283,323,28,40,1120
cr1_1999p_00007.cbf,530,559,284,324,29,40,1160
cr1_1999p_00008.cbf,531,559,285,325,28,40,1120
cr1_2000p_00001.cbf,531,559,285,325,28,40,1120
cr1_2000p_00002.cbf,531,559,286,325,28,39,1092
cr1_2000p_00003.cbf,530,559,286,325,29,39,1131
cr1_2000p_00004.cbf,530,558,286,324,28,38,1064
cr1_2000p_00005.cbf,530,559,284,324,29,40,1160
cr1_2000p_00006.cbf,531,559,281,323,28,42,1176
cr1_2000p_00007.cbf,531,559,284,324,28,40,1120
cr1_2000p_00008.cbf,531,559,284,324,28,40,1120
cr1_2001p_00001.cbf,531,559,285,324,28,39,1092
cr1_2001p_00002.cbf,531,559,285,324,28,39,1092
cr1_2001p_00003.cbf,530,559,286,325,29,39,1131
cr1_2001p_00004.cbf,530,559,285,324,29,39,1131
cr1_2001p_00005.cbf,531,559,283,323,28,40,1120
cr1_2001p_00006.cbf,531,559,285,323,28,38,1064
cr1_2001p_00007.cbf,531,559,286,324,28,38,1064
cr1_2001p_00008.cbf,531,559,286,325,28,39,1092
cr1_2002p_00001.cbf,531,559,287,325,28,38,1064
cr1_2002p_00002.cbf,530,559,287,325,29,38,1102
cr1_2002p_00003.cbf,531,559,287,325,28,38,1064
cr1_2002p_00004.cbf,530,559,286,324,29,38,1102
cr1_2002p_00005.cbf,531,559,285,323,28,38,1064
cr1_2002p_00006.cbf,531,559,285,324,28,39,1092
cr1_2002p_00007.cbf,531,559,282,324,28,42,1176
cr1_2002p_00008.cbf,530,559,283,324,29,41,1189
cr1_2003p_00001.cbf,531,559,284,325,28,41,1148
cr1_2003p_00002.cbf,531,559,285,325,28,40,1120
cr1_2003p_00003.cbf,531,559,285,325,28,40,1120
cr1_2003p_00004.cbf,531,559,285,325,28,40,1120
cr1_2003p_00005.cbf,530,558,282,323,28,41,1148
cr1_2003p_00006.cbf,531,559,282,323,28,41,1148
cr1_2003p_00007.cbf,531,559,283,323,28,40,1120
cr1_2003p_00008.cbf,531,559,283,324,28,41,1148
cr1_2004p_00001.cbf,530,559,284,324,29,40,1160
cr1_2004p_00002.cbf,531,559,285,324,28,39,1092
cr1_2004p_00003.cbf,531,559,286,325,28,39,1092
cr1_2004p_00004.cbf,530,559,285,324,29,39,1131
cr1_2004p_00005.cbf,531,558,284,323,27,39,1053
cr1_2004p_00006.cbf,531,558,283,323,27,40,1080
cr1_2004p_00007.cbf,531,559,283,323,28,40,1120
cr1_2004p_00008.cbf,531,559,284,324,28,40,1120
cr1_2005p_00001.cbf,531,559,284,324,28,40,1120
cr1_2005p_00002.cbf,531,559,285,324,28,39,1092
cr1_2005p_00003.cbf,530,559,286,324,29,38,1102
cr1_2005p_00004.cbf,531,559,284,324,28,40,1120
cr1_2005p_00005.cbf,530,558,283,323,28,40,1120
cr1_2005p_00006.cbf,531,558,282,323,27,41,1107
cr1_2005p_00007.cbf,531,559,282,323,28,41,1148
cr1_2005p_00008.cbf,530,559,283,323,29,40,1160
cr1_2006p_00001.cbf,531,559,284,324,28,40,1120
cr1_2006p_00002.cbf,531,559,285,324,28,39,1092
cr1_2006p_00003.cbf,531,559,285,324,28,39,1092
cr1_2006p_00004.cbf,531,559,285,323,28,38,1064
cr1_2006p_00005.cbf,531,559,284,323,28,39,1092
cr1_2006p_00006.cbf,531,559,282,323,28,41,1148
cr1_2006p_00007.cbf,531,559,282,323,28,41,1148
cr1_2006p_00008.cbf,531,559,283,323,28,40,1120
cr1_2007p_00001.cbf,531,559,284,324,28,40,1120
cr1_2007p_00002.cbf,531,559,284,324,28,40,1120
cr1_2007p_00003.cbf,530,559,285,324,29,39,1131
cr1_2007p_00004.cbf,530,559,285,324,29,39,1131
cr1_2007p_00005.cbf,530,559,283,323,29,40,1160
cr1_2007p_00006.cbf,531,559,282,323,28,41,1148
cr1_2007p_00007.cbf,531,559,283,323,28,40,1120
cr1_2007p_00008.cbf,531,559,283,323,28,40,1120
cr1_2008p_00001.cbf,530,559,284,324,29,40,1160
cr1_2008p_00002.cbf,531,559,285,324,28,39,1092
cr1_2008p_00003.cbf,530,559,285,324,29,39,1131
cr1_2008p_00004.cbf,531,559,285,324,28,39,1092
cr1_2008p_00005.cbf,531,559,283,323,28,40,1120
cr1_2008p_00006.cbf,531,559,282,323,28,41,1148
cr1_2008p_00007.cbf,531,559,283,323,28,40,1120
cr1_2008p_00008.cbf,530,559,283,324,29,41,1189
cr1_2009p_00001.cbf,531,559,284,324,28,40,1120
cr1_2009p_00002.cbf,531,559,285,324,28,39,1092
cr1_2009p_00003.cbf,531,559,285,324,28,39,1092
cr1_2009p_00004.cbf,531,559,285,324,28,39,1092
cr1_2009p_00005.cbf,530,559,284,323,29,39,1131
cr1_2009p_00006.cbf,531,559,282,323,28,41,1148
cr1_2009p_00007.cbf,531,559,282,324,28,42,1176
cr1_2009p_00008.cbf,531,559,283,324,28,41,1148
cr1_2010p_00001.cbf,531,559,284,324,28,40,1120
cr1_2010p_00002.cbf,531,559,285,324,28,39,1092
cr1_2010p_00003.cbf,530,559,285,324,29,39,1131
cr1_2010p_00004.cbf,531,559,285,324,28,39,1092
cr1_2010p_00005.cbf,530,559,283,323,29,40,1160
cr1_2010p_00006.cbf,531,558,282,323,27,41,1107
cr1_2010p_00007.cbf,531,559,282,324,28,42,1176
cr1_2010p_00008.cbf,531,559,283,324,28,41,1148
cr1_2011p_00001.cbf,531,559,284,324,28,40,1120
cr1_2011p_00002.cbf,531,559,285,324,28,39,1092
cr1_2011p_00003.cbf,530,559,285,324,29,39,1131
cr1_2011p_00004.cbf,531,559,285,324,28,39,1092
cr1_2011p_00005.cbf,530,559,283,323,29,40,1160
cr1_2011p_00006.cbf,531,559,282,323,28,41,1148
cr1_2011p_00007.cbf,531,559,282,324,28,42,1176
cr1_2011p_00008.cbf,531,559,283,324,28,41,1148
cr1_2012p_00001.cbf,531,559,284,324,28,40,1120
cr1_2012p_00002.cbf,531,559,284,324,28,40,1120
cr1_2012p_00003.cbf,531,559,285,324,28,39,1092
cr1_2012p_00004.cbf,531,559,284,324,28,40,1120
cr1_2012p_00005.cbf,531,559,283,323,28,40,1120
cr1_2012p_00006.cbf,531,558,283,324,27,41,1107
cr1_2012p_00007.cbf,531,559,283,324,28,41,1148
cr1_2012p_00008.cbf,531,559,284,324,28,40,1120
cr1_2013p_00001.cbf,531,559,284,325,28,41,1148
cr1_2013p_00002.cbf,531,559,285,325,28,40,1120
cr1_2013p_00003.cbf,531,559,285,324,28,39,1092
cr1_2013p_00004.cbf,531,559,285,324,28,39,1092
cr1_2013p_00005.cbf,530,559,283,323,29,40,1160
cr1_2013p_00006.cbf,531,559,282,324,28,42,1176
cr1_2013p_00007.cbf,531,559,282,324,28,42,1176
cr1_2013p_00008.cbf,531,559,283,324,28,41,1148
cr1_2014p_00001.cbf,531,560,284,325,29,41,1189
cr1_2014p_00002.cbf,531,559,285,324,28,39,1092
cr1_2014p_00003.cbf,530,559,285,324,29,39,1131
cr1_2014p_00004.cbf,531,559,285,324,28,39,1092
cr1_2014p_00005.cbf,530,559,283,323,29,40,1160
cr1_2014p_00006.cbf,531,559,282,323,28,41,1148
cr1_2014p_00007.cbf,531,559,283,324,28,41,1148
cr1_2014p_00008.cbf,531,560,284,324,29,40,1160
cr1_2015p_00001.cbf,531,560,285,324,29,39,1131
cr1_2015p_00002.cbf,531,560,285,324,29,39,1131
cr1_2015p_00003.cbf,530,559,286,324,29,38,1102
cr1_2015p_00004.cbf,531,559,285,324,28,39,1092
cr1_2015p_00005.cbf,531,559,283,322,28,39,1092
cr1_2015p_00006.cbf,531,559,282,323,28,41,1148
cr1_2015p_00007.cbf,531,559,283,324,28,41,1148
cr1_2015p_00008.cbf,531,560,284,324,29,40,1160
cr1_2016p_00001.cbf,531,560,285,324,29,39,1131
cr1_2016p_00002.cbf,531,560,286,325,29,39,1131
cr1_2016p_00003.cbf,531,559,286,324,28,38,1064
cr1_2016p_00004.cbf,531,559,285,324,28,39,1092
cr1_2016p_00005.cbf,530,559,283,324,29,41,1189
cr1_2016p_00006.cbf,531,560,282,323,29,41,1189
cr1_2016p_00007.cbf,531,560,284,324,29,40,1160
cr1_2016p_00008.cbf,531,560,284,325,29,41,1189
cr1_2017p_00001.cbf,531,560,285,325,29,40,1160
cr1_2017p_00002.cbf,531,560,285,325,29,40,1160
cr1_2017p_00003.cbf,530,560,286,325,30,39,1170
cr1_2017p_00004.cbf,530,560,285,324,30,39,1170
cr1_2017p_00005.cbf,530,560,284,323,30,39,1170
cr1_2017p_00006.cbf,531,560,284,323,29,39,1131
cr1_2017p_00007.cbf,531,560,285,324,29,39,1131
cr1_2017p_00008.cbf,531,560,286,325,29,39,1131
cr1_2018p_00001.cbf,531,560,287,325,29,38,1102
cr1_2018p_00002.cbf,531,560,287,325,29,38,1102
cr1_2018p_00003.cbf,531,560,286,325,29,39,1131
cr1_2018p_00004.cbf,531,560,285,324,29,39,1131
cr1_2018p_00005.cbf,531,560,284,323,29,39,1131
cr1_2018p_00006.cbf,531,560,284,323,29,39,1131
cr1_2018p_00007.cbf,531,560,286,324,29,38,1102
cr1_2018p_00008.cbf,531,560,286,325,29,39,1131
cr1_2019p_00001.cbf,531,560,287,325,29,38,1102
cr1_2019p_00002.cbf,531,560,287,325,29,38,1102
cr1_2019p_00003.cbf,531,560,286,325,29,39,1131
cr1_2019p_00004.cbf,531,560,285,324,29,39,1131
cr1_2019p_00005.cbf,531,560,284,323,29,39,1131
cr1_2019p_00006.cbf,531,560,285,324,29,39,1131
cr1_2019p_00007.cbf,531,560,286,324,29,38,1102
cr1_2019p_00008.cbf,531,560,286,325,29,39,1131
cr1_2020p_00001.cbf,531,560,287,325,29,38,1102
cr1_2020p_00002.cbf,531,560,287,325,29,38,1102
cr1_2020p_00003.cbf,531,560,286,325,29,39,1131
cr1_2020p_00004.cbf,531,560,285,324,29,39,1131
cr1_2020p_00005.cbf,530,560,285,324,30,39,1170
cr1_2020p_00006.cbf,531,560,284,323,29,39,1131
cr1_2020p_00007.cbf,531,560,286,324,29,38,1102
cr1_2020p_00008.cbf,531,560,287,325,29,38,1102
cr1_2021p_00001.cbf,531,560,287,326,29,39,1131
cr1_2021p_00002.cbf,531,560,287,325,29,38,1102
cr1_2021p_00003.cbf,531,560,286,325,29,39,1131
cr1_2021p_00004.cbf,531,560,286,324,29,38,1102
cr1_2021p_00005.cbf,531,560,284,323,29,39,1131
cr1_2021p_00006.cbf,531,560,285,324,29,39,1131
cr1_2021p_00007.cbf,531,560,286,324,29,38,1102
cr1_2021p_00008.cbf,531,560,287,325,29,38,1102
cr1_2022p_00001.cbf,531,560,287,325,29,38,1102
cr1_2022p_00002.cbf,531,560,287,325,29,38,1102
cr1_2022p_00003.cbf,530,560,287,325,30,38,1140
cr1_2022p_00004.cbf,530,560,285,324,30,39,1170
cr1_2022p_00005.cbf,531,560,285,324,29,39,1131
cr1_2022p_00006.cbf,531,560,285,324,29,39,1131
cr1_2022p_00007.cbf,531,560,286,325,29,39,1131
cr1_2022p_00008.cbf,531,560,287,325,29,38,1102
cr1_2023p_00001.cbf,531,560,287,326,29,39,1131
cr1_2023p_00002.cbf,531,560,287,325,29,38,1102
cr1_2023p_00003.cbf,531,560,287,325,29,38,1102
cr1_2023p_00004.cbf,531,560,286,324,29,38,1102
cr1_2023p_00005.cbf,531,560,285,324,29,39,1131
cr1_2023p_00006.cbf,531,560,285,324,29,39,1131
cr1_2023p_00007.cbf,531,560,286,325,29,39,1131
cr1_2023p_00008.cbf,531,560,287,325,29,38,1102
cr1_2024p_00001.cbf,531,560,287,326,29,39,1131
cr1_2024p_00002.cbf,531,560,287,326,29,39,1131
cr1_2024p_00003.cbf,531,560,286,325,29,39,1131
cr1_2024p_00004.cbf,531,560,285,324,29,39,1131
cr1_2024p_00005.cbf,531,560,284,323,29,39,1131
cr1_2024p_00006.cbf,531,560,285,324,29,39,1131
cr1_2024p_00007.cbf,531,560,286,324,29,38,1102
cr1_2024p_00008.cbf,531,561,287,325,30,38,1140
cr1_2025p_00001.cbf,531,560,287,326,29,39,1131
cr1_2025p_00002.cbf,531,560,287,326,29,39,1131
cr1_2025p_00003.cbf,531,560,287,325,29,38,1102
cr1_2025p_00004.cbf,531,560,286,325,29,39,1131
cr1_2025p_00005.cbf,531,560,285,324,29,39,1131
cr1_2025p_00006.cbf,531,560,285,324,29,39,1131
cr1_2025p_00007.cbf,531,560,286,325,29,39,1131
cr1_2025p_00008.cbf,531,560,287,325,29,38,1102
cr1_2026p_00001.cbf,531,561,288,326,30,38,1140
cr1_2026p_00002.cbf,531,560,287,325,29,38,1102
cr1_2026p_00003.cbf,531,560,287,325,29,38,1102
cr1_2026p_00004.cbf,531,560,286,324,29,38,1102
cr1_2026p_00005.cbf,531,560,285,324,29,39,1131
cr1_2026p_00006.cbf,531,560,286,325,29,39,1131
cr1_2026p_00007.cbf,531,560,286,325,29,39,1131
cr1_2026p_00008.cbf,531,560,287,325,29,38,1102
cr1_2027p_00001.cbf,531,560,288,326,29,38,1102
cr1_2027p_00002.cbf,531,560,288,326,29,38,1102
cr1_2027p_00003.cbf,531,560,287,325,29,38,1102
cr1_2027p_00004.cbf,531,560,286,325,29,39,1131
cr1_2027p_00005.cbf,530,560,284,324,30,40,1200
cr1_2027p_00006.cbf,531,560,282,324,29,42,1218
cr1_2027p_00007.cbf,531,560,282,324,29,42,1218
cr1_2027p_00008.cbf,531,560,282,325,29,43,1247
cr1_2028p_00001.cbf,531,561,284,325,30,41,1230
cr1_2028p_00002.cbf,531,560,285,325,29,40,1160
cr1_2028p_00003.cbf,531,560,286,325,29,39,1131
cr1_2028p_00004.cbf,531,560,284,325,29,41,1189
cr1_2028p_00005.cbf,531,559,282,324,28,42,1176
cr1_2028p_00006.cbf,531,560,282,324,29,42,1218
cr1_2028p_00007.cbf,531,560,283,325,29,42,1218
cr1_2028p_00008.cbf,531,561,283,325,30,42,1260
cr1_2029p_00001.cbf,531,561,284,325,30,41,1230
cr1_2029p_00002.cbf,531,561,285,325,30,40,1200
cr1_2029p_00003.cbf,531,560,286,325,29,39,1131
cr1_2029p_00004.cbf,531,560,285,324,29,39,1131
cr1_2029p_00005.cbf,531,560,285,323,29,38,1102
cr1_2029p_00006.cbf,531,560,285,323,29,38,1102
cr1_2029p_00007.cbf,531,560,286,324,29,38,1102
cr1_2029p_00008.cbf,531,561,287,325,30,38,1140
cr1_2030p_00001.cbf,531,561,287,325,30,38,1140
cr1_2030p_00002.cbf,531,561,287,325,30,38,1140
cr1_2030p_00003.cbf,531,560,287,325,29,38,1102
cr1_2030p_00004.cbf,531,560,286,324,29,38,1102
cr1_2030p_00005.cbf,531,560,285,323,29,38,1102
cr1_2030p_00006.cbf,531,560,286,324,29,38,1102
cr1_2030p_00007.cbf,531,561,286,325,30,39,1170
cr1_2030p_00008.cbf,531,561,287,325,30,38,1140
cr1_2031p_00001.cbf,531,561,287,325,30,38,1140
cr1_2031p_00002.cbf,531,561,287,325,30,38,1140
cr1_2031p_00003.cbf,531,561,287,325,30,38,1140
cr1_2031p_00004.cbf,531,560,286,324,29,38,1102
cr1_2031p_00005.cbf,530,560,285,324,30,39,1170
cr1_2031p_00006.cbf,531,560,286,324,29,38,1102
cr1_2031p_00007.cbf,531,561,286,325,30,39,1170
cr1_2031p_00008.cbf,531,561,287,325,30,38,1140
cr1_2032p_00001.cbf,530,561,287,326,31,39,1209
cr1_2032p_00002.cbf,531,561,288,326,30,38,1140
cr1_2032p_00003.cbf,530,560,287,325,30,38,1140
cr1_2032p_00004.cbf,530,560,286,325,30,39,1170
cr1_2032p_00005.cbf,530,560,286,324,30,38,1140
cr1_2032p_00006.cbf,531,560,283,324,29,41,1189
cr1_2032p_00007.cbf,531,561,283,324,30,41,1230
cr1_2032p_00008.cbf,531,561,284,325,30,41,1230
cr1_2033p_00001.cbf,531,561,285,325,30,40,1200
cr1_2033p_00002.cbf,531,561,286,326,30,40,1200
cr1_2033p_00003.cbf,531,561,286,325,30,39,1170
cr1_2033p_00004.cbf,531,561,286,324,30,38,1140
cr1_2033p_00005.cbf,531,560,285,324,29,39,1131
cr1_2033p_00006.cbf,530,560,285,324,30,39,1170
cr1_2033p_00007.cbf,531,561,284,325,30,41,1230
cr1_2033p_00008.cbf,531,561,284,326,30,42,1260
cr1_2034p_00001.cbf,530,561,285,326,31,41,1271
cr1_2034p_00002.cbf,531,561,286,326,30,40,1200
cr1_2034p_00003.cbf,531,561,286,326,30,40,1200
cr1_2034p_00004.cbf,531,560,286,325,29,39,1131
cr1_2034p_00005.cbf,531,560,282,323,29,41,1189
cr1_2034p_00006.cbf,531,561,282,324,30,42,1260
cr1_2034p_00007.cbf,531,561,284,325,30,41,1230
cr1_2034p_00008.cbf,531,561,284,325,30,41,1230
cr1_2035p_00001.cbf,530,561,285,326,31,41,1271
cr1_2035p_00002.cbf,531,561,285,326,30,41,1230
cr1_2035p_00003.cbf,530,561,286,325,31,39,1209
cr1_2035p_00004.cbf,530,560,286,325,30,39,1170
cr1_2035p_00005.cbf,530,560,283,325,30,42,1260
cr1_2035p_00006.cbf,531,560,282,324,29,42,1218
cr1_2035p_00007.cbf,530,561,282,324,31,42,1302
cr1_2035p_00008.cbf,531,561,283,325,30,42,1260
cr1_2036p_00001.cbf,531,561,284,325,30,41,1230
cr1_2036p_00002.cbf,531,561,285,325,30,40,1200
cr1_2036p_00003.cbf,530,561,285,325,31,40,1240
cr1_2036p_00004.cbf,530,561,286,325,31,39,1209
cr1_2036p_00005.cbf,530,560,285,324,30,39,1170
cr1_2036p_00006.cbf,531,560,285,324,29,39,1131
cr1_2036p_00007.cbf,531,561,286,325,30,39,1170
cr1_2036p_00008.cbf,531,561,287,325,30,38,1140
cr1_2037p_00001.cbf,530,561,287,326,31,39,1209
cr1_2037p_00002.cbf,530,561,288,326,31,38,1178
cr1_2037p_00003.cbf,530,561,287,325,31,38,1178
cr1_2037p_00004.cbf,531,560,286,324,29,38,1102
cr1_2037p_00005.cbf,530,560,286,324,30,38,1140
cr1_2037p_00006.cbf,530,560,285,324,30,39,1170
cr1_2037p_00007.cbf,531,561,286,325,30,39,1170
cr1_2037p_00008.cbf,530,561,287,325,31,38,1178
cr1_2038p_00001.cbf,530,561,287,326,31,39,1209
cr1_2038p_00002.cbf,531,561,287,326,30,39,1170
cr1_2038p_00003.cbf,531,560,287,325,29,38,1102
cr1_2038p_00004.cbf,530,560,287,325,30,38,1140
cr1_2038p_00005.cbf,530,560,284,326,30,42,1260
cr1_2038p_00006.cbf,531,560,280,324,29,44,1276
cr1_2038p_00007.cbf,531,560,281,324,29,43,1247
cr1_2038p_00008.cbf,531,561,282,324,30,42,1260
cr1_2039p_00001.cbf,531,561,283,325,30,42,1260
cr1_2039p_00002.cbf,531,561,284,325,30,41,1230
cr1_2039p_00003.cbf,530,561,285,325,31,40,1240
cr1_2039p_00004.cbf,531,560,286,325,29,39,1131
cr1_2039p_00005.cbf,530,560,284,325,30,41,1230
cr1_2039p_00006.cbf,531,560,283,324,29,41,1189
cr1_2039p_00007.cbf,531,560,284,324,29,40,1160
cr1_2039p_00008.cbf,531,561,284,324,30,40,1200
cr1_2040p_00001.cbf,531,561,284,325,30,41,1230
cr1_2040p_00002.cbf,531,561,285,325,30,40,1200
cr1_2040p_00003.cbf,530,560,286,325,30,39,1170
cr1_2040p_00004.cbf,531,560,286,324,29,38,1102
cr1_2040p_00005.cbf,530,560,284,325,30,41,1230
cr1_2040p_00006.cbf,531,560,283,324,29,41,1189
cr1_2040p_00007.cbf,531,560,283,324,29,41,1189
cr1_2040p_00008.cbf,531,561,284,324,30,40,1200
cr1_2041p_00001.cbf,531,561,285,325,30,40,1200
cr1_2041p_00002.cbf,531,561,285,325,30,40,1200
cr1_2041p_00003.cbf,531,560,286,325,29,39,1131
cr1_2041p_00004.cbf,530,560,286,325,30,39,1170
cr1_2041p_00005.cbf,531,560,284,324,29,40,1160
cr1_2041p_00006.cbf,531,560,282,324,29,42,1218
cr1_2041p_00007.cbf,531,560,283,324,29,41,1189
cr1_2041p_00008.cbf,531,561,283,324,30,41,1230
cr1_2042p_00001.cbf,531,561,284,325,30,41,1230
cr1_2042p_00002.cbf,531,561,285,325,30,40,1200
cr1_2042p_00003.cbf,530,560,285,325,30,40,1200
cr1_2042p_00004.cbf,530,560,285,324,30,39,1170
cr1_2042p_00005.cbf,530,560,285,324,30,39,1170
cr1_2042p_00006.cbf,531,560,285,324,29,39,1131
cr1_2042p_00007.cbf,531,560,286,324,29,38,1102
cr1_2042p_00008.cbf,531,560,287,325,29,38,1102
cr1_2043p_00001.cbf,531,561,287,326,30,39,1170
cr1_2043p_00002.cbf,531,560,287,325,29,38,1102
cr1_2043p_00003.cbf,530,560,287,325,30,38,1140
cr1_2043p_00004.cbf,530,560,285,324,30,39,1170
cr1_2043p_00005.cbf,531,560,285,323,29,38,1102
cr1_2043p_00006.cbf,530,560,286,324,30,38,1140
cr1_2043p_00007.cbf,531,560,285,325,29,40,1160
cr1_2043p_00008.cbf,531,561,285,325,30,40,1200
cr1_2044p_00001.cbf,531,561,286,326,30,40,1200
cr1_2044p_00002.cbf,531,560,286,326,29,40,1160
cr1_2044p_00003.cbf,531,560,287,325,29,38,1102
cr1_2044p_00004.cbf,531,560,285,325,29,40,1160
cr1_2044p_00005.cbf,530,560,283,324,30,41,1230
cr1_2044p_00006.cbf,531,560,282,324,29,42,1218
cr1_2044p_00007.cbf,531,560,283,324,29,41,1189
cr1_2044p_00008.cbf,531,561,283,324,30,41,1230
cr1_2045p_00001.cbf,531,561,284,325,30,41,1230
cr1_2045p_00002.cbf,531,560,285,325,29,40,1160
cr1_2045p_00003.cbf,530,560,285,325,30,40,1200
cr1_2045p_00004.cbf,531,560,285,324,29,39,1131
cr1_2045p_00005.cbf,531,560,284,323,29,39,1131
cr1_2045p_00006.cbf,531,560,285,323,29,38,1102
cr1_2045p_00007.cbf,531,561,286,324,30,38,1140
cr1_2045p_00008.cbf,531,561,287,325,30,38,1140
cr1_2046p_00001.cbf,531,561,288,326,30,38,1140
cr1_2046p_00002.cbf,531,561,287,326,30,39,1170
cr1_2046p_00003.cbf,530,560,287,325,30,38,1140
cr1_2046p_00004.cbf,530,560,286,324,30,38,1140
cr1_2046p_00005.cbf,530,560,285,323,30,38,1140
cr1_2046p_00006.cbf,531,561,285,324,30,39,1170
cr1_2046p_00007.cbf,531,561,286,324,30,38,1140
cr1_2046p_00008.cbf,530,561,287,325,31,38,1178
cr1_2047p_00001.cbf,531,561,288,325,30,37,1110
cr1_2047p_00002.cbf,531,561,287,325,30,38,1140
cr1_2047p_00003.cbf,531,561,287,325,30,38,1140
cr1_2047p_00004.cbf,531,560,286,324,29,38,1102
cr1_2047p_00005.cbf,531,561,284,323,30,39,1170
cr1_2047p_00006.cbf,531,561,285,323,30,38,1140
cr1_2047p_00007.cbf,531,561,286,324,30,38,1140
cr1_2047p_00008.cbf,531,561,287,325,30,38,1140
cr1_2048p_00001.cbf,531,561,288,326,30,38,1140
cr1_2048p_00002.cbf,531,561,287,326,30,39,1170
cr1_2048p_00003.cbf,531,561,287,325,30,38,1140
cr1_2048p_00004.cbf,531,561,285,324,30,39,1170
cr1_2048p_00005.cbf,531,561,284,323,30,39,1170
cr1_2048p_00006.cbf,531,561,285,323,30,38,1140
cr1_2048p_00007.cbf,531,561,286,324,30,38,1140
cr1_2048p_00008.cbf,531,561,287,325,30,38,1140
cr1_2049p_00001.cbf,531,561,287,326,30,39,1170
cr1_2049p_00002.cbf,530,561,288,326,31,38,1178
cr1_2049p_00003.cbf,531,561,287,325,30,38,1140
cr1_2049p_00004.cbf,531,560,286,324,29,38,1102
cr1_2049p_00005.cbf,531,560,285,324,29,39,1131
cr1_2049p_00006.cbf,531,561,285,323,30,38,1140
cr1_2049p_00007.cbf,531,561,286,325,30,39,1170
cr1_2049p_00008.cbf,531,561,287,325,30,38,1140
cr1_2050p_00001.cbf,531,561,288,326,30,38,1140
cr1_2050p_00002.cbf,531,561,288,326,30,38,1140
cr1_2050p_00003.cbf,531,560,287,326,29,39,1131
cr1_2050p_00004.cbf,531,560,286,325,29,39,1131
cr1_2050p_00005.cbf,531,560,283,324,29,41,1189
cr1_2050p_00006.cbf,531,560,281,323,29,42,1218
cr1_2050p_00007.cbf,531,560,281,324,29,43,1247
cr1_2050p_00008.cbf,531,561,282,324,30,42,1260
cr1_2051p_00001.cbf,531,561,283,325,30,42,1260
cr1_2051p_00002.cbf,531,561,284,325,30,41,1230
cr1_2051p_00003.cbf,531,560,285,325,29,40,1160
cr1_2051p_00004.cbf,531,560,284,325,29,41,1189
cr1_2051p_00005.cbf,531,560,283,324,29,41,1189
cr1_2051p_00006.cbf,531,560,282,324,29,42,1218
cr1_2051p_00007.cbf,531,560,283,324,29,41,1189
cr1_2051p_00008.cbf,531,560,284,324,29,40,1160
cr1_2052p_00001.cbf,531,561,284,325,30,41,1230
cr1_2052p_00002.cbf,530,560,285,325,30,40,1200
cr1_2052p_00003.cbf,531,560,285,325,29,40,1160
cr1_2052p_00004.cbf,531,560,286,324,29,38,1102
cr1_2052p_00005.cbf,531,560,285,324,29,39,1131
cr1_2052p_00006.cbf,531,560,285,324,29,39,1131
cr1_2052p_00007.cbf,531,560,286,324,29,38,1102
cr1_2052p_00008.cbf,531,561,287,325,30,38,1140
cr1_2053p_00001.cbf,531,561,287,326,30,39,1170
cr1_2053p_00002.cbf,531,561,287,326,30,39,1170
cr1_2053p_00003.cbf,531,560,287,325,29,38,1102
cr1_2053p_00004.cbf,531,560,286,324,29,38,1102
cr1_2053p_00005.cbf,531,560,285,323,29,38,1102
cr1_2053p_00006.cbf,531,560,285,323,29,38,1102
cr1_2053p_00007.cbf,531,560,286,324,29,38,1102
cr1_2053p_00008.cbf,531,561,287,325,30,38,1140
cr1_2054p_00001.cbf,531,561,288,326,30,38,1140
cr1_2054p_00002.cbf,531,560,288,326,29,38,1102
cr1_2054p_00003.cbf,531,560,287,325,29,38,1102
cr1_2054p_00004.cbf,531,560,286,324,29,38,1102
cr1_2054p_00005.cbf,531,560,285,323,29,38,1102
cr1_2054p_00006.cbf,531,560,285,324,29,39,1131
cr1_2054p_00007.cbf,530,560,287,325,30,38,1140
cr1_2054p_00008.cbf,531,560,287,325,29,38,1102
cr1_2055p_00001.cbf,531,561,288,326,30,38,1140
cr1_2055p_00002.cbf,531,560,288,326,29,38,1102
cr1_2055p_00003.cbf,531,560,287,325,29,38,1102
cr1_2055p_00004.cbf,531,560,286,324,29,38,1102
cr1_2055p_00005.cbf,531,560,285,323,29,38,1102
cr1_2055p_00006.cbf,531,560,285,323,29,38,1102
cr1_2055p_00007.cbf,531,560,286,324,29,38,1102
cr1_2055p_00008.cbf,531,560,287,325,29,38,1102
cr1_2056p_00001.cbf,531,560,288,326,29,38,1102
cr1_2056p_00002.cbf,531,560,288,326,29,38,1102
cr1_2056p_00003.cbf,531,560,287,325,29,38,1102
cr1_2056p_00004.cbf,531,560,286,324,29,38,1102
cr1_2056p_00005.cbf,531,560,285,323,29,38,1102
cr1_2056p_00006.cbf,531,560,286,324,29,38,1102
cr1_2056p_00007.cbf,531,560,287,325,29,38,1102
cr1_2056p_00008.cbf,530,560,287,325,30,38,1140
cr1_2057p_00001.cbf,531,560,288,326,29,38,1102
cr1_2057p_00002.cbf,531,560,288,326,29,38,1102
cr1_2057p_00003.cbf,531,560,287,325,29,38,1102
cr1_2057p_00004.cbf,531,560,286,324,29,38,1102
cr1_2057p_00005.cbf,531,560,285,323,29,38,1102
cr1_2057p_00006.cbf,531,560,286,324,29,38,1102
cr1_2057p_00007.cbf,531,560,287,325,29,38,1102
cr1_2057p_00008.cbf,531,560,287,325,29,38,1102
cr1_2058p_00001.cbf,531,561,288,326,30,38,1140
cr1_2058p_00002.cbf,531,560,288,326,29,38,1102
cr1_2058p_00003.cbf,531,560,287,325,29,38,1102
cr1_2058p_00004.cbf,531,560,286,324,29,38,1102
cr1_2058p_00005.cbf,531,560,285,324,29,39,1131
cr1_2058p_00006.cbf,531,560,286,324,29,38,1102
cr1_2058p_00007.cbf,530,560,287,324,30,37,1110
cr1_2058p_00008.cbf,531,560,288,325,29,37,1073
cr1_2059p_00001.cbf,531,560,288,326,29,38,1102
cr1_2059p_00002.cbf,531,560,288,326,29,38,1102
cr1_2059p_00003.cbf,531,560,288,325,29,37,1073
cr1_2059p_00004.cbf,531,560,286,325,29,39,1131
cr1_2059p_00005.cbf,531,560,285,324,29,39,1131
cr1_2059p_00006.cbf,531,560,283,324,29,41,1189
cr1_2059p_00007.cbf,531,560,283,324,29,41,1189
cr1_2059p_00008.cbf,531,560,284,325,29,41,1189
cr1_2060p_00001.cbf,531,561,285,325,30,40,1200
cr1_2060p_00002.cbf,531,560,286,325,29,39,1131
cr1_2060p_00003.cbf,530,560,286,325,30,39,1170
cr1_2060p_00004.cbf,530,560,286,324,30,38,1140
cr1_2060p_00005.cbf,531,560,285,324,29,39,1131
cr1_2060p_00006.cbf,531,560,284,324,29,40,1160
cr1_2060p_00007.cbf,531,560,285,325,29,40,1160
cr1_2060p_00008.cbf,531,560,287,325,29,38,1102
cr1_2061p_00001.cbf,531,560,287,326,29,39,1131
cr1_2061p_00002.cbf,531,560,287,326,29,39,1131
cr1_2061p_00003.cbf,531,560,287,325,29,38,1102
cr1_2061p_00004.cbf,531,560,286,324,29,38,1102
cr1_2061p_00005.cbf,531,560,286,324,29,38,1102
cr1_2061p_00006.cbf,531,560,286,324,29,38,1102
cr1_2061p_00007.cbf,531,560,286,325,29,39,1131
cr1_2061p_00008.cbf,531,561,287,325,30,38,1140
cr1_2062p_00001.cbf,531,560,288,326,29,38,1102
cr1_2062p_00002.cbf,531,560,288,326,29,38,1102
cr1_2062p_00003.cbf,531,560,287,325,29,38,1102
cr1_2062p_00004.cbf,531,560,286,324,29,38,1102
cr1_2062p_00005.cbf,531,560,286,324,29,38,1102
cr1_2062p_00006.cbf,531,560,286,324,29,38,1102
cr1_2062p_00007.cbf,531,560,287,325,29,38,1102
cr1_2062p_00008.cbf,531,560,288,325,29,37,1073
cr1_2063p_00001.cbf,531,560,288,326,29,38,1102
cr1_2063p_00002.cbf,531,560,288,326,29,38,1102
cr1_2063p_00003.cbf,531,560,287,325,29,38,1102
cr1_2063p_00004.cbf,531,560,286,324,29,38,1102
cr1_2063p_00005.cbf,531,560,286,324,29,38,1102
cr1_2063p_00006.cbf,531,560,286,324,29,38,1102
