,filename,y_min,y_max,x_min,x_max,height,width,size
0,cr1_0001p_00001.cbf,493,601,236,346,108,110,11880
1,cr1_0001p_00002.cbf,493,600,236,349,107,113,12091
2,cr1_0001p_00003.cbf,491,599,237,350,108,113,12204
3,cr1_0001p_00004.cbf,492,598,240,351,106,111,11766
4,cr1_0001p_00005.cbf,491,599,241,351,108,110,11880
5,cr1_0001p_00006.cbf,489,601,238,352,112,114,12768
6,cr1_0001p_00007.cbf,491,601,236,350,110,114,12540
7,cr1_0001p_00008.cbf,492,599,236,351,107,115,12305
8,cr1_0002p_00001.cbf,490,600,237,352,110,115,12650
9,cr1_0002p_00002.cbf,490,601,237,348,111,111,12321
10,cr1_0002p_00003.cbf,490,599,237,349,109,112,12208
11,cr1_0002p_00004.cbf,490,601,237,348,111,111,12321
12,cr1_0002p_00005.cbf,491,599,235,352,108,117,12636
13,cr1_0002p_00006.cbf,489,599,237,349,110,112,12320
14,cr1_0002p_00007.cbf,489,602,236,351,113,115,12995
15,cr1_0002p_00008.cbf,490,601,236,350,111,114,12654
16,cr1_0003p_00001.cbf,491,597,238,351,106,113,11978
17,cr1_0003p_00002.cbf,490,600,237,349,110,112,12320
18,cr1_0003p_00003.cbf,491,601,236,351,110,115,12650
19,cr1_0003p_00004.cbf,489,601,237,350,112,113,12656
20,cr1_0003p_00005.cbf,490,600,234,349,110,115,12650
21,cr1_0003p_00006.cbf,491,600,234,349,109,115,12535
22,cr1_0003p_00007.cbf,489,598,236,349,109,113,12317
23,cr1_0003p_00008.cbf,490,601,237,349,111,112,12432
24,cr1_0004p_00001.cbf,489,600,238,354,111,116,12876
25,cr1_0004p_00002.cbf,492,601,238,352,109,114,12426
26,cr1_0004p_00003.cbf,490,600,237,350,110,113,12430
27,cr1_0004p_00004.cbf,492,598,235,348,106,113,11978
28,cr1_0004p_00005.cbf,489,600,237,350,111,113,12543
29,cr1_0004p_00006.cbf,490,599,234,349,109,115,12535
30,cr1_0004p_00007.cbf,488,600,235,349,112,114,12768
31,cr1_0004p_00008.cbf,489,599,237,351,110,114,12540
32,cr1_0005p_00001.cbf,491,601,240,351,110,111,12210
33,cr1_0005p_00002.cbf,489,599,239,352,110,113,12430
34,cr1_0005p_00003.cbf,492,602,235,349,110,114,12540
35,cr1_0005p_00004.cbf,490,597,235,350,107,115,12305
36,cr1_0005p_00005.cbf,490,602,238,349,112,111,12432
37,cr1_0005p_00006.cbf,488,599,234,348,111,114,12654
38,cr1_0005p_00007.cbf,490,598,237,348,108,111,11988
39,cr1_0005p_00008.cbf,490,601,237,351,111,114,12654
40,cr1_0006p_00001.cbf,490,599,241,353,109,112,12208
41,cr1_0006p_00002.cbf,490,599,237,351,109,114,12426
42,cr1_0006p_00003.cbf,490,599,236,351,109,115,12535
43,cr1_0006p_00004.cbf,491,598,235,349,107,114,12198
44,cr1_0006p_00005.cbf,490,599,234,350,109,116,12644
45,cr1_0006p_00006.cbf,490,600,234,351,110,117,12870
46,cr1_0006p_00007.cbf,490,598,236,351,108,115,12420
47,cr1_0006p_00008.cbf,490,599,238,351,109,113,12317
48,cr1_0007p_00001.cbf,491,600,239,353,109,114,12426
49,cr1_0007p_00002.cbf,490,601,238,353,111,115,12765
50,cr1_0007p_00003.cbf,491,597,238,353,106,115,12190
51,cr1_0007p_00004.cbf,489,599,237,348,110,111,12210
52,cr1_0007p_00005.cbf,490,599,235,350,109,115,12535
53,cr1_0007p_00006.cbf,491,600,236,348,109,112,12208
54,cr1_0007p_00007.cbf,488,599,236,351,111,115,12765
55,cr1_0007p_00008.cbf,491,599,239,352,108,113,12204
56,cr1_0008p_00001.cbf,490,600,239,353,110,114,12540
57,cr1_0008p_00002.cbf,489,598,238,353,109,115,12535
58,cr1_0008p_00003.cbf,489,599,236,353,110,117,12870
59,cr1_0008p_00004.cbf,492,600,237,351,108,114,12312
60,cr1_0008p_00005.cbf,487,601,236,351,114,115,13110
61,cr1_0008p_00006.cbf,489,600,237,352,111,115,12765
62,cr1_0008p_00007.cbf,490,599,239,351,109,112,12208
63,cr1_0008p_00008.cbf,488,599,238,350,111,112,12432
64,cr1_0009p_00001.cbf,490,599,239,353,109,114,12426
65,cr1_0009p_00002.cbf,489,599,237,353,110,116,12760
66,cr1_0009p_00003.cbf,490,599,239,351,109,112,12208
67,cr1_0009p_00004.cbf,490,599,235,351,109,116,12644
68,cr1_0009p_00005.cbf,490,600,235,350,110,115,12650
69,cr1_0009p_00006.cbf,490,599,235,349,109,114,12426
70,cr1_0009p_00007.cbf,490,597,235,351,107,116,12412
71,cr1_0009p_00008.cbf,489,598,238,351,109,113,12317
72,cr1_0010p_00001.cbf,490,600,240,354,110,114,12540
73,cr1_0010p_00002.cbf,492,596,237,352,104,115,11960
74,cr1_0010p_00003.cbf,489,599,238,351,110,113,12430
75,cr1_0010p_00004.cbf,490,598,235,350,108,115,12420
76,cr1_0010p_00005.cbf,490,600,235,351,110,116,12760
77,cr1_0010p_00006.cbf,488,599,235,355,111,120,13320
78,cr1_0010p_00007.cbf,487,600,238,353,113,115,12995
79,cr1_0010p_00008.cbf,491,599,239,353,108,114,12312
80,cr1_0011p_00001.cbf,487,600,239,354,113,115,12995
81,cr1_0011p_00002.cbf,488,598,237,353,110,116,12760
82,cr1_0011p_00003.cbf,488,599,238,351,111,113,12543
83,cr1_0011p_00004.cbf,490,599,238,352,109,114,12426
84,cr1_0011p_00005.cbf,489,596,235,350,107,115,12305
85,cr1_0011p_00006.cbf,491,597,235,352,106,117,12402
86,cr1_0011p_00007.cbf,489,598,237,353,109,116,12644
87,cr1_0011p_00008.cbf,491,599,238,355,108,117,12636
88,cr1_0012p_00001.cbf,490,599,239,353,109,114,12426
89,cr1_0012p_00002.cbf,489,597,239,353,108,114,12312
90,cr1_0012p_00003.cbf,489,597,238,352,108,114,12312
91,cr1_0012p_00004.cbf,491,596,238,350,105,112,11760
92,cr1_0012p_00005.cbf,492,595,235,352,103,117,12051
93,cr1_0012p_00006.cbf,489,598,237,351,109,114,12426
94,cr1_0012p_00007.cbf,488,599,239,352,111,113,12543
95,cr1_0012p_00008.cbf,490,599,239,353,109,114,12426
96,cr1_0013p_00001.cbf,490,597,240,356,107,116,12412
97,cr1_0013p_00002.cbf,491,598,239,354,107,115,12305
98,cr1_0013p_00003.cbf,487,600,239,352,113,113,12769
99,cr1_0013p_00004.cbf,490,598,238,352,108,114,12312
100,cr1_0013p_00005.cbf,488,600,238,350,112,112,12544
101,cr1_0013p_00006.cbf,490,600,236,353,110,117,12870
102,cr1_0013p_00007.cbf,490,597,239,353,107,114,12198
103,cr1_0013p_00008.cbf,489,596,238,352,107,114,12198
104,cr1_0014p_00001.cbf,490,596,239,354,106,115,12190
105,cr1_0014p_00002.cbf,491,598,239,353,107,114,12198
106,cr1_0014p_00003.cbf,491,598,239,351,107,112,11984
107,cr1_0014p_00004.cbf,491,596,236,353,105,117,12285
108,cr1_0014p_00005.cbf,492,596,236,350,104,114,11856
109,cr1_0014p_00006.cbf,488,596,236,353,108,117,12636
110,cr1_0014p_00007.cbf,489,596,240,354,107,114,12198
111,cr1_0014p_00008.cbf,489,597,240,354,108,114,12312
112,cr1_0015p_00001.cbf,490,597,239,354,107,115,12305
113,cr1_0015p_00002.cbf,491,597,239,352,106,113,11978
114,cr1_0015p_00003.cbf,489,599,238,353,110,115,12650
115,cr1_0015p_00004.cbf,490,599,236,352,109,116,12644
116,cr1_0015p_00005.cbf,491,597,238,350,106,112,11872
117,cr1_0015p_00006.cbf,490,597,239,353,107,114,12198
118,cr1_0015p_00007.cbf,488,600,238,354,112,116,12992
119,cr1_0015p_00008.cbf,492,596,240,353,104,113,11752
120,cr1_0016p_00001.cbf,489,595,241,353,106,112,11872
121,cr1_0016p_00002.cbf,490,599,237,355,109,118,12862
122,cr1_0016p_00003.cbf,491,597,237,354,106,117,12402
123,cr1_0016p_00004.cbf,490,596,238,353,106,115,12190
124,cr1_0016p_00005.cbf,492,596,238,352,104,114,11856
125,cr1_0016p_00006.cbf,490,597,240,352,107,112,11984
126,cr1_0016p_00007.cbf,490,597,240,354,107,114,12198
127,cr1_0016p_00008.cbf,491,597,240,354,106,114,12084
128,cr1_0017p_00001.cbf,488,595,240,354,107,114,12198
129,cr1_0017p_00002.cbf,490,597,239,354,107,115,12305
130,cr1_0017p_00003.cbf,491,596,240,354,105,114,11970
131,cr1_0017p_00004.cbf,490,595,239,355,105,116,12180
132,cr1_0017p_00005.cbf,490,596,239,353,106,114,12084
133,cr1_0017p_00006.cbf,491,596,239,354,105,115,12075
134,cr1_0017p_00007.cbf,490,598,241,356,108,115,12420
135,cr1_0017p_00008.cbf,490,596,241,353,106,112,11872
136,cr1_0018p_00001.cbf,490,597,240,354,107,114,12198
137,cr1_0018p_00002.cbf,487,599,240,356,112,116,12992
138,cr1_0018p_00003.cbf,490,599,240,356,109,116,12644
139,cr1_0018p_00004.cbf,489,598,239,354,109,115,12535
140,cr1_0018p_00005.cbf,490,597,240,354,107,114,12198
141,cr1_0018p_00006.cbf,489,596,240,355,107,115,12305
142,cr1_0018p_00007.cbf,490,600,240,355,110,115,12650
143,cr1_0018p_00008.cbf,491,596,240,355,105,115,12075
144,cr1_0019p_00001.cbf,488,596,240,354,108,114,12312
145,cr1_0019p_00002.cbf,491,599,240,354,108,114,12312
146,cr1_0019p_00003.cbf,490,594,240,353,104,113,11752
147,cr1_0019p_00004.cbf,490,596,241,355,106,114,12084
148,cr1_0019p_00005.cbf,490,598,239,353,108,114,12312
149,cr1_0019p_00006.cbf,491,597,239,355,106,116,12296
150,cr1_0019p_00007.cbf,486,596,241,358,110,117,12870
151,cr1_0019p_00008.cbf,489,595,240,354,106,114,12084
152,cr1_0020p_00001.cbf,490,598,240,355,108,115,12420
153,cr1_0020p_00002.cbf,490,597,240,356,107,116,12412
154,cr1_0020p_00003.cbf,492,596,240,353,104,113,11752
155,cr1_0020p_00004.cbf,491,595,242,355,104,113,11752
156,cr1_0020p_00005.cbf,490,595,239,354,105,115,12075
157,cr1_0020p_00006.cbf,488,594,242,353,106,111,11766
158,cr1_0020p_00007.cbf,490,596,242,355,106,113,11978
159,cr1_0020p_00008.cbf,489,596,240,358,107,118,12626
160,cr1_0021p_00001.cbf,489,599,242,356,110,114,12540
161,cr1_0021p_00002.cbf,489,597,240,354,108,114,12312
162,cr1_0021p_00003.cbf,490,597,243,353,107,110,11770
163,cr1_0021p_00004.cbf,491,596,240,355,105,115,12075
164,cr1_0021p_00005.cbf,490,596,241,354,106,113,11978
165,cr1_0021p_00006.cbf,489,597,240,357,108,117,12636
166,cr1_0021p_00007.cbf,491,596,242,355,105,113,11865
167,cr1_0021p_00008.cbf,490,597,245,355,107,110,11770
168,cr1_0022p_00001.cbf,491,598,242,355,107,113,12091
169,cr1_0022p_00002.cbf,490,598,242,354,108,112,12096
170,cr1_0022p_00003.cbf,491,595,242,356,104,114,11856
171,cr1_0022p_00004.cbf,489,598,241,356,109,115,12535
172,cr1_0022p_00005.cbf,489,595,241,354,106,113,11978
173,cr1_0022p_00006.cbf,492,596,243,355,104,112,11648
174,cr1_0022p_00007.cbf,492,596,244,355,104,111,11544
175,cr1_0022p_00008.cbf,490,595,242,353,105,111,11655
176,cr1_0023p_00001.cbf,491,598,242,356,107,114,12198
177,cr1_0023p_00002.cbf,493,595,242,354,102,112,11424
178,cr1_0023p_00003.cbf,488,595,241,357,107,116,12412
179,cr1_0023p_00004.cbf,491,596,240,356,105,116,12180
180,cr1_0023p_00005.cbf,490,596,241,353,106,112,11872
181,cr1_0023p_00006.cbf,490,593,242,355,103,113,11639
182,cr1_0023p_00007.cbf,489,594,242,356,105,114,11970
183,cr1_0023p_00008.cbf,485,601,186,362,116,176,20416
184,cr1_0024p_00001.cbf,491,594,242,352,103,110,11330
185,cr1_0024p_00002.cbf,490,596,240,357,106,117,12402
186,cr1_0024p_00003.cbf,490,598,242,354,108,112,12096
187,cr1_0024p_00004.cbf,491,593,242,356,102,114,11628
188,cr1_0024p_00005.cbf,492,594,241,355,102,114,11628
189,cr1_0024p_00006.cbf,491,594,241,355,103,114,11742
190,cr1_0024p_00007.cbf,491,596,245,355,105,110,11550
191,cr1_0024p_00008.cbf,489,596,241,355,107,114,12198
192,cr1_0025p_00001.cbf,490,596,241,355,106,114,12084
193,cr1_0025p_00002.cbf,494,594,241,356,100,115,11500
194,cr1_0025p_00003.cbf,493,595,242,356,102,114,11628
195,cr1_0025p_00004.cbf,490,593,242,354,103,112,11536
196,cr1_0025p_00005.cbf,492,595,241,354,103,113,11639
197,cr1_0025p_00006.cbf,490,596,243,356,106,113,11978
198,cr1_0025p_00007.cbf,491,596,240,359,105,119,12495
199,cr1_0025p_00008.cbf,483,602,189,361,119,172,20468
200,cr1_0026p_00001.cbf,491,596,241,355,105,114,11970
201,cr1_0026p_00002.cbf,493,594,242,353,101,111,11211
202,cr1_0026p_00003.cbf,481,600,190,361,119,171,20349
203,cr1_0026p_00004.cbf,482,600,191,364,118,173,20414
204,cr1_0026p_00005.cbf,490,594,239,353,104,114,11856
205,cr1_0026p_00006.cbf,484,603,191,361,119,170,20230
206,cr1_0026p_00007.cbf,484,601,192,362,117,170,19890
207,cr1_0026p_00008.cbf,493,595,240,355,102,115,11730
208,cr1_0027p_00001.cbf,488,602,191,367,114,176,20064
209,cr1_0027p_00002.cbf,481,602,192,361,121,169,20449
210,cr1_0027p_00003.cbf,492,595,240,355,103,115,11845
211,cr1_0027p_00004.cbf,493,595,241,355,102,114,11628
212,cr1_0027p_00005.cbf,484,605,191,359,121,168,20328
213,cr1_0027p_00006.cbf,482,602,193,359,120,166,19920
214,cr1_0027p_00007.cbf,490,595,241,354,105,113,11865
215,cr1_0027p_00008.cbf,491,594,241,355,103,114,11742
216,cr1_0028p_00001.cbf,492,594,241,352,102,111,11322
217,cr1_0028p_00002.cbf,484,605,193,362,121,169,20449
218,cr1_0028p_00003.cbf,494,597,242,355,103,113,11639
219,cr1_0028p_00004.cbf,492,594,242,354,102,112,11424
220,cr1_0028p_00005.cbf,483,606,192,358,123,166,20418
221,cr1_0028p_00006.cbf,484,606,194,361,122,167,20374
222,cr1_0028p_00007.cbf,492,594,242,354,102,112,11424
223,cr1_0028p_00008.cbf,491,595,239,354,104,115,11960
224,cr1_0029p_00001.cbf,492,593,241,354,101,113,11413
225,cr1_0029p_00002.cbf,486,604,195,362,118,167,19706
226,cr1_0029p_00003.cbf,483,605,194,361,122,167,20374
227,cr1_0029p_00004.cbf,478,601,195,360,123,165,20295
228,cr1_0029p_00005.cbf,491,592,239,352,101,113,11413
229,cr1_0029p_00006.cbf,484,603,196,362,119,166,19754
230,cr1_0029p_00007.cbf,479,602,197,363,123,166,20418
231,cr1_0029p_00008.cbf,485,604,195,368,119,173,20587
232,cr1_0030p_00001.cbf,482,601,196,363,119,167,19873
233,cr1_0030p_00002.cbf,491,594,240,355,103,115,11845
234,cr1_0030p_00003.cbf,485,603,196,364,118,168,19824
235,cr1_0030p_00004.cbf,491,594,242,357,103,115,11845
236,cr1_0030p_00005.cbf,481,601,195,363,120,168,20160
237,cr1_0030p_00006.cbf,494,595,241,353,101,112,11312
238,cr1_0030p_00007.cbf,492,591,244,354,99,110,10890
239,cr1_0030p_00008.cbf,481,605,197,363,124,166,20584
240,cr1_0031p_00001.cbf,483,605,198,363,122,165,20130
241,cr1_0031p_00002.cbf,486,606,198,364,120,166,19920
242,cr1_0031p_00003.cbf,476,601,197,361,125,164,20500
243,cr1_0031p_00004.cbf,482,606,197,361,124,164,20336
244,cr1_0031p_00005.cbf,485,603,196,362,118,166,19588
245,cr1_0031p_00006.cbf,484,599,199,362,115,163,18745
246,cr1_0031p_00007.cbf,493,592,240,354,99,114,11286
247,cr1_0031p_00008.cbf,484,603,199,367,119,168,19992
248,cr1_0032p_00001.cbf,481,602,199,362,121,163,19723
249,cr1_0032p_00002.cbf,484,604,199,360,120,161,19320
250,cr1_0032p_00003.cbf,481,602,199,362,121,163,19723
251,cr1_0032p_00004.cbf,482,601,197,362,119,165,19635
252,cr1_0032p_00005.cbf,486,605,197,360,119,163,19397
253,cr1_0032p_00006.cbf,484,603,199,363,119,164,19516
254,cr1_0032p_00007.cbf,481,603,201,361,122,160,19520
255,cr1_0032p_00008.cbf,481,601,200,367,120,167,20040
256,cr1_0033p_00001.cbf,480,604,201,362,124,161,19964
257,cr1_0033p_00002.cbf,492,596,244,353,104,109,11336
258,cr1_0033p_00003.cbf,482,603,200,359,121,159,19239
259,cr1_0033p_00004.cbf,488,604,199,359,116,160,18560
260,cr1_0033p_00005.cbf,485,605,199,362,120,163,19560
261,cr1_0033p_00006.cbf,484,602,200,361,118,161,18998
262,cr1_0033p_00007.cbf,493,594,243,356,101,113,11413
263,cr1_0033p_00008.cbf,478,602,203,369,124,166,20584
264,cr1_0034p_00001.cbf,483,606,203,369,123,166,20418
265,cr1_0034p_00002.cbf,482,603,202,359,121,157,18997
266,cr1_0034p_00003.cbf,484,603,200,367,119,167,19873
267,cr1_0034p_00004.cbf,482,602,199,369,120,170,20400
268,cr1_0034p_00005.cbf,482,599,198,362,117,164,19188
269,cr1_0034p_00006.cbf,480,604,202,362,124,160,19840
270,cr1_0034p_00007.cbf,484,603,203,363,119,160,19040
271,cr1_0034p_00008.cbf,479,604,203,364,125,161,20125
272,cr1_0035p_00001.cbf,478,606,203,363,128,160,20480
273,cr1_0035p_00002.cbf,481,607,202,362,126,160,20160
274,cr1_0035p_00003.cbf,480,603,202,362,123,160,19680
275,cr1_0035p_00004.cbf,485,603,201,362,118,161,18998
276,cr1_0035p_00005.cbf,493,595,240,352,102,112,11424
277,cr1_0035p_00006.cbf,483,602,203,361,119,158,18802
278,cr1_0035p_00007.cbf,483,603,204,367,120,163,19560
279,cr1_0035p_00008.cbf,484,604,204,367,120,163,19560
280,cr1_0036p_00001.cbf,484,609,204,366,125,162,20250
281,cr1_0036p_00002.cbf,480,604,204,363,124,159,19716
282,cr1_0036p_00003.cbf,484,605,201,368,121,167,20207
283,cr1_0036p_00004.cbf,482,607,200,359,125,159,19875
284,cr1_0036p_00005.cbf,475,602,200,361,127,161,20447
285,cr1_0036p_00006.cbf,479,603,204,368,124,164,20336
286,cr1_0036p_00007.cbf,483,604,205,362,121,157,18997
287,cr1_0036p_00008.cbf,479,606,206,366,127,160,20320
288,cr1_0037p_00001.cbf,492,594,244,356,102,112,11424
289,cr1_0037p_00002.cbf,484,604,204,364,120,160,19200
290,cr1_0037p_00003.cbf,481,603,203,362,122,159,19398
291,cr1_0037p_00004.cbf,481,604,202,363,123,161,19803
292,cr1_0037p_00005.cbf,481,604,203,362,123,159,19557
293,cr1_0037p_00006.cbf,481,605,207,368,124,161,19964
294,cr1_0037p_00007.cbf,480,601,207,367,121,160,19360
295,cr1_0037p_00008.cbf,492,594,242,356,102,114,11628
296,cr1_0038p_00001.cbf,480,604,207,360,124,153,18972
297,cr1_0038p_00002.cbf,482,609,206,363,127,157,19939
298,cr1_0038p_00003.cbf,481,602,206,361,121,155,18755
299,cr1_0038p_00004.cbf,484,603,204,361,119,157,18683
300,cr1_0038p_00005.cbf,483,603,204,360,120,156,18720
301,cr1_0038p_00006.cbf,482,605,208,364,123,156,19188
302,cr1_0038p_00007.cbf,482,603,208,364,121,156,18876
303,cr1_0038p_00008.cbf,483,609,207,362,126,155,19530
304,cr1_0039p_00001.cbf,480,606,207,361,126,154,19404
305,cr1_0039p_00002.cbf,493,594,241,355,101,114,11514
306,cr1_0039p_00003.cbf,492,595,241,355,103,114,11742
307,cr1_0039p_00004.cbf,481,606,204,362,125,158,19750
308,cr1_0039p_00005.cbf,483,603,204,361,120,157,18840
309,cr1_0039p_00006.cbf,478,599,207,362,121,155,18755
310,cr1_0039p_00007.cbf,483,605,209,363,122,154,18788
311,cr1_0039p_00008.cbf,481,604,207,363,123,156,19188
312,cr1_0040p_00001.cbf,490,597,242,357,107,115,12305
313,cr1_0040p_00002.cbf,490,594,245,356,104,111,11544
314,cr1_0040p_00003.cbf,483,602,205,367,119,162,19278
315,cr1_0040p_00004.cbf,483,602,204,366,119,162,19278
316,cr1_0040p_00005.cbf,481,605,204,363,124,159,19716
317,cr1_0040p_00006.cbf,492,594,246,356,102,110,11220
318,cr1_0040p_00007.cbf,481,606,209,366,125,157,19625
319,cr1_0040p_00008.cbf,480,604,208,373,124,165,20460
320,cr1_0041p_00001.cbf,482,601,208,362,119,154,18326
321,cr1_0041p_00002.cbf,484,602,207,367,118,160,18880
322,cr1_0041p_00003.cbf,476,605,206,361,129,155,19995
323,cr1_0041p_00004.cbf,484,602,205,360,118,155,18290
324,cr1_0041p_00005.cbf,479,602,206,370,123,164,20172
325,cr1_0041p_00006.cbf,487,601,207,372,114,165,18810
326,cr1_0041p_00007.cbf,481,601,209,363,120,154,18480
327,cr1_0041p_00008.cbf,483,603,208,372,120,164,19680
328,cr1_0042p_00001.cbf,478,608,208,362,130,154,20020
329,cr1_0042p_00002.cbf,475,600,207,361,125,154,19250
330,cr1_0042p_00003.cbf,480,601,208,362,121,154,18634
331,cr1_0042p_00004.cbf,482,603,208,368,121,160,19360
332,cr1_0042p_00005.cbf,489,593,245,357,104,112,11648
333,cr1_0042p_00006.cbf,481,600,211,362,119,151,17969
334,cr1_0042p_00007.cbf,481,601,212,361,120,149,17880
335,cr1_0042p_00008.cbf,480,605,210,363,125,153,19125
336,cr1_0043p_00001.cbf,483,601,209,364,118,155,18290
337,cr1_0043p_00002.cbf,481,606,209,364,125,155,19375
338,cr1_0043p_00003.cbf,484,601,210,360,117,150,17550
339,cr1_0043p_00004.cbf,483,604,210,364,121,154,18634
340,cr1_0043p_00005.cbf,485,601,210,366,116,156,18096
341,cr1_0043p_00006.cbf,484,603,212,368,119,156,18564
342,cr1_0043p_00007.cbf,485,601,212,362,116,150,17400
343,cr1_0043p_00008.cbf,484,605,211,362,121,151,18271
344,cr1_0044p_00001.cbf,484,608,209,363,124,154,19096
345,cr1_0044p_00002.cbf,484,607,210,362,123,152,18696
346,cr1_0044p_00003.cbf,483,610,210,362,127,152,19304
347,cr1_0044p_00004.cbf,482,600,210,366,118,156,18408
348,cr1_0044p_00005.cbf,484,600,210,363,116,153,17748
349,cr1_0044p_00006.cbf,480,603,213,363,123,150,18450
350,cr1_0044p_00007.cbf,494,595,246,357,101,111,11211
351,cr1_0044p_00008.cbf,485,608,211,361,123,150,18450
352,cr1_0045p_00001.cbf,482,604,210,364,122,154,18788
353,cr1_0045p_00002.cbf,485,606,210,370,121,160,19360
354,cr1_0045p_00003.cbf,485,607,210,362,122,152,18544
355,cr1_0045p_00004.cbf,482,608,211,366,126,155,19530
356,cr1_0045p_00005.cbf,481,605,211,363,124,152,18848
357,cr1_0045p_00006.cbf,482,602,213,369,120,156,18720
358,cr1_0045p_00007.cbf,482,603,214,366,121,152,18392
359,cr1_0045p_00008.cbf,484,603,211,363,119,152,18088
360,cr1_0046p_00001.cbf,481,603,211,362,122,151,18422
361,cr1_0046p_00002.cbf,484,607,210,370,123,160,19680
362,cr1_0046p_00003.cbf,479,602,210,364,123,154,18942
363,cr1_0046p_00004.cbf,484,608,210,363,124,153,18972
364,cr1_0046p_00005.cbf,482,600,210,366,118,156,18408
365,cr1_0046p_00006.cbf,493,594,245,357,101,112,11312
366,cr1_0046p_00007.cbf,481,602,215,366,121,151,18271
367,cr1_0046p_00008.cbf,481,600,211,362,119,151,17969
368,cr1_0047p_00001.cbf,483,604,211,367,121,156,18876
369,cr1_0047p_00002.cbf,479,608,211,363,129,152,19608
370,cr1_0047p_00003.cbf,483,607,211,363,124,152,18848
371,cr1_0047p_00004.cbf,479,602,211,364,123,153,18819
372,cr1_0047p_00005.cbf,484,605,213,369,121,156,18876
373,cr1_0047p_00006.cbf,486,599,216,374,113,158,17854
374,cr1_0047p_00007.cbf,474,601,217,369,127,152,19304
375,cr1_0047p_00008.cbf,486,603,215,363,117,148,17316
376,cr1_0048p_00001.cbf,485,605,214,362,120,148,17760
377,cr1_0048p_00002.cbf,481,604,214,368,123,154,18942
378,cr1_0048p_00003.cbf,481,606,214,362,125,148,18500
379,cr1_0048p_00004.cbf,480,602,215,363,122,148,18056
380,cr1_0048p_00005.cbf,485,601,218,371,116,153,17748
381,cr1_0048p_00006.cbf,482,603,219,371,121,152,18392
382,cr1_0048p_00007.cbf,482,606,219,372,124,153,18972
383,cr1_0048p_00008.cbf,487,600,217,370,113,153,17289
384,cr1_0049p_00001.cbf,482,608,215,363,126,148,18648
385,cr1_0049p_00002.cbf,474,603,215,367,129,152,19608
386,cr1_0049p_00003.cbf,493,594,245,357,101,112,11312
387,cr1_0049p_00004.cbf,483,606,219,363,123,144,17712
388,cr1_0049p_00005.cbf,481,603,219,368,122,149,18178
389,cr1_0049p_00006.cbf,484,603,219,371,119,152,18088
390,cr1_0049p_00007.cbf,473,603,221,369,130,148,19240
391,cr1_0049p_00008.cbf,486,607,219,368,121,149,18029
392,cr1_0050p_00001.cbf,482,611,218,369,129,151,19479
393,cr1_0050p_00002.cbf,485,603,218,368,118,150,17700
394,cr1_0050p_00003.cbf,482,602,219,367,120,148,17760
395,cr1_0050p_00004.cbf,478,603,220,369,125,149,18625
396,cr1_0050p_00005.cbf,487,601,221,369,114,148,16872
397,cr1_0050p_00006.cbf,484,606,221,364,122,143,17446
398,cr1_0050p_00007.cbf,482,605,221,370,123,149,18327
399,cr1_0050p_00008.cbf,483,605,220,363,122,143,17446
400,cr1_0051p_00001.cbf,488,604,220,363,116,143,16588
401,cr1_0051p_00002.cbf,480,605,219,363,125,144,18000
402,cr1_0051p_00003.cbf,493,595,246,357,102,111,11322
403,cr1_0051p_00004.cbf,483,603,222,374,120,152,18240
404,cr1_0051p_00005.cbf,485,603,221,362,118,141,16638
405,cr1_0051p_00006.cbf,486,609,223,369,123,146,17958
406,cr1_0051p_00007.cbf,484,606,225,366,122,141,17202
407,cr1_0051p_00008.cbf,486,605,224,368,119,144,17136
408,cr1_0052p_00001.cbf,486,605,222,367,119,145,17255
409,cr1_0052p_00002.cbf,484,603,221,367,119,146,17374
410,cr1_0052p_00003.cbf,490,605,221,372,115,151,17365
411,cr1_0052p_00004.cbf,488,605,222,364,117,142,16614
412,cr1_0052p_00005.cbf,486,604,222,363,118,141,16638
413,cr1_0052p_00006.cbf,487,606,224,369,119,145,17255
414,cr1_0052p_00007.cbf,485,607,226,369,122,143,17446
415,cr1_0052p_00008.cbf,487,607,224,364,120,140,16800
416,cr1_0053p_00001.cbf,482,602,224,367,120,143,17160
417,cr1_0053p_00002.cbf,486,606,224,369,120,145,17400
418,cr1_0053p_00003.cbf,483,604,222,369,121,147,17787
419,cr1_0053p_00004.cbf,487,607,223,367,120,144,17280
420,cr1_0053p_00005.cbf,477,606,223,366,129,143,18447
421,cr1_0053p_00006.cbf,486,607,224,366,121,142,17182
422,cr1_0053p_00007.cbf,480,608,225,365,128,140,17920
423,cr1_0053p_00008.cbf,486,606,224,369,120,145,17400
424,cr1_0054p_00001.cbf,486,606,223,370,120,147,17640
425,cr1_0054p_00002.cbf,481,609,224,369,128,145,18560
426,cr1_0054p_00003.cbf,485,606,223,367,121,144,17424
427,cr1_0054p_00004.cbf,479,602,223,364,123,141,17343
428,cr1_0054p_00005.cbf,487,603,224,363,116,139,16124
429,cr1_0054p_00006.cbf,485,605,225,368,120,143,17160
430,cr1_0054p_00007.cbf,485,604,226,368,119,142,16898
431,cr1_0054p_00008.cbf,484,606,224,369,122,145,17690
432,cr1_0055p_00001.cbf,484,605,223,368,121,145,17545
433,cr1_0055p_00002.cbf,482,607,224,367,125,143,17875
434,cr1_0055p_00003.cbf,485,603,223,367,118,144,16992
435,cr1_0055p_00004.cbf,485,605,222,368,120,146,17520
436,cr1_0055p_00005.cbf,485,605,225,368,120,143,17160
437,cr1_0055p_00006.cbf,486,605,226,364,119,138,16422
438,cr1_0055p_00007.cbf,488,607,226,373,119,147,17493
439,cr1_0055p_00008.cbf,494,597,247,359,103,112,11536
440,cr1_0056p_00001.cbf,483,612,224,367,129,143,18447
441,cr1_0056p_00002.cbf,484,606,224,367,122,143,17446
442,cr1_0056p_00003.cbf,485,613,224,366,128,142,18176
443,cr1_0056p_00004.cbf,480,602,225,369,122,144,17568
444,cr1_0056p_00005.cbf,477,606,226,369,129,143,18447
445,cr1_0056p_00006.cbf,489,605,227,370,116,143,16588
446,cr1_0056p_00007.cbf,482,604,227,368,122,141,17202
447,cr1_0056p_00008.cbf,494,599,247,358,105,111,11655
448,cr1_0057p_00001.cbf,484,605,226,363,121,137,16577
449,cr1_0057p_00002.cbf,484,603,226,367,119,141,16779
450,cr1_0057p_00003.cbf,485,604,227,369,119,142,16898
451,cr1_0057p_00004.cbf,486,602,229,369,116,140,16240
452,cr1_0057p_00005.cbf,483,608,230,373,125,143,17875
453,cr1_0057p_00006.cbf,484,603,230,367,119,137,16303
454,cr1_0057p_00007.cbf,484,609,230,367,125,137,17125
455,cr1_0057p_00008.cbf,485,605,228,374,120,146,17520
456,cr1_0058p_00001.cbf,481,605,227,370,124,143,17732
457,cr1_0058p_00002.cbf,483,605,227,367,122,140,17080
458,cr1_0058p_00003.cbf,484,604,227,364,120,137,16440
459,cr1_0058p_00004.cbf,487,606,228,369,119,141,16779
460,cr1_0058p_00005.cbf,483,602,230,366,119,136,16184
461,cr1_0058p_00006.cbf,482,603,231,367,121,136,16456
462,cr1_0058p_00007.cbf,484,604,230,369,120,139,16680
463,cr1_0058p_00008.cbf,484,603,229,371,119,142,16898
464,cr1_0059p_00001.cbf,488,604,227,364,116,137,15892
465,cr1_0059p_00002.cbf,487,602,228,370,115,142,16330
466,cr1_0059p_00003.cbf,483,611,228,370,128,142,18176
467,cr1_0059p_00004.cbf,486,608,228,371,122,143,17446
468,cr1_0059p_00005.cbf,485,602,231,368,117,137,16029
469,cr1_0059p_00006.cbf,490,602,232,369,112,137,15344
470,cr1_0059p_00007.cbf,486,601,232,367,115,135,15525
471,cr1_0059p_00008.cbf,483,606,229,367,123,138,16974
472,cr1_0060p_00001.cbf,487,607,230,367,120,137,16440
473,cr1_0060p_00002.cbf,485,606,230,368,121,138,16698
474,cr1_0060p_00003.cbf,480,604,231,369,124,138,17112
475,cr1_0060p_00004.cbf,482,604,233,371,122,138,16836
476,cr1_0060p_00005.cbf,489,603,236,371,114,135,15390
477,cr1_0060p_00006.cbf,481,604,234,370,123,136,16728
478,cr1_0060p_00007.cbf,486,605,234,373,119,139,16541
479,cr1_0060p_00008.cbf,483,607,232,367,124,135,16740
480,cr1_0061p_00001.cbf,485,608,232,369,123,137,16851
481,cr1_0061p_00002.cbf,486,606,233,366,120,133,15960
482,cr1_0061p_00003.cbf,483,605,233,370,122,137,16714
483,cr1_0061p_00004.cbf,480,606,235,367,126,132,16632
484,cr1_0061p_00005.cbf,486,602,236,370,116,134,15544
485,cr1_0061p_00006.cbf,486,604,237,364,118,127,14986
486,cr1_0061p_00007.cbf,486,602,237,369,116,132,15312
487,cr1_0061p_00008.cbf,485,607,235,368,122,133,16226
488,cr1_0062p_00001.cbf,486,607,235,369,121,134,16214
489,cr1_0062p_00002.cbf,488,605,237,372,117,135,15795
490,cr1_0062p_00003.cbf,482,606,234,374,124,140,17360
491,cr1_0062p_00004.cbf,486,607,238,369,121,131,15851
492,cr1_0062p_00005.cbf,484,605,238,369,121,131,15851
493,cr1_0062p_00006.cbf,485,612,239,372,127,133,16891
494,cr1_0062p_00007.cbf,485,607,238,369,122,131,15982
495,cr1_0062p_00008.cbf,484,604,237,367,120,130,15600
496,cr1_0063p_00001.cbf,489,611,238,364,122,126,15372
497,cr1_0063p_00002.cbf,486,605,240,364,119,124,14756
498,cr1_0063p_00003.cbf,484,604,239,371,120,132,15840
499,cr1_0063p_00004.cbf,483,601,240,369,118,129,15222
500,cr1_0063p_00005.cbf,489,605,242,368,116,126,14616
501,cr1_0063p_00006.cbf,487,603,240,364,116,124,14384
502,cr1_0063p_00007.cbf,486,604,240,367,118,127,14986
503,cr1_0063p_00008.cbf,484,605,241,368,121,127,15367
504,cr1_0064p_00001.cbf,485,606,240,373,121,133,16093
505,cr1_0064p_00002.cbf,486,603,239,376,117,137,16029
506,cr1_0064p_00003.cbf,489,608,236,368,119,132,15708
507,cr1_0064p_00004.cbf,489,604,244,368,115,124,14260
508,cr1_0064p_00005.cbf,486,602,240,367,116,127,14732
509,cr1_0064p_00006.cbf,483,605,241,368,122,127,15494
510,cr1_0064p_00007.cbf,484,604,244,367,120,123,14760
511,cr1_0064p_00008.cbf,487,607,239,368,120,129,15480
512,cr1_0065p_00001.cbf,486,608,239,367,122,128,15616
513,cr1_0065p_00002.cbf,489,607,244,366,118,122,14396
514,cr1_0065p_00003.cbf,487,605,241,369,118,128,15104
515,cr1_0065p_00004.cbf,484,603,245,370,119,125,14875
516,cr1_0065p_00005.cbf,489,606,246,367,117,121,14157
517,cr1_0065p_00006.cbf,486,607,239,373,121,134,16214
518,cr1_0065p_00007.cbf,495,599,250,358,104,108,11232
519,cr1_0065p_00008.cbf,487,608,238,370,121,132,15972
520,cr1_0066p_00001.cbf,482,609,241,371,127,130,16510
521,cr1_0066p_00002.cbf,485,609,240,364,124,124,15376
522,cr1_0066p_00003.cbf,484,609,244,372,125,128,16000
523,cr1_0066p_00004.cbf,482,603,239,369,121,130,15730
524,cr1_0066p_00005.cbf,486,605,240,370,119,130,15470
525,cr1_0066p_00006.cbf,489,606,242,372,117,130,15210
526,cr1_0066p_00007.cbf,482,608,240,369,126,129,16254
527,cr1_0066p_00008.cbf,479,608,240,372,129,132,17028
528,cr1_0067p_00001.cbf,481,608,244,368,127,124,15748
529,cr1_0067p_00002.cbf,487,610,241,367,123,126,15498
530,cr1_0067p_00003.cbf,484,611,244,368,127,124,15748
531,cr1_0067p_00004.cbf,484,605,241,368,121,127,15367
532,cr1_0067p_00005.cbf,487,610,240,363,123,123,15129
533,cr1_0067p_00006.cbf,484,610,235,368,126,133,16758
534,cr1_0067p_00007.cbf,486,607,246,364,121,118,14278
535,cr1_0067p_00008.cbf,483,609,236,367,126,131,16506
536,cr1_0068p_00001.cbf,489,605,246,369,116,123,14268
537,cr1_0068p_00002.cbf,487,604,244,363,117,119,13923
538,cr1_0068p_00003.cbf,489,605,239,368,116,129,14964
539,cr1_0068p_00004.cbf,484,604,233,367,120,134,16080
540,cr1_0068p_00005.cbf,485,611,236,363,126,127,16002
541,cr1_0068p_00006.cbf,485,605,234,368,120,134,16080
542,cr1_0068p_00007.cbf,486,607,236,369,121,133,16093
543,cr1_0068p_00008.cbf,482,607,244,371,125,127,15875
544,cr1_0069p_00001.cbf,481,607,245,373,126,128,16128
545,cr1_0069p_00002.cbf,484,607,242,370,123,128,15744
546,cr1_0069p_00003.cbf,485,609,237,368,124,131,16244
547,cr1_0069p_00004.cbf,486,605,237,369,119,132,15708
548,cr1_0069p_00005.cbf,482,606,237,369,124,132,16368
549,cr1_0069p_00006.cbf,483,607,238,368,124,130,16120
550,cr1_0069p_00007.cbf,485,604,244,377,119,133,15827
551,cr1_0069p_00008.cbf,482,609,235,367,127,132,16764
552,cr1_0070p_00001.cbf,484,611,239,370,127,131,16637
553,cr1_0070p_00002.cbf,486,605,242,371,119,129,15351
554,cr1_0070p_00003.cbf,486,606,238,367,120,129,15480
555,cr1_0070p_00004.cbf,488,607,240,369,119,129,15351
556,cr1_0070p_00005.cbf,482,603,238,372,121,134,16214
557,cr1_0070p_00006.cbf,479,605,242,369,126,127,16002
558,cr1_0070p_00007.cbf,486,607,244,371,121,127,15367
559,cr1_0070p_00008.cbf,485,611,241,370,126,129,16254
560,cr1_0071p_00001.cbf,481,608,238,371,127,133,16891
561,cr1_0071p_00002.cbf,487,609,244,369,122,125,15250
562,cr1_0071p_00003.cbf,487,611,241,369,124,128,15872
563,cr1_0071p_00004.cbf,478,610,237,368,132,131,17292
564,cr1_0071p_00005.cbf,485,609,237,368,124,131,16244
565,cr1_0071p_00006.cbf,483,609,244,368,126,124,15624
566,cr1_0071p_00007.cbf,483,606,238,369,123,131,16113
567,cr1_0071p_00008.cbf,486,613,245,370,127,125,15875
568,cr1_0072p_00001.cbf,483,606,244,373,123,129,15867
569,cr1_0072p_00002.cbf,488,605,241,371,117,130,15210
570,cr1_0072p_00003.cbf,488,609,236,369,121,133,16093
571,cr1_0072p_00004.cbf,495,599,246,362,104,116,12064
572,cr1_0072p_00005.cbf,481,609,239,364,128,125,16000
573,cr1_0072p_00006.cbf,488,605,242,368,117,126,14742
574,cr1_0072p_00007.cbf,485,613,236,372,128,136,17408
575,cr1_0072p_00008.cbf,484,607,241,374,123,133,16359
576,cr1_0073p_00001.cbf,486,605,233,370,119,137,16303
577,cr1_0073p_00002.cbf,486,612,241,381,126,140,17640
578,cr1_0073p_00003.cbf,488,611,231,370,123,139,17097
579,cr1_0073p_00004.cbf,485,608,238,367,123,129,15867
580,cr1_0073p_00005.cbf,487,607,239,367,120,128,15360
581,cr1_0073p_00006.cbf,478,612,236,366,134,130,17420
582,cr1_0073p_00007.cbf,487,609,236,371,122,135,16470
583,cr1_0073p_00008.cbf,482,609,237,371,127,134,17018
584,cr1_0074p_00001.cbf,481,612,241,370,131,129,16899
585,cr1_0074p_00002.cbf,487,608,237,372,121,135,16335
586,cr1_0074p_00003.cbf,486,606,236,371,120,135,16200
587,cr1_0074p_00004.cbf,487,606,235,368,119,133,15827
588,cr1_0074p_00005.cbf,479,615,236,370,136,134,18224
589,cr1_0074p_00006.cbf,480,606,239,364,126,125,15750
590,cr1_0074p_00007.cbf,492,601,248,363,109,115,12535
591,cr1_0074p_00008.cbf,484,614,236,372,130,136,17680
592,cr1_0075p_00001.cbf,479,609,245,371,130,126,16380
593,cr1_0075p_00002.cbf,483,611,239,379,128,140,17920
594,cr1_0075p_00003.cbf,485,609,240,369,124,129,15996
595,cr1_0075p_00004.cbf,487,610,240,366,123,126,15498
596,cr1_0075p_00005.cbf,484,607,237,364,123,127,15621
597,cr1_0075p_00006.cbf,486,607,238,366,121,128,15488
598,cr1_0075p_00007.cbf,485,608,240,371,123,131,16113
599,cr1_0075p_00008.cbf,482,608,241,372,126,131,16506
600,cr1_0076p_00001.cbf,484,608,239,370,124,131,16244
601,cr1_0076p_00002.cbf,483,613,245,368,130,123,15990
602,cr1_0076p_00003.cbf,487,610,237,369,123,132,16236
603,cr1_0076p_00004.cbf,485,605,238,373,120,135,16200
604,cr1_0076p_00005.cbf,474,608,235,369,134,134,17956
605,cr1_0076p_00006.cbf,483,609,240,373,126,133,16758
606,cr1_0076p_00007.cbf,484,606,237,370,122,133,16226
607,cr1_0076p_00008.cbf,481,609,227,368,128,141,18048
608,cr1_0077p_00001.cbf,478,611,240,370,133,130,17290
609,cr1_0077p_00002.cbf,476,608,240,372,132,132,17424
610,cr1_0077p_00003.cbf,475,605,240,378,130,138,17940
611,cr1_0077p_00004.cbf,481,608,239,371,127,132,16764
612,cr1_0077p_00005.cbf,485,606,237,373,121,136,16456
613,cr1_0077p_00006.cbf,487,604,245,372,117,127,14859
614,cr1_0077p_00007.cbf,492,600,249,365,108,116,12528
615,cr1_0077p_00008.cbf,486,608,239,374,122,135,16470
616,cr1_0078p_00001.cbf,485,610,240,372,125,132,16500
617,cr1_0078p_00002.cbf,487,608,237,376,121,139,16819
618,cr1_0078p_00003.cbf,484,608,244,372,124,128,15872
619,cr1_0078p_00004.cbf,483,608,244,372,125,128,16000
620,cr1_0078p_00005.cbf,485,606,239,372,121,133,16093
621,cr1_0078p_00006.cbf,485,606,232,382,121,150,18150
622,cr1_0078p_00007.cbf,483,614,245,375,131,130,17030
623,cr1_0078p_00008.cbf,486,606,239,372,120,133,15960
624,cr1_0079p_00001.cbf,487,606,242,368,119,126,14994
625,cr1_0079p_00002.cbf,484,608,235,368,124,133,16492
626,cr1_0079p_00003.cbf,482,604,240,374,122,134,16348
627,cr1_0079p_00004.cbf,494,598,245,364,104,119,12376
628,cr1_0079p_00005.cbf,484,605,238,380,121,142,17182
629,cr1_0079p_00006.cbf,484,613,244,371,129,127,16383
630,cr1_0079p_00007.cbf,485,602,242,377,117,135,15795
631,cr1_0079p_00008.cbf,484,607,239,367,123,128,15744
632,cr1_0080p_00001.cbf,482,609,238,375,127,137,17399
633,cr1_0080p_00002.cbf,482,614,238,374,132,136,17952
634,cr1_0080p_00003.cbf,485,607,240,380,122,140,17080
635,cr1_0080p_00004.cbf,488,613,241,376,125,135,16875
636,cr1_0080p_00005.cbf,481,605,237,371,124,134,16616
637,cr1_0080p_00006.cbf,485,609,240,374,124,134,16616
638,cr1_0080p_00007.cbf,485,610,241,373,125,132,16500
639,cr1_0080p_00008.cbf,484,606,238,381,122,143,17446
640,cr1_0081p_00001.cbf,482,608,240,372,126,132,16632
641,cr1_0081p_00002.cbf,478,609,238,373,131,135,17685
642,cr1_0081p_00003.cbf,486,605,244,381,119,137,16303
643,cr1_0081p_00004.cbf,485,607,239,369,122,130,15860
644,cr1_0081p_00005.cbf,480,606,244,372,126,128,16128
645,cr1_0081p_00006.cbf,484,611,244,370,127,126,16002
646,cr1_0081p_00007.cbf,484,607,239,371,123,132,16236
647,cr1_0081p_00008.cbf,486,607,234,368,121,134,16214
648,cr1_0082p_00001.cbf,480,607,235,374,127,139,17653
649,cr1_0082p_00002.cbf,484,606,240,372,122,132,16104
650,cr1_0082p_00003.cbf,481,607,242,370,126,128,16128
651,cr1_0082p_00004.cbf,477,607,239,372,130,133,17290
652,cr1_0082p_00005.cbf,493,600,245,367,107,122,13054
653,cr1_0082p_00006.cbf,481,608,241,370,127,129,16383
654,cr1_0082p_00007.cbf,484,611,234,372,127,138,17526
655,cr1_0082p_00008.cbf,478,612,237,375,134,138,18492
656,cr1_0083p_00001.cbf,479,609,241,370,130,129,16770
657,cr1_0083p_00002.cbf,486,605,238,367,119,129,15351
658,cr1_0083p_00003.cbf,484,607,240,379,123,139,17097
659,cr1_0083p_00004.cbf,482,606,239,372,124,133,16492
660,cr1_0083p_00005.cbf,483,608,230,372,125,142,17750
661,cr1_0083p_00006.cbf,484,608,236,367,124,131,16244
662,cr1_0083p_00007.cbf,485,608,241,371,123,130,15990
663,cr1_0083p_00008.cbf,492,599,243,362,107,119,12733
664,cr1_0084p_00001.cbf,488,607,239,371,119,132,15708
665,cr1_0084p_00002.cbf,483,610,234,371,127,137,17399
666,cr1_0084p_00003.cbf,486,609,240,372,123,132,16236
667,cr1_0084p_00004.cbf,485,608,238,374,123,136,16728
668,cr1_0084p_00005.cbf,480,610,239,369,130,130,16900
669,cr1_0084p_00006.cbf,486,606,236,371,120,135,16200
670,cr1_0084p_00007.cbf,485,604,240,373,119,133,15827
671,cr1_0084p_00008.cbf,485,610,238,369,125,131,16375
672,cr1_0085p_00001.cbf,484,608,238,370,124,132,16368
673,cr1_0085p_00002.cbf,486,608,237,372,122,135,16470
674,cr1_0085p_00003.cbf,485,605,240,370,120,130,15600
675,cr1_0085p_00004.cbf,480,605,236,377,125,141,17625
676,cr1_0085p_00005.cbf,481,607,231,370,126,139,17514
677,cr1_0085p_00006.cbf,482,606,241,371,124,130,16120
678,cr1_0085p_00007.cbf,485,606,236,370,121,134,16214
679,cr1_0085p_00008.cbf,485,613,238,369,128,131,16768
680,cr1_0086p_00001.cbf,485,607,241,370,122,129,15738
681,cr1_0086p_00002.cbf,484,607,239,368,123,129,15867
682,cr1_0086p_00003.cbf,480,607,241,368,127,127,16129
683,cr1_0086p_00004.cbf,482,606,239,370,124,131,16244
684,cr1_0086p_00005.cbf,486,604,241,370,118,129,15222
685,cr1_0086p_00006.cbf,487,604,240,369,117,129,15093
686,cr1_0086p_00007.cbf,481,607,238,371,126,133,16758
687,cr1_0086p_00008.cbf,483,610,235,368,127,133,16891
688,cr1_0087p_00001.cbf,483,613,240,372,130,132,17160
689,cr1_0087p_00002.cbf,486,609,239,370,123,131,16113
690,cr1_0087p_00003.cbf,484,602,241,371,118,130,15340
691,cr1_0087p_00004.cbf,482,611,240,369,129,129,16641
692,cr1_0087p_00005.cbf,481,605,238,371,124,133,16492
693,cr1_0087p_00006.cbf,483,604,239,371,121,132,15972
694,cr1_0087p_00007.cbf,483,607,242,369,124,127,15748
695,cr1_0087p_00008.cbf,483,606,236,378,123,142,17466
696,cr1_0088p_00001.cbf,483,607,241,371,124,130,16120
697,cr1_0088p_00002.cbf,482,604,234,369,122,135,16470
698,cr1_0088p_00003.cbf,482,612,239,378,130,139,18070
699,cr1_0088p_00004.cbf,481,609,239,369,128,130,16640
700,cr1_0088p_00005.cbf,484,607,236,369,123,133,16359
701,cr1_0088p_00006.cbf,486,605,236,377,119,141,16779
702,cr1_0088p_00007.cbf,482,606,236,368,124,132,16368
703,cr1_0088p_00008.cbf,482,605,237,368,123,131,16113
704,cr1_0089p_00001.cbf,481,607,232,371,126,139,17514
705,cr1_0089p_00002.cbf,482,604,235,369,122,134,16348
706,cr1_0089p_00003.cbf,486,606,229,371,120,142,17040
707,cr1_0089p_00004.cbf,479,603,237,371,124,134,16616
708,cr1_0089p_00005.cbf,479,603,236,371,124,135,16740
709,cr1_0089p_00006.cbf,484,604,235,371,120,136,16320
710,cr1_0089p_00007.cbf,484,608,241,368,124,127,15748
711,cr1_0089p_00008.cbf,481,607,234,372,126,138,17388
712,cr1_0090p_00001.cbf,486,605,234,372,119,138,16422
713,cr1_0090p_00002.cbf,486,605,236,374,119,138,16422
714,cr1_0090p_00003.cbf,480,604,236,374,124,138,17112
715,cr1_0090p_00004.cbf,481,607,239,370,126,131,16506
716,cr1_0090p_00005.cbf,484,605,236,374,121,138,16698
717,cr1_0090p_00006.cbf,487,611,236,375,124,139,17236
718,cr1_0090p_00007.cbf,482,606,236,372,124,136,16864
719,cr1_0090p_00008.cbf,482,609,240,368,127,128,16256
720,cr1_0091p_00001.cbf,485,606,240,373,121,133,16093
721,cr1_0091p_00002.cbf,478,605,238,372,127,134,17018
722,cr1_0091p_00003.cbf,482,604,239,369,122,130,15860
723,cr1_0091p_00004.cbf,486,604,240,370,118,130,15340
724,cr1_0091p_00005.cbf,484,606,237,372,122,135,16470
725,cr1_0091p_00006.cbf,483,606,240,381,123,141,17343
726,cr1_0091p_00007.cbf,482,605,238,367,123,129,15867
727,cr1_0091p_00008.cbf,484,609,239,375,125,136,17000
728,cr1_0092p_00001.cbf,484,605,238,371,121,133,16093
729,cr1_0092p_00002.cbf,485,604,237,370,119,133,15827
730,cr1_0092p_00003.cbf,486,607,237,369,121,132,15972
731,cr1_0092p_00004.cbf,483,607,238,372,124,134,16616
732,cr1_0092p_00005.cbf,484,606,237,369,122,132,16104
733,cr1_0092p_00006.cbf,484,604,240,372,120,132,15840
734,cr1_0092p_00007.cbf,482,606,240,369,124,129,15996
735,cr1_0092p_00008.cbf,475,607,235,373,132,138,18216
736,cr1_0093p_00001.cbf,484,606,239,372,122,133,16226
737,cr1_0093p_00002.cbf,479,610,241,370,131,129,16899
738,cr1_0093p_00003.cbf,491,597,246,359,106,113,11978
739,cr1_0093p_00004.cbf,481,605,240,374,124,134,16616
740,cr1_0093p_00005.cbf,480,603,237,372,123,135,16605
741,cr1_0093p_00006.cbf,483,604,241,368,121,127,15367
742,cr1_0093p_00007.cbf,485,606,238,369,121,131,15851
743,cr1_0093p_00008.cbf,484,612,235,368,128,133,17024
744,cr1_0094p_00001.cbf,484,604,238,374,120,136,16320
745,cr1_0094p_00002.cbf,486,601,239,368,115,129,14835
746,cr1_0094p_00003.cbf,484,608,238,376,124,138,17112
747,cr1_0094p_00004.cbf,482,605,237,374,123,137,16851
748,cr1_0094p_00005.cbf,486,605,241,370,119,129,15351
749,cr1_0094p_00006.cbf,487,605,238,366,118,128,15104
750,cr1_0094p_00007.cbf,483,607,240,375,124,135,16740
751,cr1_0094p_00008.cbf,482,606,234,376,124,142,17608
752,cr1_0095p_00001.cbf,486,607,238,370,121,132,15972
753,cr1_0095p_00002.cbf,480,607,237,371,127,134,17018
754,cr1_0095p_00003.cbf,483,606,239,364,123,125,15375
755,cr1_0095p_00004.cbf,479,613,237,371,134,134,17956
756,cr1_0095p_00005.cbf,485,608,238,370,123,132,16236
757,cr1_0095p_00006.cbf,479,604,235,369,125,134,16750
758,cr1_0095p_00007.cbf,484,603,233,375,119,142,16898
759,cr1_0095p_00008.cbf,483,605,238,369,122,131,15982
760,cr1_0096p_00001.cbf,494,598,249,363,104,114,11856
761,cr1_0096p_00002.cbf,482,605,234,366,123,132,16236
762,cr1_0096p_00003.cbf,477,611,239,368,134,129,17286
763,cr1_0096p_00004.cbf,481,608,238,367,127,129,16383
764,cr1_0096p_00005.cbf,484,603,239,370,119,131,15589
765,cr1_0096p_00006.cbf,479,607,238,370,128,132,16896
766,cr1_0096p_00007.cbf,493,596,249,361,103,112,11536
767,cr1_0096p_00008.cbf,484,605,237,367,121,130,15730
768,cr1_0097p_00001.cbf,482,615,240,370,133,130,17290
769,cr1_0097p_00002.cbf,480,604,237,370,124,133,16492
770,cr1_0097p_00003.cbf,483,604,234,368,121,134,16214
771,cr1_0097p_00004.cbf,481,607,236,370,126,134,16884
772,cr1_0097p_00005.cbf,486,605,237,367,119,130,15470
773,cr1_0097p_00006.cbf,486,605,239,372,119,133,15827
774,cr1_0097p_00007.cbf,480,607,236,372,127,136,17272
775,cr1_0097p_00008.cbf,486,604,239,375,118,136,16048
776,cr1_0098p_00001.cbf,478,610,236,368,132,132,17424
777,cr1_0098p_00002.cbf,478,605,237,367,127,130,16510
778,cr1_0098p_00003.cbf,483,614,239,373,131,134,17554
779,cr1_0098p_00004.cbf,483,605,239,369,122,130,15860
780,cr1_0098p_00005.cbf,483,606,235,369,123,134,16482
781,cr1_0098p_00006.cbf,476,604,239,372,128,133,17024
782,cr1_0098p_00007.cbf,484,604,234,377,120,143,17160
783,cr1_0098p_00008.cbf,482,602,238,370,120,132,15840
784,cr1_0099p_00001.cbf,478,610,240,369,132,129,17028
785,cr1_0099p_00002.cbf,482,606,238,372,124,134,16616
786,cr1_0099p_00003.cbf,483,604,239,369,121,130,15730
787,cr1_0099p_00004.cbf,482,604,237,369,122,132,16104
788,cr1_0099p_00005.cbf,483,605,237,370,122,133,16226
789,cr1_0099p_00006.cbf,482,604,239,374,122,135,16470
790,cr1_0099p_00007.cbf,484,607,236,370,123,134,16482
791,cr1_0099p_00008.cbf,485,604,238,372,119,134,15946
792,cr1_0100p_00001.cbf,482,608,237,375,126,138,17388
793,cr1_0100p_00002.cbf,481,605,239,367,124,128,15872
794,cr1_0100p_00003.cbf,482,605,236,369,123,133,16359
795,cr1_0100p_00004.cbf,481,606,240,371,125,131,16375
796,cr1_0100p_00005.cbf,478,607,240,371,129,131,16899
797,cr1_0100p_00006.cbf,482,606,233,370,124,137,16988
798,cr1_0100p_00007.cbf,484,609,238,371,125,133,16625
799,cr1_0100p_00008.cbf,484,605,240,367,121,127,15367
800,cr1_0101p_00001.cbf,483,605,240,369,122,129,15738
801,cr1_0101p_00002.cbf,486,608,239,367,122,128,15616
802,cr1_0101p_00003.cbf,486,608,237,370,122,133,16226
803,cr1_0101p_00004.cbf,484,609,236,372,125,136,17000
804,cr1_0101p_00005.cbf,478,602,239,369,124,130,16120
805,cr1_0101p_00006.cbf,484,601,239,374,117,135,15795
806,cr1_0101p_00007.cbf,482,602,238,372,120,134,16080
807,cr1_0101p_00008.cbf,482,604,239,373,122,134,16348
808,cr1_0102p_00001.cbf,483,603,235,371,120,136,16320
809,cr1_0102p_00002.cbf,482,604,238,369,122,131,15982
810,cr1_0102p_00003.cbf,480,606,236,370,126,134,16884
811,cr1_0102p_00004.cbf,483,609,235,371,126,136,17136
812,cr1_0102p_00005.cbf,482,602,237,369,120,132,15840
813,cr1_0102p_00006.cbf,481,607,232,372,126,140,17640
814,cr1_0102p_00007.cbf,478,606,239,370,128,131,16768
815,cr1_0102p_00008.cbf,480,603,234,369,123,135,16605
816,cr1_0103p_00001.cbf,479,606,238,373,127,135,17145
817,cr1_0103p_00002.cbf,483,609,239,374,126,135,17010
818,cr1_0103p_00003.cbf,483,607,238,371,124,133,16492
819,cr1_0103p_00004.cbf,484,608,231,370,124,139,17236
820,cr1_0103p_00005.cbf,484,606,238,373,122,135,16470
821,cr1_0103p_00006.cbf,478,603,237,373,125,136,17000
822,cr1_0103p_00007.cbf,482,603,238,372,121,134,16214
823,cr1_0103p_00008.cbf,481,608,241,369,127,128,16256
824,cr1_0104p_00001.cbf,482,607,240,373,125,133,16625
825,cr1_0104p_00002.cbf,483,606,238,367,123,129,15867
826,cr1_0104p_00003.cbf,484,603,240,372,119,132,15708
827,cr1_0104p_00004.cbf,479,604,238,370,125,132,16500
828,cr1_0104p_00005.cbf,482,602,232,370,120,138,16560
829,cr1_0104p_00006.cbf,480,609,236,371,129,135,17415
830,cr1_0104p_00007.cbf,478,605,235,370,127,135,17145
831,cr1_0104p_00008.cbf,480,605,238,370,125,132,16500
832,cr1_0105p_00001.cbf,478,609,240,370,131,130,17030
833,cr1_0105p_00002.cbf,479,609,239,369,130,130,16900
834,cr1_0105p_00003.cbf,474,602,239,375,128,136,17408
835,cr1_0105p_00004.cbf,483,602,232,370,119,138,16422
836,cr1_0105p_00005.cbf,483,607,237,373,124,136,16864
837,cr1_0105p_00006.cbf,480,605,238,371,125,133,16625
838,cr1_0105p_00007.cbf,479,604,235,372,125,137,17125
839,cr1_0105p_00008.cbf,478,604,232,369,126,137,17262
840,cr1_0106p_00001.cbf,479,604,238,368,125,130,16250
841,cr1_0106p_00002.cbf,482,606,239,373,124,134,16616
842,cr1_0106p_00003.cbf,478,605,234,374,127,140,17780
843,cr1_0106p_00004.cbf,480,606,239,370,126,131,16506
844,cr1_0106p_00005.cbf,484,603,237,371,119,134,15946
845,cr1_0106p_00006.cbf,485,605,235,370,120,135,16200
846,cr1_0106p_00007.cbf,482,603,235,374,121,139,16819
847,cr1_0106p_00008.cbf,478,613,240,373,135,133,17955
848,cr1_0107p_00001.cbf,480,605,241,375,125,134,16750
849,cr1_0107p_00002.cbf,479,605,233,369,126,136,17136
850,cr1_0107p_00003.cbf,482,606,239,369,124,130,16120
851,cr1_0107p_00004.cbf,480,604,236,370,124,134,16616
852,cr1_0107p_00005.cbf,482,612,237,370,130,133,17290
853,cr1_0107p_00006.cbf,478,609,239,370,131,131,17161
854,cr1_0107p_00007.cbf,484,606,237,369,122,132,16104
855,cr1_0107p_00008.cbf,484,604,240,370,120,130,15600
856,cr1_0108p_00001.cbf,484,607,237,372,123,135,16605
857,cr1_0108p_00002.cbf,480,605,235,376,125,141,17625
858,cr1_0108p_00003.cbf,481,605,237,371,124,134,16616
859,cr1_0108p_00004.cbf,483,606,239,374,123,135,16605
860,cr1_0108p_00005.cbf,483,601,237,371,118,134,15812
861,cr1_0108p_00006.cbf,481,605,237,373,124,136,16864
862,cr1_0108p_00007.cbf,479,603,240,371,124,131,16244
863,cr1_0108p_00008.cbf,481,607,239,368,126,129,16254
864,cr1_0109p_00001.cbf,484,602,239,367,118,128,15104
865,cr1_0109p_00002.cbf,482,603,238,370,121,132,15972
866,cr1_0109p_00003.cbf,478,610,237,373,132,136,17952
867,cr1_0109p_00004.cbf,475,607,237,370,132,133,17556
868,cr1_0109p_00005.cbf,481,606,236,378,125,142,17750
869,cr1_0109p_00006.cbf,483,610,238,369,127,131,16637
870,cr1_0109p_00007.cbf,484,608,235,367,124,132,16368
871,cr1_0109p_00008.cbf,484,604,235,369,120,134,16080
872,cr1_0110p_00001.cbf,477,606,237,369,129,132,17028
873,cr1_0110p_00002.cbf,480,606,238,375,126,137,17262
874,cr1_0110p_00003.cbf,479,601,235,370,122,135,16470
875,cr1_0110p_00004.cbf,492,596,245,362,104,117,12168
876,cr1_0110p_00005.cbf,483,603,237,371,120,134,16080
877,cr1_0110p_00006.cbf,480,604,240,371,124,131,16244
878,cr1_0110p_00007.cbf,478,607,237,374,129,137,17673
879,cr1_0110p_00008.cbf,479,603,236,370,124,134,16616
880,cr1_0111p_00001.cbf,484,602,239,369,118,130,15340
881,cr1_0111p_00002.cbf,482,605,240,373,123,133,16359
882,cr1_0111p_00003.cbf,477,609,236,372,132,136,17952
883,cr1_0111p_00004.cbf,483,605,240,372,122,132,16104
884,cr1_0111p_00005.cbf,478,604,234,367,126,133,16758
885,cr1_0111p_00006.cbf,482,606,235,372,124,137,16988
886,cr1_0111p_00007.cbf,478,602,235,372,124,137,16988
887,cr1_0111p_00008.cbf,479,604,234,372,125,138,17250
888,cr1_0112p_00001.cbf,490,597,246,361,107,115,12305
889,cr1_0112p_00002.cbf,481,607,240,373,126,133,16758
890,cr1_0112p_00003.cbf,481,605,239,369,124,130,16120
891,cr1_0112p_00004.cbf,485,606,237,375,121,138,16698
892,cr1_0112p_00005.cbf,482,606,235,370,124,135,16740
893,cr1_0112p_00006.cbf,483,603,238,369,120,131,15720
894,cr1_0112p_00007.cbf,483,609,235,369,126,134,16884
895,cr1_0112p_00008.cbf,493,594,246,361,101,115,11615
896,cr1_0113p_00001.cbf,477,610,234,371,133,137,18221
897,cr1_0113p_00002.cbf,481,607,237,375,126,138,17388
898,cr1_0113p_00003.cbf,478,608,239,373,130,134,17420
899,cr1_0113p_00004.cbf,481,606,238,371,125,133,16625
900,cr1_0113p_00005.cbf,485,601,237,364,116,127,14732
901,cr1_0113p_00006.cbf,485,603,235,373,118,138,16284
902,cr1_0113p_00007.cbf,485,602,239,368,117,129,15093
903,cr1_0113p_00008.cbf,482,611,237,377,129,140,18060
904,cr1_0114p_00001.cbf,483,606,240,368,123,128,15744
905,cr1_0114p_00002.cbf,475,606,241,370,131,129,16899
906,cr1_0114p_00003.cbf,479,603,240,369,124,129,15996
907,cr1_0114p_00004.cbf,479,605,234,372,126,138,17388
908,cr1_0114p_00005.cbf,484,600,240,369,116,129,14964
909,cr1_0114p_00006.cbf,482,600,241,368,118,127,14986
910,cr1_0114p_00007.cbf,475,606,241,370,131,129,16899
911,cr1_0114p_00008.cbf,479,605,236,371,126,135,17010
912,cr1_0115p_00001.cbf,481,606,242,373,125,131,16375
913,cr1_0115p_00002.cbf,491,597,246,361,106,115,12190
914,cr1_0115p_00003.cbf,478,603,239,372,125,133,16625
915,cr1_0115p_00004.cbf,476,604,238,368,128,130,16640
916,cr1_0115p_00005.cbf,486,602,236,367,116,131,15196
917,cr1_0115p_00006.cbf,480,609,240,368,129,128,16512
918,cr1_0115p_00007.cbf,483,603,240,371,120,131,15720
919,cr1_0115p_00008.cbf,480,604,238,369,124,131,16244
920,cr1_0116p_00001.cbf,484,605,241,369,121,128,15488
921,cr1_0116p_00002.cbf,483,607,237,370,124,133,16492
922,cr1_0116p_00003.cbf,476,602,238,371,126,133,16758
923,cr1_0116p_00004.cbf,481,604,239,371,123,132,16236
924,cr1_0116p_00005.cbf,489,596,246,361,107,115,12305
925,cr1_0116p_00006.cbf,484,604,237,372,120,135,16200
926,cr1_0116p_00007.cbf,481,604,237,370,123,133,16359
927,cr1_0116p_00008.cbf,482,603,237,369,121,132,15972
928,cr1_0117p_00001.cbf,481,602,241,370,121,129,15609
929,cr1_0117p_00002.cbf,483,606,242,368,123,126,15498
930,cr1_0117p_00003.cbf,483,605,239,368,122,129,15738
931,cr1_0117p_00004.cbf,493,596,246,361,103,115,11845
932,cr1_0117p_00005.cbf,479,610,241,370,131,129,16899
933,cr1_0117p_00006.cbf,481,602,241,374,121,133,16093
934,cr1_0117p_00007.cbf,491,595,248,361,104,113,11752
935,cr1_0117p_00008.cbf,475,606,237,371,131,134,17554
936,cr1_0118p_00001.cbf,480,604,235,375,124,140,17360
937,cr1_0118p_00002.cbf,480,608,239,368,128,129,16512
938,cr1_0118p_00003.cbf,485,606,239,368,121,129,15609
939,cr1_0118p_00004.cbf,475,605,232,371,130,139,18070
940,cr1_0118p_00005.cbf,481,608,240,371,127,131,16637
941,cr1_0118p_00006.cbf,474,602,240,368,128,128,16384
942,cr1_0118p_00007.cbf,472,606,237,369,134,132,17688
943,cr1_0118p_00008.cbf,480,612,241,371,132,130,17160
944,cr1_0119p_00001.cbf,484,605,238,375,121,137,16577
945,cr1_0119p_00002.cbf,482,608,241,377,126,136,17136
946,cr1_0119p_00003.cbf,482,603,239,370,121,131,15851
947,cr1_0119p_00004.cbf,482,602,240,370,120,130,15600
948,cr1_0119p_00005.cbf,481,610,239,372,129,133,17157
949,cr1_0119p_00006.cbf,482,603,224,368,121,144,17424
950,cr1_0119p_00007.cbf,482,601,241,371,119,130,15470
951,cr1_0119p_00008.cbf,482,605,238,370,123,132,16236
952,cr1_0120p_00001.cbf,481,606,237,370,125,133,16625
953,cr1_0120p_00002.cbf,483,603,238,370,120,132,15840
954,cr1_0120p_00003.cbf,480,608,238,371,128,133,17024
955,cr1_0120p_00004.cbf,481,602,239,369,121,130,15730
956,cr1_0120p_00005.cbf,485,603,237,368,118,131,15458
957,cr1_0120p_00006.cbf,482,607,238,376,125,138,17250
958,cr1_0120p_00007.cbf,477,605,238,370,128,132,16896
959,cr1_0120p_00008.cbf,485,608,238,369,123,131,16113
960,cr1_0121p_00001.cbf,482,608,242,373,126,131,16506
961,cr1_0121p_00002.cbf,490,595,247,362,105,115,12075
962,cr1_0121p_00003.cbf,483,603,238,373,120,135,16200
963,cr1_0121p_00004.cbf,478,600,241,372,122,131,15982
964,cr1_0121p_00005.cbf,483,604,237,372,121,135,16335
965,cr1_0121p_00006.cbf,475,604,235,373,129,138,17802
966,cr1_0121p_00007.cbf,478,603,239,369,125,130,16250
967,cr1_0121p_00008.cbf,485,601,238,368,116,130,15080
968,cr1_0122p_00001.cbf,483,604,239,369,121,130,15730
969,cr1_0122p_00002.cbf,484,604,233,367,120,134,16080
970,cr1_0122p_00003.cbf,484,604,233,369,120,136,16320
971,cr1_0122p_00004.cbf,483,603,237,373,120,136,16320
972,cr1_0122p_00005.cbf,480,603,233,368,123,135,16605
973,cr1_0122p_00006.cbf,482,605,242,367,123,125,15375
974,cr1_0122p_00007.cbf,484,605,238,373,121,135,16335
975,cr1_0122p_00008.cbf,476,604,239,367,128,128,16384
976,cr1_0123p_00001.cbf,482,603,235,368,121,133,16093
977,cr1_0123p_00002.cbf,483,606,241,370,123,129,15867
978,cr1_0123p_00003.cbf,483,600,237,381,117,144,16848
979,cr1_0123p_00004.cbf,481,603,232,373,122,141,17202
980,cr1_0123p_00005.cbf,483,602,237,369,119,132,15708
981,cr1_0123p_00006.cbf,485,603,241,372,118,131,15458
982,cr1_0123p_00007.cbf,483,605,236,369,122,133,16226
983,cr1_0123p_00008.cbf,482,606,235,368,124,133,16492
984,cr1_0124p_00001.cbf,479,603,238,373,124,135,16740
985,cr1_0124p_00002.cbf,479,604,238,369,125,131,16375
986,cr1_0124p_00003.cbf,481,602,244,369,121,125,15125
987,cr1_0124p_00004.cbf,482,603,240,373,121,133,16093
988,cr1_0124p_00005.cbf,480,602,239,368,122,129,15738
989,cr1_0124p_00006.cbf,480,601,234,375,121,141,17061
990,cr1_0124p_00007.cbf,484,603,242,368,119,126,14994
991,cr1_0124p_00008.cbf,484,606,234,373,122,139,16958
992,cr1_0125p_00001.cbf,482,606,242,369,124,127,15748
993,cr1_0125p_00002.cbf,485,604,238,373,119,135,16065
994,cr1_0125p_00003.cbf,482,604,236,369,122,133,16226
995,cr1_0125p_00004.cbf,484,605,234,374,121,140,16940
996,cr1_0125p_00005.cbf,481,606,235,370,125,135,16875
997,cr1_0125p_00006.cbf,482,603,238,371,121,133,16093
998,cr1_0125p_00007.cbf,481,603,238,375,122,137,16714
999,cr1_0125p_00008.cbf,475,607,235,370,132,135,17820
1000,cr1_0126p_00001.cbf,484,606,240,371,122,131,15982
1001,cr1_0126p_00002.cbf,474,605,238,369,131,131,17161
1002,cr1_0126p_00003.cbf,485,603,236,368,118,132,15576
1003,cr1_0126p_00004.cbf,480,606,241,372,126,131,16506
1004,cr1_0126p_00005.cbf,483,603,242,366,120,124,14880
1005,cr1_0126p_00006.cbf,482,603,240,373,121,133,16093
1006,cr1_0126p_00007.cbf,482,603,238,370,121,132,15972
1007,cr1_0126p_00008.cbf,483,609,238,370,126,132,16632
1008,cr1_0127p_00001.cbf,480,605,239,369,125,130,16250
1009,cr1_0127p_00002.cbf,482,601,238,369,119,131,15589
1010,cr1_0127p_00003.cbf,481,602,239,371,121,132,15972
1011,cr1_0127p_00004.cbf,483,602,242,372,119,130,15470
1012,cr1_0127p_00005.cbf,481,602,235,369,121,134,16214
1013,cr1_0127p_00006.cbf,483,604,239,374,121,135,16335
1014,cr1_0127p_00007.cbf,481,604,239,368,123,129,15867
1015,cr1_0127p_00008.cbf,475,604,236,372,129,136,17544
1016,cr1_0128p_00001.cbf,484,603,238,370,119,132,15708
1017,cr1_0128p_00002.cbf,481,603,242,370,122,128,15616
1018,cr1_0128p_00003.cbf,481,603,242,370,122,128,15616
1019,cr1_0128p_00004.cbf,484,600,238,370,116,132,15312
1020,cr1_0128p_00005.cbf,479,603,235,368,124,133,16492
1021,cr1_0128p_00006.cbf,478,607,235,370,129,135,17415
1022,cr1_0128p_00007.cbf,483,607,236,370,124,134,16616
1023,cr1_0128p_00008.cbf,485,603,239,370,118,131,15458
1024,cr1_0129p_00001.cbf,482,606,238,369,124,131,16244
1025,cr1_0129p_00002.cbf,479,602,237,367,123,130,15990
1026,cr1_0129p_00003.cbf,479,603,233,370,124,137,16988
1027,cr1_0129p_00004.cbf,485,603,235,367,118,132,15576
1028,cr1_0129p_00005.cbf,490,595,246,359,105,113,11865
1029,cr1_0129p_00006.cbf,481,603,235,372,122,137,16714
1030,cr1_0129p_00007.cbf,480,604,240,371,124,131,16244
1031,cr1_0129p_00008.cbf,481,607,239,368,126,129,16254
1032,cr1_0130p_00001.cbf,483,605,240,369,122,129,15738
1033,cr1_0130p_00002.cbf,480,607,240,371,127,131,16637
1034,cr1_0130p_00003.cbf,481,605,238,366,124,128,15872
1035,cr1_0130p_00004.cbf,484,600,240,366,116,126,14616
1036,cr1_0130p_00005.cbf,484,603,239,364,119,125,14875
1037,cr1_0130p_00006.cbf,482,609,237,369,127,132,16764
1038,cr1_0130p_00007.cbf,485,604,240,366,119,126,14994
1039,cr1_0130p_00008.cbf,483,603,239,367,120,128,15360
1040,cr1_0131p_00001.cbf,484,601,240,366,117,126,14742
1041,cr1_0131p_00002.cbf,483,604,241,372,121,131,15851
1042,cr1_0131p_00003.cbf,482,606,241,369,124,128,15872
1043,cr1_0131p_00004.cbf,482,606,235,377,124,142,17608
1044,cr1_0131p_00005.cbf,486,601,237,374,115,137,15755
1045,cr1_0131p_00006.cbf,482,610,240,367,128,127,16256
1046,cr1_0131p_00007.cbf,478,604,239,369,126,130,16380
1047,cr1_0131p_00008.cbf,482,603,237,369,121,132,15972
1048,cr1_0132p_00001.cbf,479,603,236,368,124,132,16368
1049,cr1_0132p_00002.cbf,481,603,228,370,122,142,17324
1050,cr1_0132p_00003.cbf,484,605,235,369,121,134,16214
1051,cr1_0132p_00004.cbf,483,603,239,368,120,129,15480
1052,cr1_0132p_00005.cbf,484,601,237,373,117,136,15912
1053,cr1_0132p_00006.cbf,484,601,239,368,117,129,15093
1054,cr1_0132p_00007.cbf,484,611,239,374,127,135,17145
1055,cr1_0132p_00008.cbf,482,602,232,369,120,137,16440
1056,cr1_0133p_00001.cbf,481,604,241,370,123,129,15867
1057,cr1_0133p_00002.cbf,483,608,238,370,125,132,16500
1058,cr1_0133p_00003.cbf,481,602,238,374,121,136,16456
1059,cr1_0133p_00004.cbf,484,601,241,369,117,128,14976
1060,cr1_0133p_00005.cbf,480,606,237,377,126,140,17640
1061,cr1_0133p_00006.cbf,484,600,238,369,116,131,15196
1062,cr1_0133p_00007.cbf,485,604,240,368,119,128,15232
1063,cr1_0133p_00008.cbf,481,602,238,370,121,132,15972
1064,cr1_0134p_00001.cbf,484,604,239,369,120,130,15600
1065,cr1_0134p_00002.cbf,483,605,241,372,122,131,15982
1066,cr1_0134p_00003.cbf,493,595,245,361,102,116,11832
1067,cr1_0134p_00004.cbf,486,606,237,374,120,137,16440
1068,cr1_0134p_00005.cbf,484,604,237,369,120,132,15840
1069,cr1_0134p_00006.cbf,481,605,237,368,124,131,16244
1070,cr1_0134p_00007.cbf,477,603,240,368,126,128,16128
1071,cr1_0134p_00008.cbf,484,604,244,367,120,123,14760
1072,cr1_0135p_00001.cbf,480,602,237,371,122,134,16348
1073,cr1_0135p_00002.cbf,480,605,240,372,125,132,16500
1074,cr1_0135p_00003.cbf,480,604,238,371,124,133,16492
1075,cr1_0135p_00004.cbf,479,607,238,368,128,130,16640
1076,cr1_0135p_00005.cbf,482,604,237,374,122,137,16714
1077,cr1_0135p_00006.cbf,480,603,236,366,123,130,15990
1078,cr1_0135p_00007.cbf,482,609,235,369,127,134,17018
1079,cr1_0135p_00008.cbf,483,603,239,371,120,132,15840
1080,cr1_0136p_00001.cbf,482,604,230,372,122,142,17324
1081,cr1_0136p_00002.cbf,481,606,238,374,125,136,17000
1082,cr1_0136p_00003.cbf,479,606,237,369,127,132,16764
1083,cr1_0136p_00004.cbf,478,606,234,369,128,135,17280
1084,cr1_0136p_00005.cbf,470,605,233,368,135,135,18225
1085,cr1_0136p_00006.cbf,483,607,238,372,124,134,16616
1086,cr1_0136p_00007.cbf,479,609,233,369,130,136,17680
1087,cr1_0136p_00008.cbf,480,606,236,369,126,133,16758
1088,cr1_0137p_00001.cbf,472,602,234,369,130,135,17550
1089,cr1_0137p_00002.cbf,483,606,236,373,123,137,16851
1090,cr1_0137p_00003.cbf,485,606,234,373,121,139,16819
1091,cr1_0137p_00004.cbf,482,610,238,371,128,133,17024
1092,cr1_0137p_00005.cbf,479,605,237,370,126,133,16758
1093,cr1_0137p_00006.cbf,482,603,237,375,121,138,16698
1094,cr1_0137p_00007.cbf,482,611,237,368,129,131,16899
1095,cr1_0137p_00008.cbf,482,604,236,373,122,137,16714
1096,cr1_0138p_00001.cbf,483,602,237,372,119,135,16065
1097,cr1_0138p_00002.cbf,476,603,235,373,127,138,17526
1098,cr1_0138p_00003.cbf,483,610,239,374,127,135,17145
1099,cr1_0138p_00004.cbf,482,607,234,367,125,133,16625
1100,cr1_0138p_00005.cbf,481,610,235,371,129,136,17544
1101,cr1_0138p_00006.cbf,479,610,236,375,131,139,18209
1102,cr1_0138p_00007.cbf,481,611,232,373,130,141,18330
1103,cr1_0138p_00008.cbf,478,603,240,376,125,136,17000
1104,cr1_0139p_00001.cbf,485,603,240,370,118,130,15340
1105,cr1_0139p_00002.cbf,481,605,240,370,124,130,16120
1106,cr1_0139p_00003.cbf,478,608,238,376,130,138,17940
1107,cr1_0139p_00004.cbf,480,609,234,370,129,136,17544
1108,cr1_0139p_00005.cbf,480,604,238,367,124,129,15996
1109,cr1_0139p_00006.cbf,481,604,235,370,123,135,16605
1110,cr1_0139p_00007.cbf,480,606,235,370,126,135,17010
1111,cr1_0139p_00008.cbf,483,605,240,370,122,130,15860
1112,cr1_0140p_00001.cbf,484,608,238,374,124,136,16864
1113,cr1_0140p_00002.cbf,481,606,234,369,125,135,16875
1114,cr1_0140p_00003.cbf,478,603,239,369,125,130,16250
1115,cr1_0140p_00004.cbf,480,607,236,372,127,136,17272
1116,cr1_0140p_00005.cbf,483,603,238,373,120,135,16200
1117,cr1_0140p_00006.cbf,491,596,245,362,105,117,12285
1118,cr1_0140p_00007.cbf,484,615,240,375,131,135,17685
1119,cr1_0140p_00008.cbf,479,606,238,371,127,133,16891
1120,cr1_0141p_00001.cbf,478,607,239,371,129,132,17028
1121,cr1_0141p_00002.cbf,482,604,235,372,122,137,16714
1122,cr1_0141p_00003.cbf,480,605,237,371,125,134,16750
1123,cr1_0141p_00004.cbf,477,604,236,371,127,135,17145
1124,cr1_0141p_00005.cbf,483,607,234,373,124,139,17236
1125,cr1_0141p_00006.cbf,480,603,233,370,123,137,16851
1126,cr1_0141p_00007.cbf,480,603,241,369,123,128,15744
1127,cr1_0141p_00008.cbf,473,604,232,369,131,137,17947
1128,cr1_0142p_00001.cbf,480,612,237,373,132,136,17952
1129,cr1_0142p_00002.cbf,478,602,239,371,124,132,16368
1130,cr1_0142p_00003.cbf,480,605,241,370,125,129,16125
1131,cr1_0142p_00004.cbf,483,602,233,375,119,142,16898
1132,cr1_0142p_00005.cbf,478,605,234,377,127,143,18161
1133,cr1_0142p_00006.cbf,480,603,238,371,123,133,16359
1134,cr1_0142p_00007.cbf,481,609,236,370,128,134,17152
1135,cr1_0142p_00008.cbf,482,605,236,372,123,136,16728
1136,cr1_0143p_00001.cbf,478,604,239,370,126,131,16506
1137,cr1_0143p_00002.cbf,481,603,238,372,122,134,16348
1138,cr1_0143p_00003.cbf,482,601,235,371,119,136,16184
1139,cr1_0143p_00004.cbf,476,605,239,369,129,130,16770
1140,cr1_0143p_00005.cbf,479,601,236,371,122,135,16470
1141,cr1_0143p_00006.cbf,480,604,238,371,124,133,16492
1142,cr1_0143p_00007.cbf,483,603,238,371,120,133,15960
1143,cr1_0143p_00008.cbf,480,601,233,369,121,136,16456
1144,cr1_0144p_00001.cbf,481,604,239,376,123,137,16851
1145,cr1_0144p_00002.cbf,483,609,238,370,126,132,16632
1146,cr1_0144p_00003.cbf,484,604,237,373,120,136,16320
1147,cr1_0144p_00004.cbf,480,607,237,374,127,137,17399
1148,cr1_0144p_00005.cbf,484,604,235,375,120,140,16800
1149,cr1_0144p_00006.cbf,481,605,233,370,124,137,16988
1150,cr1_0144p_00007.cbf,481,604,238,371,123,133,16359
1151,cr1_0144p_00008.cbf,475,605,231,369,130,138,17940
1152,cr1_0145p_00001.cbf,481,603,241,371,122,130,15860
1153,cr1_0145p_00002.cbf,475,606,237,368,131,131,17161
1154,cr1_0145p_00003.cbf,478,602,237,374,124,137,16988
1155,cr1_0145p_00004.cbf,482,605,237,371,123,134,16482
1156,cr1_0145p_00005.cbf,481,605,237,375,124,138,17112
1157,cr1_0145p_00006.cbf,483,609,237,368,126,131,16506
1158,cr1_0145p_00007.cbf,482,607,237,371,125,134,16750
1159,cr1_0145p_00008.cbf,483,605,240,369,122,129,15738
1160,cr1_0146p_00001.cbf,480,608,239,370,128,131,16768
1161,cr1_0146p_00002.cbf,481,607,237,370,126,133,16758
1162,cr1_0146p_00003.cbf,481,602,233,373,121,140,16940
1163,cr1_0146p_00004.cbf,482,606,240,371,124,131,16244
1164,cr1_0146p_00005.cbf,480,606,232,373,126,141,17766
1165,cr1_0146p_00006.cbf,481,604,239,371,123,132,16236
1166,cr1_0146p_00007.cbf,482,604,236,370,122,134,16348
1167,cr1_0146p_00008.cbf,482,604,234,370,122,136,16592
1168,cr1_0147p_00001.cbf,479,607,235,376,128,141,18048
1169,cr1_0147p_00002.cbf,483,604,235,368,121,133,16093
1170,cr1_0147p_00003.cbf,483,604,233,368,121,135,16335
1171,cr1_0147p_00004.cbf,482,605,241,373,123,132,16236
1172,cr1_0147p_00005.cbf,476,607,233,368,131,135,17685
1173,cr1_0147p_00006.cbf,479,606,239,371,127,132,16764
1174,cr1_0147p_00007.cbf,483,604,237,368,121,131,15851
1175,cr1_0147p_00008.cbf,481,606,236,368,125,132,16500
1176,cr1_0148p_00001.cbf,473,605,237,370,132,133,17556
1177,cr1_0148p_00002.cbf,481,601,238,370,120,132,15840
1178,cr1_0148p_00003.cbf,490,594,248,363,104,115,11960
1179,cr1_0148p_00004.cbf,479,604,237,371,125,134,16750
1180,cr1_0148p_00005.cbf,477,603,238,371,126,133,16758
1181,cr1_0148p_00006.cbf,482,603,236,370,121,134,16214
1182,cr1_0148p_00007.cbf,484,601,237,373,117,136,15912
1183,cr1_0148p_00008.cbf,481,600,236,370,119,134,15946
1184,cr1_0149p_00001.cbf,474,601,239,372,127,133,16891
1185,cr1_0149p_00002.cbf,481,604,236,370,123,134,16482
1186,cr1_0149p_00003.cbf,479,610,238,370,131,132,17292
1187,cr1_0149p_00004.cbf,483,607,238,371,124,133,16492
1188,cr1_0149p_00005.cbf,483,607,237,368,124,131,16244
1189,cr1_0149p_00006.cbf,483,604,237,368,121,131,15851
1190,cr1_0149p_00007.cbf,478,604,238,368,126,130,16380
1191,cr1_0149p_00008.cbf,481,604,238,376,123,138,16974
1192,cr1_0150p_00001.cbf,481,602,238,375,121,137,16577
1193,cr1_0150p_00002.cbf,478,607,240,368,129,128,16512
1194,cr1_0150p_00003.cbf,480,603,239,368,123,129,15867
1195,cr1_0150p_00004.cbf,482,605,237,369,123,132,16236
1196,cr1_0150p_00005.cbf,479,602,239,374,123,135,16605
1197,cr1_0150p_00006.cbf,476,602,240,371,126,131,16506
1198,cr1_0150p_00007.cbf,480,605,230,371,125,141,17625
1199,cr1_0150p_00008.cbf,475,604,245,370,129,125,16125
1200,cr1_0151p_00001.cbf,482,602,236,371,120,135,16200
1201,cr1_0151p_00002.cbf,483,605,240,372,122,132,16104
1202,cr1_0151p_00003.cbf,481,602,239,372,121,133,16093
1203,cr1_0151p_00004.cbf,480,601,240,373,121,133,16093
1204,cr1_0151p_00005.cbf,489,594,244,360,105,116,12180
1205,cr1_0151p_00006.cbf,479,603,235,378,124,143,17732
1206,cr1_0151p_00007.cbf,480,607,238,370,127,132,16764
1207,cr1_0151p_00008.cbf,477,605,237,377,128,140,17920
1208,cr1_0152p_00001.cbf,485,603,239,370,118,131,15458
1209,cr1_0152p_00002.cbf,484,606,236,370,122,134,16348
1210,cr1_0152p_00003.cbf,484,605,234,372,121,138,16698
1211,cr1_0152p_00004.cbf,484,602,239,372,118,133,15694
1212,cr1_0152p_00005.cbf,483,605,237,369,122,132,16104
1213,cr1_0152p_00006.cbf,491,594,248,363,103,115,11845
1214,cr1_0152p_00007.cbf,486,601,237,372,115,135,15525
1215,cr1_0152p_00008.cbf,481,604,244,369,123,125,15375
1216,cr1_0153p_00001.cbf,480,610,242,375,130,133,17290
1217,cr1_0153p_00002.cbf,484,608,239,374,124,135,16740
1218,cr1_0153p_00003.cbf,481,606,238,368,125,130,16250
1219,cr1_0153p_00004.cbf,481,604,238,369,123,131,16113
1220,cr1_0153p_00005.cbf,482,603,239,370,121,131,15851
1221,cr1_0153p_00006.cbf,481,601,236,368,120,132,15840
1222,cr1_0153p_00007.cbf,483,605,238,372,122,134,16348
1223,cr1_0153p_00008.cbf,484,604,239,370,120,131,15720
1224,cr1_0154p_00001.cbf,482,604,244,370,122,126,15372
1225,cr1_0154p_00002.cbf,479,602,236,370,123,134,16482
1226,cr1_0154p_00003.cbf,483,601,237,371,118,134,15812
1227,cr1_0154p_00004.cbf,476,602,239,368,126,129,16254
1228,cr1_0154p_00005.cbf,482,600,238,372,118,134,15812
1229,cr1_0154p_00006.cbf,481,610,240,370,129,130,16770
1230,cr1_0154p_00007.cbf,476,607,238,368,131,130,17030
1231,cr1_0154p_00008.cbf,479,604,239,370,125,131,16375
1232,cr1_0155p_00001.cbf,483,608,238,368,125,130,16250
1233,cr1_0155p_00002.cbf,481,602,240,376,121,136,16456
1234,cr1_0155p_00003.cbf,478,601,233,373,123,140,17220
1235,cr1_0155p_00004.cbf,480,604,240,372,124,132,16368
1236,cr1_0155p_00005.cbf,484,603,236,370,119,134,15946
1237,cr1_0155p_00006.cbf,483,603,237,372,120,135,16200
1238,cr1_0155p_00007.cbf,478,602,234,371,124,137,16988
1239,cr1_0155p_00008.cbf,483,602,240,371,119,131,15589
1240,cr1_0156p_00001.cbf,484,604,241,369,120,128,15360
1241,cr1_0156p_00002.cbf,479,602,239,369,123,130,15990
1242,cr1_0156p_00003.cbf,481,603,239,370,122,131,15982
1243,cr1_0156p_00004.cbf,483,602,239,373,119,134,15946
1244,cr1_0156p_00005.cbf,482,606,239,369,124,130,16120
1245,cr1_0156p_00006.cbf,479,601,241,369,122,128,15616
1246,cr1_0156p_00007.cbf,478,602,239,370,124,131,16244
1247,cr1_0156p_00008.cbf,483,601,237,371,118,134,15812
1248,cr1_0157p_00001.cbf,479,605,238,375,126,137,17262
1249,cr1_0157p_00002.cbf,477,603,239,370,126,131,16506
1250,cr1_0157p_00003.cbf,478,602,235,369,124,134,16616
1251,cr1_0157p_00004.cbf,481,602,240,367,121,127,15367
1252,cr1_0157p_00005.cbf,481,604,234,374,123,140,17220
1253,cr1_0157p_00006.cbf,483,602,235,369,119,134,15946
1254,cr1_0157p_00007.cbf,480,600,231,372,120,141,16920
1255,cr1_0157p_00008.cbf,480,605,235,368,125,133,16625
1256,cr1_0158p_00001.cbf,485,604,241,375,119,134,15946
1257,cr1_0158p_00002.cbf,480,606,239,375,126,136,17136
1258,cr1_0158p_00003.cbf,484,602,236,369,118,133,15694
1259,cr1_0158p_00004.cbf,477,603,235,373,126,138,17388
1260,cr1_0158p_00005.cbf,481,602,234,370,121,136,16456
1261,cr1_0158p_00006.cbf,483,602,237,371,119,134,15946
1262,cr1_0158p_00007.cbf,483,603,238,381,120,143,17160
1263,cr1_0158p_00008.cbf,480,604,238,375,124,137,16988
1264,cr1_0159p_00001.cbf,484,602,245,373,118,128,15104
1265,cr1_0159p_00002.cbf,483,607,237,378,124,141,17484
1266,cr1_0159p_00003.cbf,483,606,239,370,123,131,16113
1267,cr1_0159p_00004.cbf,484,605,240,370,121,130,15730
1268,cr1_0159p_00005.cbf,483,602,236,368,119,132,15708
1269,cr1_0159p_00006.cbf,476,602,241,370,126,129,16254
1270,cr1_0159p_00007.cbf,482,605,241,373,123,132,16236
1271,cr1_0159p_00008.cbf,481,606,244,372,125,128,16000
1272,cr1_0160p_00001.cbf,482,603,241,373,121,132,15972
1273,cr1_0160p_00002.cbf,479,606,236,370,127,134,17018
1274,cr1_0160p_00003.cbf,480,602,237,369,122,132,16104
1275,cr1_0160p_00004.cbf,477,601,238,377,124,139,17236
1276,cr1_0160p_00005.cbf,481,603,240,368,122,128,15616
1277,cr1_0160p_00006.cbf,480,609,238,369,129,131,16899
1278,cr1_0160p_00007.cbf,484,604,239,375,120,136,16320
1279,cr1_0160p_00008.cbf,484,609,244,372,125,128,16000
1280,cr1_0161p_00001.cbf,480,606,237,368,126,131,16506
1281,cr1_0161p_00002.cbf,484,611,239,369,127,130,16510
1282,cr1_0161p_00003.cbf,476,602,239,369,126,130,16380
1283,cr1_0161p_00004.cbf,480,602,240,368,122,128,15616
1284,cr1_0161p_00005.cbf,479,604,239,367,125,128,16000
1285,cr1_0161p_00006.cbf,483,605,238,370,122,132,16104
1286,cr1_0161p_00007.cbf,483,612,241,370,129,129,16641
1287,cr1_0161p_00008.cbf,479,601,233,367,122,134,16348
1288,cr1_0162p_00001.cbf,485,603,238,367,118,129,15222
1289,cr1_0162p_00002.cbf,485,600,238,371,115,133,15295
1290,cr1_0162p_00003.cbf,482,611,237,373,129,136,17544
1291,cr1_0162p_00004.cbf,480,604,238,368,124,130,16120
1292,cr1_0162p_00005.cbf,476,604,236,369,128,133,17024
1293,cr1_0162p_00006.cbf,483,605,239,377,122,138,16836
1294,cr1_0162p_00007.cbf,485,606,240,369,121,129,15609
1295,cr1_0162p_00008.cbf,491,595,247,360,104,113,11752
1296,cr1_0163p_00001.cbf,477,605,244,372,128,128,16384
1297,cr1_0163p_00002.cbf,481,603,239,376,122,137,16714
1298,cr1_0163p_00003.cbf,476,607,240,375,131,135,17685
1299,cr1_0163p_00004.cbf,484,602,238,368,118,130,15340
1300,cr1_0163p_00005.cbf,480,605,234,368,125,134,16750
1301,cr1_0163p_00006.cbf,477,603,239,368,126,129,16254
1302,cr1_0163p_00007.cbf,480,601,239,366,121,127,15367
1303,cr1_0163p_00008.cbf,484,603,239,370,119,131,15589
1304,cr1_0164p_00001.cbf,482,605,242,372,123,130,15990
1305,cr1_0164p_00002.cbf,482,606,239,370,124,131,16244
1306,cr1_0164p_00003.cbf,470,604,242,367,134,125,16750
1307,cr1_0164p_00004.cbf,485,605,234,369,120,135,16200
1308,cr1_0164p_00005.cbf,478,602,238,369,124,131,16244
1309,cr1_0164p_00006.cbf,491,594,246,361,103,115,11845
1310,cr1_0164p_00007.cbf,480,600,240,368,120,128,15360
1311,cr1_0164p_00008.cbf,481,605,241,371,124,130,16120
1312,cr1_0165p_00001.cbf,479,605,236,373,126,137,17262
1313,cr1_0165p_00002.cbf,478,610,235,372,132,137,18084
1314,cr1_0165p_00003.cbf,481,604,241,375,123,134,16482
1315,cr1_0165p_00004.cbf,483,608,241,370,125,129,16125
1316,cr1_0165p_00005.cbf,479,603,238,373,124,135,16740
1317,cr1_0165p_00006.cbf,475,602,235,374,127,139,17653
1318,cr1_0165p_00007.cbf,484,604,239,369,120,130,15600
1319,cr1_0165p_00008.cbf,479,606,241,372,127,131,16637
1320,cr1_0166p_00001.cbf,478,603,238,374,125,136,17000
1321,cr1_0166p_00002.cbf,480,606,238,369,126,131,16506
1322,cr1_0166p_00003.cbf,479,604,234,371,125,137,17125
1323,cr1_0166p_00004.cbf,490,596,246,361,106,115,12190
1324,cr1_0166p_00005.cbf,481,602,240,367,121,127,15367
1325,cr1_0166p_00006.cbf,480,601,235,370,121,135,16335
1326,cr1_0166p_00007.cbf,480,604,238,364,124,126,15624
1327,cr1_0166p_00008.cbf,481,604,239,368,123,129,15867
1328,cr1_0167p_00001.cbf,480,606,240,373,126,133,16758
1329,cr1_0167p_00002.cbf,492,596,249,363,104,114,11856
1330,cr1_0167p_00003.cbf,480,602,240,375,122,135,16470
1331,cr1_0167p_00004.cbf,484,602,238,368,118,130,15340
1332,cr1_0167p_00005.cbf,483,602,233,367,119,134,15946
1333,cr1_0167p_00006.cbf,482,603,235,373,121,138,16698
1334,cr1_0167p_00007.cbf,490,597,247,360,107,113,12091
1335,cr1_0167p_00008.cbf,483,603,237,368,120,131,15720
1336,cr1_0168p_00001.cbf,481,606,242,374,125,132,16500
1337,cr1_0168p_00002.cbf,481,603,238,369,122,131,15982
1338,cr1_0168p_00003.cbf,483,604,236,371,121,135,16335
1339,cr1_0168p_00004.cbf,478,602,235,374,124,139,17236
1340,cr1_0168p_00005.cbf,482,602,234,374,120,140,16800
1341,cr1_0168p_00006.cbf,481,605,239,374,124,135,16740
1342,cr1_0168p_00007.cbf,481,606,238,375,125,137,17125
1343,cr1_0168p_00008.cbf,478,601,241,367,123,126,15498
1344,cr1_0169p_00001.cbf,481,602,237,370,121,133,16093
1345,cr1_0169p_00002.cbf,487,602,237,370,115,133,15295
1346,cr1_0169p_00003.cbf,482,604,238,369,122,131,15982
1347,cr1_0169p_00004.cbf,478,603,239,374,125,135,16875
1348,cr1_0169p_00005.cbf,483,612,235,373,129,138,17802
1349,cr1_0169p_00006.cbf,478,604,237,373,126,136,17136
1350,cr1_0169p_00007.cbf,480,604,236,372,124,136,16864
1351,cr1_0169p_00008.cbf,477,611,236,374,134,138,18492
1352,cr1_0170p_00001.cbf,479,605,234,379,126,145,18270
1353,cr1_0170p_00002.cbf,478,605,239,376,127,137,17399
1354,cr1_0170p_00003.cbf,481,602,239,370,121,131,15851
1355,cr1_0170p_00004.cbf,480,603,233,374,123,141,17343
1356,cr1_0170p_00005.cbf,481,600,237,369,119,132,15708
1357,cr1_0170p_00006.cbf,477,602,235,370,125,135,16875
1358,cr1_0170p_00007.cbf,482,605,239,371,123,132,16236
1359,cr1_0170p_00008.cbf,480,602,240,373,122,133,16226
1360,cr1_0171p_00001.cbf,483,603,231,369,120,138,16560
1361,cr1_0171p_00002.cbf,478,604,241,369,126,128,16128
1362,cr1_0171p_00003.cbf,481,609,236,372,128,136,17408
1363,cr1_0171p_00004.cbf,482,608,237,372,126,135,17010
1364,cr1_0171p_00005.cbf,480,600,239,375,120,136,16320
1365,cr1_0171p_00006.cbf,483,602,236,371,119,135,16065
1366,cr1_0171p_00007.cbf,478,603,238,372,125,134,16750
1367,cr1_0171p_00008.cbf,484,605,240,377,121,137,16577
1368,cr1_0172p_00001.cbf,476,609,235,372,133,137,18221
1369,cr1_0172p_00002.cbf,480,605,237,375,125,138,17250
1370,cr1_0172p_00003.cbf,491,596,244,362,105,118,12390
1371,cr1_0172p_00004.cbf,479,605,234,374,126,140,17640
1372,cr1_0172p_00005.cbf,479,606,232,374,127,142,18034
1373,cr1_0172p_00006.cbf,480,607,236,372,127,136,17272
1374,cr1_0172p_00007.cbf,476,607,233,370,131,137,17947
1375,cr1_0172p_00008.cbf,483,606,241,372,123,131,16113
1376,cr1_0173p_00001.cbf,477,604,238,378,127,140,17780
1377,cr1_0173p_00002.cbf,483,604,233,377,121,144,17424
1378,cr1_0173p_00003.cbf,479,603,237,370,124,133,16492
1379,cr1_0173p_00004.cbf,481,605,239,370,124,131,16244
1380,cr1_0173p_00005.cbf,476,611,237,373,135,136,18360
1381,cr1_0173p_00006.cbf,474,605,233,373,131,140,18340
1382,cr1_0173p_00007.cbf,481,604,240,374,123,134,16482
1383,cr1_0173p_00008.cbf,489,596,247,360,107,113,12091
1384,cr1_0174p_00001.cbf,477,606,238,371,129,133,17157
1385,cr1_0174p_00002.cbf,480,606,238,383,126,145,18270
1386,cr1_0174p_00003.cbf,483,602,237,372,119,135,16065
1387,cr1_0174p_00004.cbf,479,603,240,368,124,128,15872
1388,cr1_0174p_00005.cbf,471,607,232,374,136,142,19312
1389,cr1_0174p_00006.cbf,480,603,238,372,123,134,16482
1390,cr1_0174p_00007.cbf,481,603,237,371,122,134,16348
1391,cr1_0174p_00008.cbf,480,603,238,371,123,133,16359
1392,cr1_0175p_00001.cbf,477,603,241,377,126,136,17136
1393,cr1_0175p_00002.cbf,482,608,239,373,126,134,16884
1394,cr1_0175p_00003.cbf,477,608,235,370,131,135,17685
1395,cr1_0175p_00004.cbf,482,604,239,374,122,135,16470
1396,cr1_0175p_00005.cbf,491,594,245,364,103,119,12257
1397,cr1_0175p_00006.cbf,482,615,239,370,133,131,17423
1398,cr1_0175p_00007.cbf,481,606,240,375,125,135,16875
1399,cr1_0175p_00008.cbf,483,603,241,373,120,132,15840
1400,cr1_0176p_00001.cbf,481,615,231,373,134,142,19028
1401,cr1_0176p_00002.cbf,481,609,233,372,128,139,17792
1402,cr1_0176p_00003.cbf,489,596,247,364,107,117,12519
1403,cr1_0176p_00004.cbf,482,604,231,372,122,141,17202
1404,cr1_0176p_00005.cbf,475,609,235,375,134,140,18760
1405,cr1_0176p_00006.cbf,477,608,234,380,131,146,19126
1406,cr1_0176p_00007.cbf,482,605,239,372,123,133,16359
1407,cr1_0176p_00008.cbf,481,607,239,373,126,134,16884
1408,cr1_0177p_00001.cbf,479,602,240,372,123,132,16236
1409,cr1_0177p_00002.cbf,479,606,237,374,127,137,17399
1410,cr1_0177p_00003.cbf,483,605,236,370,122,134,16348
1411,cr1_0177p_00004.cbf,482,602,235,369,120,134,16080
1412,cr1_0177p_00005.cbf,481,603,234,371,122,137,16714
1413,cr1_0177p_00006.cbf,478,604,235,371,126,136,17136
1414,cr1_0177p_00007.cbf,480,604,235,371,124,136,16864
1415,cr1_0177p_00008.cbf,481,603,238,372,122,134,16348
1416,cr1_0178p_00001.cbf,480,602,238,371,122,133,16226
1417,cr1_0178p_00002.cbf,481,606,236,372,125,136,17000
1418,cr1_0178p_00003.cbf,483,605,237,373,122,136,16592
1419,cr1_0178p_00004.cbf,481,608,240,375,127,135,17145
1420,cr1_0178p_00005.cbf,482,603,236,371,121,135,16335
1421,cr1_0178p_00006.cbf,481,608,235,374,127,139,17653
1422,cr1_0178p_00007.cbf,481,606,239,374,125,135,16875
1423,cr1_0178p_00008.cbf,481,604,241,375,123,134,16482
1424,cr1_0179p_00001.cbf,478,607,240,372,129,132,17028
1425,cr1_0179p_00002.cbf,490,595,242,367,105,125,13125
1426,cr1_0179p_00003.cbf,483,603,238,379,120,141,16920
1427,cr1_0179p_00004.cbf,483,606,239,373,123,134,16482
1428,cr1_0179p_00005.cbf,476,605,232,367,129,135,17415
1429,cr1_0179p_00006.cbf,476,603,235,371,127,136,17272
1430,cr1_0179p_00007.cbf,480,608,236,375,128,139,17792
1431,cr1_0179p_00008.cbf,481,607,238,375,126,137,17262
1432,cr1_0180p_00001.cbf,480,608,237,371,128,134,17152
1433,cr1_0180p_00002.cbf,481,606,239,384,125,145,18125
1434,cr1_0180p_00003.cbf,479,608,233,373,129,140,18060
1435,cr1_0180p_00004.cbf,481,605,237,372,124,135,16740
1436,cr1_0180p_00005.cbf,478,608,229,371,130,142,18460
1437,cr1_0180p_00006.cbf,475,607,239,372,132,133,17556
1438,cr1_0180p_00007.cbf,475,608,231,374,133,143,19019
1439,cr1_0180p_00008.cbf,483,609,239,373,126,134,16884
1440,cr1_0181p_00001.cbf,476,606,231,378,130,147,19110
1441,cr1_0181p_00002.cbf,480,604,232,377,124,145,17980
1442,cr1_0181p_00003.cbf,478,605,237,369,127,132,16764
1443,cr1_0181p_00004.cbf,476,604,237,368,128,131,16768
1444,cr1_0181p_00005.cbf,480,606,237,373,126,136,17136
1445,cr1_0181p_00006.cbf,479,604,235,377,125,142,17750
1446,cr1_0181p_00007.cbf,478,607,241,371,129,130,16770
1447,cr1_0181p_00008.cbf,482,603,240,370,121,130,15730
1448,cr1_0182p_00001.cbf,469,606,233,370,137,137,18769
1449,cr1_0182p_00002.cbf,479,608,238,372,129,134,17286
1450,cr1_0182p_00003.cbf,481,610,239,375,129,136,17544
1451,cr1_0182p_00004.cbf,480,609,235,373,129,138,17802
1452,cr1_0182p_00005.cbf,481,605,239,377,124,138,17112
1453,cr1_0182p_00006.cbf,482,605,238,371,123,133,16359
1454,cr1_0182p_00007.cbf,477,603,237,373,126,136,17136
1455,cr1_0182p_00008.cbf,481,604,238,371,123,133,16359
1456,cr1_0183p_00001.cbf,475,609,239,372,134,133,17822
1457,cr1_0183p_00002.cbf,481,605,239,371,124,132,16368
1458,cr1_0183p_00003.cbf,480,603,237,373,123,136,16728
1459,cr1_0183p_00004.cbf,479,606,233,372,127,139,17653
1460,cr1_0183p_00005.cbf,475,604,237,368,129,131,16899
1461,cr1_0183p_00006.cbf,481,606,233,372,125,139,17375
1462,cr1_0183p_00007.cbf,477,607,239,374,130,135,17550
1463,cr1_0183p_00008.cbf,481,605,234,371,124,137,16988
1464,cr1_0184p_00001.cbf,482,606,238,370,124,132,16368
1465,cr1_0184p_00002.cbf,476,607,237,378,131,141,18471
1466,cr1_0184p_00003.cbf,480,609,239,375,129,136,17544
1467,cr1_0184p_00004.cbf,482,605,237,372,123,135,16605
1468,cr1_0184p_00005.cbf,478,603,230,371,125,141,17625
1469,cr1_0184p_00006.cbf,474,607,234,373,133,139,18487
1470,cr1_0184p_00007.cbf,473,605,237,371,132,134,17688
1471,cr1_0184p_00008.cbf,483,605,240,371,122,131,15982
1472,cr1_0185p_00001.cbf,480,607,232,373,127,141,17907
1473,cr1_0185p_00002.cbf,483,605,241,374,122,133,16226
1474,cr1_0185p_00003.cbf,481,606,238,371,125,133,16625
1475,cr1_0185p_00004.cbf,480,602,234,376,122,142,17324
1476,cr1_0185p_00005.cbf,474,606,237,375,132,138,18216
1477,cr1_0185p_00006.cbf,480,602,236,369,122,133,16226
1478,cr1_0185p_00007.cbf,481,606,242,374,125,132,16500
1479,cr1_0185p_00008.cbf,479,607,237,374,128,137,17536
1480,cr1_0186p_00001.cbf,480,610,240,380,130,140,18200
1481,cr1_0186p_00002.cbf,470,607,234,372,137,138,18906
1482,cr1_0186p_00003.cbf,481,602,238,372,121,134,16214
1483,cr1_0186p_00004.cbf,479,605,238,373,126,135,17010
1484,cr1_0186p_00005.cbf,479,605,240,372,126,132,16632
1485,cr1_0186p_00006.cbf,484,603,240,370,119,130,15470
1486,cr1_0186p_00007.cbf,482,604,237,370,122,133,16226
1487,cr1_0186p_00008.cbf,479,608,237,370,129,133,17157
1488,cr1_0187p_00001.cbf,477,604,237,374,127,137,17399
1489,cr1_0187p_00002.cbf,480,606,239,370,126,131,16506
1490,cr1_0187p_00003.cbf,476,603,235,376,127,141,17907
1491,cr1_0187p_00004.cbf,479,612,232,376,133,144,19152
1492,cr1_0187p_00005.cbf,479,604,239,374,125,135,16875
1493,cr1_0187p_00006.cbf,481,605,239,371,124,132,16368
1494,cr1_0187p_00007.cbf,477,603,238,376,126,138,17388
1495,cr1_0187p_00008.cbf,479,604,237,373,125,136,17000
1496,cr1_0188p_00001.cbf,480,608,235,376,128,141,18048
1497,cr1_0188p_00002.cbf,482,606,235,371,124,136,16864
1498,cr1_0188p_00003.cbf,478,605,235,371,127,136,17272
1499,cr1_0188p_00004.cbf,477,610,235,370,133,135,17955
1500,cr1_0188p_00005.cbf,478,611,237,374,133,137,18221
1501,cr1_0188p_00006.cbf,473,604,234,371,131,137,17947
1502,cr1_0188p_00007.cbf,477,605,239,370,128,131,16768
1503,cr1_0188p_00008.cbf,481,605,236,377,124,141,17484
1504,cr1_0189p_00001.cbf,480,605,238,378,125,140,17500
1505,cr1_0189p_00002.cbf,481,604,239,373,123,134,16482
1506,cr1_0189p_00003.cbf,479,606,237,371,127,134,17018
1507,cr1_0189p_00004.cbf,476,607,235,373,131,138,18078
1508,cr1_0189p_00005.cbf,480,604,237,370,124,133,16492
1509,cr1_0189p_00006.cbf,480,604,236,373,124,137,16988
1510,cr1_0189p_00007.cbf,481,604,233,372,123,139,17097
1511,cr1_0189p_00008.cbf,475,605,236,371,130,135,17550
1512,cr1_0190p_00001.cbf,482,607,240,376,125,136,17000
1513,cr1_0190p_00002.cbf,479,604,237,376,125,139,17375
1514,cr1_0190p_00003.cbf,474,607,235,377,133,142,18886
1515,cr1_0190p_00004.cbf,476,603,237,372,127,135,17145
1516,cr1_0190p_00005.cbf,479,604,237,373,125,136,17000
1517,cr1_0190p_00006.cbf,480,606,238,375,126,137,17262
1518,cr1_0190p_00007.cbf,474,607,240,378,133,138,18354
1519,cr1_0190p_00008.cbf,480,602,241,375,122,134,16348
1520,cr1_0191p_00001.cbf,478,602,239,384,124,145,17980
1521,cr1_0191p_00002.cbf,482,603,237,374,121,137,16577
1522,cr1_0191p_00003.cbf,483,608,238,372,125,134,16750
1523,cr1_0191p_00004.cbf,476,601,240,381,125,141,17625
1524,cr1_0191p_00005.cbf,481,606,236,376,125,140,17500
1525,cr1_0191p_00006.cbf,481,601,238,370,120,132,15840
1526,cr1_0191p_00007.cbf,478,604,239,371,126,132,16632
1527,cr1_0191p_00008.cbf,475,604,236,370,129,134,17286
1528,cr1_0192p_00001.cbf,481,606,239,377,125,138,17250
1529,cr1_0192p_00002.cbf,481,602,239,372,121,133,16093
1530,cr1_0192p_00003.cbf,477,601,237,372,124,135,16740
1531,cr1_0192p_00004.cbf,483,610,239,371,127,132,16764
1532,cr1_0192p_00005.cbf,479,603,236,373,124,137,16988
1533,cr1_0192p_00006.cbf,473,605,238,374,132,136,17952
1534,cr1_0192p_00007.cbf,479,607,240,370,128,130,16640
1535,cr1_0192p_00008.cbf,479,602,241,372,123,131,16113
1536,cr1_0193p_00001.cbf,475,606,236,373,131,137,17947
1537,cr1_0193p_00002.cbf,483,606,239,372,123,133,16359
1538,cr1_0193p_00003.cbf,478,605,239,373,127,134,17018
1539,cr1_0193p_00004.cbf,480,609,237,375,129,138,17802
1540,cr1_0193p_00005.cbf,476,608,233,373,132,140,18480
1541,cr1_0193p_00006.cbf,476,615,234,381,139,147,20433
1542,cr1_0193p_00007.cbf,478,601,237,371,123,134,16482
1543,cr1_0193p_00008.cbf,479,604,239,371,125,132,16500
1544,cr1_0194p_00001.cbf,478,602,238,371,124,133,16492
1545,cr1_0194p_00002.cbf,475,605,238,372,130,134,17420
1546,cr1_0194p_00003.cbf,475,605,237,370,130,133,17290
1547,cr1_0194p_00004.cbf,481,604,239,372,123,133,16359
1548,cr1_0194p_00005.cbf,474,607,238,376,133,138,18354
1549,cr1_0194p_00006.cbf,477,602,237,373,125,136,17000
1550,cr1_0194p_00007.cbf,482,600,238,375,118,137,16166
1551,cr1_0194p_00008.cbf,473,610,234,374,137,140,19180
1552,cr1_0195p_00001.cbf,477,603,238,374,126,136,17136
1553,cr1_0195p_00002.cbf,481,606,239,375,125,136,17000
1554,cr1_0195p_00003.cbf,481,606,235,375,125,140,17500
1555,cr1_0195p_00004.cbf,479,608,233,376,129,143,18447
1556,cr1_0195p_00005.cbf,480,604,237,373,124,136,16864
1557,cr1_0195p_00006.cbf,477,601,235,371,124,136,16864
1558,cr1_0195p_00007.cbf,481,602,238,375,121,137,16577
1559,cr1_0195p_00008.cbf,481,602,233,375,121,142,17182
1560,cr1_0196p_00001.cbf,479,607,237,373,128,136,17408
1561,cr1_0196p_00002.cbf,482,602,241,373,120,132,15840
1562,cr1_0196p_00003.cbf,468,604,237,377,136,140,19040
1563,cr1_0196p_00004.cbf,475,603,233,370,128,137,17536
1564,cr1_0196p_00005.cbf,479,603,238,371,124,133,16492
1565,cr1_0196p_00006.cbf,481,603,236,370,122,134,16348
1566,cr1_0196p_00007.cbf,481,604,237,370,123,133,16359
1567,cr1_0196p_00008.cbf,480,606,236,373,126,137,17262
1568,cr1_0197p_00001.cbf,483,609,240,373,126,133,16758
1569,cr1_0197p_00002.cbf,480,604,238,373,124,135,16740
1570,cr1_0197p_00003.cbf,482,603,240,368,121,128,15488
1571,cr1_0197p_00004.cbf,482,603,237,370,121,133,16093
1572,cr1_0197p_00005.cbf,483,603,239,369,120,130,15600
1573,cr1_0197p_00006.cbf,483,601,235,370,118,135,15930
1574,cr1_0197p_00007.cbf,480,605,237,370,125,133,16625
1575,cr1_0197p_00008.cbf,480,602,238,377,122,139,16958
1576,cr1_0198p_00001.cbf,479,602,242,372,123,130,15990
1577,cr1_0198p_00002.cbf,476,604,237,372,128,135,17280
1578,cr1_0198p_00003.cbf,480,602,237,374,122,137,16714
1579,cr1_0198p_00004.cbf,472,603,238,375,131,137,17947
1580,cr1_0198p_00005.cbf,478,601,236,373,123,137,16851
1581,cr1_0198p_00006.cbf,479,601,240,373,122,133,16226
1582,cr1_0198p_00007.cbf,476,602,240,373,126,133,16758
1583,cr1_0198p_00008.cbf,490,598,246,362,108,116,12528
1584,cr1_0199p_00001.cbf,483,607,237,371,124,134,16616
1585,cr1_0199p_00002.cbf,484,605,237,371,121,134,16214
1586,cr1_0199p_00003.cbf,478,602,242,375,124,133,16492
1587,cr1_0199p_00004.cbf,483,604,237,372,121,135,16335
1588,cr1_0199p_00005.cbf,481,609,232,372,128,140,17920
1589,cr1_0199p_00006.cbf,481,604,237,369,123,132,16236
1590,cr1_0199p_00007.cbf,479,602,235,376,123,141,17343
1591,cr1_0199p_00008.cbf,480,602,239,373,122,134,16348
1592,cr1_0200p_00001.cbf,475,607,240,373,132,133,17556
1593,cr1_0200p_00002.cbf,471,602,242,372,131,130,17030
1594,cr1_0200p_00003.cbf,481,606,237,377,125,140,17500
1595,cr1_0200p_00004.cbf,480,605,238,372,125,134,16750
1596,cr1_0200p_00005.cbf,481,600,234,374,119,140,16660
1597,cr1_0200p_00006.cbf,479,601,238,373,122,135,16470
1598,cr1_0200p_00007.cbf,479,610,229,371,131,142,18602
1599,cr1_0200p_00008.cbf,484,603,236,369,119,133,15827
1600,cr1_0201p_00001.cbf,476,604,244,376,128,132,16896
1601,cr1_0201p_00002.cbf,477,602,239,374,125,135,16875
1602,cr1_0201p_00003.cbf,480,608,239,372,128,133,17024
1603,cr1_0201p_00004.cbf,482,606,237,371,124,134,16616
1604,cr1_0201p_00005.cbf,480,607,230,373,127,143,18161
1605,cr1_0201p_00006.cbf,477,603,233,369,126,136,17136
1606,cr1_0201p_00007.cbf,479,606,237,371,127,134,17018
1607,cr1_0201p_00008.cbf,480,607,240,372,127,132,16764
1608,cr1_0202p_00001.cbf,478,604,241,368,126,127,16002
1609,cr1_0202p_00002.cbf,484,606,237,370,122,133,16226
1610,cr1_0202p_00003.cbf,478,604,241,372,126,131,16506
1611,cr1_0202p_00004.cbf,481,603,237,372,122,135,16470
1612,cr1_0202p_00005.cbf,479,600,235,375,121,140,16940
1613,cr1_0202p_00006.cbf,474,603,239,368,129,129,16641
1614,cr1_0202p_00007.cbf,482,603,233,373,121,140,16940
1615,cr1_0202p_00008.cbf,479,601,241,375,122,134,16348
1616,cr1_0203p_00001.cbf,478,609,238,375,131,137,17947
1617,cr1_0203p_00002.cbf,480,605,237,373,125,136,17000
1618,cr1_0203p_00003.cbf,475,608,238,371,133,133,17689
1619,cr1_0203p_00004.cbf,478,607,232,375,129,143,18447
1620,cr1_0203p_00005.cbf,478,602,227,373,124,146,18104
1621,cr1_0203p_00006.cbf,480,605,236,375,125,139,17375
1622,cr1_0203p_00007.cbf,471,605,233,377,134,144,19296
1623,cr1_0203p_00008.cbf,480,610,237,374,130,137,17810
1624,cr1_0204p_00001.cbf,479,606,239,370,127,131,16637
1625,cr1_0204p_00002.cbf,477,608,240,376,131,136,17816
1626,cr1_0204p_00003.cbf,479,606,236,373,127,137,17399
1627,cr1_0204p_00004.cbf,479,605,238,375,126,137,17262
1628,cr1_0204p_00005.cbf,475,605,234,377,130,143,18590
1629,cr1_0204p_00006.cbf,480,607,230,377,127,147,18669
1630,cr1_0204p_00007.cbf,477,603,234,372,126,138,17388
1631,cr1_0204p_00008.cbf,481,608,239,375,127,136,17272
1632,cr1_0205p_00001.cbf,479,607,241,373,128,132,16896
1633,cr1_0205p_00002.cbf,481,605,238,373,124,135,16740
1634,cr1_0205p_00003.cbf,475,605,237,374,130,137,17810
1635,cr1_0205p_00004.cbf,481,608,237,375,127,138,17526
1636,cr1_0205p_00005.cbf,476,606,233,375,130,142,18460
1637,cr1_0205p_00006.cbf,481,600,237,377,119,140,16660
1638,cr1_0205p_00007.cbf,480,607,238,372,127,134,17018
1639,cr1_0205p_00008.cbf,475,612,237,375,137,138,18906
1640,cr1_0206p_00001.cbf,476,605,237,378,129,141,18189
1641,cr1_0206p_00002.cbf,479,601,237,374,122,137,16714
1642,cr1_0206p_00003.cbf,481,606,234,375,125,141,17625
1643,cr1_0206p_00004.cbf,481,609,233,371,128,138,17664
1644,cr1_0206p_00005.cbf,480,602,236,374,122,138,16836
1645,cr1_0206p_00006.cbf,479,604,235,374,125,139,17375
1646,cr1_0206p_00007.cbf,475,607,238,372,132,134,17688
1647,cr1_0206p_00008.cbf,480,607,237,377,127,140,17780
1648,cr1_0207p_00001.cbf,476,606,238,377,130,139,18070
1649,cr1_0207p_00002.cbf,480,607,237,374,127,137,17399
1650,cr1_0207p_00003.cbf,479,609,236,373,130,137,17810
1651,cr1_0207p_00004.cbf,476,606,235,375,130,140,18200
1652,cr1_0207p_00005.cbf,481,605,235,375,124,140,17360
1653,cr1_0207p_00006.cbf,477,607,235,377,130,142,18460
1654,cr1_0207p_00007.cbf,477,607,236,373,130,137,17810
1655,cr1_0207p_00008.cbf,482,610,235,381,128,146,18688
1656,cr1_0208p_00001.cbf,480,610,235,372,130,137,17810
1657,cr1_0208p_00002.cbf,476,603,234,374,127,140,17780
1658,cr1_0208p_00003.cbf,483,608,237,379,125,142,17750
1659,cr1_0208p_00004.cbf,478,606,236,373,128,137,17536
1660,cr1_0208p_00005.cbf,482,610,232,375,128,143,18304
1661,cr1_0208p_00006.cbf,482,613,232,371,131,139,18209
1662,cr1_0208p_00007.cbf,475,605,240,372,130,132,17160
1663,cr1_0208p_00008.cbf,478,605,238,386,127,148,18796
1664,cr1_0209p_00001.cbf,479,605,239,374,126,135,17010
1665,cr1_0209p_00002.cbf,481,608,237,371,127,134,17018
1666,cr1_0209p_00003.cbf,480,601,229,374,121,145,17545
1667,cr1_0209p_00004.cbf,482,607,237,370,125,133,16625
1668,cr1_0209p_00005.cbf,478,609,234,374,131,140,18340
1669,cr1_0209p_00006.cbf,483,603,234,372,120,138,16560
1670,cr1_0209p_00007.cbf,483,605,232,374,122,142,17324
1671,cr1_0209p_00008.cbf,473,606,238,373,133,135,17955
1672,cr1_0210p_00001.cbf,480,604,239,374,124,135,16740
1673,cr1_0210p_00002.cbf,477,604,236,375,127,139,17653
1674,cr1_0210p_00003.cbf,477,606,240,370,129,130,16770
1675,cr1_0210p_00004.cbf,475,605,235,372,130,137,17810
1676,cr1_0210p_00005.cbf,476,605,237,375,129,138,17802
1677,cr1_0210p_00006.cbf,480,604,233,373,124,140,17360
1678,cr1_0210p_00007.cbf,473,604,238,371,131,133,17423
1679,cr1_0210p_00008.cbf,480,605,235,375,125,140,17500
1680,cr1_0211p_00001.cbf,473,611,237,376,138,139,19182
1681,cr1_0211p_00002.cbf,475,609,239,371,134,132,17688
1682,cr1_0211p_00003.cbf,481,605,237,368,124,131,16244
1683,cr1_0211p_00004.cbf,480,602,236,370,122,134,16348
1684,cr1_0211p_00005.cbf,477,604,234,376,127,142,18034
1685,cr1_0211p_00006.cbf,477,601,233,374,124,141,17484
1686,cr1_0211p_00007.cbf,475,602,234,373,127,139,17653
1687,cr1_0211p_00008.cbf,476,606,236,374,130,138,17940
1688,cr1_0212p_00001.cbf,479,606,237,377,127,140,17780
1689,cr1_0212p_00002.cbf,479,610,236,372,131,136,17816
1690,cr1_0212p_00003.cbf,472,608,237,377,136,140,19040
1691,cr1_0212p_00004.cbf,478,603,239,376,125,137,17125
1692,cr1_0212p_00005.cbf,480,605,237,374,125,137,17125
1693,cr1_0212p_00006.cbf,480,607,236,374,127,138,17526
1694,cr1_0212p_00007.cbf,479,603,234,373,124,139,17236
1695,cr1_0212p_00008.cbf,479,605,238,376,126,138,17388
1696,cr1_0213p_00001.cbf,481,608,240,371,127,131,16637
1697,cr1_0213p_00002.cbf,479,606,235,377,127,142,18034
1698,cr1_0213p_00003.cbf,476,604,239,378,128,139,17792
1699,cr1_0213p_00004.cbf,488,597,244,363,109,119,12971
1700,cr1_0213p_00005.cbf,479,603,233,373,124,140,17360
1701,cr1_0213p_00006.cbf,481,604,234,375,123,141,17343
1702,cr1_0213p_00007.cbf,480,603,237,375,123,138,16974
1703,cr1_0213p_00008.cbf,481,604,237,370,123,133,16359
1704,cr1_0214p_00001.cbf,480,603,240,376,123,136,16728
1705,cr1_0214p_00002.cbf,483,605,239,373,122,134,16348
1706,cr1_0214p_00003.cbf,479,606,237,372,127,135,17145
1707,cr1_0214p_00004.cbf,478,609,238,374,131,136,17816
1708,cr1_0214p_00005.cbf,482,602,234,371,120,137,16440
1709,cr1_0214p_00006.cbf,475,604,232,373,129,141,18189
1710,cr1_0214p_00007.cbf,474,603,233,373,129,140,18060
1711,cr1_0214p_00008.cbf,478,603,235,374,125,139,17375
1712,cr1_0215p_00001.cbf,481,601,238,374,120,136,16320
1713,cr1_0215p_00002.cbf,480,607,242,372,127,130,16510
1714,cr1_0215p_00003.cbf,480,605,235,374,125,139,17375
1715,cr1_0215p_00004.cbf,480,603,232,371,123,139,17097
1716,cr1_0215p_00005.cbf,480,604,234,375,124,141,17484
1717,cr1_0215p_00006.cbf,479,609,238,372,130,134,17420
1718,cr1_0215p_00007.cbf,482,612,238,371,130,133,17290
1719,cr1_0215p_00008.cbf,478,609,236,377,131,141,18471
1720,cr1_0216p_00001.cbf,477,604,234,381,127,147,18669
1721,cr1_0216p_00002.cbf,477,607,238,376,130,138,17940
1722,cr1_0216p_00003.cbf,478,605,234,375,127,141,17907
1723,cr1_0216p_00004.cbf,477,603,236,372,126,136,17136
1724,cr1_0216p_00005.cbf,478,604,233,375,126,142,17892
1725,cr1_0216p_00006.cbf,473,602,233,372,129,139,17931
1726,cr1_0216p_00007.cbf,481,606,236,379,125,143,17875
1727,cr1_0216p_00008.cbf,480,605,236,379,125,143,17875
1728,cr1_0217p_00001.cbf,489,596,249,364,107,115,12305
1729,cr1_0217p_00002.cbf,477,605,237,371,128,134,17152
1730,cr1_0217p_00003.cbf,475,604,238,375,129,137,17673
1731,cr1_0217p_00004.cbf,479,603,233,373,124,140,17360
1732,cr1_0217p_00005.cbf,477,608,231,371,131,140,18340
1733,cr1_0217p_00006.cbf,480,605,238,376,125,138,17250
1734,cr1_0217p_00007.cbf,482,608,232,375,126,143,18018
1735,cr1_0217p_00008.cbf,481,604,237,382,123,145,17835
1736,cr1_0218p_00001.cbf,475,609,234,372,134,138,18492
1737,cr1_0218p_00002.cbf,475,607,239,379,132,140,18480
1738,cr1_0218p_00003.cbf,482,603,236,372,121,136,16456
1739,cr1_0218p_00004.cbf,479,606,237,375,127,138,17526
1740,cr1_0218p_00005.cbf,481,603,236,370,122,134,16348
1741,cr1_0218p_00006.cbf,479,614,237,370,135,133,17955
1742,cr1_0218p_00007.cbf,475,602,232,373,127,141,17907
1743,cr1_0218p_00008.cbf,481,601,235,371,120,136,16320
1744,cr1_0219p_00001.cbf,478,601,238,375,123,137,16851
1745,cr1_0219p_00002.cbf,481,609,235,376,128,141,18048
1746,cr1_0219p_00003.cbf,482,605,239,374,123,135,16605
1747,cr1_0219p_00004.cbf,478,602,237,371,124,134,16616
1748,cr1_0219p_00005.cbf,481,601,233,375,120,142,17040
1749,cr1_0219p_00006.cbf,477,607,236,369,130,133,17290
1750,cr1_0219p_00007.cbf,481,601,238,371,120,133,15960
1751,cr1_0219p_00008.cbf,482,604,233,373,122,140,17080
1752,cr1_0220p_00001.cbf,479,607,238,372,128,134,17152
1753,cr1_0220p_00002.cbf,479,601,240,371,122,131,15982
1754,cr1_0220p_00003.cbf,482,601,237,371,119,134,15946
1755,cr1_0220p_00004.cbf,476,608,238,370,132,132,17424
1756,cr1_0220p_00005.cbf,482,605,238,370,123,132,16236
1757,cr1_0220p_00006.cbf,479,602,239,372,123,133,16359
1758,cr1_0220p_00007.cbf,481,603,238,370,122,132,16104
1759,cr1_0220p_00008.cbf,477,606,241,371,129,130,16770
1760,cr1_0221p_00001.cbf,482,606,240,376,124,136,16864
1761,cr1_0221p_00002.cbf,481,607,238,375,126,137,17262
1762,cr1_0221p_00003.cbf,477,602,238,371,125,133,16625
1763,cr1_0221p_00004.cbf,476,605,240,374,129,134,17286
1764,cr1_0221p_00005.cbf,477,601,228,378,124,150,18600
1765,cr1_0221p_00006.cbf,477,611,236,379,134,143,19162
1766,cr1_0221p_00007.cbf,477,610,239,374,133,135,17955
1767,cr1_0221p_00008.cbf,483,607,239,372,124,133,16492
1768,cr1_0222p_00001.cbf,481,606,231,374,125,143,17875
1769,cr1_0222p_00002.cbf,483,604,233,371,121,138,16698
1770,cr1_0222p_00003.cbf,483,604,237,377,121,140,16940
1771,cr1_0222p_00004.cbf,481,610,238,371,129,133,17157
1772,cr1_0222p_00005.cbf,482,602,240,374,120,134,16080
1773,cr1_0222p_00006.cbf,483,608,234,381,125,147,18375
1774,cr1_0222p_00007.cbf,480,607,239,375,127,136,17272
1775,cr1_0222p_00008.cbf,479,602,234,376,123,142,17466
1776,cr1_0223p_00001.cbf,489,596,248,366,107,118,12626
1777,cr1_0223p_00002.cbf,479,604,233,373,125,140,17500
1778,cr1_0223p_00003.cbf,480,603,236,372,123,136,16728
1779,cr1_0223p_00004.cbf,478,601,238,374,123,136,16728
1780,cr1_0223p_00005.cbf,478,606,236,375,128,139,17792
1781,cr1_0223p_00006.cbf,477,611,237,372,134,135,18090
1782,cr1_0223p_00007.cbf,476,603,238,374,127,136,17272
1783,cr1_0223p_00008.cbf,480,607,237,376,127,139,17653
1784,cr1_0224p_00001.cbf,478,610,240,373,132,133,17556
1785,cr1_0224p_00002.cbf,483,602,238,373,119,135,16065
1786,cr1_0224p_00003.cbf,471,608,235,373,137,138,18906
1787,cr1_0224p_00004.cbf,477,606,239,372,129,133,17157
1788,cr1_0224p_00005.cbf,477,602,236,371,125,135,16875
1789,cr1_0224p_00006.cbf,479,601,236,378,122,142,17324
1790,cr1_0224p_00007.cbf,480,604,240,371,124,131,16244
1791,cr1_0224p_00008.cbf,480,604,233,376,124,143,17732
1792,cr1_0225p_00001.cbf,482,604,243,373,122,130,15860
1793,cr1_0225p_00002.cbf,477,606,238,377,129,139,17931
1794,cr1_0225p_00003.cbf,481,603,235,373,122,138,16836
1795,cr1_0225p_00004.cbf,481,605,234,375,124,141,17484
1796,cr1_0225p_00005.cbf,479,607,236,374,128,138,17664
1797,cr1_0225p_00006.cbf,482,609,239,373,127,134,17018
1798,cr1_0225p_00007.cbf,480,608,237,374,128,137,17536
1799,cr1_0225p_00008.cbf,483,601,235,374,118,139,16402
1800,cr1_0226p_00001.cbf,479,603,240,375,124,135,16740
1801,cr1_0226p_00002.cbf,477,603,232,370,126,138,17388
1802,cr1_0226p_00003.cbf,479,607,236,373,128,137,17536
1803,cr1_0226p_00004.cbf,477,606,237,371,129,134,17286
1804,cr1_0226p_00005.cbf,481,605,234,369,124,135,16740
1805,cr1_0226p_00006.cbf,474,609,240,376,135,136,18360
1806,cr1_0226p_00007.cbf,476,601,238,371,125,133,16625
1807,cr1_0226p_00008.cbf,480,603,231,376,123,145,17835
1808,cr1_0227p_00001.cbf,482,609,237,370,127,133,16891
1809,cr1_0227p_00002.cbf,479,604,237,372,125,135,16875
1810,cr1_0227p_00003.cbf,479,602,232,370,123,138,16974
1811,cr1_0227p_00004.cbf,480,605,237,372,125,135,16875
1812,cr1_0227p_00005.cbf,489,595,246,363,106,117,12402
1813,cr1_0227p_00006.cbf,478,607,240,373,129,133,17157
1814,cr1_0227p_00007.cbf,479,604,239,371,125,132,16500
1815,cr1_0227p_00008.cbf,482,607,241,373,125,132,16500
1816,cr1_0228p_00001.cbf,480,606,237,377,126,140,17640
1817,cr1_0228p_00002.cbf,480,606,240,373,126,133,16758
1818,cr1_0228p_00003.cbf,481,602,237,370,121,133,16093
1819,cr1_0228p_00004.cbf,482,610,235,368,128,133,17024
1820,cr1_0228p_00005.cbf,479,601,239,373,122,134,16348
1821,cr1_0228p_00006.cbf,479,604,236,370,125,134,16750
1822,cr1_0228p_00007.cbf,473,603,238,375,130,137,17810
1823,cr1_0228p_00008.cbf,482,605,244,375,123,131,16113
1824,cr1_0229p_00001.cbf,482,607,240,373,125,133,16625
1825,cr1_0229p_00002.cbf,474,605,241,377,131,136,17816
1826,cr1_0229p_00003.cbf,481,606,233,373,125,140,17500
1827,cr1_0229p_00004.cbf,482,602,233,377,120,144,17280
1828,cr1_0229p_00005.cbf,489,595,245,362,106,117,12402
1829,cr1_0229p_00006.cbf,488,594,247,363,106,116,12296
1830,cr1_0229p_00007.cbf,482,601,236,377,119,141,16779
1831,cr1_0229p_00008.cbf,480,606,233,373,126,140,17640
1832,cr1_0230p_00001.cbf,480,607,241,373,127,132,16764
1833,cr1_0230p_00002.cbf,479,603,240,373,124,133,16492
1834,cr1_0230p_00003.cbf,481,602,235,372,121,137,16577
1835,cr1_0230p_00004.cbf,478,602,234,373,124,139,17236
1836,cr1_0230p_00005.cbf,481,605,239,377,124,138,17112
1837,cr1_0230p_00006.cbf,473,607,235,370,134,135,18090
1838,cr1_0230p_00007.cbf,478,601,238,372,123,134,16482
1839,cr1_0230p_00008.cbf,476,601,237,370,125,133,16625
1840,cr1_0231p_00001.cbf,489,595,247,363,106,116,12296
1841,cr1_0231p_00002.cbf,479,605,239,372,126,133,16758
1842,cr1_0231p_00003.cbf,481,603,235,372,122,137,16714
1843,cr1_0231p_00004.cbf,481,605,236,372,124,136,16864
1844,cr1_0231p_00005.cbf,479,602,231,371,123,140,17220
1845,cr1_0231p_00006.cbf,475,611,234,371,136,137,18632
1846,cr1_0231p_00007.cbf,482,605,242,373,123,131,16113
1847,cr1_0231p_00008.cbf,479,607,240,377,128,137,17536
1848,cr1_0232p_00001.cbf,483,606,238,377,123,139,17097
1849,cr1_0232p_00002.cbf,479,603,242,374,124,132,16368
1850,cr1_0232p_00003.cbf,480,603,234,380,123,146,17958
1851,cr1_0232p_00004.cbf,476,602,232,373,126,141,17766
1852,cr1_0232p_00005.cbf,478,604,230,370,126,140,17640
1853,cr1_0232p_00006.cbf,482,603,239,370,121,131,15851
1854,cr1_0232p_00007.cbf,479,606,239,373,127,134,17018
1855,cr1_0232p_00008.cbf,478,604,234,376,126,142,17892
1856,cr1_0233p_00001.cbf,482,606,240,379,124,139,17236
1857,cr1_0233p_00002.cbf,481,608,242,379,127,137,17399
1858,cr1_0233p_00003.cbf,481,603,234,370,122,136,16592
1859,cr1_0233p_00004.cbf,481,605,237,370,124,133,16492
1860,cr1_0233p_00005.cbf,478,605,238,372,127,134,17018
1861,cr1_0233p_00006.cbf,475,604,235,373,129,138,17802
1862,cr1_0233p_00007.cbf,483,606,237,372,123,135,16605
1863,cr1_0233p_00008.cbf,480,605,239,374,125,135,16875
1864,cr1_0234p_00001.cbf,479,601,240,374,122,134,16348
1865,cr1_0234p_00002.cbf,479,602,238,372,123,134,16482
1866,cr1_0234p_00003.cbf,483,603,237,371,120,134,16080
1867,cr1_0234p_00004.cbf,481,608,237,374,127,137,17399
1868,cr1_0234p_00005.cbf,478,602,237,373,124,136,16864
1869,cr1_0234p_00006.cbf,478,601,237,379,123,142,17466
1870,cr1_0234p_00007.cbf,479,603,237,370,124,133,16492
1871,cr1_0234p_00008.cbf,478,606,236,371,128,135,17280
1872,cr1_0235p_00001.cbf,479,609,242,379,130,137,17810
1873,cr1_0235p_00002.cbf,479,603,241,371,124,130,16120
1874,cr1_0235p_00003.cbf,474,605,239,374,131,135,17685
1875,cr1_0235p_00004.cbf,480,603,236,373,123,137,16851
1876,cr1_0235p_00005.cbf,478,606,235,372,128,137,17536
1877,cr1_0235p_00006.cbf,478,604,238,374,126,136,17136
1878,cr1_0235p_00007.cbf,479,602,239,374,123,135,16605
1879,cr1_0235p_00008.cbf,481,607,237,369,126,132,16632
1880,cr1_0236p_00001.cbf,477,610,240,375,133,135,17955
1881,cr1_0236p_00002.cbf,481,609,240,373,128,133,17024
1882,cr1_0236p_00003.cbf,479,601,237,374,122,137,16714
1883,cr1_0236p_00004.cbf,480,603,234,372,123,138,16974
1884,cr1_0236p_00005.cbf,481,606,236,371,125,135,16875
1885,cr1_0236p_00006.cbf,476,604,238,371,128,133,17024
1886,cr1_0236p_00007.cbf,477,602,237,371,125,134,16750
1887,cr1_0236p_00008.cbf,481,605,235,373,124,138,17112
1888,cr1_0237p_00001.cbf,476,604,240,374,128,134,17152
1889,cr1_0237p_00002.cbf,474,605,241,376,131,135,17685
1890,cr1_0237p_00003.cbf,480,604,239,371,124,132,16368
1891,cr1_0237p_00004.cbf,476,606,235,372,130,137,17810
1892,cr1_0237p_00005.cbf,477,606,237,377,129,140,18060
1893,cr1_0237p_00006.cbf,480,600,238,371,120,133,15960
1894,cr1_0237p_00007.cbf,477,607,232,378,130,146,18980
1895,cr1_0237p_00008.cbf,478,612,238,380,134,142,19028
1896,cr1_0238p_00001.cbf,480,604,238,373,124,135,16740
1897,cr1_0238p_00002.cbf,479,605,238,377,126,139,17514
1898,cr1_0238p_00003.cbf,480,603,236,371,123,135,16605
1899,cr1_0238p_00004.cbf,474,607,237,372,133,135,17955
1900,cr1_0238p_00005.cbf,479,604,230,376,125,146,18250
1901,cr1_0238p_00006.cbf,476,603,237,375,127,138,17526
1902,cr1_0238p_00007.cbf,476,603,237,375,127,138,17526
1903,cr1_0238p_00008.cbf,491,596,246,366,105,120,12600
1904,cr1_0239p_00001.cbf,479,604,240,376,125,136,17000
1905,cr1_0239p_00002.cbf,478,605,236,372,127,136,17272
1906,cr1_0239p_00003.cbf,480,612,234,379,132,145,19140
1907,cr1_0239p_00004.cbf,472,609,236,373,137,137,18769
1908,cr1_0239p_00005.cbf,479,604,239,373,125,134,16750
1909,cr1_0239p_00006.cbf,478,602,238,376,124,138,17112
1910,cr1_0239p_00007.cbf,480,607,239,379,127,140,17780
1911,cr1_0239p_00008.cbf,479,606,238,375,127,137,17399
1912,cr1_0240p_00001.cbf,478,606,241,388,128,147,18816
1913,cr1_0240p_00002.cbf,482,606,239,377,124,138,17112
1914,cr1_0240p_00003.cbf,478,604,235,375,126,140,17640
1915,cr1_0240p_00004.cbf,480,608,238,374,128,136,17408
1916,cr1_0240p_00005.cbf,478,615,233,372,137,139,19043
1917,cr1_0240p_00006.cbf,476,606,235,373,130,138,17940
1918,cr1_0240p_00007.cbf,471,610,235,375,139,140,19460
1919,cr1_0240p_00008.cbf,477,603,240,373,126,133,16758
1920,cr1_0241p_00001.cbf,488,596,247,368,108,121,13068
1921,cr1_0241p_00002.cbf,481,615,235,373,134,138,18492
1922,cr1_0241p_00003.cbf,472,605,240,375,133,135,17955
1923,cr1_0241p_00004.cbf,479,606,237,376,127,139,17653
1924,cr1_0241p_00005.cbf,478,606,237,370,128,133,17024
1925,cr1_0241p_00006.cbf,479,603,237,377,124,140,17360
1926,cr1_0241p_00007.cbf,476,606,236,378,130,142,18460
1927,cr1_0241p_00008.cbf,478,604,240,370,126,130,16380
1928,cr1_0242p_00001.cbf,478,610,237,375,132,138,18216
1929,cr1_0242p_00002.cbf,479,605,238,377,126,139,17514
1930,cr1_0242p_00003.cbf,480,607,237,378,127,141,17907
1931,cr1_0242p_00004.cbf,480,609,237,373,129,136,17544
1932,cr1_0242p_00005.cbf,480,602,235,371,122,136,16592
1933,cr1_0242p_00006.cbf,481,609,237,373,128,136,17408
1934,cr1_0242p_00007.cbf,480,605,234,374,125,140,17500
1935,cr1_0242p_00008.cbf,479,605,240,373,126,133,16758
1936,cr1_0243p_00001.cbf,474,606,241,379,132,138,18216
1937,cr1_0243p_00002.cbf,478,606,236,373,128,137,17536
1938,cr1_0243p_00003.cbf,477,605,239,377,128,138,17664
1939,cr1_0243p_00004.cbf,474,606,234,378,132,144,19008
1940,cr1_0243p_00005.cbf,474,605,236,373,131,137,17947
1941,cr1_0243p_00006.cbf,479,606,236,372,127,136,17272
1942,cr1_0243p_00007.cbf,480,610,238,376,130,138,17940
1943,cr1_0243p_00008.cbf,478,604,239,372,126,133,16758
1944,cr1_0244p_00001.cbf,480,605,241,373,125,132,16500
1945,cr1_0244p_00002.cbf,481,606,238,375,125,137,17125
1946,cr1_0244p_00003.cbf,481,604,239,379,123,140,17220
1947,cr1_0244p_00004.cbf,478,607,238,373,129,135,17415
1948,cr1_0244p_00005.cbf,479,603,235,376,124,141,17484
1949,cr1_0244p_00006.cbf,477,604,239,377,127,138,17526
1950,cr1_0244p_00007.cbf,477,607,235,379,130,144,18720
1951,cr1_0244p_00008.cbf,476,608,237,378,132,141,18612
1952,cr1_0245p_00001.cbf,469,605,240,378,136,138,18768
1953,cr1_0245p_00002.cbf,477,604,233,375,127,142,18034
1954,cr1_0245p_00003.cbf,472,609,239,373,137,134,18358
1955,cr1_0245p_00004.cbf,481,607,237,373,126,136,17136
1956,cr1_0245p_00005.cbf,480,601,232,378,121,146,17666
1957,cr1_0245p_00006.cbf,467,604,235,373,137,138,18906
1958,cr1_0245p_00007.cbf,480,604,232,373,124,141,17484
1959,cr1_0245p_00008.cbf,478,604,237,374,126,137,17262
1960,cr1_0246p_00001.cbf,480,606,240,381,126,141,17766
1961,cr1_0246p_00002.cbf,469,606,240,382,137,142,19454
1962,cr1_0246p_00003.cbf,488,596,246,365,108,119,12852
1963,cr1_0246p_00004.cbf,478,607,237,378,129,141,18189
1964,cr1_0246p_00005.cbf,474,607,235,379,133,144,19152
1965,cr1_0246p_00006.cbf,474,607,236,373,133,137,18221
1966,cr1_0246p_00007.cbf,475,606,236,377,131,141,18471
1967,cr1_0246p_00008.cbf,481,605,234,376,124,142,17608
1968,cr1_0247p_00001.cbf,472,603,239,376,131,137,17947
1969,cr1_0247p_00002.cbf,480,607,237,375,127,138,17526
1970,cr1_0247p_00003.cbf,482,611,236,371,129,135,17415
1971,cr1_0247p_00004.cbf,483,606,237,372,123,135,16605
1972,cr1_0247p_00005.cbf,480,605,233,375,125,142,17750
1973,cr1_0247p_00006.cbf,477,604,237,377,127,140,17780
1974,cr1_0247p_00007.cbf,478,603,235,378,125,143,17875
1975,cr1_0247p_00008.cbf,473,603,240,374,130,134,17420
1976,cr1_0248p_00001.cbf,480,607,238,375,127,137,17399
1977,cr1_0248p_00002.cbf,477,602,236,374,125,138,17250
1978,cr1_0248p_00003.cbf,478,605,233,382,127,149,18923
1979,cr1_0248p_00004.cbf,479,611,235,373,132,138,18216
1980,cr1_0248p_00005.cbf,488,595,243,366,107,123,13161
1981,cr1_0248p_00006.cbf,478,607,239,373,129,134,17286
1982,cr1_0248p_00007.cbf,478,610,240,374,132,134,17688
1983,cr1_0248p_00008.cbf,479,609,240,371,130,131,17030
1984,cr1_0249p_00001.cbf,483,603,241,373,120,132,15840
1985,cr1_0249p_00002.cbf,481,607,240,374,126,134,16884
1986,cr1_0249p_00003.cbf,480,603,237,372,123,135,16605
1987,cr1_0249p_00004.cbf,470,612,240,372,142,132,18744
1988,cr1_0249p_00005.cbf,479,604,232,373,125,141,17625
1989,cr1_0249p_00006.cbf,490,595,245,364,105,119,12495
1990,cr1_0249p_00007.cbf,478,609,238,372,131,134,17554
1991,cr1_0249p_00008.cbf,481,609,237,374,128,137,17536
1992,cr1_0250p_00001.cbf,477,607,237,375,130,138,17940
1993,cr1_0250p_00002.cbf,475,610,234,376,135,142,19170
1994,cr1_0250p_00003.cbf,476,608,228,375,132,147,19404
1995,cr1_0250p_00004.cbf,479,602,234,377,123,143,17589
1996,cr1_0250p_00005.cbf,475,601,227,373,126,146,18396
1997,cr1_0250p_00006.cbf,479,609,237,376,130,139,18070
1998,cr1_0250p_00007.cbf,479,605,240,377,126,137,17262
1999,cr1_0250p_00008.cbf,479,604,237,377,125,140,17500
2000,cr1_0251p_00001.cbf,478,604,239,372,126,133,16758
2001,cr1_0251p_00002.cbf,488,596,247,367,108,120,12960
2002,cr1_0251p_00003.cbf,475,603,234,375,128,141,18048
2003,cr1_0251p_00004.cbf,478,605,235,373,127,138,17526
2004,cr1_0251p_00005.cbf,480,604,233,373,124,140,17360
2005,cr1_0251p_00006.cbf,481,603,231,370,122,139,16958
2006,cr1_0251p_00007.cbf,472,607,237,381,135,144,19440
2007,cr1_0251p_00008.cbf,474,605,240,379,131,139,18209
2008,cr1_0252p_00001.cbf,476,605,238,375,129,137,17673
2009,cr1_0252p_00002.cbf,480,605,237,369,125,132,16500
2010,cr1_0252p_00003.cbf,482,605,239,375,123,136,16728
2011,cr1_0252p_00004.cbf,473,605,238,369,132,131,17292
2012,cr1_0252p_00005.cbf,473,606,234,376,133,142,18886
2013,cr1_0252p_00006.cbf,480,603,236,381,123,145,17835
2014,cr1_0252p_00007.cbf,477,605,239,372,128,133,17024
2015,cr1_0252p_00008.cbf,480,603,238,373,123,135,16605
2016,cr1_0253p_00001.cbf,479,606,237,378,127,141,17907
2017,cr1_0253p_00002.cbf,481,608,240,373,127,133,16891
2018,cr1_0253p_00003.cbf,478,605,238,372,127,134,17018
2019,cr1_0253p_00004.cbf,482,603,235,376,121,141,17061
2020,cr1_0253p_00005.cbf,472,605,237,372,133,135,17955
2021,cr1_0253p_00006.cbf,476,602,234,373,126,139,17514
2022,cr1_0253p_00007.cbf,481,603,231,373,122,142,17324
2023,cr1_0253p_00008.cbf,480,603,236,376,123,140,17220
2024,cr1_0254p_00001.cbf,479,602,235,376,123,141,17343
2025,cr1_0254p_00002.cbf,478,607,235,378,129,143,18447
2026,cr1_0254p_00003.cbf,482,605,237,371,123,134,16482
2027,cr1_0254p_00004.cbf,474,604,238,373,130,135,17550
2028,cr1_0254p_00005.cbf,477,608,239,374,131,135,17685
2029,cr1_0254p_00006.cbf,478,605,236,370,127,134,17018
2030,cr1_0254p_00007.cbf,480,606,239,377,126,138,17388
2031,cr1_0254p_00008.cbf,479,603,239,382,124,143,17732
2032,cr1_0255p_00001.cbf,478,607,241,376,129,135,17415
2033,cr1_0255p_00002.cbf,478,608,239,377,130,138,17940
2034,cr1_0255p_00003.cbf,479,604,239,379,125,140,17500
2035,cr1_0255p_00004.cbf,468,603,237,370,135,133,17955
2036,cr1_0255p_00005.cbf,490,594,244,365,104,121,12584
2037,cr1_0255p_00006.cbf,478,606,235,377,128,142,18176
2038,cr1_0255p_00007.cbf,482,601,237,375,119,138,16422
2039,cr1_0255p_00008.cbf,482,604,239,376,122,137,16714
2040,cr1_0256p_00001.cbf,480,609,240,374,129,134,17286
2041,cr1_0256p_00002.cbf,481,606,237,374,125,137,17125
2042,cr1_0256p_00003.cbf,481,607,238,373,126,135,17010
2043,cr1_0256p_00004.cbf,476,603,237,375,127,138,17526
2044,cr1_0256p_00005.cbf,477,604,238,374,127,136,17272
2045,cr1_0256p_00006.cbf,475,608,239,374,133,135,17955
2046,cr1_0256p_00007.cbf,475,607,233,375,132,142,18744
2047,cr1_0256p_00008.cbf,479,604,240,375,125,135,16875
2048,cr1_0257p_00001.cbf,475,607,238,377,132,139,18348
2049,cr1_0257p_00002.cbf,480,604,237,375,124,138,17112
2050,cr1_0257p_00003.cbf,479,604,239,377,125,138,17250
2051,cr1_0257p_00004.cbf,476,603,237,376,127,139,17653
2052,cr1_0257p_00005.cbf,482,604,236,374,122,138,16836
2053,cr1_0257p_00006.cbf,478,605,236,375,127,139,17653
2054,cr1_0257p_00007.cbf,480,605,236,373,125,137,17125
2055,cr1_0257p_00008.cbf,481,604,234,376,123,142,17466
2056,cr1_0258p_00001.cbf,479,603,237,375,124,138,17112
2057,cr1_0258p_00002.cbf,474,610,240,372,136,132,17952
2058,cr1_0258p_00003.cbf,478,605,234,377,127,143,18161
2059,cr1_0258p_00004.cbf,478,605,238,376,127,138,17526
2060,cr1_0258p_00005.cbf,476,605,233,377,129,144,18576
2061,cr1_0258p_00006.cbf,481,603,236,376,122,140,17080
2062,cr1_0258p_00007.cbf,478,615,238,378,137,140,19180
2063,cr1_0258p_00008.cbf,475,610,240,374,135,134,18090
2064,cr1_0259p_00001.cbf,477,603,236,373,126,137,17262
2065,cr1_0259p_00002.cbf,478,603,240,374,125,134,16750
2066,cr1_0259p_00003.cbf,480,605,239,376,125,137,17125
2067,cr1_0259p_00004.cbf,478,602,232,374,124,142,17608
2068,cr1_0259p_00005.cbf,478,603,239,376,125,137,17125
2069,cr1_0259p_00006.cbf,489,593,245,364,104,119,12376
2070,cr1_0259p_00007.cbf,481,608,237,376,127,139,17653
2071,cr1_0259p_00008.cbf,480,604,242,375,124,133,16492
2072,cr1_0260p_00001.cbf,474,606,242,374,132,132,17424
2073,cr1_0260p_00002.cbf,488,594,245,367,106,122,12932
2074,cr1_0260p_00003.cbf,478,605,238,375,127,137,17399
2075,cr1_0260p_00004.cbf,481,603,235,372,122,137,16714
2076,cr1_0260p_00005.cbf,474,603,236,379,129,143,18447
2077,cr1_0260p_00006.cbf,479,604,234,372,125,138,17250
2078,cr1_0260p_00007.cbf,481,606,238,377,125,139,17375
2079,cr1_0260p_00008.cbf,469,603,236,374,134,138,18492
2080,cr1_0261p_00001.cbf,480,605,241,383,125,142,17750
2081,cr1_0261p_00002.cbf,477,606,239,371,129,132,17028
2082,cr1_0261p_00003.cbf,479,601,240,373,122,133,16226
2083,cr1_0261p_00004.cbf,480,605,237,369,125,132,16500
2084,cr1_0261p_00005.cbf,482,605,240,372,123,132,16236
2085,cr1_0261p_00006.cbf,475,602,239,375,127,136,17272
2086,cr1_0261p_00007.cbf,478,604,238,377,126,139,17514
2087,cr1_0261p_00008.cbf,483,601,235,371,118,136,16048
2088,cr1_0262p_00001.cbf,472,603,233,375,131,142,18602
2089,cr1_0262p_00002.cbf,491,594,246,366,103,120,12360
2090,cr1_0262p_00003.cbf,482,605,231,372,123,141,17343
2091,cr1_0262p_00004.cbf,481,603,228,375,122,147,17934
2092,cr1_0262p_00005.cbf,477,602,237,374,125,137,17125
2093,cr1_0262p_00006.cbf,479,603,239,373,124,134,16616
2094,cr1_0262p_00007.cbf,479,607,236,370,128,134,17152
2095,cr1_0262p_00008.cbf,477,604,237,381,127,144,18288
2096,cr1_0263p_00001.cbf,480,608,240,373,128,133,17024
2097,cr1_0263p_00002.cbf,478,606,239,372,128,133,17024
2098,cr1_0263p_00003.cbf,481,604,238,374,123,136,16728
2099,cr1_0263p_00004.cbf,480,607,237,376,127,139,17653
2100,cr1_0263p_00005.cbf,475,602,236,371,127,135,17145
2101,cr1_0263p_00006.cbf,479,602,236,373,123,137,16851
2102,cr1_0263p_00007.cbf,475,604,241,375,129,134,17286
2103,cr1_0263p_00008.cbf,478,604,241,378,126,137,17262
2104,cr1_0264p_00001.cbf,477,604,240,374,127,134,17018
2105,cr1_0264p_00002.cbf,480,606,240,377,126,137,17262
2106,cr1_0264p_00003.cbf,478,604,237,375,126,138,17388
2107,cr1_0264p_00004.cbf,478,603,236,372,125,136,17000
2108,cr1_0264p_00005.cbf,478,601,228,376,123,148,18204
2109,cr1_0264p_00006.cbf,474,607,238,376,133,138,18354
2110,cr1_0264p_00007.cbf,483,605,238,379,122,141,17202
2111,cr1_0264p_00008.cbf,484,603,236,374,119,138,16422
2112,cr1_0265p_00001.cbf,477,606,241,380,129,139,17931
2113,cr1_0265p_00002.cbf,479,606,239,374,127,135,17145
2114,cr1_0265p_00003.cbf,478,612,240,370,134,130,17420
2115,cr1_0265p_00004.cbf,475,602,233,374,127,141,17907
2116,cr1_0265p_00005.cbf,479,603,235,371,124,136,16864
2117,cr1_0265p_00006.cbf,476,606,239,383,130,144,18720
2118,cr1_0265p_00007.cbf,481,606,236,374,125,138,17250
2119,cr1_0265p_00008.cbf,477,608,237,377,131,140,18340
2120,cr1_0266p_00001.cbf,478,604,235,373,126,138,17388
2121,cr1_0266p_00002.cbf,480,603,240,376,123,136,16728
2122,cr1_0266p_00003.cbf,480,604,236,378,124,142,17608
2123,cr1_0266p_00004.cbf,481,607,235,368,126,133,16758
2124,cr1_0266p_00005.cbf,478,603,236,381,125,145,18125
2125,cr1_0266p_00006.cbf,479,606,236,378,127,142,18034
2126,cr1_0266p_00007.cbf,482,603,235,372,121,137,16577
2127,cr1_0266p_00008.cbf,479,610,238,375,131,137,17947
2128,cr1_0267p_00001.cbf,490,594,249,367,104,118,12272
2129,cr1_0267p_00002.cbf,480,606,240,374,126,134,16884
2130,cr1_0267p_00003.cbf,479,605,235,375,126,140,17640
2131,cr1_0267p_00004.cbf,473,603,239,374,130,135,17550
2132,cr1_0267p_00005.cbf,480,608,235,373,128,138,17664
2133,cr1_0267p_00006.cbf,476,607,235,376,131,141,18471
2134,cr1_0267p_00007.cbf,478,603,239,373,125,134,16750
2135,cr1_0267p_00008.cbf,478,609,236,375,131,139,18209
2136,cr1_0268p_00001.cbf,480,611,236,374,131,138,18078
2137,cr1_0268p_00002.cbf,478,614,238,376,136,138,18768
2138,cr1_0268p_00003.cbf,480,604,236,372,124,136,16864
2139,cr1_0268p_00004.cbf,479,605,236,374,126,138,17388
2140,cr1_0268p_00005.cbf,481,605,233,373,124,140,17360
2141,cr1_0268p_00006.cbf,478,612,235,376,134,141,18894
2142,cr1_0268p_00007.cbf,473,602,235,375,129,140,18060
2143,cr1_0268p_00008.cbf,480,610,235,371,130,136,17680
2144,cr1_0269p_00001.cbf,478,601,236,374,123,138,16974
2145,cr1_0269p_00002.cbf,480,605,239,373,125,134,16750
2146,cr1_0269p_00003.cbf,480,606,239,369,126,130,16380
2147,cr1_0269p_00004.cbf,480,605,238,373,125,135,16875
2148,cr1_0269p_00005.cbf,476,606,235,373,130,138,17940
2149,cr1_0269p_00006.cbf,489,597,245,366,108,121,13068
2150,cr1_0269p_00007.cbf,480,606,236,378,126,142,17892
2151,cr1_0269p_00008.cbf,480,603,240,373,123,133,16359
2152,cr1_0270p_00001.cbf,479,606,244,376,127,132,16764
2153,cr1_0270p_00002.cbf,477,609,236,376,132,140,18480
2154,cr1_0270p_00003.cbf,475,607,236,373,132,137,18084
2155,cr1_0270p_00004.cbf,478,608,236,373,130,137,17810
2156,cr1_0270p_00005.cbf,475,608,233,371,133,138,18354
2157,cr1_0270p_00006.cbf,476,602,231,379,126,148,18648
2158,cr1_0270p_00007.cbf,478,603,238,374,125,136,17000
2159,cr1_0270p_00008.cbf,480,608,234,376,128,142,18176
2160,cr1_0271p_00001.cbf,473,608,234,376,135,142,19170
2161,cr1_0271p_00002.cbf,479,606,233,376,127,143,18161
2162,cr1_0271p_00003.cbf,478,603,237,375,125,138,17250
2163,cr1_0271p_00004.cbf,478,606,236,378,128,142,18176
2164,cr1_0271p_00005.cbf,476,606,236,378,130,142,18460
2165,cr1_0271p_00006.cbf,476,603,240,374,127,134,17018
2166,cr1_0271p_00007.cbf,479,605,233,377,126,144,18144
2167,cr1_0271p_00008.cbf,480,604,232,374,124,142,17608
2168,cr1_0272p_00001.cbf,480,606,237,373,126,136,17136
2169,cr1_0272p_00002.cbf,482,612,236,376,130,140,18200
2170,cr1_0272p_00003.cbf,480,607,234,375,127,141,17907
2171,cr1_0272p_00004.cbf,479,605,234,379,126,145,18270
2172,cr1_0272p_00005.cbf,473,606,238,376,133,138,18354
2173,cr1_0272p_00006.cbf,474,608,239,374,134,135,18090
2174,cr1_0272p_00007.cbf,476,605,235,373,129,138,17802
2175,cr1_0272p_00008.cbf,482,607,238,378,125,140,17500
2176,cr1_0273p_00001.cbf,477,608,238,375,131,137,17947
2177,cr1_0273p_00002.cbf,479,604,237,373,125,136,17000
2178,cr1_0273p_00003.cbf,475,612,237,373,137,136,18632
2179,cr1_0273p_00004.cbf,474,602,233,374,128,141,18048
2180,cr1_0273p_00005.cbf,479,613,235,381,134,146,19564
2181,cr1_0273p_00006.cbf,470,608,230,374,138,144,19872
2182,cr1_0273p_00007.cbf,474,604,240,378,130,138,17940
2183,cr1_0273p_00008.cbf,477,606,236,376,129,140,18060
2184,cr1_0274p_00001.cbf,472,604,239,378,132,139,18348
2185,cr1_0274p_00002.cbf,475,605,235,374,130,139,18070
2186,cr1_0274p_00003.cbf,486,596,245,367,110,122,13420
2187,cr1_0274p_00004.cbf,475,607,235,374,132,139,18348
2188,cr1_0274p_00005.cbf,480,610,238,379,130,141,18330
2189,cr1_0274p_00006.cbf,477,606,236,375,129,139,17931
2190,cr1_0274p_00007.cbf,478,610,233,374,132,141,18612
2191,cr1_0274p_00008.cbf,479,607,237,375,128,138,17664
2192,cr1_0275p_00001.cbf,479,608,241,375,129,134,17286
2193,cr1_0275p_00002.cbf,476,606,235,376,130,141,18330
2194,cr1_0275p_00003.cbf,477,611,236,373,134,137,18358
2195,cr1_0275p_00004.cbf,476,603,233,376,127,143,18161
2196,cr1_0275p_00005.cbf,476,611,229,378,135,149,20115
2197,cr1_0275p_00006.cbf,479,605,239,375,126,136,17136
2198,cr1_0275p_00007.cbf,476,605,238,381,129,143,18447
2199,cr1_0275p_00008.cbf,477,604,236,373,127,137,17399
2200,cr1_0276p_00001.cbf,477,606,239,382,129,143,18447
2201,cr1_0276p_00002.cbf,476,606,237,375,130,138,17940
2202,cr1_0276p_00003.cbf,478,605,234,374,127,140,17780
2203,cr1_0276p_00004.cbf,487,598,246,366,111,120,13320
2204,cr1_0276p_00005.cbf,473,605,236,378,132,142,18744
2205,cr1_0276p_00006.cbf,476,607,233,372,131,139,18209
2206,cr1_0276p_00007.cbf,480,605,236,377,125,141,17625
2207,cr1_0276p_00008.cbf,475,610,237,372,135,135,18225
2208,cr1_0277p_00001.cbf,478,604,238,375,126,137,17262
2209,cr1_0277p_00002.cbf,477,604,237,373,127,136,17272
2210,cr1_0277p_00003.cbf,473,607,235,377,134,142,19028
2211,cr1_0277p_00004.cbf,475,604,237,379,129,142,18318
2212,cr1_0277p_00005.cbf,473,607,238,380,134,142,19028
2213,cr1_0277p_00006.cbf,480,604,236,377,124,141,17484
2214,cr1_0277p_00007.cbf,467,605,236,375,138,139,19182
2215,cr1_0277p_00008.cbf,479,611,239,384,132,145,19140
2216,cr1_0278p_00001.cbf,487,595,248,366,108,118,12744
2217,cr1_0278p_00002.cbf,477,603,235,374,126,139,17514
2218,cr1_0278p_00003.cbf,477,608,237,374,131,137,17947
2219,cr1_0278p_00004.cbf,476,610,235,375,134,140,18760
2220,cr1_0278p_00005.cbf,480,607,238,385,127,147,18669
2221,cr1_0278p_00006.cbf,478,606,227,376,128,149,19072
2222,cr1_0278p_00007.cbf,475,609,236,381,134,145,19430
2223,cr1_0278p_00008.cbf,481,605,238,375,124,137,16988
2224,cr1_0279p_00001.cbf,475,611,234,376,136,142,19312
2225,cr1_0279p_00002.cbf,475,606,238,373,131,135,17685
2226,cr1_0279p_00003.cbf,475,608,228,376,133,148,19684
2227,cr1_0279p_00004.cbf,471,607,234,373,136,139,18904
2228,cr1_0279p_00005.cbf,472,603,227,375,131,148,19388
2229,cr1_0279p_00006.cbf,477,607,237,375,130,138,17940
2230,cr1_0279p_00007.cbf,477,607,237,377,130,140,18200
2231,cr1_0279p_00008.cbf,480,610,238,375,130,137,17810
2232,cr1_0280p_00001.cbf,469,611,236,377,142,141,20022
2233,cr1_0280p_00002.cbf,474,610,238,381,136,143,19448
2234,cr1_0280p_00003.cbf,477,605,236,379,128,143,18304
2235,cr1_0280p_00004.cbf,477,607,236,375,130,139,18070
2236,cr1_0280p_00005.cbf,475,603,237,375,128,138,17664
2237,cr1_0280p_00006.cbf,465,608,235,378,143,143,20449
2238,cr1_0280p_00007.cbf,474,604,236,376,130,140,18200
2239,cr1_0280p_00008.cbf,480,610,237,378,130,141,18330
2240,cr1_0281p_00001.cbf,479,604,238,379,125,141,17625
2241,cr1_0281p_00002.cbf,480,607,237,376,127,139,17653
2242,cr1_0281p_00003.cbf,469,604,238,376,135,138,18630
2243,cr1_0281p_00004.cbf,477,606,237,374,129,137,17673
2244,cr1_0281p_00005.cbf,477,602,238,371,125,133,16625
2245,cr1_0281p_00006.cbf,474,605,237,378,131,141,18471
2246,cr1_0281p_00007.cbf,475,605,233,372,130,139,18070
2247,cr1_0281p_00008.cbf,478,609,240,374,131,134,17554
2248,cr1_0282p_00001.cbf,486,595,246,368,109,122,13298
2249,cr1_0282p_00002.cbf,479,605,234,375,126,141,17766
2250,cr1_0282p_00003.cbf,471,607,237,373,136,136,18496
2251,cr1_0282p_00004.cbf,481,613,235,375,132,140,18480
2252,cr1_0282p_00005.cbf,477,603,237,376,126,139,17514
2253,cr1_0282p_00006.cbf,478,611,236,381,133,145,19285
2254,cr1_0282p_00007.cbf,471,614,239,375,143,136,19448
2255,cr1_0282p_00008.cbf,487,598,245,367,111,122,13542
2256,cr1_0283p_00001.cbf,487,595,247,366,108,119,12852
2257,cr1_0283p_00002.cbf,477,606,235,378,129,143,18447
2258,cr1_0283p_00003.cbf,472,605,233,376,133,143,19019
2259,cr1_0283p_00004.cbf,477,605,235,375,128,140,17920
2260,cr1_0283p_00005.cbf,478,605,237,374,127,137,17399
2261,cr1_0283p_00006.cbf,475,609,235,381,134,146,19564
2262,cr1_0283p_00007.cbf,471,609,236,375,138,139,19182
2263,cr1_0283p_00008.cbf,479,603,235,373,124,138,17112
2264,cr1_0284p_00001.cbf,476,607,238,377,131,139,18209
2265,cr1_0284p_00002.cbf,476,607,237,375,131,138,18078
2266,cr1_0284p_00003.cbf,473,603,235,375,130,140,18200
2267,cr1_0284p_00004.cbf,473,604,235,375,131,140,18340
2268,cr1_0284p_00005.cbf,475,605,236,377,130,141,18330
2269,cr1_0284p_00006.cbf,472,608,231,376,136,145,19720
2270,cr1_0284p_00007.cbf,477,604,237,373,127,136,17272
2271,cr1_0284p_00008.cbf,472,609,231,379,137,148,20276
2272,cr1_0285p_00001.cbf,481,607,237,377,126,140,17640
2273,cr1_0285p_00002.cbf,477,606,239,373,129,134,17286
2274,cr1_0285p_00003.cbf,476,610,234,376,134,142,19028
2275,cr1_0285p_00004.cbf,477,604,238,379,127,141,17907
2276,cr1_0285p_00005.cbf,476,603,236,377,127,141,17907
2277,cr1_0285p_00006.cbf,473,607,235,375,134,140,18760
2278,cr1_0285p_00007.cbf,476,604,231,379,128,148,18944
2279,cr1_0285p_00008.cbf,474,608,234,376,134,142,19028
2280,cr1_0286p_00001.cbf,477,607,234,376,130,142,18460
2281,cr1_0286p_00002.cbf,472,607,240,375,135,135,18225
2282,cr1_0286p_00003.cbf,475,604,234,376,129,142,18318
2283,cr1_0286p_00004.cbf,469,605,237,380,136,143,19448
2284,cr1_0286p_00005.cbf,476,604,238,374,128,136,17408
2285,cr1_0286p_00006.cbf,476,601,233,377,125,144,18000
2286,cr1_0286p_00007.cbf,471,606,238,378,135,140,18900
2287,cr1_0286p_00008.cbf,478,608,237,374,130,137,17810
2288,cr1_0287p_00001.cbf,476,607,236,376,131,140,18340
2289,cr1_0287p_00002.cbf,478,606,239,375,128,136,17408
2290,cr1_0287p_00003.cbf,475,606,234,374,131,140,18340
2291,cr1_0287p_00004.cbf,476,605,236,375,129,139,17931
2292,cr1_0287p_00005.cbf,486,594,245,366,108,121,13068
2293,cr1_0287p_00006.cbf,477,605,238,374,128,136,17408
2294,cr1_0287p_00007.cbf,473,602,237,373,129,136,17544
2295,cr1_0287p_00008.cbf,474,607,233,377,133,144,19152
2296,cr1_0288p_00001.cbf,477,610,238,379,133,141,18753
2297,cr1_0288p_00002.cbf,471,608,237,375,137,138,18906
2298,cr1_0288p_00003.cbf,475,607,234,375,132,141,18612
2299,cr1_0288p_00004.cbf,481,604,238,377,123,139,17097
2300,cr1_0288p_00005.cbf,475,608,234,372,133,138,18354
2301,cr1_0288p_00006.cbf,476,601,232,377,125,145,18125
2302,cr1_0288p_00007.cbf,478,603,236,375,125,139,17375
2303,cr1_0288p_00008.cbf,474,609,235,373,135,138,18630
2304,cr1_0289p_00001.cbf,476,606,240,378,130,138,17940
2305,cr1_0289p_00002.cbf,475,606,235,375,131,140,18340
2306,cr1_0289p_00003.cbf,475,606,235,379,131,144,18864
2307,cr1_0289p_00004.cbf,474,606,232,375,132,143,18876
2308,cr1_0289p_00005.cbf,473,605,235,380,132,145,19140
2309,cr1_0289p_00006.cbf,478,606,232,373,128,141,18048
2310,cr1_0289p_00007.cbf,475,610,233,376,135,143,19305
2311,cr1_0289p_00008.cbf,475,605,237,375,130,138,17940
2312,cr1_0290p_00001.cbf,475,603,234,382,128,148,18944
2313,cr1_0290p_00002.cbf,473,603,236,372,130,136,17680
2314,cr1_0290p_00003.cbf,477,606,232,375,129,143,18447
2315,cr1_0290p_00004.cbf,488,596,242,363,108,121,13068
2316,cr1_0290p_00005.cbf,475,607,234,376,132,142,18744
2317,cr1_0290p_00006.cbf,477,605,230,375,128,145,18560
2318,cr1_0290p_00007.cbf,479,601,239,375,122,136,16592
2319,cr1_0290p_00008.cbf,476,602,238,378,126,140,17640
2320,cr1_0291p_00001.cbf,479,608,239,376,129,137,17673
2321,cr1_0291p_00002.cbf,476,605,237,376,129,139,17931
2322,cr1_0291p_00003.cbf,469,606,235,372,137,137,18769
2323,cr1_0291p_00004.cbf,477,611,232,380,134,148,19832
2324,cr1_0291p_00005.cbf,480,609,237,376,129,139,17931
2325,cr1_0291p_00006.cbf,477,605,226,378,128,152,19456
2326,cr1_0291p_00007.cbf,471,602,237,375,131,138,18078
2327,cr1_0291p_00008.cbf,475,609,233,377,134,144,19296
2328,cr1_0292p_00001.cbf,479,602,237,377,123,140,17220
2329,cr1_0292p_00002.cbf,470,606,236,378,136,142,19312
2330,cr1_0292p_00003.cbf,478,605,235,375,127,140,17780
2331,cr1_0292p_00004.cbf,470,607,237,375,137,138,18906
2332,cr1_0292p_00005.cbf,475,605,231,378,130,147,19110
2333,cr1_0292p_00006.cbf,475,603,237,377,128,140,17920
2334,cr1_0292p_00007.cbf,477,606,235,373,129,138,17802
2335,cr1_0292p_00008.cbf,478,608,237,377,130,140,18200
2336,cr1_0293p_00001.cbf,479,611,234,379,132,145,19140
2337,cr1_0293p_00002.cbf,481,609,235,374,128,139,17792
2338,cr1_0293p_00003.cbf,479,603,231,374,124,143,17732
2339,cr1_0293p_00004.cbf,475,605,235,379,130,144,18720
2340,cr1_0293p_00005.cbf,474,603,236,382,129,146,18834
2341,cr1_0293p_00006.cbf,477,602,235,376,125,141,17625
2342,cr1_0293p_00007.cbf,474,607,238,373,133,135,17955
2343,cr1_0293p_00008.cbf,479,603,235,373,124,138,17112
2344,cr1_0294p_00001.cbf,474,613,238,376,139,138,19182
2345,cr1_0294p_00002.cbf,479,607,233,380,128,147,18816
2346,cr1_0294p_00003.cbf,478,608,233,374,130,141,18330
2347,cr1_0294p_00004.cbf,475,608,237,380,133,143,19019
2348,cr1_0294p_00005.cbf,476,607,232,376,131,144,18864
2349,cr1_0294p_00006.cbf,474,609,234,374,135,140,18900
2350,cr1_0294p_00007.cbf,475,608,231,380,133,149,19817
2351,cr1_0294p_00008.cbf,476,611,238,374,135,136,18360
2352,cr1_0295p_00001.cbf,477,606,237,373,129,136,17544
2353,cr1_0295p_00002.cbf,472,607,232,376,135,144,19440
2354,cr1_0295p_00003.cbf,476,604,231,373,128,142,18176
2355,cr1_0295p_00004.cbf,476,603,232,375,127,143,18161
2356,cr1_0295p_00005.cbf,479,600,235,375,121,140,16940
2357,cr1_0295p_00006.cbf,477,606,235,376,129,141,18189
2358,cr1_0295p_00007.cbf,476,611,233,376,135,143,19305
2359,cr1_0295p_00008.cbf,475,608,237,374,133,137,18221
2360,cr1_0296p_00001.cbf,478,605,235,376,127,141,17907
2361,cr1_0296p_00002.cbf,474,604,234,374,130,140,18200
2362,cr1_0296p_00003.cbf,476,606,231,379,130,148,19240
2363,cr1_0296p_00004.cbf,481,606,240,375,125,135,16875
2364,cr1_0296p_00005.cbf,482,604,234,374,122,140,17080
2365,cr1_0296p_00006.cbf,476,605,235,376,129,141,18189
2366,cr1_0296p_00007.cbf,481,604,235,374,123,139,17097
2367,cr1_0296p_00008.cbf,478,605,238,375,127,137,17399
2368,cr1_0297p_00001.cbf,479,609,233,376,130,143,18590
2369,cr1_0297p_00002.cbf,479,606,238,375,127,137,17399
2370,cr1_0297p_00003.cbf,474,606,228,374,132,146,19272
2371,cr1_0297p_00004.cbf,476,603,236,375,127,139,17653
2372,cr1_0297p_00005.cbf,478,601,234,374,123,140,17220
2373,cr1_0297p_00006.cbf,477,605,233,373,128,140,17920
2374,cr1_0297p_00007.cbf,488,596,246,367,108,121,13068
2375,cr1_0297p_00008.cbf,475,604,230,378,129,148,19092
2376,cr1_0298p_00001.cbf,480,605,235,375,125,140,17500
2377,cr1_0298p_00002.cbf,476,607,233,378,131,145,18995
2378,cr1_0298p_00003.cbf,477,603,237,376,126,139,17514
2379,cr1_0298p_00004.cbf,474,606,234,377,132,143,18876
2380,cr1_0298p_00005.cbf,476,601,233,381,125,148,18500
2381,cr1_0298p_00006.cbf,475,610,237,376,135,139,18765
2382,cr1_0298p_00007.cbf,479,605,236,376,126,140,17640
2383,cr1_0298p_00008.cbf,478,604,235,374,126,139,17514
2384,cr1_0299p_00001.cbf,479,609,235,375,130,140,18200
2385,cr1_0299p_00002.cbf,481,608,235,375,127,140,17780
2386,cr1_0299p_00003.cbf,472,606,236,372,134,136,18224
2387,cr1_0299p_00004.cbf,478,606,235,375,128,140,17920
2388,cr1_0299p_00005.cbf,480,608,235,375,128,140,17920
2389,cr1_0299p_00006.cbf,481,606,235,374,125,139,17375
2390,cr1_0299p_00007.cbf,476,609,236,374,133,138,18354
2391,cr1_0299p_00008.cbf,479,604,240,377,125,137,17125
2392,cr1_0300p_00001.cbf,488,597,247,367,109,120,13080
2393,cr1_0300p_00002.cbf,488,597,246,367,109,121,13189
2394,cr1_0300p_00003.cbf,479,613,235,378,134,143,19162
2395,cr1_0300p_00004.cbf,477,606,232,376,129,144,18576
2396,cr1_0300p_00005.cbf,474,605,232,374,131,142,18602
2397,cr1_0300p_00006.cbf,478,609,235,376,131,141,18471
2398,cr1_0300p_00007.cbf,486,596,245,364,110,119,13090
2399,cr1_0300p_00008.cbf,480,606,240,376,126,136,17136
2400,cr1_0301p_00001.cbf,479,614,239,374,135,135,18225
2401,cr1_0301p_00002.cbf,479,606,237,375,127,138,17526
2402,cr1_0301p_00003.cbf,478,606,235,375,128,140,17920
2403,cr1_0301p_00004.cbf,476,609,238,380,133,142,18886
2404,cr1_0301p_00005.cbf,478,604,237,378,126,141,17766
2405,cr1_0301p_00006.cbf,477,611,233,381,134,148,19832
2406,cr1_0301p_00007.cbf,475,606,238,384,131,146,19126
2407,cr1_0301p_00008.cbf,482,614,235,373,132,138,18216
2408,cr1_0302p_00001.cbf,474,607,237,375,133,138,18354
2409,cr1_0302p_00002.cbf,477,608,236,374,131,138,18078
2410,cr1_0302p_00003.cbf,471,608,237,374,137,137,18769
2411,cr1_0302p_00004.cbf,479,604,237,374,125,137,17125
2412,cr1_0302p_00005.cbf,480,609,232,376,129,144,18576
2413,cr1_0302p_00006.cbf,476,606,237,372,130,135,17550
2414,cr1_0302p_00007.cbf,489,598,244,367,109,123,13407
2415,cr1_0302p_00008.cbf,474,605,237,374,131,137,17947
2416,cr1_0303p_00001.cbf,479,610,238,374,131,136,17816
2417,cr1_0303p_00002.cbf,472,603,240,374,131,134,17554
2418,cr1_0303p_00003.cbf,473,609,235,378,136,143,19448
2419,cr1_0303p_00004.cbf,477,603,237,378,126,141,17766
2420,cr1_0303p_00005.cbf,478,603,233,378,125,145,18125
2421,cr1_0303p_00006.cbf,474,606,235,373,132,138,18216
2422,cr1_0303p_00007.cbf,476,610,237,374,134,137,18358
2423,cr1_0303p_00008.cbf,481,611,240,372,130,132,17160
2424,cr1_0304p_00001.cbf,478,608,239,375,130,136,17680
2425,cr1_0304p_00002.cbf,478,609,235,377,131,142,18602
2426,cr1_0304p_00003.cbf,474,608,235,376,134,141,18894
2427,cr1_0304p_00004.cbf,477,605,232,377,128,145,18560
2428,cr1_0304p_00005.cbf,473,604,229,378,131,149,19519
2429,cr1_0304p_00006.cbf,473,610,237,380,137,143,19591
2430,cr1_0304p_00007.cbf,477,611,235,377,134,142,19028
2431,cr1_0304p_00008.cbf,474,608,239,376,134,137,18358
2432,cr1_0305p_00001.cbf,478,607,236,380,129,144,18576
2433,cr1_0305p_00002.cbf,479,609,239,377,130,138,17940
2434,cr1_0305p_00003.cbf,480,606,237,377,126,140,17640
2435,cr1_0305p_00004.cbf,470,610,231,376,140,145,20300
2436,cr1_0305p_00005.cbf,475,609,237,376,134,139,18626
2437,cr1_0305p_00006.cbf,474,605,235,377,131,142,18602
2438,cr1_0305p_00007.cbf,478,607,231,373,129,142,18318
2439,cr1_0305p_00008.cbf,479,609,232,377,130,145,18850
2440,cr1_0306p_00001.cbf,471,608,237,380,137,143,19591
2441,cr1_0306p_00002.cbf,474,606,238,378,132,140,18480
2442,cr1_0306p_00003.cbf,476,608,234,376,132,142,18744
2443,cr1_0306p_00004.cbf,469,608,238,382,139,144,20016
2444,cr1_0306p_00005.cbf,477,616,232,376,139,144,20016
2445,cr1_0306p_00006.cbf,479,604,233,377,125,144,18000
2446,cr1_0306p_00007.cbf,487,596,245,367,109,122,13298
2447,cr1_0306p_00008.cbf,479,609,230,381,130,151,19630
2448,cr1_0307p_00001.cbf,473,613,235,378,140,143,20020
2449,cr1_0307p_00002.cbf,470,605,235,376,135,141,19035
2450,cr1_0307p_00003.cbf,479,608,236,386,129,150,19350
2451,cr1_0307p_00004.cbf,476,604,237,376,128,139,17792
2452,cr1_0307p_00005.cbf,487,596,244,368,109,124,13516
2453,cr1_0307p_00006.cbf,478,609,235,383,131,148,19388
2454,cr1_0307p_00007.cbf,475,609,230,375,134,145,19430
2455,cr1_0307p_00008.cbf,473,609,237,378,136,141,19176
2456,cr1_0308p_00001.cbf,477,613,236,373,136,137,18632
2457,cr1_0308p_00002.cbf,476,610,232,375,134,143,19162
2458,cr1_0308p_00003.cbf,475,609,235,372,134,137,18358
2459,cr1_0308p_00004.cbf,477,607,232,373,130,141,18330
2460,cr1_0308p_00005.cbf,475,609,232,379,134,147,19698
2461,cr1_0308p_00006.cbf,475,610,236,380,135,144,19440
2462,cr1_0308p_00007.cbf,473,610,234,379,137,145,19865
2463,cr1_0308p_00008.cbf,477,608,229,376,131,147,19257
2464,cr1_0309p_00001.cbf,472,607,232,377,135,145,19575
2465,cr1_0309p_00002.cbf,479,605,233,382,126,149,18774
2466,cr1_0309p_00003.cbf,475,615,234,377,140,143,20020
2467,cr1_0309p_00004.cbf,464,606,233,378,142,145,20590
2468,cr1_0309p_00005.cbf,475,611,233,376,136,143,19448
2469,cr1_0309p_00006.cbf,466,605,236,381,139,145,20155
2470,cr1_0309p_00007.cbf,476,608,236,384,132,148,19536
2471,cr1_0309p_00008.cbf,480,615,234,382,135,148,19980
2472,cr1_0310p_00001.cbf,475,610,236,378,135,142,19170
2473,cr1_0310p_00002.cbf,471,608,236,381,137,145,19865
2474,cr1_0310p_00003.cbf,488,598,243,368,110,125,13750
2475,cr1_0310p_00004.cbf,477,610,238,386,133,148,19684
2476,cr1_0310p_00005.cbf,479,605,235,378,126,143,18018
2477,cr1_0310p_00006.cbf,476,613,236,375,137,139,19043
2478,cr1_0310p_00007.cbf,473,604,234,379,131,145,18995
2479,cr1_0310p_00008.cbf,476,607,235,376,131,141,18471
2480,cr1_0311p_00001.cbf,477,606,232,375,129,143,18447
2481,cr1_0311p_00002.cbf,477,607,237,385,130,148,19240
2482,cr1_0311p_00003.cbf,480,609,236,377,129,141,18189
2483,cr1_0311p_00004.cbf,470,608,231,375,138,144,19872
2484,cr1_0311p_00005.cbf,478,604,231,375,126,144,18144
2485,cr1_0311p_00006.cbf,475,611,229,376,136,147,19992
2486,cr1_0311p_00007.cbf,481,608,234,378,127,144,18288
2487,cr1_0311p_00008.cbf,478,607,227,373,129,146,18834
2488,cr1_0312p_00001.cbf,477,611,238,376,134,138,18492
2489,cr1_0312p_00002.cbf,477,606,233,377,129,144,18576
2490,cr1_0312p_00003.cbf,479,607,234,379,128,145,18560
2491,cr1_0312p_00004.cbf,479,605,231,375,126,144,18144
2492,cr1_0312p_00005.cbf,476,607,232,378,131,146,19126
2493,cr1_0312p_00006.cbf,489,597,242,366,108,124,13392
2494,cr1_0312p_00007.cbf,470,611,239,378,141,139,19599
2495,cr1_0312p_00008.cbf,475,607,231,375,132,144,19008
2496,cr1_0313p_00001.cbf,471,613,235,375,142,140,19880
2497,cr1_0313p_00002.cbf,479,606,235,380,127,145,18415
2498,cr1_0313p_00003.cbf,475,608,236,372,133,136,18088
2499,cr1_0313p_00004.cbf,471,606,236,377,135,141,19035
2500,cr1_0313p_00005.cbf,478,606,236,376,128,140,17920
2501,cr1_0313p_00006.cbf,478,608,233,376,130,143,18590
2502,cr1_0313p_00007.cbf,474,608,236,378,134,142,19028
2503,cr1_0313p_00008.cbf,476,608,231,374,132,143,18876
2504,cr1_0314p_00001.cbf,475,607,237,375,132,138,18216
2505,cr1_0314p_00002.cbf,472,603,233,377,131,144,18864
2506,cr1_0314p_00003.cbf,479,609,235,374,130,139,18070
2507,cr1_0314p_00004.cbf,488,597,245,367,109,122,13298
2508,cr1_0314p_00005.cbf,486,596,242,367,110,125,13750
2509,cr1_0314p_00006.cbf,474,610,234,375,136,141,19176
2510,cr1_0314p_00007.cbf,487,596,244,367,109,123,13407
2511,cr1_0314p_00008.cbf,481,605,238,375,124,137,16988
2512,cr1_0315p_00001.cbf,476,605,237,378,129,141,18189
2513,cr1_0315p_00002.cbf,477,607,234,374,130,140,18200
2514,cr1_0315p_00003.cbf,480,609,232,380,129,148,19092
2515,cr1_0315p_00004.cbf,479,607,237,374,128,137,17536
2516,cr1_0315p_00005.cbf,473,607,234,382,134,148,19832
2517,cr1_0315p_00006.cbf,476,608,235,375,132,140,18480
2518,cr1_0315p_00007.cbf,480,603,234,375,123,141,17343
2519,cr1_0315p_00008.cbf,481,609,233,382,128,149,19072
2520,cr1_0316p_00001.cbf,479,604,232,377,125,145,18125
2521,cr1_0316p_00002.cbf,480,604,231,375,124,144,17856
2522,cr1_0316p_00003.cbf,477,606,232,383,129,151,19479
2523,cr1_0316p_00004.cbf,474,607,232,381,133,149,19817
2524,cr1_0316p_00005.cbf,481,612,235,378,131,143,18733
2525,cr1_0316p_00006.cbf,481,604,236,382,123,146,17958
2526,cr1_0316p_00007.cbf,486,596,245,366,110,121,13310
2527,cr1_0316p_00008.cbf,474,604,235,375,130,140,18200
2528,cr1_0317p_00001.cbf,473,611,233,380,138,147,20286
2529,cr1_0317p_00002.cbf,466,604,238,375,138,137,18906
2530,cr1_0317p_00003.cbf,477,605,233,380,128,147,18816
2531,cr1_0317p_00004.cbf,472,605,232,379,133,147,19551
2532,cr1_0317p_00005.cbf,479,609,230,376,130,146,18980
2533,cr1_0317p_00006.cbf,476,604,234,381,128,147,18816
2534,cr1_0317p_00007.cbf,467,606,236,377,139,141,19599
2535,cr1_0317p_00008.cbf,480,606,236,372,126,136,17136
2536,cr1_0318p_00001.cbf,479,609,238,380,130,142,18460
2537,cr1_0318p_00002.cbf,475,605,231,377,130,146,18980
2538,cr1_0318p_00003.cbf,478,605,238,377,127,139,17653
2539,cr1_0318p_00004.cbf,477,608,233,378,131,145,18995
2540,cr1_0318p_00005.cbf,480,607,234,375,127,141,17907
2541,cr1_0318p_00006.cbf,479,605,235,386,126,151,19026
2542,cr1_0318p_00007.cbf,476,614,231,377,138,146,20148
2543,cr1_0318p_00008.cbf,481,604,234,378,123,144,17712
2544,cr1_0319p_00001.cbf,483,606,230,392,123,162,19926
2545,cr1_0319p_00002.cbf,477,605,239,376,128,137,17536
2546,cr1_0319p_00003.cbf,477,609,235,382,132,147,19404
2547,cr1_0319p_00004.cbf,479,605,237,376,126,139,17514
2548,cr1_0319p_00005.cbf,473,602,233,372,129,139,17931
2549,cr1_0319p_00006.cbf,476,609,231,375,133,144,19152
2550,cr1_0319p_00007.cbf,479,605,232,380,126,148,18648
2551,cr1_0319p_00008.cbf,480,607,231,372,127,141,17907
2552,cr1_0320p_00001.cbf,473,606,239,375,133,136,18088
2553,cr1_0320p_00002.cbf,476,603,233,378,127,145,18415
2554,cr1_0320p_00003.cbf,478,606,236,380,128,144,18432
2555,cr1_0320p_00004.cbf,475,602,236,375,127,139,17653
2556,cr1_0320p_00005.cbf,473,608,233,378,135,145,19575
2557,cr1_0320p_00006.cbf,477,606,236,382,129,146,18834
2558,cr1_0320p_00007.cbf,476,604,231,376,128,145,18560
2559,cr1_0320p_00008.cbf,475,605,235,377,130,142,18460
2560,cr1_0321p_00001.cbf,476,611,234,379,135,145,19575
2561,cr1_0321p_00002.cbf,478,608,237,378,130,141,18330
2562,cr1_0321p_00003.cbf,480,605,233,380,125,147,18375
2563,cr1_0321p_00004.cbf,477,606,232,377,129,145,18705
2564,cr1_0321p_00005.cbf,478,609,234,375,131,141,18471
2565,cr1_0321p_00006.cbf,476,610,234,377,134,143,19162
2566,cr1_0321p_00007.cbf,480,605,233,375,125,142,17750
2567,cr1_0321p_00008.cbf,470,612,235,377,142,142,20164
2568,cr1_0322p_00001.cbf,475,607,239,381,132,142,18744
2569,cr1_0322p_00002.cbf,472,606,236,376,134,140,18760
2570,cr1_0322p_00003.cbf,474,606,234,376,132,142,18744
2571,cr1_0322p_00004.cbf,477,605,230,378,128,148,18944
2572,cr1_0322p_00005.cbf,474,604,231,377,130,146,18980
2573,cr1_0322p_00006.cbf,479,609,235,378,130,143,18590
2574,cr1_0322p_00007.cbf,480,604,232,379,124,147,18228
2575,cr1_0322p_00008.cbf,478,612,238,375,134,137,18358
2576,cr1_0323p_00001.cbf,475,606,234,381,131,147,19257
2577,cr1_0323p_00002.cbf,473,605,235,382,132,147,19404
2578,cr1_0323p_00003.cbf,479,609,235,375,130,140,18200
2579,cr1_0323p_00004.cbf,474,609,238,370,135,132,17820
2580,cr1_0323p_00005.cbf,477,606,240,378,129,138,17802
2581,cr1_0323p_00006.cbf,479,607,236,377,128,141,18048
2582,cr1_0323p_00007.cbf,479,614,230,380,135,150,20250
2583,cr1_0323p_00008.cbf,477,608,235,380,131,145,18995
2584,cr1_0324p_00001.cbf,486,599,245,368,113,123,13899
2585,cr1_0324p_00002.cbf,476,605,237,377,129,140,18060
2586,cr1_0324p_00003.cbf,476,608,232,375,132,143,18876
2587,cr1_0324p_00004.cbf,471,606,235,378,135,143,19305
2588,cr1_0324p_00005.cbf,478,607,235,372,129,137,17673
2589,cr1_0324p_00006.cbf,477,607,235,380,130,145,18850
2590,cr1_0324p_00007.cbf,471,607,237,377,136,140,19040
2591,cr1_0324p_00008.cbf,476,610,236,373,134,137,18358
2592,cr1_0325p_00001.cbf,478,611,237,378,133,141,18753
2593,cr1_0325p_00002.cbf,487,598,243,367,111,124,13764
2594,cr1_0325p_00003.cbf,476,605,229,375,129,146,18834
2595,cr1_0325p_00004.cbf,476,607,231,384,131,153,20043
2596,cr1_0325p_00005.cbf,476,609,234,378,133,144,19152
2597,cr1_0325p_00006.cbf,477,605,229,378,128,149,19072
2598,cr1_0325p_00007.cbf,475,603,234,373,128,139,17792
2599,cr1_0325p_00008.cbf,471,607,226,377,136,151,20536
2600,cr1_0326p_00001.cbf,475,607,234,377,132,143,18876
2601,cr1_0326p_00002.cbf,486,596,245,367,110,122,13420
2602,cr1_0326p_00003.cbf,472,606,234,377,134,143,19162
2603,cr1_0326p_00004.cbf,477,605,237,383,128,146,18688
2604,cr1_0326p_00005.cbf,475,608,237,378,133,141,18753
2605,cr1_0326p_00006.cbf,479,604,236,376,125,140,17500
2606,cr1_0326p_00007.cbf,481,605,234,380,124,146,18104
2607,cr1_0326p_00008.cbf,479,609,236,375,130,139,18070
2608,cr1_0327p_00001.cbf,467,606,240,377,139,137,19043
2609,cr1_0327p_00002.cbf,473,606,239,381,133,142,18886
2610,cr1_0327p_00003.cbf,481,605,233,375,124,142,17608
2611,cr1_0327p_00004.cbf,476,606,229,376,130,147,19110
2612,cr1_0327p_00005.cbf,481,607,231,379,126,148,18648
2613,cr1_0327p_00006.cbf,476,607,233,378,131,145,18995
2614,cr1_0327p_00007.cbf,478,609,231,378,131,147,19257
2615,cr1_0327p_00008.cbf,481,606,236,381,125,145,18125
2616,cr1_0328p_00001.cbf,476,608,234,381,132,147,19404
2617,cr1_0328p_00002.cbf,479,606,236,378,127,142,18034
2618,cr1_0328p_00003.cbf,475,605,237,377,130,140,18200
2619,cr1_0328p_00004.cbf,478,606,233,374,128,141,18048
2620,cr1_0328p_00005.cbf,477,603,231,374,126,143,18018
2621,cr1_0328p_00006.cbf,479,604,232,378,125,146,18250
2622,cr1_0328p_00007.cbf,479,607,235,375,128,140,17920
2623,cr1_0328p_00008.cbf,477,608,237,374,131,137,17947
2624,cr1_0329p_00001.cbf,480,610,233,377,130,144,18720
2625,cr1_0329p_00002.cbf,478,604,230,377,126,147,18522
2626,cr1_0329p_00003.cbf,475,610,233,378,135,145,19575
2627,cr1_0329p_00004.cbf,480,604,238,374,124,136,16864
2628,cr1_0329p_00005.cbf,477,604,236,376,127,140,17780
2629,cr1_0329p_00006.cbf,478,607,235,377,129,142,18318
2630,cr1_0329p_00007.cbf,479,605,234,377,126,143,18018
2631,cr1_0329p_00008.cbf,476,606,233,377,130,144,18720
2632,cr1_0330p_00001.cbf,477,606,229,379,129,150,19350
2633,cr1_0330p_00002.cbf,478,613,231,378,135,147,19845
2634,cr1_0330p_00003.cbf,476,607,235,373,131,138,18078
2635,cr1_0330p_00004.cbf,480,610,235,374,130,139,18070
2636,cr1_0330p_00005.cbf,481,606,237,377,125,140,17500
2637,cr1_0330p_00006.cbf,482,610,232,379,128,147,18816
2638,cr1_0330p_00007.cbf,480,611,238,382,131,144,18864
2639,cr1_0330p_00008.cbf,479,608,234,386,129,152,19608
2640,cr1_0331p_00001.cbf,468,608,236,378,140,142,19880
2641,cr1_0331p_00002.cbf,475,608,235,380,133,145,19285
2642,cr1_0331p_00003.cbf,479,612,236,379,133,143,19019
2643,cr1_0331p_00004.cbf,470,607,235,381,137,146,20002
2644,cr1_0331p_00005.cbf,488,598,244,366,110,122,13420
2645,cr1_0331p_00006.cbf,481,607,236,379,126,143,18018
2646,cr1_0331p_00007.cbf,482,611,234,377,129,143,18447
2647,cr1_0331p_00008.cbf,472,609,231,374,137,143,19591
2648,cr1_0332p_00001.cbf,476,611,236,383,135,147,19845
2649,cr1_0332p_00002.cbf,482,613,231,382,131,151,19781
2650,cr1_0332p_00003.cbf,480,605,230,380,125,150,18750
2651,cr1_0332p_00004.cbf,475,609,237,385,134,148,19832
2652,cr1_0332p_00005.cbf,481,606,234,377,125,143,17875
2653,cr1_0332p_00006.cbf,481,607,225,376,126,151,19026
2654,cr1_0332p_00007.cbf,476,611,235,383,135,148,19980
2655,cr1_0332p_00008.cbf,480,609,235,385,129,150,19350
2656,cr1_0333p_00001.cbf,478,609,237,377,131,140,18340
2657,cr1_0333p_00002.cbf,482,610,236,379,128,143,18304
2658,cr1_0333p_00003.cbf,480,613,233,379,133,146,19418
2659,cr1_0333p_00004.cbf,480,608,234,381,128,147,18816
2660,cr1_0333p_00005.cbf,482,605,235,385,123,150,18450
2661,cr1_0333p_00006.cbf,481,606,237,376,125,139,17375
2662,cr1_0333p_00007.cbf,479,607,234,376,128,142,18176
2663,cr1_0333p_00008.cbf,478,615,232,376,137,144,19728
2664,cr1_0334p_00001.cbf,477,610,236,374,133,138,18354
2665,cr1_0334p_00002.cbf,477,608,238,378,131,140,18340
2666,cr1_0334p_00003.cbf,475,606,233,379,131,146,19126
2667,cr1_0334p_00004.cbf,480,610,238,378,130,140,18200
2668,cr1_0334p_00005.cbf,479,607,234,377,128,143,18304
2669,cr1_0334p_00006.cbf,478,612,237,373,134,136,18224
2670,cr1_0334p_00007.cbf,477,610,237,376,133,139,18487
2671,cr1_0334p_00008.cbf,478,608,236,375,130,139,18070
2672,cr1_0335p_00001.cbf,480,612,233,380,132,147,19404
2673,cr1_0335p_00002.cbf,479,611,235,376,132,141,18612
2674,cr1_0335p_00003.cbf,478,607,236,371,129,135,17415
2675,cr1_0335p_00004.cbf,478,609,232,378,131,146,19126
2676,cr1_0335p_00005.cbf,477,608,233,376,131,143,18733
2677,cr1_0335p_00006.cbf,477,608,236,373,131,137,17947
2678,cr1_0335p_00007.cbf,477,606,231,380,129,149,19221
2679,cr1_0335p_00008.cbf,479,611,234,376,132,142,18744
2680,cr1_0336p_00001.cbf,480,608,230,377,128,147,18816
2681,cr1_0336p_00002.cbf,478,610,237,376,132,139,18348
2682,cr1_0336p_00003.cbf,479,610,236,379,131,143,18733
2683,cr1_0336p_00004.cbf,477,608,234,379,131,145,18995
2684,cr1_0336p_00005.cbf,491,597,242,367,106,125,13250
2685,cr1_0336p_00006.cbf,481,606,234,375,125,141,17625
2686,cr1_0336p_00007.cbf,481,607,233,376,126,143,18018
2687,cr1_0336p_00008.cbf,482,606,235,374,124,139,17236
2688,cr1_0337p_00001.cbf,480,608,234,377,128,143,18304
2689,cr1_0337p_00002.cbf,481,606,234,378,125,144,18000
2690,cr1_0337p_00003.cbf,477,609,232,379,132,147,19404
2691,cr1_0337p_00004.cbf,473,608,235,380,135,145,19575
2692,cr1_0337p_00005.cbf,492,596,245,367,104,122,12688
2693,cr1_0337p_00006.cbf,477,605,237,381,128,144,18432
2694,cr1_0337p_00007.cbf,478,607,231,376,129,145,18705
2695,cr1_0337p_00008.cbf,477,609,230,379,132,149,19668
2696,cr1_0338p_00001.cbf,479,610,235,379,131,144,18864
2697,cr1_0338p_00002.cbf,476,609,231,378,133,147,19551
2698,cr1_0338p_00003.cbf,474,612,233,380,138,147,20286
2699,cr1_0338p_00004.cbf,476,607,232,380,131,148,19388
2700,cr1_0338p_00005.cbf,479,609,226,384,130,158,20540
2701,cr1_0338p_00006.cbf,478,609,229,378,131,149,19519
2702,cr1_0338p_00007.cbf,481,609,234,382,128,148,18944
2703,cr1_0338p_00008.cbf,479,609,231,381,130,150,19500
2704,cr1_0339p_00001.cbf,479,609,234,379,130,145,18850
2705,cr1_0339p_00002.cbf,470,610,234,377,140,143,20020
2706,cr1_0339p_00003.cbf,479,611,238,376,132,138,18216
2707,cr1_0339p_00004.cbf,480,607,235,374,127,139,17653
2708,cr1_0339p_00005.cbf,478,611,233,380,133,147,19551
2709,cr1_0339p_00006.cbf,479,608,232,378,129,146,18834
2710,cr1_0339p_00007.cbf,489,601,242,368,112,126,14112
2711,cr1_0339p_00008.cbf,477,609,232,378,132,146,19272
2712,cr1_0340p_00001.cbf,477,613,231,377,136,146,19856
2713,cr1_0340p_00002.cbf,477,608,232,380,131,148,19388
2714,cr1_0340p_00003.cbf,475,615,232,377,140,145,20300
2715,cr1_0340p_00004.cbf,480,610,229,381,130,152,19760
2716,cr1_0340p_00005.cbf,479,611,233,379,132,146,19272
2717,cr1_0340p_00006.cbf,472,608,231,378,136,147,19992
2718,cr1_0340p_00007.cbf,479,606,235,377,127,142,18034
2719,cr1_0340p_00008.cbf,479,607,230,376,128,146,18688
2720,cr1_0341p_00001.cbf,488,600,242,370,112,128,14336
2721,cr1_0341p_00002.cbf,477,606,237,381,129,144,18576
2722,cr1_0341p_00003.cbf,479,611,232,378,132,146,19272
2723,cr1_0341p_00004.cbf,490,600,241,368,110,127,13970
2724,cr1_0341p_00005.cbf,478,610,231,375,132,144,19008
2725,cr1_0341p_00006.cbf,480,607,231,378,127,147,18669
2726,cr1_0341p_00007.cbf,482,609,232,375,127,143,18161
2727,cr1_0341p_00008.cbf,486,601,245,368,115,123,14145
2728,cr1_0342p_00001.cbf,476,611,233,375,135,142,19170
2729,cr1_0342p_00002.cbf,489,599,242,369,110,127,13970
2730,cr1_0342p_00003.cbf,478,606,230,379,128,149,19072
2731,cr1_0342p_00004.cbf,478,606,230,377,128,147,18816
2732,cr1_0342p_00005.cbf,477,608,235,376,131,141,18471
2733,cr1_0342p_00006.cbf,480,607,233,377,127,144,18288
2734,cr1_0342p_00007.cbf,473,611,234,379,138,145,20010
2735,cr1_0342p_00008.cbf,473,608,232,379,135,147,19845
2736,cr1_0343p_00001.cbf,481,613,235,384,132,149,19668
2737,cr1_0343p_00002.cbf,477,611,236,377,134,141,18894
2738,cr1_0343p_00003.cbf,470,610,234,380,140,146,20440
2739,cr1_0343p_00004.cbf,474,614,235,378,140,143,20020
2740,cr1_0343p_00005.cbf,475,608,230,377,133,147,19551
2741,cr1_0343p_00006.cbf,478,608,234,380,130,146,18980
2742,cr1_0343p_00007.cbf,489,603,240,368,114,128,14592
2743,cr1_0343p_00008.cbf,478,613,235,384,135,149,20115
2744,cr1_0344p_00001.cbf,479,609,233,376,130,143,18590
2745,cr1_0344p_00002.cbf,479,610,234,378,131,144,18864
2746,cr1_0344p_00003.cbf,479,610,237,382,131,145,18995
2747,cr1_0344p_00004.cbf,478,607,233,386,129,153,19737
2748,cr1_0344p_00005.cbf,477,609,234,379,132,145,19140
2749,cr1_0344p_00006.cbf,487,602,242,368,115,126,14490
2750,cr1_0344p_00007.cbf,482,613,230,384,131,154,20174
2751,cr1_0344p_00008.cbf,478,610,235,376,132,141,18612
2752,cr1_0345p_00001.cbf,482,610,236,380,128,144,18432
2753,cr1_0345p_00002.cbf,478,608,230,376,130,146,18980
2754,cr1_0345p_00003.cbf,481,610,236,383,129,147,18963
2755,cr1_0345p_00004.cbf,478,607,234,379,129,145,18705
2756,cr1_0345p_00005.cbf,490,599,242,368,109,126,13734
2757,cr1_0345p_00006.cbf,475,608,230,376,133,146,19418
2758,cr1_0345p_00007.cbf,480,610,233,375,130,142,18460
2759,cr1_0345p_00008.cbf,477,609,230,381,132,151,19932
2760,cr1_0346p_00001.cbf,489,601,245,368,112,123,13776
2761,cr1_0346p_00002.cbf,477,610,233,379,133,146,19418
2762,cr1_0346p_00003.cbf,479,610,235,385,131,150,19650
2763,cr1_0346p_00004.cbf,479,608,237,376,129,139,17931
2764,cr1_0346p_00005.cbf,490,600,243,368,110,125,13750
2765,cr1_0346p_00006.cbf,476,607,231,380,131,149,19519
2766,cr1_0346p_00007.cbf,475,611,235,380,136,145,19720
2767,cr1_0346p_00008.cbf,474,617,235,378,143,143,20449
2768,cr1_0347p_00001.cbf,475,612,233,379,137,146,20002
2769,cr1_0347p_00002.cbf,480,607,233,381,127,148,18796
2770,cr1_0347p_00003.cbf,478,609,229,382,131,153,20043
2771,cr1_0347p_00004.cbf,478,609,234,383,131,149,19519
2772,cr1_0347p_00005.cbf,474,607,233,377,133,144,19152
2773,cr1_0347p_00006.cbf,476,615,235,382,139,147,20433
2774,cr1_0347p_00007.cbf,490,601,243,367,111,124,13764
2775,cr1_0347p_00008.cbf,481,609,234,378,128,144,18432
2776,cr1_0348p_00001.cbf,480,609,232,377,129,145,18705
2777,cr1_0348p_00002.cbf,471,610,233,375,139,142,19738
2778,cr1_0348p_00003.cbf,482,613,236,378,131,142,18602
2779,cr1_0348p_00004.cbf,482,607,237,376,125,139,17375
2780,cr1_0348p_00005.cbf,489,601,242,368,112,126,14112
2781,cr1_0348p_00006.cbf,479,608,235,388,129,153,19737
2782,cr1_0348p_00007.cbf,476,608,236,379,132,143,18876
2783,cr1_0348p_00008.cbf,476,609,231,378,133,147,19551
2784,cr1_0349p_00001.cbf,480,608,230,377,128,147,18816
2785,cr1_0349p_00002.cbf,481,610,230,386,129,156,20124
2786,cr1_0349p_00003.cbf,473,607,235,381,134,146,19564
2787,cr1_0349p_00004.cbf,489,598,242,368,109,126,13734
2788,cr1_0349p_00005.cbf,489,600,245,369,111,124,13764
2789,cr1_0349p_00006.cbf,481,610,232,375,129,143,18447
2790,cr1_0349p_00007.cbf,479,607,236,379,128,143,18304
2791,cr1_0349p_00008.cbf,477,611,233,381,134,148,19832
2792,cr1_0350p_00001.cbf,481,606,236,378,125,142,17750
2793,cr1_0350p_00002.cbf,478,607,230,381,129,151,19479
2794,cr1_0350p_00003.cbf,478,608,235,382,130,147,19110
2795,cr1_0350p_00004.cbf,478,611,233,376,133,143,19019
2796,cr1_0350p_00005.cbf,478,604,236,378,126,142,17892
2797,cr1_0350p_00006.cbf,481,605,232,379,124,147,18228
2798,cr1_0350p_00007.cbf,477,608,234,382,131,148,19388
2799,cr1_0350p_00008.cbf,480,610,235,380,130,145,18850
2800,cr1_0351p_00001.cbf,483,610,238,379,127,141,17907
2801,cr1_0351p_00002.cbf,480,612,236,376,132,140,18480
2802,cr1_0351p_00003.cbf,477,611,230,382,134,152,20368
2803,cr1_0351p_00004.cbf,480,609,237,378,129,141,18189
2804,cr1_0351p_00005.cbf,478,608,233,381,130,148,19240
2805,cr1_0351p_00006.cbf,476,606,234,385,130,151,19630
2806,cr1_0351p_00007.cbf,480,610,236,381,130,145,18850
2807,cr1_0351p_00008.cbf,476,606,232,373,130,141,18330
2808,cr1_0352p_00001.cbf,482,607,234,381,125,147,18375
2809,cr1_0352p_00002.cbf,474,615,235,376,141,141,19881
2810,cr1_0352p_00003.cbf,488,600,244,368,112,124,13888
2811,cr1_0352p_00004.cbf,479,613,235,375,134,140,18760
2812,cr1_0352p_00005.cbf,478,610,233,379,132,146,19272
2813,cr1_0352p_00006.cbf,480,607,234,381,127,147,18669
2814,cr1_0352p_00007.cbf,477,607,236,380,130,144,18720
2815,cr1_0352p_00008.cbf,479,610,231,383,131,152,19912
2816,cr1_0353p_00001.cbf,476,611,235,383,135,148,19980
2817,cr1_0353p_00002.cbf,477,608,236,378,131,142,18602
2818,cr1_0353p_00003.cbf,477,610,234,381,133,147,19551
2819,cr1_0353p_00004.cbf,476,609,233,375,133,142,18886
2820,cr1_0353p_00005.cbf,482,613,238,381,131,143,18733
2821,cr1_0353p_00006.cbf,479,606,233,378,127,145,18415
2822,cr1_0353p_00007.cbf,478,608,235,376,130,141,18330
2823,cr1_0353p_00008.cbf,478,609,235,382,131,147,19257
2824,cr1_0354p_00001.cbf,476,608,235,376,132,141,18612
2825,cr1_0354p_00002.cbf,483,608,235,380,125,145,18125
2826,cr1_0354p_00003.cbf,478,608,236,381,130,145,18850
2827,cr1_0354p_00004.cbf,476,611,231,379,135,148,19980
2828,cr1_0354p_00005.cbf,479,612,236,380,133,144,19152
2829,cr1_0354p_00006.cbf,480,605,234,380,125,146,18250
2830,cr1_0354p_00007.cbf,478,609,233,374,131,141,18471
2831,cr1_0354p_00008.cbf,478,614,232,380,136,148,20128
2832,cr1_0355p_00001.cbf,477,608,236,377,131,141,18471
2833,cr1_0355p_00002.cbf,478,609,235,378,131,143,18733
2834,cr1_0355p_00003.cbf,481,613,231,384,132,153,20196
2835,cr1_0355p_00004.cbf,488,600,243,368,112,125,14000
2836,cr1_0355p_00005.cbf,488,597,243,367,109,124,13516
2837,cr1_0355p_00006.cbf,480,612,235,380,132,145,19140
2838,cr1_0355p_00007.cbf,479,607,235,380,128,145,18560
2839,cr1_0355p_00008.cbf,478,607,224,373,129,149,19221
2840,cr1_0356p_00001.cbf,480,610,235,378,130,143,18590
2841,cr1_0356p_00002.cbf,478,609,231,378,131,147,19257
2842,cr1_0356p_00003.cbf,472,614,236,381,142,145,20590
2843,cr1_0356p_00004.cbf,476,613,231,378,137,147,20139
2844,cr1_0356p_00005.cbf,477,610,234,378,133,144,19152
2845,cr1_0356p_00006.cbf,477,604,236,378,127,142,18034
2846,cr1_0356p_00007.cbf,488,598,241,367,110,126,13860
2847,cr1_0356p_00008.cbf,482,609,230,384,127,154,19558
2848,cr1_0357p_00001.cbf,481,609,236,382,128,146,18688
2849,cr1_0357p_00002.cbf,480,607,233,383,127,150,19050
2850,cr1_0357p_00003.cbf,476,605,234,381,129,147,18963
2851,cr1_0357p_00004.cbf,484,607,235,382,123,147,18081
2852,cr1_0357p_00005.cbf,489,600,242,368,111,126,13986
2853,cr1_0357p_00006.cbf,472,613,233,375,141,142,20022
2854,cr1_0357p_00007.cbf,480,612,232,378,132,146,19272
2855,cr1_0357p_00008.cbf,480,605,231,379,125,148,18500
2856,cr1_0358p_00001.cbf,479,610,235,382,131,147,19257
2857,cr1_0358p_00002.cbf,480,612,233,385,132,152,20064
2858,cr1_0358p_00003.cbf,477,613,231,379,136,148,20128
2859,cr1_0358p_00004.cbf,481,609,232,383,128,151,19328
2860,cr1_0358p_00005.cbf,480,610,235,382,130,147,19110
2861,cr1_0358p_00006.cbf,474,610,237,381,136,144,19584
2862,cr1_0358p_00007.cbf,479,612,232,381,133,149,19817
2863,cr1_0358p_00008.cbf,491,601,243,368,110,125,13750
2864,cr1_0359p_00001.cbf,477,609,234,378,132,144,19008
2865,cr1_0359p_00002.cbf,475,612,235,377,137,142,19454
2866,cr1_0359p_00003.cbf,482,610,236,377,128,141,18048
2867,cr1_0359p_00004.cbf,474,609,233,380,135,147,19845
2868,cr1_0359p_00005.cbf,477,606,235,378,129,143,18447
2869,cr1_0359p_00006.cbf,479,608,233,377,129,144,18576
2870,cr1_0359p_00007.cbf,472,608,236,380,136,144,19584
2871,cr1_0359p_00008.cbf,481,608,234,382,127,148,18796
2872,cr1_0360p_00001.cbf,480,612,233,385,132,152,20064
2873,cr1_0360p_00002.cbf,476,606,236,385,130,149,19370
2874,cr1_0360p_00003.cbf,473,606,235,382,133,147,19551
2875,cr1_0360p_00004.cbf,483,605,233,377,122,144,17568
2876,cr1_0360p_00005.cbf,481,609,235,382,128,147,18816
2877,cr1_0360p_00006.cbf,476,610,234,383,134,149,19966
2878,cr1_0360p_00007.cbf,480,609,233,377,129,144,18576
2879,cr1_0360p_00008.cbf,481,607,237,382,126,145,18270
2880,cr1_0361p_00001.cbf,476,606,234,376,130,142,18460
2881,cr1_0361p_00002.cbf,476,610,235,377,134,142,19028
2882,cr1_0361p_00003.cbf,479,607,231,380,128,149,19072
2883,cr1_0361p_00004.cbf,478,610,224,375,132,151,19932
2884,cr1_0361p_00005.cbf,480,605,226,382,125,156,19500
2885,cr1_0361p_00006.cbf,475,608,234,379,133,145,19285
2886,cr1_0361p_00007.cbf,490,599,242,369,109,127,13843
2887,cr1_0361p_00008.cbf,478,614,228,375,136,147,19992
2888,cr1_0362p_00001.cbf,490,601,243,370,111,127,14097
2889,cr1_0362p_00002.cbf,489,600,241,369,111,128,14208
2890,cr1_0362p_00003.cbf,473,606,236,381,133,145,19285
2891,cr1_0362p_00004.cbf,479,607,234,380,128,146,18688
2892,cr1_0362p_00005.cbf,479,606,234,390,127,156,19812
2893,cr1_0362p_00006.cbf,482,609,233,375,127,142,18034
2894,cr1_0362p_00007.cbf,477,610,236,380,133,144,19152
2895,cr1_0362p_00008.cbf,479,608,226,378,129,152,19608
2896,cr1_0363p_00001.cbf,480,612,233,380,132,147,19404
2897,cr1_0363p_00002.cbf,483,613,234,379,130,145,18850
2898,cr1_0363p_00003.cbf,481,610,233,375,129,142,18318
2899,cr1_0363p_00004.cbf,477,610,237,380,133,143,19019
2900,cr1_0363p_00005.cbf,483,607,229,380,124,151,18724
2901,cr1_0363p_00006.cbf,475,609,236,382,134,146,19564
2902,cr1_0363p_00007.cbf,483,605,236,377,122,141,17202
2903,cr1_0363p_00008.cbf,477,607,237,375,130,138,17940
2904,cr1_0364p_00001.cbf,481,609,233,377,128,144,18432
2905,cr1_0364p_00002.cbf,489,600,246,368,111,122,13542
2906,cr1_0364p_00003.cbf,475,606,237,384,131,147,19257
2907,cr1_0364p_00004.cbf,475,609,234,377,134,143,19162
2908,cr1_0364p_00005.cbf,482,606,233,379,124,146,18104
2909,cr1_0364p_00006.cbf,478,608,234,375,130,141,18330
2910,cr1_0364p_00007.cbf,479,606,232,379,127,147,18669
2911,cr1_0364p_00008.cbf,480,611,233,374,131,141,18471
2912,cr1_0365p_00001.cbf,479,613,236,377,134,141,18894
2913,cr1_0365p_00002.cbf,476,605,234,379,129,145,18705
2914,cr1_0365p_00003.cbf,478,609,233,375,131,142,18602
2915,cr1_0365p_00004.cbf,483,609,235,379,126,144,18144
2916,cr1_0365p_00005.cbf,471,606,231,376,135,145,19575
2917,cr1_0365p_00006.cbf,479,607,236,377,128,141,18048
2918,cr1_0365p_00007.cbf,480,610,236,380,130,144,18720
2919,cr1_0365p_00008.cbf,482,615,235,377,133,142,18886
2920,cr1_0366p_00001.cbf,477,609,235,376,132,141,18612
2921,cr1_0366p_00002.cbf,477,609,233,381,132,148,19536
2922,cr1_0366p_00003.cbf,476,609,235,383,133,148,19684
2923,cr1_0366p_00004.cbf,477,605,238,382,128,144,18432
2924,cr1_0366p_00005.cbf,478,605,230,386,127,156,19812
2925,cr1_0366p_00006.cbf,490,600,242,367,110,125,13750
2926,cr1_0366p_00007.cbf,476,605,234,380,129,146,18834
2927,cr1_0366p_00008.cbf,479,610,234,380,131,146,19126
2928,cr1_0367p_00001.cbf,478,609,235,376,131,141,18471
2929,cr1_0367p_00002.cbf,474,608,237,375,134,138,18492
2930,cr1_0367p_00003.cbf,480,609,232,381,129,149,19221
2931,cr1_0367p_00004.cbf,479,608,232,378,129,146,18834
2932,cr1_0367p_00005.cbf,481,610,231,379,129,148,19092
2933,cr1_0367p_00006.cbf,478,612,233,384,134,151,20234
2934,cr1_0367p_00007.cbf,477,609,232,377,132,145,19140
2935,cr1_0367p_00008.cbf,482,607,234,384,125,150,18750
2936,cr1_0368p_00001.cbf,474,607,235,382,133,147,19551
2937,cr1_0368p_00002.cbf,481,611,233,377,130,144,18720
2938,cr1_0368p_00003.cbf,477,607,234,376,130,142,18460
2939,cr1_0368p_00004.cbf,481,611,231,380,130,149,19370
2940,cr1_0368p_00005.cbf,471,612,234,379,141,145,20445
2941,cr1_0368p_00006.cbf,479,606,232,377,127,145,18415
2942,cr1_0368p_00007.cbf,476,608,233,375,132,142,18744
2943,cr1_0368p_00008.cbf,479,614,234,377,135,143,19305
2944,cr1_0369p_00001.cbf,481,606,237,377,125,140,17500
2945,cr1_0369p_00002.cbf,477,608,235,386,131,151,19781
2946,cr1_0369p_00003.cbf,481,612,235,379,131,144,18864
2947,cr1_0369p_00004.cbf,478,609,236,382,131,146,19126
2948,cr1_0369p_00005.cbf,476,606,236,379,130,143,18590
2949,cr1_0369p_00006.cbf,482,604,231,376,122,145,17690
2950,cr1_0369p_00007.cbf,476,609,234,383,133,149,19817
2951,cr1_0369p_00008.cbf,479,617,233,378,138,145,20010
2952,cr1_0370p_00001.cbf,479,612,235,377,133,142,18886
2953,cr1_0370p_00002.cbf,479,610,231,376,131,145,18995
2954,cr1_0370p_00003.cbf,471,607,228,377,136,149,20264
2955,cr1_0370p_00004.cbf,482,609,229,383,127,154,19558
2956,cr1_0370p_00005.cbf,481,607,234,380,126,146,18396
2957,cr1_0370p_00006.cbf,476,607,235,376,131,141,18471
2958,cr1_0370p_00007.cbf,471,610,236,375,139,139,19321
2959,cr1_0370p_00008.cbf,489,603,242,368,114,126,14364
2960,cr1_0371p_00001.cbf,478,608,238,376,130,138,17940
2961,cr1_0371p_00002.cbf,481,610,233,375,129,142,18318
2962,cr1_0371p_00003.cbf,478,610,234,375,132,141,18612
2963,cr1_0371p_00004.cbf,481,608,230,383,127,153,19431
2964,cr1_0371p_00005.cbf,479,607,235,380,128,145,18560
2965,cr1_0371p_00006.cbf,488,600,242,369,112,127,14224
2966,cr1_0371p_00007.cbf,476,610,232,380,134,148,19832
2967,cr1_0371p_00008.cbf,480,611,228,378,131,150,19650
2968,cr1_0372p_00001.cbf,480,606,232,376,126,144,18144
2969,cr1_0372p_00002.cbf,478,609,232,377,131,145,18995
2970,cr1_0372p_00003.cbf,488,602,241,369,114,128,14592
2971,cr1_0372p_00004.cbf,489,599,241,370,110,129,14190
2972,cr1_0372p_00005.cbf,478,607,235,380,129,145,18705
2973,cr1_0372p_00006.cbf,478,605,229,378,127,149,18923
2974,cr1_0372p_00007.cbf,480,607,229,380,127,151,19177
2975,cr1_0372p_00008.cbf,480,611,232,378,131,146,19126
2976,cr1_0373p_00001.cbf,477,608,232,374,131,142,18602
2977,cr1_0373p_00002.cbf,477,610,233,386,133,153,20349
2978,cr1_0373p_00003.cbf,479,613,232,381,134,149,19966
2979,cr1_0373p_00004.cbf,480,611,234,379,131,145,18995
2980,cr1_0373p_00005.cbf,481,606,233,379,125,146,18250
2981,cr1_0373p_00006.cbf,479,612,235,385,133,150,19950
2982,cr1_0373p_00007.cbf,476,609,234,382,133,148,19684
2983,cr1_0373p_00008.cbf,478,615,234,377,137,143,19591
2984,cr1_0374p_00001.cbf,479,615,235,386,136,151,20536
2985,cr1_0374p_00002.cbf,488,601,242,368,113,126,14238
2986,cr1_0374p_00003.cbf,488,602,242,369,114,127,14478
2987,cr1_0374p_00004.cbf,478,609,233,381,131,148,19388
2988,cr1_0374p_00005.cbf,476,612,232,378,136,146,19856
2989,cr1_0374p_00006.cbf,479,616,234,379,137,145,19865
2990,cr1_0374p_00007.cbf,477,612,231,381,135,150,20250
2991,cr1_0374p_00008.cbf,481,606,231,382,125,151,18875
2992,cr1_0375p_00001.cbf,477,609,234,377,132,143,18876
2993,cr1_0375p_00002.cbf,480,611,235,379,131,144,18864
2994,cr1_0375p_00003.cbf,477,608,231,380,131,149,19519
2995,cr1_0375p_00004.cbf,478,610,232,381,132,149,19668
2996,cr1_0375p_00005.cbf,476,609,234,382,133,148,19684
2997,cr1_0375p_00006.cbf,480,606,229,382,126,153,19278
2998,cr1_0375p_00007.cbf,478,611,231,378,133,147,19551
2999,cr1_0375p_00008.cbf,474,611,233,383,137,150,20550
3000,cr1_0376p_00001.cbf,490,603,242,367,113,125,14125
3001,cr1_0376p_00002.cbf,477,612,232,379,135,147,19845
3002,cr1_0376p_00003.cbf,479,610,236,381,131,145,18995
3003,cr1_0376p_00004.cbf,477,608,233,379,131,146,19126
3004,cr1_0376p_00005.cbf,474,607,233,382,133,149,19817
3005,cr1_0376p_00006.cbf,478,609,233,382,131,149,19519
3006,cr1_0376p_00007.cbf,488,599,242,368,111,126,13986
3007,cr1_0376p_00008.cbf,489,601,242,369,112,127,14224
3008,cr1_0377p_00001.cbf,490,602,242,369,112,127,14224
3009,cr1_0377p_00002.cbf,476,614,232,381,138,149,20562
3010,cr1_0377p_00003.cbf,477,609,231,382,132,151,19932
3011,cr1_0377p_00004.cbf,477,611,231,376,134,145,19430
3012,cr1_0377p_00005.cbf,474,610,234,378,136,144,19584
3013,cr1_0377p_00006.cbf,480,607,234,383,127,149,18923
3014,cr1_0377p_00007.cbf,477,606,232,380,129,148,19092
3015,cr1_0377p_00008.cbf,476,610,229,381,134,152,20368
3016,cr1_0378p_00001.cbf,476,614,234,378,138,144,19872
3017,cr1_0378p_00002.cbf,486,602,243,369,116,126,14616
3018,cr1_0378p_00003.cbf,476,613,227,376,137,149,20413
3019,cr1_0378p_00004.cbf,488,600,241,368,112,127,14224
3020,cr1_0378p_00005.cbf,474,608,232,379,134,147,19698
3021,cr1_0378p_00006.cbf,475,609,233,380,134,147,19698
3022,cr1_0378p_00007.cbf,478,610,234,381,132,147,19404
3023,cr1_0378p_00008.cbf,489,603,241,367,114,126,14364
3024,cr1_0379p_00001.cbf,479,608,232,380,129,148,19092
3025,cr1_0379p_00002.cbf,479,614,235,383,135,148,19980
3026,cr1_0379p_00003.cbf,477,607,232,376,130,144,18720
3027,cr1_0379p_00004.cbf,488,601,242,371,113,129,14577
3028,cr1_0379p_00005.cbf,477,610,228,378,133,150,19950
3029,cr1_0379p_00006.cbf,489,599,241,370,110,129,14190
3030,cr1_0379p_00007.cbf,480,613,233,380,133,147,19551
3031,cr1_0379p_00008.cbf,476,610,233,379,134,146,19564
3032,cr1_0380p_00001.cbf,473,607,234,387,134,153,20502
3033,cr1_0380p_00002.cbf,481,608,232,391,127,159,20193
3034,cr1_0380p_00003.cbf,480,613,235,381,133,146,19418
3035,cr1_0380p_00004.cbf,478,605,236,380,127,144,18288
3036,cr1_0380p_00005.cbf,473,608,232,380,135,148,19980
3037,cr1_0380p_00006.cbf,475,610,228,380,135,152,20520
3038,cr1_0380p_00007.cbf,479,611,235,377,132,142,18744
3039,cr1_0380p_00008.cbf,479,611,231,377,132,146,19272
3040,cr1_0381p_00001.cbf,487,601,241,370,114,129,14706
3041,cr1_0381p_00002.cbf,479,614,237,381,135,144,19440
3042,cr1_0381p_00003.cbf,475,610,236,384,135,148,19980
3043,cr1_0381p_00004.cbf,480,610,234,380,130,146,18980
3044,cr1_0381p_00005.cbf,480,606,232,377,126,145,18270
3045,cr1_0381p_00006.cbf,479,610,234,388,131,154,20174
3046,cr1_0381p_00007.cbf,478,608,235,379,130,144,18720
3047,cr1_0381p_00008.cbf,488,600,241,368,112,127,14224
3048,cr1_0382p_00001.cbf,481,611,229,385,130,156,20280
3049,cr1_0382p_00002.cbf,477,610,233,375,133,142,18886
3050,cr1_0382p_00003.cbf,469,606,228,378,137,150,20550
3051,cr1_0382p_00004.cbf,481,615,232,380,134,148,19832
3052,cr1_0382p_00005.cbf,479,606,236,380,127,144,18288
3053,cr1_0382p_00006.cbf,489,598,241,370,109,129,14061
3054,cr1_0382p_00007.cbf,478,611,225,378,133,153,20349
3055,cr1_0382p_00008.cbf,478,609,233,381,131,148,19388
3056,cr1_0383p_00001.cbf,479,608,232,380,129,148,19092
3057,cr1_0383p_00002.cbf,476,609,227,380,133,153,20349
3058,cr1_0383p_00003.cbf,478,610,232,378,132,146,19272
3059,cr1_0383p_00004.cbf,477,607,235,380,130,145,18850
3060,cr1_0383p_00005.cbf,481,610,232,380,129,148,19092
3061,cr1_0383p_00006.cbf,488,597,242,368,109,126,13734
3062,cr1_0383p_00007.cbf,471,607,233,384,136,151,20536
3063,cr1_0383p_00008.cbf,488,600,242,368,112,126,14112
3064,cr1_0384p_00001.cbf,480,612,236,380,132,144,19008
3065,cr1_0384p_00002.cbf,480,612,232,379,132,147,19404
3066,cr1_0384p_00003.cbf,480,614,233,380,134,147,19698
3067,cr1_0384p_00004.cbf,478,611,233,376,133,143,19019
3068,cr1_0384p_00005.cbf,474,606,236,379,132,143,18876
3069,cr1_0384p_00006.cbf,478,612,235,377,134,142,19028
3070,cr1_0384p_00007.cbf,479,607,232,383,128,151,19328
3071,cr1_0384p_00008.cbf,478,606,235,388,128,153,19584
3072,cr1_0385p_00001.cbf,477,607,236,380,130,144,18720
3073,cr1_0385p_00002.cbf,481,612,228,378,131,150,19650
3074,cr1_0385p_00003.cbf,479,610,236,380,131,144,18864
3075,cr1_0385p_00004.cbf,488,602,241,368,114,127,14478
3076,cr1_0385p_00005.cbf,478,610,233,377,132,144,19008
3077,cr1_0385p_00006.cbf,477,612,234,382,135,148,19980
3078,cr1_0385p_00007.cbf,477,610,229,380,133,151,20083
3079,cr1_0385p_00008.cbf,486,602,241,368,116,127,14732
3080,cr1_0386p_00001.cbf,478,608,230,385,130,155,20150
3081,cr1_0386p_00002.cbf,488,602,243,371,114,128,14592
3082,cr1_0386p_00003.cbf,480,614,228,380,134,152,20368
3083,cr1_0386p_00004.cbf,488,602,241,368,114,127,14478
3084,cr1_0386p_00005.cbf,477,607,235,377,130,142,18460
3085,cr1_0386p_00006.cbf,475,609,233,380,134,147,19698
3086,cr1_0386p_00007.cbf,479,608,229,383,129,154,19866
3087,cr1_0386p_00008.cbf,477,612,232,380,135,148,19980
3088,cr1_0387p_00001.cbf,479,611,232,379,132,147,19404
3089,cr1_0387p_00002.cbf,479,610,233,384,131,151,19781
3090,cr1_0387p_00003.cbf,478,611,236,382,133,146,19418
3091,cr1_0387p_00004.cbf,475,609,235,380,134,145,19430
3092,cr1_0387p_00005.cbf,478,609,232,378,131,146,19126
3093,cr1_0387p_00006.cbf,478,609,228,381,131,153,20043
3094,cr1_0387p_00007.cbf,491,599,243,368,108,125,13500
3095,cr1_0387p_00008.cbf,475,607,236,378,132,142,18744
3096,cr1_0388p_00001.cbf,477,612,235,379,135,144,19440
3097,cr1_0388p_00002.cbf,476,609,236,377,133,141,18753
3098,cr1_0388p_00003.cbf,489,599,241,369,110,128,14080
3099,cr1_0388p_00004.cbf,478,614,230,377,136,147,19992
3100,cr1_0388p_00005.cbf,478,606,232,381,128,149,19072
3101,cr1_0388p_00006.cbf,475,609,233,384,134,151,20234
3102,cr1_0388p_00007.cbf,476,608,234,378,132,144,19008
3103,cr1_0388p_00008.cbf,473,609,230,379,136,149,20264
3104,cr1_0389p_00001.cbf,473,611,231,379,138,148,20424
3105,cr1_0389p_00002.cbf,479,609,234,386,130,152,19760
3106,cr1_0389p_00003.cbf,472,610,228,375,138,147,20286
3107,cr1_0389p_00004.cbf,489,600,242,369,111,127,14097
3108,cr1_0389p_00005.cbf,474,613,235,382,139,147,20433
3109,cr1_0389p_00006.cbf,479,611,232,381,132,149,19668
3110,cr1_0389p_00007.cbf,473,607,230,379,134,149,19966
3111,cr1_0389p_00008.cbf,481,608,225,377,127,152,19304
3112,cr1_0390p_00001.cbf,479,609,231,387,130,156,20280
3113,cr1_0390p_00002.cbf,481,608,233,381,127,148,18796
3114,cr1_0390p_00003.cbf,479,611,234,388,132,154,20328
3115,cr1_0390p_00004.cbf,480,610,230,381,130,151,19630
3116,cr1_0390p_00005.cbf,489,597,243,370,108,127,13716
3117,cr1_0390p_00006.cbf,478,611,231,379,133,148,19684
3118,cr1_0390p_00007.cbf,473,611,233,380,138,147,20286
3119,cr1_0390p_00008.cbf,475,611,237,381,136,144,19584
3120,cr1_0391p_00001.cbf,478,607,234,380,129,146,18834
3121,cr1_0391p_00002.cbf,477,605,232,389,128,157,20096
3122,cr1_0391p_00003.cbf,479,608,235,375,129,140,18060
3123,cr1_0391p_00004.cbf,472,607,234,383,135,149,20115
3124,cr1_0391p_00005.cbf,477,616,234,380,139,146,20294
3125,cr1_0391p_00006.cbf,477,611,235,377,134,142,19028
3126,cr1_0391p_00007.cbf,480,608,231,384,128,153,19584
3127,cr1_0391p_00008.cbf,480,611,228,382,131,154,20174
3128,cr1_0392p_00001.cbf,481,610,235,379,129,144,18576
3129,cr1_0392p_00002.cbf,474,606,235,382,132,147,19404
3130,cr1_0392p_00003.cbf,475,607,235,382,132,147,19404
3131,cr1_0392p_00004.cbf,480,609,236,374,129,138,17802
3132,cr1_0392p_00005.cbf,476,607,232,381,131,149,19519
3133,cr1_0392p_00006.cbf,475,608,228,379,133,151,20083
3134,cr1_0392p_00007.cbf,482,611,229,381,129,152,19608
3135,cr1_0392p_00008.cbf,488,601,242,368,113,126,14238
3136,cr1_0393p_00001.cbf,477,610,234,378,133,144,19152
3137,cr1_0393p_00002.cbf,476,608,234,379,132,145,19140
3138,cr1_0393p_00003.cbf,476,613,231,377,137,146,20002
3139,cr1_0393p_00004.cbf,476,613,233,378,137,145,19865
3140,cr1_0393p_00005.cbf,481,605,234,378,124,144,17856
3141,cr1_0393p_00006.cbf,475,612,234,380,137,146,20002
3142,cr1_0393p_00007.cbf,481,610,234,377,129,143,18447
3143,cr1_0393p_00008.cbf,474,610,229,379,136,150,20400
3144,cr1_0394p_00001.cbf,481,608,235,383,127,148,18796
3145,cr1_0394p_00002.cbf,475,608,234,381,133,147,19551
3146,cr1_0394p_00003.cbf,473,610,233,377,137,144,19728
3147,cr1_0394p_00004.cbf,481,610,234,386,129,152,19608
3148,cr1_0394p_00005.cbf,469,613,238,381,144,143,20592
3149,cr1_0394p_00006.cbf,481,609,233,380,128,147,18816
3150,cr1_0394p_00007.cbf,477,611,232,385,134,153,20502
3151,cr1_0394p_00008.cbf,479,607,234,383,128,149,19072
3152,cr1_0395p_00001.cbf,490,601,245,368,111,123,13653
3153,cr1_0395p_00002.cbf,489,600,241,369,111,128,14208
3154,cr1_0395p_00003.cbf,480,608,232,378,128,146,18688
3155,cr1_0395p_00004.cbf,479,609,234,379,130,145,18850
3156,cr1_0395p_00005.cbf,479,611,235,382,132,147,19404
3157,cr1_0395p_00006.cbf,480,610,231,382,130,151,19630
3158,cr1_0395p_00007.cbf,477,611,232,378,134,146,19564
3159,cr1_0395p_00008.cbf,481,607,234,377,126,143,18018
3160,cr1_0396p_00001.cbf,476,607,236,377,131,141,18471
3161,cr1_0396p_00002.cbf,478,610,236,378,132,142,18744
3162,cr1_0396p_00003.cbf,483,606,231,382,123,151,18573
3163,cr1_0396p_00004.cbf,479,609,235,376,130,141,18330
3164,cr1_0396p_00005.cbf,480,605,235,381,125,146,18250
3165,cr1_0396p_00006.cbf,489,601,242,369,112,127,14224
3166,cr1_0396p_00007.cbf,489,601,242,368,112,126,14112
3167,cr1_0396p_00008.cbf,480,609,233,380,129,147,18963
3168,cr1_0397p_00001.cbf,479,610,234,379,131,145,18995
3169,cr1_0397p_00002.cbf,479,607,233,378,128,145,18560
3170,cr1_0397p_00003.cbf,481,613,237,377,132,140,18480
3171,cr1_0397p_00004.cbf,489,598,242,369,109,127,13843
3172,cr1_0397p_00005.cbf,474,606,235,379,132,144,19008
3173,cr1_0397p_00006.cbf,478,608,236,379,130,143,18590
3174,cr1_0397p_00007.cbf,490,600,242,368,110,126,13860
3175,cr1_0397p_00008.cbf,481,613,236,381,132,145,19140
3176,cr1_0398p_00001.cbf,479,613,236,381,134,145,19430
3177,cr1_0398p_00002.cbf,476,608,233,378,132,145,19140
3178,cr1_0398p_00003.cbf,479,610,236,379,131,143,18733
3179,cr1_0398p_00004.cbf,476,607,231,382,131,151,19781
3180,cr1_0398p_00005.cbf,489,598,243,368,109,125,13625
3181,cr1_0398p_00006.cbf,478,606,226,381,128,155,19840
3182,cr1_0398p_00007.cbf,479,607,235,379,128,144,18432
3183,cr1_0398p_00008.cbf,476,611,234,375,135,141,19035
3184,cr1_0399p_00001.cbf,483,606,236,380,123,144,17712
3185,cr1_0399p_00002.cbf,479,610,237,381,131,144,18864
3186,cr1_0399p_00003.cbf,481,608,227,376,127,149,18923
3187,cr1_0399p_00004.cbf,481,605,234,379,124,145,17980
3188,cr1_0399p_00005.cbf,471,606,234,381,135,147,19845
3189,cr1_0399p_00006.cbf,477,606,235,376,129,141,18189
3190,cr1_0399p_00007.cbf,489,600,241,367,111,126,13986
3191,cr1_0399p_00008.cbf,479,613,237,379,134,142,19028
3192,cr1_0400p_00001.cbf,482,611,236,377,129,141,18189
3193,cr1_0400p_00002.cbf,479,604,237,376,125,139,17375
3194,cr1_0400p_00003.cbf,478,610,235,379,132,144,19008
3195,cr1_0400p_00004.cbf,480,609,230,384,129,154,19866
3196,cr1_0400p_00005.cbf,479,610,233,375,131,142,18602
3197,cr1_0400p_00006.cbf,479,607,232,382,128,150,19200
3198,cr1_0400p_00007.cbf,479,607,233,375,128,142,18176
3199,cr1_0400p_00008.cbf,474,605,235,380,131,145,18995
3200,cr1_0401p_00001.cbf,474,613,233,378,139,145,20155
3201,cr1_0401p_00002.cbf,477,607,234,380,130,146,18980
3202,cr1_0401p_00003.cbf,478,606,233,383,128,150,19200
3203,cr1_0401p_00004.cbf,483,608,231,380,125,149,18625
3204,cr1_0401p_00005.cbf,476,604,231,377,128,146,18688
3205,cr1_0401p_00006.cbf,479,608,235,378,129,143,18447
3206,cr1_0401p_00007.cbf,471,606,235,383,135,148,19980
3207,cr1_0401p_00008.cbf,482,611,229,379,129,150,19350
3208,cr1_0402p_00001.cbf,478,608,237,380,130,143,18590
3209,cr1_0402p_00002.cbf,481,605,239,381,124,142,17608
3210,cr1_0402p_00003.cbf,479,608,236,374,129,138,17802
3211,cr1_0402p_00004.cbf,475,606,235,379,131,144,18864
3212,cr1_0402p_00005.cbf,489,599,242,368,110,126,13860
3213,cr1_0402p_00006.cbf,477,606,232,379,129,147,18963
3214,cr1_0402p_00007.cbf,491,600,243,367,109,124,13516
3215,cr1_0402p_00008.cbf,481,606,232,376,125,144,18000
3216,cr1_0403p_00001.cbf,481,606,237,376,125,139,17375
3217,cr1_0403p_00002.cbf,479,611,233,380,132,147,19404
3218,cr1_0403p_00003.cbf,478,614,234,377,136,143,19448
3219,cr1_0403p_00004.cbf,480,609,233,380,129,147,18963
3220,cr1_0403p_00005.cbf,480,608,231,382,128,151,19328
3221,cr1_0403p_00006.cbf,483,610,235,377,127,142,18034
3222,cr1_0403p_00007.cbf,477,610,231,376,133,145,19285
3223,cr1_0403p_00008.cbf,478,609,235,378,131,143,18733
3224,cr1_0404p_00001.cbf,480,617,232,377,137,145,19865
3225,cr1_0404p_00002.cbf,474,606,235,378,132,143,18876
3226,cr1_0404p_00003.cbf,479,610,232,378,131,146,19126
3227,cr1_0404p_00004.cbf,481,606,236,377,125,141,17625
3228,cr1_0404p_00005.cbf,476,609,233,376,133,143,19019
3229,cr1_0404p_00006.cbf,478,608,234,378,130,144,18720
3230,cr1_0404p_00007.cbf,482,610,230,375,128,145,18560
3231,cr1_0404p_00008.cbf,480,612,231,378,132,147,19404
3232,cr1_0405p_00001.cbf,477,609,234,378,132,144,19008
3233,cr1_0405p_00002.cbf,478,609,235,379,131,144,18864
3234,cr1_0405p_00003.cbf,476,614,231,380,138,149,20562
3235,cr1_0405p_00004.cbf,474,610,233,382,136,149,20264
3236,cr1_0405p_00005.cbf,481,610,232,379,129,147,18963
3237,cr1_0405p_00006.cbf,489,602,241,370,113,129,14577
3238,cr1_0405p_00007.cbf,478,608,227,379,130,152,19760
3239,cr1_0405p_00008.cbf,489,601,241,369,112,128,14336
3240,cr1_0406p_00001.cbf,474,608,232,378,134,146,19564
3241,cr1_0406p_00002.cbf,481,615,234,379,134,145,19430
3242,cr1_0406p_00003.cbf,474,610,233,381,136,148,20128
3243,cr1_0406p_00004.cbf,482,611,231,386,129,155,19995
3244,cr1_0406p_00005.cbf,487,601,241,369,114,128,14592
3245,cr1_0406p_00006.cbf,478,609,230,381,131,151,19781
3246,cr1_0406p_00007.cbf,477,607,229,378,130,149,19370
3247,cr1_0406p_00008.cbf,479,610,226,377,131,151,19781
3248,cr1_0407p_00001.cbf,473,606,234,387,133,153,20349
3249,cr1_0407p_00002.cbf,478,607,233,384,129,151,19479
3250,cr1_0407p_00003.cbf,489,601,239,368,112,129,14448
3251,cr1_0407p_00004.cbf,481,615,229,379,134,150,20100
3252,cr1_0407p_00005.cbf,481,608,226,379,127,153,19431
3253,cr1_0407p_00006.cbf,477,611,231,379,134,148,19832
3254,cr1_0407p_00007.cbf,479,609,230,381,130,151,19630
3255,cr1_0407p_00008.cbf,476,611,235,379,135,144,19440
3256,cr1_0408p_00001.cbf,477,611,229,381,134,152,20368
3257,cr1_0408p_00002.cbf,475,612,230,380,137,150,20550
3258,cr1_0408p_00003.cbf,478,611,229,379,133,150,19950
3259,cr1_0408p_00004.cbf,478,615,233,380,137,147,20139
3260,cr1_0408p_00005.cbf,481,609,231,378,128,147,18816
3261,cr1_0408p_00006.cbf,478,610,232,380,132,148,19536
3262,cr1_0408p_00007.cbf,485,602,240,368,117,128,14976
3263,cr1_0408p_00008.cbf,475,609,229,378,134,149,19966
3264,cr1_0409p_00001.cbf,489,600,243,370,111,127,14097
3265,cr1_0409p_00002.cbf,474,610,232,383,136,151,20536
3266,cr1_0409p_00003.cbf,473,607,231,379,134,148,19832
3267,cr1_0409p_00004.cbf,480,611,232,377,131,145,18995
3268,cr1_0409p_00005.cbf,477,608,231,381,131,150,19650
3269,cr1_0409p_00006.cbf,474,613,234,378,139,144,20016
3270,cr1_0409p_00007.cbf,479,611,229,380,132,151,19932
3271,cr1_0409p_00008.cbf,489,602,241,368,113,127,14351
3272,cr1_0410p_00001.cbf,477,610,229,382,133,153,20349
3273,cr1_0410p_00002.cbf,477,612,235,380,135,145,19575
3274,cr1_0410p_00003.cbf,471,612,235,377,141,142,20022
3275,cr1_0410p_00004.cbf,472,614,235,379,142,144,20448
3276,cr1_0410p_00005.cbf,480,610,230,385,130,155,20150
3277,cr1_0410p_00006.cbf,477,612,230,381,135,151,20385
3278,cr1_0410p_00007.cbf,488,603,241,370,115,129,14835
3279,cr1_0410p_00008.cbf,490,602,239,370,112,131,14672
3280,cr1_0411p_00001.cbf,478,606,232,377,128,145,18560
3281,cr1_0411p_00002.cbf,478,610,231,382,132,151,19932
3282,cr1_0411p_00003.cbf,477,609,235,381,132,146,19272
3283,cr1_0411p_00004.cbf,471,609,234,380,138,146,20148
3284,cr1_0411p_00005.cbf,475,608,236,380,133,144,19152
3285,cr1_0411p_00006.cbf,477,605,234,383,128,149,19072
3286,cr1_0411p_00007.cbf,477,612,229,381,135,152,20520
3287,cr1_0411p_00008.cbf,479,612,233,380,133,147,19551
3288,cr1_0412p_00001.cbf,477,609,231,377,132,146,19272
3289,cr1_0412p_00002.cbf,477,614,234,378,137,144,19728
3290,cr1_0412p_00003.cbf,477,606,232,377,129,145,18705
3291,cr1_0412p_00004.cbf,480,608,236,376,128,140,17920
3292,cr1_0412p_00005.cbf,479,610,233,388,131,155,20305
3293,cr1_0412p_00006.cbf,477,608,236,380,131,144,18864
3294,cr1_0412p_00007.cbf,481,608,235,379,127,144,18288
3295,cr1_0412p_00008.cbf,478,611,231,382,133,151,20083
3296,cr1_0413p_00001.cbf,487,599,245,369,112,124,13888
3297,cr1_0413p_00002.cbf,487,600,238,372,113,134,15142
3298,cr1_0413p_00003.cbf,491,602,241,369,111,128,14208
3299,cr1_0413p_00004.cbf,476,607,235,383,131,148,19388
3300,cr1_0413p_00005.cbf,480,607,233,381,127,148,18796
3301,cr1_0413p_00006.cbf,478,612,231,381,134,150,20100
3302,cr1_0413p_00007.cbf,480,607,236,386,127,150,19050
3303,cr1_0413p_00008.cbf,477,611,235,379,134,144,19296
3304,cr1_0414p_00001.cbf,477,610,234,377,133,143,19019
3305,cr1_0414p_00002.cbf,480,613,230,383,133,153,20349
3306,cr1_0414p_00003.cbf,489,598,242,370,109,128,13952
3307,cr1_0414p_00004.cbf,477,606,232,378,129,146,18834
3308,cr1_0414p_00005.cbf,475,609,234,385,134,151,20234
3309,cr1_0414p_00006.cbf,490,603,242,371,113,129,14577
3310,cr1_0414p_00007.cbf,481,611,233,381,130,148,19240
3311,cr1_0414p_00008.cbf,476,611,235,387,135,152,20520
3312,cr1_0415p_00001.cbf,473,608,232,384,135,152,20520
3313,cr1_0415p_00002.cbf,478,611,234,379,133,145,19285
3314,cr1_0415p_00003.cbf,478,611,236,378,133,142,18886
3315,cr1_0415p_00004.cbf,477,608,236,377,131,141,18471
3316,cr1_0415p_00005.cbf,475,610,231,380,135,149,20115
3317,cr1_0415p_00006.cbf,490,600,246,372,110,126,13860
3318,cr1_0415p_00007.cbf,490,598,242,370,108,128,13824
3319,cr1_0415p_00008.cbf,476,608,231,384,132,153,20196
3320,cr1_0416p_00001.cbf,488,603,241,372,115,131,15065
3321,cr1_0416p_00002.cbf,478,611,233,384,133,151,20083
3322,cr1_0416p_00003.cbf,474,608,235,378,134,143,19162
3323,cr1_0416p_00004.cbf,487,601,244,370,114,126,14364
3324,cr1_0416p_00005.cbf,488,601,245,370,113,125,14125
3325,cr1_0416p_00006.cbf,489,599,243,370,110,127,13970
3326,cr1_0416p_00007.cbf,480,610,235,378,130,143,18590
3327,cr1_0416p_00008.cbf,475,610,233,381,135,148,19980
3328,cr1_0417p_00001.cbf,480,613,234,378,133,144,19152
3329,cr1_0417p_00002.cbf,489,601,242,370,112,128,14336
3330,cr1_0417p_00003.cbf,481,610,231,381,129,150,19350
3331,cr1_0417p_00004.cbf,476,610,232,383,134,151,20234
3332,cr1_0417p_00005.cbf,481,615,234,380,134,146,19564
3333,cr1_0417p_00006.cbf,475,611,234,381,136,147,19992
3334,cr1_0417p_00007.cbf,478,611,229,379,133,150,19950
3335,cr1_0417p_00008.cbf,477,608,234,384,131,150,19650
3336,cr1_0418p_00001.cbf,489,601,238,368,112,130,14560
3337,cr1_0418p_00002.cbf,488,599,243,369,111,126,13986
3338,cr1_0418p_00003.cbf,477,607,231,381,130,150,19500
3339,cr1_0418p_00004.cbf,480,616,236,387,136,151,20536
3340,cr1_0418p_00005.cbf,479,612,235,386,133,151,20083
3341,cr1_0418p_00006.cbf,473,610,231,380,137,149,20413
3342,cr1_0418p_00007.cbf,473,609,236,380,136,144,19584
3343,cr1_0418p_00008.cbf,476,610,236,380,134,144,19296
3344,cr1_0419p_00001.cbf,489,601,241,368,112,127,14224
3345,cr1_0419p_00002.cbf,487,601,241,370,114,129,14706
3346,cr1_0419p_00003.cbf,474,609,235,386,135,151,20385
3347,cr1_0419p_00004.cbf,477,608,233,383,131,150,19650
3348,cr1_0419p_00005.cbf,476,607,239,379,131,140,18340
3349,cr1_0419p_00006.cbf,478,608,240,384,130,144,18720
3350,cr1_0419p_00007.cbf,478,607,234,382,129,148,19092
3351,cr1_0419p_00008.cbf,478,611,233,380,133,147,19551
3352,cr1_0420p_00001.cbf,474,612,236,380,138,144,19872
3353,cr1_0420p_00002.cbf,473,610,234,378,137,144,19728
3354,cr1_0420p_00003.cbf,478,609,234,381,131,147,19257
3355,cr1_0420p_00004.cbf,478,609,233,381,131,148,19388
3356,cr1_0420p_00005.cbf,478,607,232,382,129,150,19350
3357,cr1_0420p_00006.cbf,480,612,231,386,132,155,20460
3358,cr1_0420p_00007.cbf,489,601,243,369,112,126,14112
3359,cr1_0420p_00008.cbf,471,610,234,380,139,146,20294
3360,cr1_0421p_00001.cbf,478,609,232,383,131,151,19781
3361,cr1_0421p_00002.cbf,477,611,232,384,134,152,20368
3362,cr1_0421p_00003.cbf,477,614,233,380,137,147,20139
3363,cr1_0421p_00004.cbf,479,609,234,383,130,149,19370
3364,cr1_0421p_00005.cbf,477,610,240,384,133,144,19152
3365,cr1_0421p_00006.cbf,478,606,235,381,128,146,18688
3366,cr1_0421p_00007.cbf,490,600,245,370,110,125,13750
3367,cr1_0421p_00008.cbf,480,607,233,382,127,149,18923
3368,cr1_0422p_00001.cbf,477,609,235,379,132,144,19008
3369,cr1_0422p_00002.cbf,479,611,235,377,132,142,18744
3370,cr1_0422p_00003.cbf,476,611,236,381,135,145,19575
3371,cr1_0422p_00004.cbf,477,611,238,383,134,145,19430
3372,cr1_0422p_00005.cbf,478,612,233,386,134,153,20502
3373,cr1_0422p_00006.cbf,478,607,233,380,129,147,18963
3374,cr1_0422p_00007.cbf,480,610,232,385,130,153,19890
3375,cr1_0422p_00008.cbf,474,609,232,381,135,149,20115
3376,cr1_0423p_00001.cbf,475,606,237,378,131,141,18471
3377,cr1_0423p_00002.cbf,477,610,234,378,133,144,19152
3378,cr1_0423p_00003.cbf,479,608,233,381,129,148,19092
3379,cr1_0423p_00004.cbf,477,609,235,379,132,144,19008
3380,cr1_0423p_00005.cbf,478,610,237,380,132,143,18876
3381,cr1_0423p_00006.cbf,479,609,236,381,130,145,18850
3382,cr1_0423p_00007.cbf,475,610,236,381,135,145,19575
3383,cr1_0423p_00008.cbf,479,607,232,382,128,150,19200
3384,cr1_0424p_00001.cbf,487,604,245,369,117,124,14508
3385,cr1_0424p_00002.cbf,476,611,234,382,135,148,19980
3386,cr1_0424p_00003.cbf,473,609,236,384,136,148,20128
3387,cr1_0424p_00004.cbf,474,611,236,386,137,150,20550
3388,cr1_0424p_00005.cbf,482,605,235,382,123,147,18081
3389,cr1_0424p_00006.cbf,474,611,233,380,137,147,20139
3390,cr1_0424p_00007.cbf,479,612,235,383,133,148,19684
3391,cr1_0424p_00008.cbf,488,600,242,370,112,128,14336
3392,cr1_0425p_00001.cbf,478,610,229,385,132,156,20592
3393,cr1_0425p_00002.cbf,488,602,242,370,114,128,14592
3394,cr1_0425p_00003.cbf,478,614,234,381,136,147,19992
3395,cr1_0425p_00004.cbf,480,610,234,382,130,148,19240
3396,cr1_0425p_00005.cbf,489,600,242,371,111,129,14319
3397,cr1_0425p_00006.cbf,480,608,236,379,128,143,18304
3398,cr1_0425p_00007.cbf,487,600,240,369,113,129,14577
3399,cr1_0425p_00008.cbf,478,612,236,382,134,146,19564
3400,cr1_0426p_00001.cbf,472,608,236,385,136,149,20264
3401,cr1_0426p_00002.cbf,480,609,227,384,129,157,20253
3402,cr1_0426p_00003.cbf,482,609,232,380,127,148,18796
3403,cr1_0426p_00004.cbf,483,609,233,390,126,157,19782
3404,cr1_0426p_00005.cbf,480,611,236,381,131,145,18995
3405,cr1_0426p_00006.cbf,481,612,230,385,131,155,20305
3406,cr1_0426p_00007.cbf,475,607,236,384,132,148,19536
3407,cr1_0426p_00008.cbf,479,610,232,387,131,155,20305
3408,cr1_0427p_00001.cbf,485,602,245,371,117,126,14742
3409,cr1_0427p_00002.cbf,481,610,235,381,129,146,18834
3410,cr1_0427p_00003.cbf,476,606,234,382,130,148,19240
3411,cr1_0427p_00004.cbf,480,610,235,388,130,153,19890
3412,cr1_0427p_00005.cbf,477,610,236,383,133,147,19551
3413,cr1_0427p_00006.cbf,478,605,227,380,127,153,19431
3414,cr1_0427p_00007.cbf,487,597,242,371,110,129,14190
3415,cr1_0427p_00008.cbf,477,607,234,382,130,148,19240
3416,cr1_0428p_00001.cbf,487,599,245,371,112,126,14112
3417,cr1_0428p_00002.cbf,478,607,233,387,129,154,19866
3418,cr1_0428p_00003.cbf,470,607,231,380,137,149,20413
3419,cr1_0428p_00004.cbf,480,608,237,379,128,142,18176
3420,cr1_0428p_00005.cbf,478,610,230,381,132,151,19932
3421,cr1_0428p_00006.cbf,477,610,234,377,133,143,19019
3422,cr1_0428p_00007.cbf,489,598,241,369,109,128,13952
3423,cr1_0428p_00008.cbf,475,608,234,376,133,142,18886
3424,cr1_0429p_00001.cbf,477,604,236,385,127,149,18923
3425,cr1_0429p_00002.cbf,488,599,243,369,111,126,13986
3426,cr1_0429p_00003.cbf,474,607,231,383,133,152,20216
3427,cr1_0429p_00004.cbf,488,599,243,370,111,127,14097
3428,cr1_0429p_00005.cbf,471,610,233,375,139,142,19738
3429,cr1_0429p_00006.cbf,489,599,239,366,110,127,13970
3430,cr1_0429p_00007.cbf,489,597,240,370,108,130,14040
3431,cr1_0429p_00008.cbf,489,598,241,368,109,127,13843
3432,cr1_0430p_00001.cbf,481,611,238,378,130,140,18200
3433,cr1_0430p_00002.cbf,480,607,234,385,127,151,19177
3434,cr1_0430p_00003.cbf,480,605,234,383,125,149,18625
3435,cr1_0430p_00004.cbf,474,608,227,377,134,150,20100
3436,cr1_0430p_00005.cbf,478,607,227,377,129,150,19350
3437,cr1_0430p_00006.cbf,473,611,229,374,138,145,20010
3438,cr1_0430p_00007.cbf,488,599,240,368,111,128,14208
3439,cr1_0430p_00008.cbf,475,605,231,377,130,146,18980
3440,cr1_0431p_00001.cbf,477,604,231,379,127,148,18796
3441,cr1_0431p_00002.cbf,481,606,231,385,125,154,19250
3442,cr1_0431p_00003.cbf,477,608,231,382,131,151,19781
3443,cr1_0431p_00004.cbf,479,614,232,381,135,149,20115
3444,cr1_0431p_00005.cbf,478,607,227,374,129,147,18963
3445,cr1_0431p_00006.cbf,487,598,239,366,111,127,14097
3446,cr1_0431p_00007.cbf,475,605,225,374,130,149,19370
3447,cr1_0431p_00008.cbf,480,609,234,376,129,142,18318
3448,cr1_0432p_00001.cbf,487,598,241,371,111,130,14430
3449,cr1_0432p_00002.cbf,477,603,233,382,126,149,18774
3450,cr1_0432p_00003.cbf,474,604,233,379,130,146,18980
3451,cr1_0432p_00004.cbf,476,607,225,378,131,153,20043
3452,cr1_0432p_00005.cbf,490,598,238,362,108,124,13392
3453,cr1_0432p_00006.cbf,479,610,228,371,131,143,18733
3454,cr1_0432p_00007.cbf,479,607,223,376,128,153,19584
3455,cr1_0432p_00008.cbf,475,608,229,377,133,148,19684
3456,cr1_0433p_00001.cbf,477,606,236,379,129,143,18447
3457,cr1_0433p_00002.cbf,477,609,237,384,132,147,19404
3458,cr1_0433p_00003.cbf,471,604,236,381,133,145,19285
3459,cr1_0433p_00004.cbf,482,605,232,379,123,147,18081
3460,cr1_0433p_00005.cbf,477,608,226,377,131,151,19781
3461,cr1_0433p_00006.cbf,486,598,239,364,112,125,14000
3462,cr1_0433p_00007.cbf,475,608,233,374,133,141,18753
3463,cr1_0433p_00008.cbf,489,598,240,369,109,129,14061
3464,cr1_0434p_00001.cbf,473,616,237,377,143,140,20020
3465,cr1_0434p_00002.cbf,474,607,234,381,133,147,19551
3466,cr1_0434p_00003.cbf,478,610,233,378,132,145,19140
3467,cr1_0434p_00004.cbf,476,610,227,378,134,151,20234
3468,cr1_0434p_00005.cbf,476,607,230,377,131,147,19257
3469,cr1_0434p_00006.cbf,475,607,226,381,132,155,20460
3470,cr1_0434p_00007.cbf,476,611,233,383,135,150,20250
3471,cr1_0434p_00008.cbf,478,611,230,375,133,145,19285
3472,cr1_0435p_00001.cbf,487,598,244,370,111,126,13986
3473,cr1_0435p_00002.cbf,475,607,236,383,132,147,19404
3474,cr1_0435p_00003.cbf,477,610,236,379,133,143,19019
3475,cr1_0435p_00004.cbf,473,604,224,380,131,156,20436
3476,cr1_0435p_00005.cbf,477,605,228,378,128,150,19200
3477,cr1_0435p_00006.cbf,479,606,232,374,127,142,18034
3478,cr1_0435p_00007.cbf,480,604,228,377,124,149,18476
3479,cr1_0435p_00008.cbf,475,612,231,374,137,143,19591
3480,cr1_0436p_00001.cbf,477,605,236,381,128,145,18560
3481,cr1_0436p_00002.cbf,478,607,230,379,129,149,19221
3482,cr1_0436p_00003.cbf,481,605,232,376,124,144,17856
3483,cr1_0436p_00004.cbf,480,606,229,378,126,149,18774
3484,cr1_0436p_00005.cbf,476,608,233,376,132,143,18876
3485,cr1_0436p_00006.cbf,475,613,232,374,138,142,19596
3486,cr1_0436p_00007.cbf,489,597,241,366,108,125,13500
3487,cr1_0436p_00008.cbf,474,608,232,380,134,148,19832
3488,cr1_0437p_00001.cbf,478,610,233,379,132,146,19272
3489,cr1_0437p_00002.cbf,475,606,235,378,131,143,18733
3490,cr1_0437p_00003.cbf,477,608,231,374,131,143,18733
3491,cr1_0437p_00004.cbf,481,607,232,377,126,145,18270
3492,cr1_0437p_00005.cbf,477,605,234,376,128,142,18176
3493,cr1_0437p_00006.cbf,479,606,227,377,127,150,19050
3494,cr1_0437p_00007.cbf,478,607,230,377,129,147,18963
3495,cr1_0437p_00008.cbf,476,611,234,376,135,142,19170
3496,cr1_0438p_00001.cbf,478,605,231,384,127,153,19431
3497,cr1_0438p_00002.cbf,475,604,233,378,129,145,18705
3498,cr1_0438p_00003.cbf,479,610,229,383,131,154,20174
3499,cr1_0438p_00004.cbf,478,605,232,376,127,144,18288
3500,cr1_0438p_00005.cbf,482,604,233,380,122,147,17934
3501,cr1_0438p_00006.cbf,476,606,233,372,130,139,18070
3502,cr1_0438p_00007.cbf,479,606,230,383,127,153,19431
3503,cr1_0438p_00008.cbf,474,607,232,383,133,151,20083
3504,cr1_0439p_00001.cbf,477,608,227,380,131,153,20043
3505,cr1_0439p_00002.cbf,477,606,232,379,129,147,18963
3506,cr1_0439p_00003.cbf,485,597,239,368,112,129,14448
3507,cr1_0439p_00004.cbf,489,596,239,370,107,131,14017
3508,cr1_0439p_00005.cbf,476,609,231,380,133,149,19817
3509,cr1_0439p_00006.cbf,479,609,228,376,130,148,19240
3510,cr1_0439p_00007.cbf,477,612,233,379,135,146,19710
3511,cr1_0439p_00008.cbf,486,600,238,368,114,130,14820
3512,cr1_0440p_00001.cbf,485,598,240,370,113,130,14690
3513,cr1_0440p_00002.cbf,486,597,240,370,111,130,14430
3514,cr1_0440p_00003.cbf,479,610,234,379,131,145,18995
3515,cr1_0440p_00004.cbf,477,606,230,384,129,154,19866
3516,cr1_0440p_00005.cbf,479,610,232,383,131,151,19781
3517,cr1_0440p_00006.cbf,478,611,230,380,133,150,19950
3518,cr1_0440p_00007.cbf,486,599,240,368,113,128,14464
3519,cr1_0440p_00008.cbf,475,606,229,381,131,152,19912
3520,cr1_0441p_00001.cbf,486,599,239,372,113,133,15029
3521,cr1_0441p_00002.cbf,486,596,240,371,110,131,14410
3522,cr1_0441p_00003.cbf,487,596,239,369,109,130,14170
3523,cr1_0441p_00004.cbf,476,610,228,379,134,151,20234
3524,cr1_0441p_00005.cbf,475,605,231,382,130,151,19630
3525,cr1_0441p_00006.cbf,475,606,236,381,131,145,18995
3526,cr1_0441p_00007.cbf,487,597,239,371,110,132,14520
3527,cr1_0441p_00008.cbf,486,599,240,370,113,130,14690
3528,cr1_0442p_00001.cbf,477,605,230,384,128,154,19712
3529,cr1_0442p_00002.cbf,485,598,241,371,113,130,14690
3530,cr1_0442p_00003.cbf,473,607,232,378,134,146,19564
3531,cr1_0442p_00004.cbf,470,606,237,384,136,147,19992
3532,cr1_0442p_00005.cbf,485,597,246,373,112,127,14224
3533,cr1_0442p_00006.cbf,487,596,243,371,109,128,13952
3534,cr1_0442p_00007.cbf,474,605,232,382,131,150,19650
3535,cr1_0442p_00008.cbf,484,596,240,368,112,128,14336
3536,cr1_0443p_00001.cbf,478,607,235,384,129,149,19221
3537,cr1_0443p_00002.cbf,478,606,233,385,128,152,19456
3538,cr1_0443p_00003.cbf,487,598,242,372,111,130,14430
3539,cr1_0443p_00004.cbf,473,610,234,381,137,147,20139
3540,cr1_0443p_00005.cbf,487,595,243,373,108,130,14040
3541,cr1_0443p_00006.cbf,488,597,241,371,109,130,14170
3542,cr1_0443p_00007.cbf,473,606,233,381,133,148,19684
3543,cr1_0443p_00008.cbf,477,608,231,384,131,153,20043
3544,cr1_0444p_00001.cbf,474,606,234,386,132,152,20064
3545,cr1_0444p_00002.cbf,477,608,233,386,131,153,20043
3546,cr1_0444p_00003.cbf,484,596,241,373,112,132,14784
3547,cr1_0444p_00004.cbf,472,607,232,380,135,148,19980
3548,cr1_0444p_00005.cbf,477,605,232,380,128,148,18944
3549,cr1_0444p_00006.cbf,478,606,233,382,128,149,19072
3550,cr1_0444p_00007.cbf,476,607,236,381,131,145,18995
3551,cr1_0444p_00008.cbf,486,598,241,368,112,127,14224
3552,cr1_0445p_00001.cbf,487,597,242,370,110,128,14080
3553,cr1_0445p_00002.cbf,486,598,241,373,112,132,14784
3554,cr1_0445p_00003.cbf,475,608,229,381,133,152,20216
3555,cr1_0445p_00004.cbf,471,609,231,380,138,149,20562
3556,cr1_0445p_00005.cbf,475,610,233,380,135,147,19845
3557,cr1_0445p_00006.cbf,474,608,235,379,134,144,19296
3558,cr1_0445p_00007.cbf,472,609,232,380,137,148,20276
3559,cr1_0445p_00008.cbf,487,598,240,369,111,129,14319
3560,cr1_0446p_00001.cbf,485,597,240,370,112,130,14560
3561,cr1_0446p_00002.cbf,477,608,225,379,131,154,20174
3562,cr1_0446p_00003.cbf,483,599,241,370,116,129,14964
3563,cr1_0446p_00004.cbf,474,608,233,378,134,145,19430
3564,cr1_0446p_00005.cbf,474,611,236,385,137,149,20413
3565,cr1_0446p_00006.cbf,468,605,232,379,137,147,20139
3566,cr1_0446p_00007.cbf,486,597,241,370,111,129,14319
3567,cr1_0446p_00008.cbf,486,598,239,370,112,131,14672
3568,cr1_0447p_00001.cbf,486,595,242,370,109,128,13952
3569,cr1_0447p_00002.cbf,475,612,233,381,137,148,20276
3570,cr1_0447p_00003.cbf,487,599,241,370,112,129,14448
3571,cr1_0447p_00004.cbf,477,607,228,381,130,153,19890
3572,cr1_0447p_00005.cbf,472,605,232,383,133,151,20083
3573,cr1_0447p_00006.cbf,476,613,232,379,137,147,20139
3574,cr1_0447p_00007.cbf,477,607,232,375,130,143,18590
3575,cr1_0447p_00008.cbf,477,609,228,377,132,149,19668
3576,cr1_0448p_00001.cbf,486,595,239,372,109,133,14497
3577,cr1_0448p_00002.cbf,475,608,232,384,133,152,20216
3578,cr1_0448p_00003.cbf,475,608,229,378,133,149,19817
3579,cr1_0448p_00004.cbf,472,609,233,379,137,146,20002
3580,cr1_0448p_00005.cbf,476,606,231,378,130,147,19110
3581,cr1_0448p_00006.cbf,476,606,229,379,130,150,19500
3582,cr1_0448p_00007.cbf,478,607,229,383,129,154,19866
3583,cr1_0448p_00008.cbf,475,605,229,379,130,150,19500
3584,cr1_0449p_00001.cbf,486,597,240,371,111,131,14541
3585,cr1_0449p_00002.cbf,476,607,236,382,131,146,19126
3586,cr1_0449p_00003.cbf,474,607,233,382,133,149,19817
3587,cr1_0449p_00004.cbf,471,608,232,382,137,150,20550
3588,cr1_0449p_00005.cbf,478,609,234,378,131,144,18864
3589,cr1_0449p_00006.cbf,487,595,242,369,108,127,13716
3590,cr1_0449p_00007.cbf,476,610,235,386,134,151,20234
3591,cr1_0449p_00008.cbf,478,605,229,377,127,148,18796
3592,cr1_0450p_00001.cbf,477,610,233,382,133,149,19817
3593,cr1_0450p_00002.cbf,486,596,242,371,110,129,14190
3594,cr1_0450p_00003.cbf,476,609,230,378,133,148,19684
3595,cr1_0450p_00004.cbf,478,604,239,381,126,142,17892
3596,cr1_0450p_00005.cbf,475,612,238,384,137,146,20002
3597,cr1_0450p_00006.cbf,485,595,247,371,110,124,13640
3598,cr1_0450p_00007.cbf,477,607,236,388,130,152,19760
3599,cr1_0450p_00008.cbf,476,605,230,379,129,149,19221
3600,cr1_0451p_00001.cbf,485,596,242,369,111,127,14097
3601,cr1_0451p_00002.cbf,485,596,242,371,111,129,14319
3602,cr1_0451p_00003.cbf,488,596,244,372,108,128,13824
3603,cr1_0451p_00004.cbf,477,609,234,384,132,150,19800
3604,cr1_0451p_00005.cbf,470,605,239,382,135,143,19305
3605,cr1_0451p_00006.cbf,478,605,234,383,127,149,18923
3606,cr1_0451p_00007.cbf,476,607,234,382,131,148,19388
3607,cr1_0451p_00008.cbf,478,606,228,384,128,156,19968
3608,cr1_0452p_00001.cbf,473,610,234,383,137,149,20413
3609,cr1_0452p_00002.cbf,477,609,232,379,132,147,19404
3610,cr1_0452p_00003.cbf,475,606,233,380,131,147,19257
3611,cr1_0452p_00004.cbf,473,606,234,381,133,147,19551
3612,cr1_0452p_00005.cbf,480,606,236,383,126,147,18522
3613,cr1_0452p_00006.cbf,487,594,245,369,107,124,13268
3614,cr1_0452p_00007.cbf,479,606,233,380,127,147,18669
3615,cr1_0452p_00008.cbf,476,602,233,380,126,147,18522
3616,cr1_0453p_00001.cbf,471,608,232,378,137,146,20002
3617,cr1_0453p_00002.cbf,476,611,234,378,135,144,19440
3618,cr1_0453p_00003.cbf,478,605,234,378,127,144,18288
3619,cr1_0453p_00004.cbf,472,606,232,384,134,152,20368
3620,cr1_0453p_00005.cbf,476,607,235,381,131,146,19126
3621,cr1_0453p_00006.cbf,472,605,237,380,133,143,19019
3622,cr1_0453p_00007.cbf,476,610,235,382,134,147,19698
3623,cr1_0453p_00008.cbf,482,608,231,378,126,147,18522
3624,cr1_0454p_00001.cbf,486,595,241,369,109,128,13952
3625,cr1_0454p_00002.cbf,476,609,230,378,133,148,19684
3626,cr1_0454p_00003.cbf,487,595,244,371,108,127,13716
3627,cr1_0454p_00004.cbf,486,595,245,374,109,129,14061
3628,cr1_0454p_00005.cbf,476,611,238,383,135,145,19575
3629,cr1_0454p_00006.cbf,478,604,239,382,126,143,18018
3630,cr1_0454p_00007.cbf,488,596,242,369,108,127,13716
3631,cr1_0454p_00008.cbf,478,611,228,379,133,151,20083
3632,cr1_0455p_00001.cbf,476,604,234,381,128,147,18816
3633,cr1_0455p_00002.cbf,474,609,231,383,135,152,20520
3634,cr1_0455p_00003.cbf,473,609,229,379,136,150,20400
3635,cr1_0455p_00004.cbf,487,598,244,371,111,127,14097
3636,cr1_0455p_00005.cbf,476,610,238,386,134,148,19832
3637,cr1_0455p_00006.cbf,477,606,232,383,129,151,19479
3638,cr1_0455p_00007.cbf,476,606,233,380,130,147,19110
3639,cr1_0455p_00008.cbf,476,604,235,383,128,148,18944
3640,cr1_0456p_00001.cbf,472,604,234,383,132,149,19668
3641,cr1_0456p_00002.cbf,475,609,232,377,134,145,19430
3642,cr1_0456p_00003.cbf,472,611,235,379,139,144,20016
3643,cr1_0456p_00004.cbf,475,611,237,379,136,142,19312
3644,cr1_0456p_00005.cbf,475,607,236,389,132,153,20196
3645,cr1_0456p_00006.cbf,474,605,233,383,131,150,19650
3646,cr1_0456p_00007.cbf,473,605,231,381,132,150,19800
3647,cr1_0456p_00008.cbf,475,607,235,381,132,146,19272
3648,cr1_0457p_00001.cbf,478,607,232,381,129,149,19221
3649,cr1_0457p_00002.cbf,487,596,241,370,109,129,14061
3650,cr1_0457p_00003.cbf,477,604,230,382,127,152,19304
3651,cr1_0457p_00004.cbf,478,602,235,383,124,148,18352
3652,cr1_0457p_00005.cbf,481,606,238,388,125,150,18750
3653,cr1_0457p_00006.cbf,473,609,232,382,136,150,20400
3654,cr1_0457p_00007.cbf,490,594,241,369,104,128,13312
3655,cr1_0457p_00008.cbf,486,597,240,370,111,130,14430
3656,cr1_0458p_00001.cbf,476,608,227,378,132,151,19932
3657,cr1_0458p_00002.cbf,487,594,244,369,107,125,13375
3658,cr1_0458p_00003.cbf,475,605,232,378,130,146,18980
3659,cr1_0458p_00004.cbf,475,603,233,381,128,148,18944
3660,cr1_0458p_00005.cbf,489,594,246,373,105,127,13335
3661,cr1_0458p_00006.cbf,486,595,245,372,109,127,13843
3662,cr1_0458p_00007.cbf,475,604,235,388,129,153,19737
3663,cr1_0458p_00008.cbf,473,610,232,377,137,145,19865
3664,cr1_0459p_00001.cbf,472,605,235,383,133,148,19684
3665,cr1_0459p_00002.cbf,475,611,233,381,136,148,20128
3666,cr1_0459p_00003.cbf,477,607,235,382,130,147,19110
3667,cr1_0459p_00004.cbf,474,607,235,379,133,144,19152
3668,cr1_0459p_00005.cbf,466,601,236,381,135,145,19575
3669,cr1_0459p_00006.cbf,488,595,243,370,107,127,13589
3670,cr1_0459p_00007.cbf,479,608,232,388,129,156,20124
3671,cr1_0459p_00008.cbf,475,602,232,381,127,149,18923
3672,cr1_0460p_00001.cbf,487,596,242,371,109,129,14061
3673,cr1_0460p_00002.cbf,475,604,233,386,129,153,19737
3674,cr1_0460p_00003.cbf,477,608,233,382,131,149,19519
3675,cr1_0460p_00004.cbf,474,605,236,380,131,144,18864
3676,cr1_0460p_00005.cbf,468,604,238,380,136,142,19312
3677,cr1_0460p_00006.cbf,478,604,228,380,126,152,19152
3678,cr1_0460p_00007.cbf,474,605,232,378,131,146,19126
3679,cr1_0460p_00008.cbf,476,606,231,378,130,147,19110
3680,cr1_0461p_00001.cbf,480,606,231,377,126,146,18396
3681,cr1_0461p_00002.cbf,474,608,234,382,134,148,19832
3682,cr1_0461p_00003.cbf,475,604,234,380,129,146,18834
3683,cr1_0461p_00004.cbf,476,604,229,377,128,148,18944
3684,cr1_0461p_00005.cbf,487,596,243,370,109,127,13843
3685,cr1_0461p_00006.cbf,475,604,235,381,129,146,18834
3686,cr1_0461p_00007.cbf,472,607,236,380,135,144,19440
3687,cr1_0461p_00008.cbf,475,609,232,383,134,151,20234
3688,cr1_0462p_00001.cbf,472,606,233,383,134,150,20100
3689,cr1_0462p_00002.cbf,474,609,230,380,135,150,20250
3690,cr1_0462p_00003.cbf,480,610,229,376,130,147,19110
3691,cr1_0462p_00004.cbf,474,603,234,377,129,143,18447
3692,cr1_0462p_00005.cbf,475,603,232,381,128,149,19072
3693,cr1_0462p_00006.cbf,473,604,229,379,131,150,19650
3694,cr1_0462p_00007.cbf,478,607,234,381,129,147,18963
3695,cr1_0462p_00008.cbf,474,607,231,382,133,151,20083
3696,cr1_0463p_00001.cbf,471,602,234,382,131,148,19388
3697,cr1_0463p_00002.cbf,476,605,231,382,129,151,19479
3698,cr1_0463p_00003.cbf,477,609,234,377,132,143,18876
3699,cr1_0463p_00004.cbf,477,608,235,385,131,150,19650
3700,cr1_0463p_00005.cbf,478,609,233,381,131,148,19388
3701,cr1_0463p_00006.cbf,487,597,241,370,110,129,14190
3702,cr1_0463p_00007.cbf,478,606,231,377,128,146,18688
3703,cr1_0463p_00008.cbf,478,609,235,384,131,149,19519
3704,cr1_0464p_00001.cbf,475,602,236,381,127,145,18415
3705,cr1_0464p_00002.cbf,477,606,231,380,129,149,19221
3706,cr1_0464p_00003.cbf,474,605,228,379,131,151,19781
3707,cr1_0464p_00004.cbf,481,607,235,381,126,146,18396
3708,cr1_0464p_00005.cbf,479,604,237,380,125,143,17875
3709,cr1_0464p_00006.cbf,475,607,234,381,132,147,19404
3710,cr1_0464p_00007.cbf,476,608,234,377,132,143,18876
3711,cr1_0464p_00008.cbf,488,595,239,369,107,130,13910
3712,cr1_0465p_00001.cbf,478,601,235,383,123,148,18204
3713,cr1_0465p_00002.cbf,470,604,232,379,134,147,19698
3714,cr1_0465p_00003.cbf,486,595,242,369,109,127,13843
3715,cr1_0465p_00004.cbf,470,603,228,376,133,148,19684
3716,cr1_0465p_00005.cbf,475,604,237,380,129,143,18447
3717,cr1_0465p_00006.cbf,480,605,235,377,125,142,17750
3718,cr1_0465p_00007.cbf,486,595,241,369,109,128,13952
3719,cr1_0465p_00008.cbf,475,604,232,384,129,152,19608
3720,cr1_0466p_00001.cbf,487,595,242,369,108,127,13716
3721,cr1_0466p_00002.cbf,477,605,236,384,128,148,18944
3722,cr1_0466p_00003.cbf,479,603,233,382,124,149,18476
3723,cr1_0466p_00004.cbf,476,606,233,379,130,146,18980
3724,cr1_0466p_00005.cbf,476,602,235,377,126,142,17892
3725,cr1_0466p_00006.cbf,473,611,235,384,138,149,20562
3726,cr1_0466p_00007.cbf,479,606,233,376,127,143,18161
3727,cr1_0466p_00008.cbf,476,610,231,378,134,147,19698
3728,cr1_0467p_00001.cbf,473,607,231,381,134,150,20100
3729,cr1_0467p_00002.cbf,472,603,231,383,131,152,19912
3730,cr1_0467p_00003.cbf,478,607,233,389,129,156,20124
3731,cr1_0467p_00004.cbf,480,611,233,376,131,143,18733
3732,cr1_0467p_00005.cbf,477,609,233,382,132,149,19668
3733,cr1_0467p_00006.cbf,479,603,235,384,124,149,18476
3734,cr1_0467p_00007.cbf,473,602,234,382,129,148,19092
3735,cr1_0467p_00008.cbf,475,607,231,383,132,152,20064
3736,cr1_0468p_00001.cbf,477,607,236,377,130,141,18330
3737,cr1_0468p_00002.cbf,469,605,232,383,136,151,20536
3738,cr1_0468p_00003.cbf,477,604,231,386,127,155,19685
3739,cr1_0468p_00004.cbf,476,610,233,378,134,145,19430
3740,cr1_0468p_00005.cbf,477,604,231,384,127,153,19431
3741,cr1_0468p_00006.cbf,477,606,234,389,129,155,19995
3742,cr1_0468p_00007.cbf,473,607,236,378,134,142,19028
3743,cr1_0468p_00008.cbf,479,605,235,380,126,145,18270
3744,cr1_0469p_00001.cbf,473,603,231,385,130,154,20020
3745,cr1_0469p_00002.cbf,477,604,230,381,127,151,19177
3746,cr1_0469p_00003.cbf,474,602,232,379,128,147,18816
3747,cr1_0469p_00004.cbf,480,604,231,380,124,149,18476
3748,cr1_0469p_00005.cbf,478,603,231,384,125,153,19125
3749,cr1_0469p_00006.cbf,476,602,232,385,126,153,19278
3750,cr1_0469p_00007.cbf,476,603,229,382,127,153,19431
3751,cr1_0469p_00008.cbf,479,609,230,379,130,149,19370
3752,cr1_0470p_00001.cbf,477,603,233,383,126,150,18900
3753,cr1_0470p_00002.cbf,476,607,232,379,131,147,19257
3754,cr1_0470p_00003.cbf,475,603,230,380,128,150,19200
3755,cr1_0470p_00004.cbf,475,607,227,380,132,153,20196
3756,cr1_0470p_00005.cbf,475,603,233,378,128,145,18560
3757,cr1_0470p_00006.cbf,471,605,233,378,134,145,19430
3758,cr1_0470p_00007.cbf,480,603,228,377,123,149,18327
3759,cr1_0470p_00008.cbf,487,596,241,369,109,128,13952
3760,cr1_0471p_00001.cbf,476,604,235,382,128,147,18816
3761,cr1_0471p_00002.cbf,473,605,232,387,132,155,20460
3762,cr1_0471p_00003.cbf,479,606,233,375,127,142,18034
3763,cr1_0471p_00004.cbf,471,603,227,375,132,148,19536
3764,cr1_0471p_00005.cbf,476,602,222,375,126,153,19278
3765,cr1_0471p_00006.cbf,479,602,230,378,123,148,18204
3766,cr1_0471p_00007.cbf,474,603,231,381,129,150,19350
3767,cr1_0471p_00008.cbf,479,601,228,383,122,155,18910
3768,cr1_0472p_00001.cbf,476,606,230,380,130,150,19500
3769,cr1_0472p_00002.cbf,476,606,232,381,130,149,19370
3770,cr1_0472p_00003.cbf,479,603,230,379,124,149,18476
3771,cr1_0472p_00004.cbf,486,594,240,369,108,129,13932
3772,cr1_0472p_00005.cbf,476,603,227,382,127,155,19685
3773,cr1_0472p_00006.cbf,488,595,236,368,107,132,14124
3774,cr1_0472p_00007.cbf,474,605,228,381,131,153,20043
3775,cr1_0472p_00008.cbf,475,609,232,383,134,151,20234
3776,cr1_0473p_00001.cbf,472,603,229,383,131,154,20174
3777,cr1_0473p_00002.cbf,486,596,239,369,110,130,14300
3778,cr1_0473p_00003.cbf,474,607,226,378,133,152,20216
3779,cr1_0473p_00004.cbf,486,596,239,371,110,132,14520
3780,cr1_0473p_00005.cbf,478,606,228,384,128,156,19968
3781,cr1_0473p_00006.cbf,485,597,238,369,112,131,14672
3782,cr1_0473p_00007.cbf,473,608,231,378,135,147,19845
3783,cr1_0473p_00008.cbf,473,603,226,381,130,155,20150
3784,cr1_0474p_00001.cbf,474,604,228,378,130,150,19500
3785,cr1_0474p_00002.cbf,472,605,232,381,133,149,19817
3786,cr1_0474p_00003.cbf,469,606,231,380,137,149,20413
3787,cr1_0474p_00004.cbf,488,596,238,369,108,131,14148
3788,cr1_0474p_00005.cbf,472,603,227,376,131,149,19519
3789,cr1_0474p_00006.cbf,476,605,231,384,129,153,19737
3790,cr1_0474p_00007.cbf,472,606,226,376,134,150,20100
3791,cr1_0474p_00008.cbf,487,597,238,370,110,132,14520
3792,cr1_0475p_00001.cbf,478,604,234,386,126,152,19152
3793,cr1_0475p_00002.cbf,474,608,231,380,134,149,19966
3794,cr1_0475p_00003.cbf,476,605,229,376,129,147,18963
3795,cr1_0475p_00004.cbf,488,595,237,371,107,134,14338
3796,cr1_0475p_00005.cbf,489,595,237,368,106,131,13886
3797,cr1_0475p_00006.cbf,475,612,230,376,137,146,20002
3798,cr1_0475p_00007.cbf,474,605,231,378,131,147,19257
3799,cr1_0475p_00008.cbf,475,608,226,380,133,154,20482
3800,cr1_0476p_00001.cbf,474,605,230,382,131,152,19912
3801,cr1_0476p_00002.cbf,486,598,239,372,112,133,14896
3802,cr1_0476p_00003.cbf,484,596,239,369,112,130,14560
3803,cr1_0476p_00004.cbf,472,604,228,382,132,154,20328
3804,cr1_0476p_00005.cbf,477,608,226,380,131,154,20174
3805,cr1_0476p_00006.cbf,485,596,239,371,111,132,14652
3806,cr1_0476p_00007.cbf,487,596,240,369,109,129,14061
3807,cr1_0476p_00008.cbf,486,596,239,369,110,130,14300
3808,cr1_0477p_00001.cbf,486,596,240,370,110,130,14300
3809,cr1_0477p_00002.cbf,485,596,239,371,111,132,14652
3810,cr1_0477p_00003.cbf,475,607,229,382,132,153,20196
3811,cr1_0477p_00004.cbf,477,606,227,380,129,153,19737
3812,cr1_0477p_00005.cbf,486,596,236,367,110,131,14410
3813,cr1_0477p_00006.cbf,471,605,226,378,134,152,20368
3814,cr1_0477p_00007.cbf,473,605,226,379,132,153,20196
3815,cr1_0477p_00008.cbf,485,597,238,369,112,131,14672
3816,cr1_0478p_00001.cbf,476,607,230,382,131,152,19912
3817,cr1_0478p_00002.cbf,484,598,241,372,114,131,14934
3818,cr1_0478p_00003.cbf,475,606,229,377,131,148,19388
3819,cr1_0478p_00004.cbf,471,606,232,382,135,150,20250
3820,cr1_0478p_00005.cbf,475,607,228,372,132,144,19008
3821,cr1_0478p_00006.cbf,485,596,238,370,111,132,14652
3822,cr1_0478p_00007.cbf,486,596,239,370,110,131,14410
3823,cr1_0478p_00008.cbf,477,604,232,385,127,153,19431
3824,cr1_0479p_00001.cbf,487,596,241,368,109,127,13843
3825,cr1_0479p_00002.cbf,475,606,234,382,131,148,19388
3826,cr1_0479p_00003.cbf,476,607,224,378,131,154,20174
3827,cr1_0479p_00004.cbf,484,598,237,368,114,131,14934
3828,cr1_0479p_00005.cbf,479,605,228,378,126,150,18900
3829,cr1_0479p_00006.cbf,477,605,229,379,128,150,19200
3830,cr1_0479p_00007.cbf,482,594,240,369,112,129,14448
3831,cr1_0479p_00008.cbf,477,609,232,378,132,146,19272
3832,cr1_0480p_00001.cbf,476,605,233,384,129,151,19479
3833,cr1_0480p_00002.cbf,485,595,240,369,110,129,14190
3834,cr1_0480p_00003.cbf,476,606,228,376,130,148,19240
3835,cr1_0480p_00004.cbf,474,604,230,380,130,150,19500
3836,cr1_0480p_00005.cbf,473,609,229,376,136,147,19992
3837,cr1_0480p_00006.cbf,486,595,237,367,109,130,14170
3838,cr1_0480p_00007.cbf,470,604,229,377,134,148,19832
3839,cr1_0480p_00008.cbf,475,613,232,380,138,148,20424
3840,cr1_0481p_00001.cbf,485,595,240,371,110,131,14410
3841,cr1_0481p_00002.cbf,484,596,239,370,112,131,14672
3842,cr1_0481p_00003.cbf,487,598,237,369,111,132,14652
3843,cr1_0481p_00004.cbf,485,596,238,372,111,134,14874
3844,cr1_0481p_00005.cbf,484,596,237,366,112,129,14448
3845,cr1_0481p_00006.cbf,477,606,227,376,129,149,19221
3846,cr1_0481p_00007.cbf,474,606,229,379,132,150,19800
3847,cr1_0481p_00008.cbf,485,597,238,369,112,131,14672
3848,cr1_0482p_00001.cbf,484,597,240,370,113,130,14690
3849,cr1_0482p_00002.cbf,474,605,229,379,131,150,19650
3850,cr1_0482p_00003.cbf,477,613,228,379,136,151,20536
3851,cr1_0482p_00004.cbf,487,595,237,369,108,132,14256
3852,cr1_0482p_00005.cbf,485,596,234,368,111,134,14874
3853,cr1_0482p_00006.cbf,473,607,228,380,134,152,20368
3854,cr1_0482p_00007.cbf,477,605,230,380,128,150,19200
3855,cr1_0482p_00008.cbf,474,606,225,381,132,156,20592
3856,cr1_0483p_00001.cbf,470,607,233,379,137,146,20002
3857,cr1_0483p_00002.cbf,471,606,232,383,135,151,20385
3858,cr1_0483p_00003.cbf,487,597,237,368,110,131,14410
3859,cr1_0483p_00004.cbf,485,595,237,369,110,132,14520
3860,cr1_0483p_00005.cbf,474,607,225,379,133,154,20482
3861,cr1_0483p_00006.cbf,487,597,235,367,110,132,14520
3862,cr1_0483p_00007.cbf,478,604,227,379,126,152,19152
3863,cr1_0483p_00008.cbf,477,606,225,383,129,158,20382
3864,cr1_0484p_00001.cbf,484,595,240,370,111,130,14430
3865,cr1_0484p_00002.cbf,487,597,242,370,110,128,14080
3866,cr1_0484p_00003.cbf,486,597,240,369,111,129,14319
3867,cr1_0484p_00004.cbf,474,605,228,384,131,156,20436
3868,cr1_0484p_00005.cbf,478,605,223,380,127,157,19939
3869,cr1_0484p_00006.cbf,473,609,229,378,136,149,20264
3870,cr1_0484p_00007.cbf,474,606,226,377,132,151,19932
3871,cr1_0484p_00008.cbf,478,610,228,382,132,154,20328
3872,cr1_0485p_00001.cbf,476,610,232,380,134,148,19832
3873,cr1_0485p_00002.cbf,484,595,241,369,111,128,14208
3874,cr1_0485p_00003.cbf,474,605,224,380,131,156,20436
3875,cr1_0485p_00004.cbf,475,608,232,378,133,146,19418
3876,cr1_0485p_00005.cbf,474,605,229,377,131,148,19388
3877,cr1_0485p_00006.cbf,488,596,235,367,108,132,14256
3878,cr1_0485p_00007.cbf,479,609,229,381,130,152,19760
3879,cr1_0485p_00008.cbf,477,604,231,379,127,148,18796
3880,cr1_0486p_00001.cbf,475,608,232,382,133,150,19950
3881,cr1_0486p_00002.cbf,473,604,232,380,131,148,19388
3882,cr1_0486p_00003.cbf,478,607,233,381,129,148,19092
3883,cr1_0486p_00004.cbf,474,604,221,375,130,154,20020
3884,cr1_0486p_00005.cbf,478,609,224,380,131,156,20436
3885,cr1_0486p_00006.cbf,486,596,237,366,110,129,14190
3886,cr1_0486p_00007.cbf,476,605,230,378,129,148,19092
3887,cr1_0486p_00008.cbf,473,607,232,382,134,150,20100
3888,cr1_0487p_00001.cbf,477,610,231,380,133,149,19817
3889,cr1_0487p_00002.cbf,477,609,230,381,132,151,19932
3890,cr1_0487p_00003.cbf,487,594,237,367,107,130,13910
3891,cr1_0487p_00004.cbf,486,594,238,368,108,130,14040
3892,cr1_0487p_00005.cbf,478,605,226,377,127,151,19177
3893,cr1_0487p_00006.cbf,487,596,235,367,109,132,14388
3894,cr1_0487p_00007.cbf,473,607,229,381,134,152,20368
3895,cr1_0487p_00008.cbf,476,607,230,380,131,150,19650
3896,cr1_0488p_00001.cbf,476,610,235,379,134,144,19296
3897,cr1_0488p_00002.cbf,475,606,230,378,131,148,19388
3898,cr1_0488p_00003.cbf,487,595,239,369,108,130,14040
3899,cr1_0488p_00004.cbf,475,604,228,383,129,155,19995
3900,cr1_0488p_00005.cbf,475,604,226,374,129,148,19092
3901,cr1_0488p_00006.cbf,475,606,230,382,131,152,19912
3902,cr1_0488p_00007.cbf,473,605,227,378,132,151,19932
3903,cr1_0488p_00008.cbf,478,608,228,377,130,149,19370
3904,cr1_0489p_00001.cbf,476,609,228,382,133,154,20482
3905,cr1_0489p_00002.cbf,478,608,231,375,130,144,18720
3906,cr1_0489p_00003.cbf,476,607,227,380,131,153,20043
3907,cr1_0489p_00004.cbf,476,600,224,374,124,150,18600
3908,cr1_0489p_00005.cbf,475,607,224,377,132,153,20196
3909,cr1_0489p_00006.cbf,475,604,229,380,129,151,19479
3910,cr1_0489p_00007.cbf,486,597,238,369,111,131,14541
3911,cr1_0489p_00008.cbf,486,596,240,367,110,127,13970
3912,cr1_0490p_00001.cbf,487,597,240,369,110,129,14190
3913,cr1_0490p_00002.cbf,474,604,232,380,130,148,19240
3914,cr1_0490p_00003.cbf,488,597,239,369,109,130,14170
3915,cr1_0490p_00004.cbf,477,614,228,376,137,148,20276
3916,cr1_0490p_00005.cbf,471,603,228,383,132,155,20460
3917,cr1_0490p_00006.cbf,474,605,227,381,131,154,20174
3918,cr1_0490p_00007.cbf,472,605,230,377,133,147,19551
3919,cr1_0490p_00008.cbf,472,610,229,377,138,148,20424
3920,cr1_0491p_00001.cbf,486,598,241,371,112,130,14560
3921,cr1_0491p_00002.cbf,475,607,233,384,132,151,19932
3922,cr1_0491p_00003.cbf,478,610,229,379,132,150,19800
3923,cr1_0491p_00004.cbf,475,606,229,379,131,150,19650
3924,cr1_0491p_00005.cbf,475,607,228,376,132,148,19536
3925,cr1_0491p_00006.cbf,487,596,237,368,109,131,14279
3926,cr1_0491p_00007.cbf,475,603,220,379,128,159,20352
3927,cr1_0491p_00008.cbf,473,608,226,376,135,150,20250
3928,cr1_0492p_00001.cbf,471,605,229,382,134,153,20502
3929,cr1_0492p_00002.cbf,471,609,233,381,138,148,20424
3930,cr1_0492p_00003.cbf,478,611,229,381,133,152,20216
3931,cr1_0492p_00004.cbf,487,595,238,367,108,129,13932
3932,cr1_0492p_00005.cbf,479,608,230,381,129,151,19479
3933,cr1_0492p_00006.cbf,485,596,241,369,111,128,14208
3934,cr1_0492p_00007.cbf,476,605,232,382,129,150,19350
3935,cr1_0492p_00008.cbf,479,605,229,377,126,148,18648
3936,cr1_0493p_00001.cbf,477,608,231,386,131,155,20305
3937,cr1_0493p_00002.cbf,488,597,240,370,109,130,14170
3938,cr1_0493p_00003.cbf,473,609,230,379,136,149,20264
3939,cr1_0493p_00004.cbf,472,609,225,374,137,149,20413
3940,cr1_0493p_00005.cbf,478,606,223,376,128,153,19584
3941,cr1_0493p_00006.cbf,478,604,235,379,126,144,18144
3942,cr1_0493p_00007.cbf,480,609,229,379,129,150,19350
3943,cr1_0493p_00008.cbf,474,611,232,379,137,147,20139
3944,cr1_0494p_00001.cbf,476,607,232,380,131,148,19388
3945,cr1_0494p_00002.cbf,476,603,227,377,127,150,19050
3946,cr1_0494p_00003.cbf,475,606,230,378,131,148,19388
3947,cr1_0494p_00004.cbf,478,607,229,375,129,146,18834
3948,cr1_0494p_00005.cbf,477,610,229,378,133,149,19817
3949,cr1_0494p_00006.cbf,469,608,233,377,139,144,20016
3950,cr1_0494p_00007.cbf,479,604,234,392,125,158,19750
3951,cr1_0494p_00008.cbf,478,605,232,382,127,150,19050
3952,cr1_0495p_00001.cbf,488,595,241,370,107,129,13803
3953,cr1_0495p_00002.cbf,475,603,228,380,128,152,19456
3954,cr1_0495p_00003.cbf,478,606,232,379,128,147,18816
3955,cr1_0495p_00004.cbf,477,608,228,380,131,152,19912
3956,cr1_0495p_00005.cbf,475,605,232,378,130,146,18980
3957,cr1_0495p_00006.cbf,479,604,234,378,125,144,18000
3958,cr1_0495p_00007.cbf,475,609,226,379,134,153,20502
3959,cr1_0495p_00008.cbf,479,607,233,380,128,147,18816
3960,cr1_0496p_00001.cbf,478,612,234,385,134,151,20234
3961,cr1_0496p_00002.cbf,473,606,236,384,133,148,19684
3962,cr1_0496p_00003.cbf,477,603,227,377,126,150,18900
3963,cr1_0496p_00004.cbf,476,606,229,380,130,151,19630
3964,cr1_0496p_00005.cbf,478,603,230,385,125,155,19375
3965,cr1_0496p_00006.cbf,478,606,231,381,128,150,19200
3966,cr1_0496p_00007.cbf,476,609,233,377,133,144,19152
3967,cr1_0496p_00008.cbf,471,603,231,381,132,150,19800
3968,cr1_0497p_00001.cbf,472,604,231,378,132,147,19404
3969,cr1_0497p_00002.cbf,479,606,232,381,127,149,18923
3970,cr1_0497p_00003.cbf,477,613,228,378,136,150,20400
3971,cr1_0497p_00004.cbf,478,609,228,381,131,153,20043
3972,cr1_0497p_00005.cbf,487,595,236,369,108,133,14364
3973,cr1_0497p_00006.cbf,474,607,228,379,133,151,20083
3974,cr1_0497p_00007.cbf,480,604,231,380,124,149,18476
3975,cr1_0497p_00008.cbf,480,607,231,378,127,147,18669
3976,cr1_0498p_00001.cbf,475,610,230,377,135,147,19845
3977,cr1_0498p_00002.cbf,476,608,234,379,132,145,19140
3978,cr1_0498p_00003.cbf,474,609,231,377,135,146,19710
3979,cr1_0498p_00004.cbf,477,607,229,374,130,145,18850
3980,cr1_0498p_00005.cbf,477,610,226,377,133,151,20083
3981,cr1_0498p_00006.cbf,474,607,231,378,133,147,19551
3982,cr1_0498p_00007.cbf,476,603,230,385,127,155,19685
3983,cr1_0498p_00008.cbf,475,606,232,380,131,148,19388
3984,cr1_0499p_00001.cbf,479,604,233,381,125,148,18500
3985,cr1_0499p_00002.cbf,475,613,233,379,138,146,20148
3986,cr1_0499p_00003.cbf,478,604,233,376,126,143,18018
3987,cr1_0499p_00004.cbf,479,606,231,379,127,148,18796
3988,cr1_0499p_00005.cbf,474,607,226,376,133,150,19950
3989,cr1_0499p_00006.cbf,475,610,229,379,135,150,20250
3990,cr1_0499p_00007.cbf,476,603,226,383,127,157,19939
3991,cr1_0499p_00008.cbf,474,605,232,384,131,152,19912
3992,cr1_0500p_00001.cbf,476,603,233,381,127,148,18796
3993,cr1_0500p_00002.cbf,476,604,229,378,128,149,19072
3994,cr1_0500p_00003.cbf,480,605,232,382,125,150,18750
3995,cr1_0500p_00004.cbf,478,604,233,380,126,147,18522
3996,cr1_0500p_00005.cbf,478,608,230,376,130,146,18980
3997,cr1_0500p_00006.cbf,481,603,229,381,122,152,18544
3998,cr1_0500p_00007.cbf,473,605,233,379,132,146,19272
3999,cr1_0500p_00008.cbf,471,603,229,382,132,153,20196
4000,cr1_0501p_00001.cbf,474,603,232,383,129,151,19479
4001,cr1_0501p_00002.cbf,484,594,242,369,110,127,13970
4002,cr1_0501p_00003.cbf,478,607,224,379,129,155,19995
4003,cr1_0501p_00004.cbf,478,603,229,378,125,149,18625
4004,cr1_0501p_00005.cbf,473,604,232,375,131,143,18733
4005,cr1_0501p_00006.cbf,473,604,230,379,131,149,19519
4006,cr1_0501p_00007.cbf,478,608,231,380,130,149,19370
4007,cr1_0501p_00008.cbf,485,596,240,371,111,131,14541
4008,cr1_0502p_00001.cbf,474,604,232,385,130,153,19890
4009,cr1_0502p_00002.cbf,478,606,231,383,128,152,19456
4010,cr1_0502p_00003.cbf,479,605,232,377,126,145,18270
4011,cr1_0502p_00004.cbf,479,606,228,379,127,151,19177
4012,cr1_0502p_00005.cbf,478,609,234,376,131,142,18602
4013,cr1_0502p_00006.cbf,478,603,228,378,125,150,18750
4014,cr1_0502p_00007.cbf,474,605,233,388,131,155,20305
4015,cr1_0502p_00008.cbf,479,608,234,379,129,145,18705
4016,cr1_0503p_00001.cbf,474,604,232,379,130,147,19110
4017,cr1_0503p_00002.cbf,474,604,233,379,130,146,18980
4018,cr1_0503p_00003.cbf,478,605,224,376,127,152,19304
4019,cr1_0503p_00004.cbf,475,606,230,376,131,146,19126
4020,cr1_0503p_00005.cbf,474,603,228,378,129,150,19350
4021,cr1_0503p_00006.cbf,475,606,229,381,131,152,19912
4022,cr1_0503p_00007.cbf,473,610,231,376,137,145,19865
4023,cr1_0503p_00008.cbf,480,606,231,383,126,152,19152
4024,cr1_0504p_00001.cbf,475,603,233,376,128,143,18304
4025,cr1_0504p_00002.cbf,470,605,231,379,135,148,19980
4026,cr1_0504p_00003.cbf,475,610,231,379,135,148,19980
4027,cr1_0504p_00004.cbf,487,594,239,367,107,128,13696
4028,cr1_0504p_00005.cbf,476,605,230,383,129,153,19737
4029,cr1_0504p_00006.cbf,473,604,229,378,131,149,19519
4030,cr1_0504p_00007.cbf,475,609,232,377,134,145,19430
4031,cr1_0504p_00008.cbf,479,606,232,380,127,148,18796
4032,cr1_0505p_00001.cbf,477,607,230,377,130,147,19110
4033,cr1_0505p_00002.cbf,478,606,234,386,128,152,19456
4034,cr1_0505p_00003.cbf,476,605,230,376,129,146,18834
4035,cr1_0505p_00004.cbf,479,603,226,381,124,155,19220
4036,cr1_0505p_00005.cbf,473,604,229,384,131,155,20305
4037,cr1_0505p_00006.cbf,479,609,230,376,130,146,18980
4038,cr1_0505p_00007.cbf,480,604,225,379,124,154,19096
4039,cr1_0505p_00008.cbf,488,595,238,368,107,130,13910
4040,cr1_0506p_00001.cbf,476,611,233,380,135,147,19845
4041,cr1_0506p_00002.cbf,486,595,240,369,109,129,14061
4042,cr1_0506p_00003.cbf,476,608,231,378,132,147,19404
4043,cr1_0506p_00004.cbf,470,607,231,381,137,150,20550
4044,cr1_0506p_00005.cbf,474,608,230,378,134,148,19832
4045,cr1_0506p_00006.cbf,469,610,232,374,141,142,20022
4046,cr1_0506p_00007.cbf,476,608,227,378,132,151,19932
4047,cr1_0506p_00008.cbf,483,596,241,368,113,127,14351
4048,cr1_0507p_00001.cbf,475,607,225,380,132,155,20460
4049,cr1_0507p_00002.cbf,470,607,234,382,137,148,20276
4050,cr1_0507p_00003.cbf,474,607,229,377,133,148,19684
4051,cr1_0507p_00004.cbf,475,606,224,377,131,153,20043
4052,cr1_0507p_00005.cbf,476,605,226,381,129,155,19995
4053,cr1_0507p_00006.cbf,475,607,228,380,132,152,20064
4054,cr1_0507p_00007.cbf,486,598,241,369,112,128,14336
4055,cr1_0507p_00008.cbf,479,611,232,378,132,146,19272
4056,cr1_0508p_00001.cbf,486,597,240,372,111,132,14652
4057,cr1_0508p_00002.cbf,485,597,238,369,112,131,14672
4058,cr1_0508p_00003.cbf,485,596,238,371,111,133,14763
4059,cr1_0508p_00004.cbf,486,595,238,369,109,131,14279
4060,cr1_0508p_00005.cbf,473,608,231,379,135,148,19980
4061,cr1_0508p_00006.cbf,475,600,225,379,125,154,19250
4062,cr1_0508p_00007.cbf,486,595,238,369,109,131,14279
4063,cr1_0508p_00008.cbf,475,608,230,380,133,150,19950
4064,cr1_0509p_00001.cbf,474,604,234,386,130,152,19760
4065,cr1_0509p_00002.cbf,487,596,242,370,109,128,13952
4066,cr1_0509p_00003.cbf,474,608,230,382,134,152,20368
4067,cr1_0509p_00004.cbf,476,608,226,377,132,151,19932
4068,cr1_0509p_00005.cbf,486,595,238,369,109,131,14279
4069,cr1_0509p_00006.cbf,473,606,231,383,133,152,20216
4070,cr1_0509p_00007.cbf,477,611,234,380,134,146,19564
4071,cr1_0509p_00008.cbf,475,608,228,381,133,153,20349
4072,cr1_0510p_00001.cbf,474,608,230,382,134,152,20368
4073,cr1_0510p_00002.cbf,475,608,231,379,133,148,19684
4074,cr1_0510p_00003.cbf,476,602,230,384,126,154,19404
4075,cr1_0510p_00004.cbf,488,596,238,369,108,131,14148
4076,cr1_0510p_00005.cbf,486,596,240,370,110,130,14300
4077,cr1_0510p_00006.cbf,472,606,234,383,134,149,19966
4078,cr1_0510p_00007.cbf,475,606,227,382,131,155,20305
4079,cr1_0510p_00008.cbf,485,595,239,370,110,131,14410
4080,cr1_0511p_00001.cbf,485,595,241,370,110,129,14190
4081,cr1_0511p_00002.cbf,485,595,239,370,110,131,14410
4082,cr1_0511p_00003.cbf,476,605,230,388,129,158,20382
4083,cr1_0511p_00004.cbf,477,605,229,382,128,153,19584
4084,cr1_0511p_00005.cbf,476,606,233,379,130,146,18980
4085,cr1_0511p_00006.cbf,473,604,232,379,131,147,19257
4086,cr1_0511p_00007.cbf,473,606,234,380,133,146,19418
4087,cr1_0511p_00008.cbf,478,607,231,378,129,147,18963
4088,cr1_0512p_00001.cbf,477,608,227,384,131,157,20567
4089,cr1_0512p_00002.cbf,484,596,239,371,112,132,14784
4090,cr1_0512p_00003.cbf,478,609,230,381,131,151,19781
4091,cr1_0512p_00004.cbf,487,595,239,368,108,129,13932
4092,cr1_0512p_00005.cbf,487,593,241,369,106,128,13568
4093,cr1_0512p_00006.cbf,475,607,230,386,132,156,20592
4094,cr1_0512p_00007.cbf,474,611,233,383,137,150,20550
4095,cr1_0512p_00008.cbf,485,595,239,370,110,131,14410
4096,cr1_0513p_00001.cbf,468,609,234,380,141,146,20586
4097,cr1_0513p_00002.cbf,486,595,241,373,109,132,14388
4098,cr1_0513p_00003.cbf,473,610,230,376,137,146,20002
4099,cr1_0513p_00004.cbf,477,603,227,380,126,153,19278
4100,cr1_0513p_00005.cbf,474,605,229,379,131,150,19650
4101,cr1_0513p_00006.cbf,472,607,229,380,135,151,20385
4102,cr1_0513p_00007.cbf,476,605,229,379,129,150,19350
4103,cr1_0513p_00008.cbf,475,606,227,379,131,152,19912
4104,cr1_0514p_00001.cbf,478,606,231,379,128,148,18944
4105,cr1_0514p_00002.cbf,486,595,239,368,109,129,14061
4106,cr1_0514p_00003.cbf,475,604,228,380,129,152,19608
4107,cr1_0514p_00004.cbf,473,606,233,382,133,149,19817
4108,cr1_0514p_00005.cbf,487,594,240,370,107,130,13910
4109,cr1_0514p_00006.cbf,478,606,233,379,128,146,18688
4110,cr1_0514p_00007.cbf,475,609,231,379,134,148,19832
4111,cr1_0514p_00008.cbf,474,611,233,381,137,148,20276
4112,cr1_0515p_00001.cbf,476,606,233,379,130,146,18980
4113,cr1_0515p_00002.cbf,476,606,231,379,130,148,19240
4114,cr1_0515p_00003.cbf,476,606,228,384,130,156,20280
4115,cr1_0515p_00004.cbf,477,613,232,374,136,142,19312
4116,cr1_0515p_00005.cbf,478,605,232,382,127,150,19050
4117,cr1_0515p_00006.cbf,485,595,239,372,110,133,14630
4118,cr1_0515p_00007.cbf,477,606,228,378,129,150,19350
4119,cr1_0515p_00008.cbf,485,597,238,368,112,130,14560
4120,cr1_0516p_00001.cbf,468,610,233,378,142,145,20590
4121,cr1_0516p_00002.cbf,484,595,239,372,111,133,14763
4122,cr1_0516p_00003.cbf,485,597,237,368,112,131,14672
4123,cr1_0516p_00004.cbf,479,609,231,376,130,145,18850
4124,cr1_0516p_00005.cbf,470,607,233,379,137,146,20002
4125,cr1_0516p_00006.cbf,479,606,231,380,127,149,18923
4126,cr1_0516p_00007.cbf,485,596,240,370,111,130,14430
4127,cr1_0516p_00008.cbf,476,608,224,379,132,155,20460
4128,cr1_0517p_00001.cbf,484,596,241,370,112,129,14448
4129,cr1_0517p_00002.cbf,474,609,233,380,135,147,19845
4130,cr1_0517p_00003.cbf,477,605,232,381,128,149,19072
4131,cr1_0517p_00004.cbf,479,604,227,378,125,151,18875
4132,cr1_0517p_00005.cbf,476,606,234,381,130,147,19110
4133,cr1_0517p_00006.cbf,487,596,241,370,109,129,14061
4134,cr1_0517p_00007.cbf,468,606,234,382,138,148,20424
4135,cr1_0517p_00008.cbf,471,607,233,381,136,148,20128
4136,cr1_0518p_00001.cbf,476,611,231,383,135,152,20520
4137,cr1_0518p_00002.cbf,487,597,240,370,110,130,14300
4138,cr1_0518p_00003.cbf,472,605,232,382,133,150,19950
4139,cr1_0518p_00004.cbf,475,607,233,383,132,150,19800
4140,cr1_0518p_00005.cbf,479,608,230,380,129,150,19350
4141,cr1_0518p_00006.cbf,475,606,231,385,131,154,20174
4142,cr1_0518p_00007.cbf,486,597,239,369,111,130,14430
4143,cr1_0518p_00008.cbf,478,607,229,379,129,150,19350
4144,cr1_0519p_00001.cbf,471,606,228,379,135,151,20385
4145,cr1_0519p_00002.cbf,479,604,234,382,125,148,18500
4146,cr1_0519p_00003.cbf,476,611,226,376,135,150,20250
4147,cr1_0519p_00004.cbf,474,604,229,384,130,155,20150
4148,cr1_0519p_00005.cbf,472,603,226,379,131,153,20043
4149,cr1_0519p_00006.cbf,488,597,238,369,109,131,14279
4150,cr1_0519p_00007.cbf,475,608,231,378,133,147,19551
4151,cr1_0519p_00008.cbf,475,603,228,378,128,150,19200
4152,cr1_0520p_00001.cbf,473,607,231,377,134,146,19564
4153,cr1_0520p_00002.cbf,475,607,235,380,132,145,19140
4154,cr1_0520p_00003.cbf,477,608,233,381,131,148,19388
4155,cr1_0520p_00004.cbf,474,605,229,381,131,152,19912
4156,cr1_0520p_00005.cbf,473,607,229,380,134,151,20234
4157,cr1_0520p_00006.cbf,478,605,232,379,127,147,18669
4158,cr1_0520p_00007.cbf,488,597,239,368,109,129,14061
4159,cr1_0520p_00008.cbf,487,596,240,370,109,130,14170
4160,cr1_0521p_00001.cbf,472,605,230,380,133,150,19950
4161,cr1_0521p_00002.cbf,486,597,239,370,111,131,14541
4162,cr1_0521p_00003.cbf,475,605,234,380,130,146,18980
4163,cr1_0521p_00004.cbf,476,606,233,380,130,147,19110
4164,cr1_0521p_00005.cbf,472,606,233,378,134,145,19430
4165,cr1_0521p_00006.cbf,477,605,228,379,128,151,19328
4166,cr1_0521p_00007.cbf,474,601,227,378,127,151,19177
4167,cr1_0521p_00008.cbf,480,607,227,386,127,159,20193
4168,cr1_0522p_00001.cbf,488,596,240,367,108,127,13716
4169,cr1_0522p_00002.cbf,474,605,232,382,131,150,19650
4170,cr1_0522p_00003.cbf,477,604,230,380,127,150,19050
4171,cr1_0522p_00004.cbf,475,612,230,379,137,149,20413
4172,cr1_0522p_00005.cbf,486,595,240,370,109,130,14170
4173,cr1_0522p_00006.cbf,488,595,240,372,107,132,14124
4174,cr1_0522p_00007.cbf,487,596,241,369,109,128,13952
4175,cr1_0522p_00008.cbf,487,595,241,368,108,127,13716
4176,cr1_0523p_00001.cbf,474,609,230,382,135,152,20520
4177,cr1_0523p_00002.cbf,487,595,240,369,108,129,13932
4178,cr1_0523p_00003.cbf,478,605,232,381,127,149,18923
4179,cr1_0523p_00004.cbf,475,604,231,382,129,151,19479
4180,cr1_0523p_00005.cbf,476,608,231,379,132,148,19536
4181,cr1_0523p_00006.cbf,477,605,234,382,128,148,18944
4182,cr1_0523p_00007.cbf,478,606,235,385,128,150,19200
4183,cr1_0523p_00008.cbf,486,597,238,369,111,131,14541
4184,cr1_0524p_00001.cbf,487,597,240,371,110,131,14410
4185,cr1_0524p_00002.cbf,479,609,232,385,130,153,19890
4186,cr1_0524p_00003.cbf,470,602,226,378,132,152,20064
4187,cr1_0524p_00004.cbf,476,607,230,380,131,150,19650
4188,cr1_0524p_00005.cbf,478,605,233,384,127,151,19177
4189,cr1_0524p_00006.cbf,486,594,242,370,108,128,13824
4190,cr1_0524p_00007.cbf,479,608,230,377,129,147,18963
4191,cr1_0524p_00008.cbf,474,608,233,381,134,148,19832
4192,cr1_0525p_00001.cbf,473,605,225,379,132,154,20328
4193,cr1_0525p_00002.cbf,470,605,233,382,135,149,20115
4194,cr1_0525p_00003.cbf,477,607,234,380,130,146,18980
4195,cr1_0525p_00004.cbf,480,611,231,387,131,156,20436
4196,cr1_0525p_00005.cbf,475,608,229,382,133,153,20349
4197,cr1_0525p_00006.cbf,476,611,233,380,135,147,19845
4198,cr1_0525p_00007.cbf,474,609,230,379,135,149,20115
4199,cr1_0525p_00008.cbf,473,603,234,383,130,149,19370
4200,cr1_0526p_00001.cbf,477,606,230,380,129,150,19350
4201,cr1_0526p_00002.cbf,480,609,229,381,129,152,19608
4202,cr1_0526p_00003.cbf,485,593,241,368,108,127,13716
4203,cr1_0526p_00004.cbf,480,602,230,386,122,156,19032
4204,cr1_0526p_00005.cbf,475,604,228,383,129,155,19995
4205,cr1_0526p_00006.cbf,476,602,229,381,126,152,19152
4206,cr1_0526p_00007.cbf,477,605,230,383,128,153,19584
4207,cr1_0526p_00008.cbf,476,609,233,378,133,145,19285
4208,cr1_0527p_00001.cbf,486,596,239,371,110,132,14520
4209,cr1_0527p_00002.cbf,476,604,234,378,128,144,18432
4210,cr1_0527p_00003.cbf,474,607,227,377,133,150,19950
4211,cr1_0527p_00004.cbf,475,612,230,379,137,149,20413
4212,cr1_0527p_00005.cbf,489,595,239,368,106,129,13674
4213,cr1_0527p_00006.cbf,488,594,242,370,106,128,13568
4214,cr1_0527p_00007.cbf,488,595,242,369,107,127,13589
4215,cr1_0527p_00008.cbf,476,607,231,379,131,148,19388
4216,cr1_0528p_00001.cbf,472,607,233,382,135,149,20115
4217,cr1_0528p_00002.cbf,478,606,231,378,128,147,18816
4218,cr1_0528p_00003.cbf,471,604,230,378,133,148,19684
4219,cr1_0528p_00004.cbf,479,607,227,377,128,150,19200
4220,cr1_0528p_00005.cbf,476,603,232,379,127,147,18669
4221,cr1_0528p_00006.cbf,472,603,233,380,131,147,19257
4222,cr1_0528p_00007.cbf,477,614,233,381,137,148,20276
4223,cr1_0528p_00008.cbf,480,604,232,380,124,148,18352
4224,cr1_0529p_00001.cbf,475,606,230,380,131,150,19650
4225,cr1_0529p_00002.cbf,486,596,240,371,110,131,14410
4226,cr1_0529p_00003.cbf,477,604,231,379,127,148,18796
4227,cr1_0529p_00004.cbf,475,605,226,378,130,152,19760
4228,cr1_0529p_00005.cbf,476,607,231,380,131,149,19519
4229,cr1_0529p_00006.cbf,480,604,228,376,124,148,18352
4230,cr1_0529p_00007.cbf,476,603,223,378,127,155,19685
4231,cr1_0529p_00008.cbf,486,596,241,370,110,129,14190
4232,cr1_0530p_00001.cbf,475,608,229,377,133,148,19684
4233,cr1_0530p_00002.cbf,487,596,241,371,109,130,14170
4234,cr1_0530p_00003.cbf,480,609,226,378,129,152,19608
4235,cr1_0530p_00004.cbf,478,605,231,376,127,145,18415
4236,cr1_0530p_00005.cbf,487,592,239,368,105,129,13545
4237,cr1_0530p_00006.cbf,478,603,232,378,125,146,18250
4238,cr1_0530p_00007.cbf,477,606,226,381,129,155,19995
4239,cr1_0530p_00008.cbf,478,606,225,381,128,156,19968
4240,cr1_0531p_00001.cbf,472,604,233,379,132,146,19272
4241,cr1_0531p_00002.cbf,476,607,232,379,131,147,19257
4242,cr1_0531p_00003.cbf,477,603,232,381,126,149,18774
4243,cr1_0531p_00004.cbf,477,604,234,381,127,147,18669
4244,cr1_0531p_00005.cbf,479,610,227,382,131,155,20305
4245,cr1_0531p_00006.cbf,479,604,234,379,125,145,18125
4246,cr1_0531p_00007.cbf,473,604,230,383,131,153,20043
4247,cr1_0531p_00008.cbf,476,605,233,383,129,150,19350
4248,cr1_0532p_00001.cbf,485,596,240,369,111,129,14319
4249,cr1_0532p_00002.cbf,470,603,230,381,133,151,20083
4250,cr1_0532p_00003.cbf,477,611,233,382,134,149,19966
4251,cr1_0532p_00004.cbf,475,606,227,378,131,151,19781
4252,cr1_0532p_00005.cbf,476,605,225,383,129,158,20382
4253,cr1_0532p_00006.cbf,481,606,228,376,125,148,18500
4254,cr1_0532p_00007.cbf,477,604,232,382,127,150,19050
4255,cr1_0532p_00008.cbf,476,607,232,381,131,149,19519
4256,cr1_0533p_00001.cbf,476,607,237,378,131,141,18471
4257,cr1_0533p_00002.cbf,473,607,233,380,134,147,19698
4258,cr1_0533p_00003.cbf,478,605,231,377,127,146,18542
4259,cr1_0533p_00004.cbf,476,604,230,376,128,146,18688
4260,cr1_0533p_00005.cbf,485,595,236,368,110,132,14520
4261,cr1_0533p_00006.cbf,475,602,232,378,127,146,18542
4262,cr1_0533p_00007.cbf,472,609,230,380,137,150,20550
4263,cr1_0533p_00008.cbf,479,604,232,377,125,145,18125
4264,cr1_0534p_00001.cbf,474,604,226,380,130,154,20020
4265,cr1_0534p_00002.cbf,486,594,240,369,108,129,13932
4266,cr1_0534p_00003.cbf,480,603,231,381,123,150,18450
4267,cr1_0534p_00004.cbf,475,602,230,377,127,147,18669
4268,cr1_0534p_00005.cbf,489,595,237,369,106,132,13992
4269,cr1_0534p_00006.cbf,479,607,235,382,128,147,18816
4270,cr1_0534p_00007.cbf,486,596,240,370,110,130,14300
4271,cr1_0534p_00008.cbf,486,594,240,372,108,132,14256
4272,cr1_0535p_00001.cbf,476,606,228,385,130,157,20410
4273,cr1_0535p_00002.cbf,478,606,234,376,128,142,18176
4274,cr1_0535p_00003.cbf,477,601,231,379,124,148,18352
4275,cr1_0535p_00004.cbf,475,605,226,377,130,151,19630
4276,cr1_0535p_00005.cbf,475,602,229,385,127,156,19812
4277,cr1_0535p_00006.cbf,489,595,240,371,106,131,13886
4278,cr1_0535p_00007.cbf,477,604,232,378,127,146,18542
4279,cr1_0535p_00008.cbf,477,605,229,379,128,150,19200
4280,cr1_0536p_00001.cbf,477,603,234,378,126,144,18144
4281,cr1_0536p_00002.cbf,477,603,232,379,126,147,18522
4282,cr1_0536p_00003.cbf,473,607,227,379,134,152,20368
4283,cr1_0536p_00004.cbf,478,606,230,380,128,150,19200
4284,cr1_0536p_00005.cbf,477,605,227,377,128,150,19200
4285,cr1_0536p_00006.cbf,479,606,235,380,127,145,18415
4286,cr1_0536p_00007.cbf,479,608,227,376,129,149,19221
4287,cr1_0536p_00008.cbf,487,594,240,369,107,129,13803
4288,cr1_0537p_00001.cbf,478,604,234,385,126,151,19026
4289,cr1_0537p_00002.cbf,477,603,231,379,126,148,18648
4290,cr1_0537p_00003.cbf,474,605,230,377,131,147,19257
4291,cr1_0537p_00004.cbf,469,607,231,375,138,144,19872
4292,cr1_0537p_00005.cbf,476,606,233,382,130,149,19370
4293,cr1_0537p_00006.cbf,476,605,233,380,129,147,18963
4294,cr1_0537p_00007.cbf,478,612,230,379,134,149,19966
4295,cr1_0537p_00008.cbf,478,606,231,380,128,149,19072
4296,cr1_0538p_00001.cbf,478,603,233,378,125,145,18125
4297,cr1_0538p_00002.cbf,478,606,231,381,128,150,19200
4298,cr1_0538p_00003.cbf,479,605,231,378,126,147,18522
4299,cr1_0538p_00004.cbf,479,606,232,377,127,145,18415
4300,cr1_0538p_00005.cbf,475,604,231,381,129,150,19350
4301,cr1_0538p_00006.cbf,473,605,235,381,132,146,19272
4302,cr1_0538p_00007.cbf,477,606,225,377,129,152,19608
4303,cr1_0538p_00008.cbf,478,603,228,379,125,151,18875
4304,cr1_0539p_00001.cbf,478,608,234,379,130,145,18850
4305,cr1_0539p_00002.cbf,472,604,228,378,132,150,19800
4306,cr1_0539p_00003.cbf,477,609,231,379,132,148,19536
4307,cr1_0539p_00004.cbf,477,608,224,380,131,156,20436
4308,cr1_0539p_00005.cbf,475,612,228,376,137,148,20276
4309,cr1_0539p_00006.cbf,488,596,238,370,108,132,14256
4310,cr1_0539p_00007.cbf,477,607,226,383,130,157,20410
4311,cr1_0539p_00008.cbf,475,604,226,381,129,155,19995
4312,cr1_0540p_00001.cbf,486,596,238,370,110,132,14520
4313,cr1_0540p_00002.cbf,477,607,225,381,130,156,20280
4314,cr1_0540p_00003.cbf,469,604,230,381,135,151,20385
4315,cr1_0540p_00004.cbf,475,605,226,380,130,154,20020
4316,cr1_0540p_00005.cbf,486,594,238,372,108,134,14472
4317,cr1_0540p_00006.cbf,486,594,241,369,108,128,13824
4318,cr1_0540p_00007.cbf,474,609,232,380,135,148,19980
4319,cr1_0540p_00008.cbf,486,596,237,371,110,134,14740
4320,cr1_0541p_00001.cbf,474,605,230,378,131,148,19388
4321,cr1_0541p_00002.cbf,472,606,228,379,134,151,20234
4322,cr1_0541p_00003.cbf,485,595,240,368,110,128,14080
4323,cr1_0541p_00004.cbf,473,605,232,384,132,152,20064
4324,cr1_0541p_00005.cbf,476,604,229,387,128,158,20224
4325,cr1_0541p_00006.cbf,477,606,234,381,129,147,18963
4326,cr1_0541p_00007.cbf,475,606,230,387,131,157,20567
4327,cr1_0541p_00008.cbf,486,597,240,371,111,131,14541
4328,cr1_0542p_00001.cbf,483,594,238,368,111,130,14430
4329,cr1_0542p_00002.cbf,484,597,240,370,113,130,14690
4330,cr1_0542p_00003.cbf,474,607,228,380,133,152,20216
4331,cr1_0542p_00004.cbf,476,605,231,376,129,145,18705
4332,cr1_0542p_00005.cbf,474,609,233,380,135,147,19845
4333,cr1_0542p_00006.cbf,477,607,230,380,130,150,19500
4334,cr1_0542p_00007.cbf,475,603,232,380,128,148,18944
4335,cr1_0542p_00008.cbf,474,606,229,380,132,151,19932
4336,cr1_0543p_00001.cbf,484,597,240,368,113,128,14464
4337,cr1_0543p_00002.cbf,470,607,231,379,137,148,20276
4338,cr1_0543p_00003.cbf,484,596,241,371,112,130,14560
4339,cr1_0543p_00004.cbf,485,594,241,370,109,129,14061
4340,cr1_0543p_00005.cbf,476,603,232,382,127,150,19050
4341,cr1_0543p_00006.cbf,476,601,233,388,125,155,19375
4342,cr1_0543p_00007.cbf,487,596,239,372,109,133,14497
4343,cr1_0543p_00008.cbf,483,595,240,369,112,129,14448
4344,cr1_0544p_00001.cbf,486,593,239,369,107,130,13910
4345,cr1_0544p_00002.cbf,477,605,228,384,128,156,19968
4346,cr1_0544p_00003.cbf,476,608,229,382,132,153,20196
4347,cr1_0544p_00004.cbf,475,607,231,380,132,149,19668
4348,cr1_0544p_00005.cbf,475,606,232,381,131,149,19519
4349,cr1_0544p_00006.cbf,479,603,234,385,124,151,18724
4350,cr1_0544p_00007.cbf,475,608,230,383,133,153,20349
4351,cr1_0544p_00008.cbf,473,606,230,380,133,150,19950
4352,cr1_0545p_00001.cbf,486,596,239,372,110,133,14630
4353,cr1_0545p_00002.cbf,484,595,239,370,111,131,14541
4354,cr1_0545p_00003.cbf,473,604,228,383,131,155,20305
4355,cr1_0545p_00004.cbf,485,597,239,370,112,131,14672
4356,cr1_0545p_00005.cbf,486,593,242,372,107,130,13910
4357,cr1_0545p_00006.cbf,485,596,243,374,111,131,14541
4358,cr1_0545p_00007.cbf,486,596,239,374,110,135,14850
4359,cr1_0545p_00008.cbf,473,608,227,377,135,150,20250
4360,cr1_0546p_00001.cbf,486,596,240,370,110,130,14300
4361,cr1_0546p_00002.cbf,476,607,230,381,131,151,19781
4362,cr1_0546p_00003.cbf,486,595,240,372,109,132,14388
4363,cr1_0546p_00004.cbf,475,607,230,378,132,148,19536
4364,cr1_0546p_00005.cbf,478,606,232,381,128,149,19072
4365,cr1_0546p_00006.cbf,486,593,240,372,107,132,14124
4366,cr1_0546p_00007.cbf,475,607,226,379,132,153,20196
4367,cr1_0546p_00008.cbf,474,612,228,377,138,149,20562
4368,cr1_0547p_00001.cbf,476,607,227,379,131,152,19912
4369,cr1_0547p_00002.cbf,482,598,238,373,116,135,15660
4370,cr1_0547p_00003.cbf,487,595,241,370,108,129,13932
4371,cr1_0547p_00004.cbf,477,605,232,388,128,156,19968
4372,cr1_0547p_00005.cbf,477,606,234,384,129,150,19350
4373,cr1_0547p_00006.cbf,476,605,233,385,129,152,19608
4374,cr1_0547p_00007.cbf,475,606,236,384,131,148,19388
4375,cr1_0547p_00008.cbf,474,608,230,381,134,151,20234
4376,cr1_0548p_00001.cbf,475,613,230,379,138,149,20562
4377,cr1_0548p_00002.cbf,485,594,241,369,109,128,13952
4378,cr1_0548p_00003.cbf,475,605,234,382,130,148,19240
4379,cr1_0548p_00004.cbf,477,606,234,384,129,150,19350
4380,cr1_0548p_00005.cbf,472,604,232,384,132,152,20064
4381,cr1_0548p_00006.cbf,477,605,233,390,128,157,20096
4382,cr1_0548p_00007.cbf,472,604,225,379,132,154,20328
4383,cr1_0548p_00008.cbf,473,604,232,381,131,149,19519
4384,cr1_0549p_00001.cbf,475,609,227,378,134,151,20234
4385,cr1_0549p_00002.cbf,472,607,229,380,135,151,20385
4386,cr1_0549p_00003.cbf,485,595,242,368,110,126,13860
4387,cr1_0549p_00004.cbf,476,603,231,386,127,155,19685
4388,cr1_0549p_00005.cbf,477,604,237,385,127,148,18796
4389,cr1_0549p_00006.cbf,475,608,231,384,133,153,20349
4390,cr1_0549p_00007.cbf,486,597,242,372,111,130,14430
4391,cr1_0549p_00008.cbf,477,604,231,382,127,151,19177
4392,cr1_0550p_00001.cbf,475,608,235,384,133,149,19817
4393,cr1_0550p_00002.cbf,476,608,230,385,132,155,20460
4394,cr1_0550p_00003.cbf,475,604,229,381,129,152,19608
4395,cr1_0550p_00004.cbf,477,607,236,387,130,151,19630
4396,cr1_0550p_00005.cbf,488,594,245,373,106,128,13568
4397,cr1_0550p_00006.cbf,478,606,234,385,128,151,19328
4398,cr1_0550p_00007.cbf,473,609,236,381,136,145,19720
4399,cr1_0550p_00008.cbf,469,609,235,380,140,145,20300
4400,cr1_0551p_00001.cbf,471,605,234,380,134,146,19564
4401,cr1_0551p_00002.cbf,477,606,231,383,129,152,19608
4402,cr1_0551p_00003.cbf,474,608,232,379,134,147,19698
4403,cr1_0551p_00004.cbf,487,595,241,371,108,130,14040
4404,cr1_0551p_00005.cbf,487,595,244,375,108,131,14148
4405,cr1_0551p_00006.cbf,476,603,235,387,127,152,19304
4406,cr1_0551p_00007.cbf,488,594,242,371,106,129,13674
4407,cr1_0551p_00008.cbf,480,615,235,380,135,145,19575
4408,cr1_0552p_00001.cbf,474,606,232,382,132,150,19800
4409,cr1_0552p_00002.cbf,473,606,232,381,133,149,19817
4410,cr1_0552p_00003.cbf,478,605,234,383,127,149,18923
4411,cr1_0552p_00004.cbf,475,607,236,385,132,149,19668
4412,cr1_0552p_00005.cbf,487,594,248,378,107,130,13910
4413,cr1_0552p_00006.cbf,477,605,234,382,128,148,18944
4414,cr1_0552p_00007.cbf,486,595,242,371,109,129,14061
4415,cr1_0552p_00008.cbf,487,596,241,371,109,130,14170
4416,cr1_0553p_00001.cbf,476,603,234,386,127,152,19304
4417,cr1_0553p_00002.cbf,474,607,230,377,133,147,19551
4418,cr1_0553p_00003.cbf,485,594,239,369,109,130,14170
4419,cr1_0553p_00004.cbf,477,606,229,384,129,155,19995
4420,cr1_0553p_00005.cbf,472,608,237,386,136,149,20264
4421,cr1_0553p_00006.cbf,477,604,234,389,127,155,19685
4422,cr1_0553p_00007.cbf,477,604,235,381,127,146,18542
4423,cr1_0553p_00008.cbf,476,607,229,380,131,151,19781
4424,cr1_0554p_00001.cbf,475,612,232,380,137,148,20276
4425,cr1_0554p_00002.cbf,477,607,231,379,130,148,19240
4426,cr1_0554p_00003.cbf,483,597,240,370,114,130,14820
4427,cr1_0554p_00004.cbf,485,595,244,373,110,129,14190
4428,cr1_0554p_00005.cbf,476,607,238,389,131,151,19781
4429,cr1_0554p_00006.cbf,472,602,236,385,130,149,19370
4430,cr1_0554p_00007.cbf,473,606,237,386,133,149,19817
4431,cr1_0554p_00008.cbf,483,593,241,371,110,130,14300
4432,cr1_0555p_00001.cbf,472,606,235,380,134,145,19430
4433,cr1_0555p_00002.cbf,476,607,232,379,131,147,19257
4434,cr1_0555p_00003.cbf,486,594,241,369,108,128,13824
4435,cr1_0555p_00004.cbf,473,607,238,384,134,146,19564
4436,cr1_0555p_00005.cbf,479,607,237,387,128,150,19200
4437,cr1_0555p_00006.cbf,473,603,235,383,130,148,19240
4438,cr1_0555p_00007.cbf,476,606,228,383,130,155,20150
4439,cr1_0555p_00008.cbf,473,608,233,384,135,151,20385
4440,cr1_0556p_00001.cbf,475,605,223,377,130,154,20020
4441,cr1_0556p_00002.cbf,474,606,234,385,132,151,19932
4442,cr1_0556p_00003.cbf,485,594,240,371,109,131,14279
4443,cr1_0556p_00004.cbf,472,605,230,380,133,150,19950
4444,cr1_0556p_00005.cbf,479,610,235,385,131,150,19650
4445,cr1_0556p_00006.cbf,474,607,239,392,133,153,20349
4446,cr1_0556p_00007.cbf,475,604,235,382,129,147,18963
4447,cr1_0556p_00008.cbf,473,604,232,382,131,150,19650
4448,cr1_0557p_00001.cbf,473,609,231,379,136,148,20128
4449,cr1_0557p_00002.cbf,486,597,241,372,111,131,14541
4450,cr1_0557p_00003.cbf,475,604,231,380,129,149,19221
4451,cr1_0557p_00004.cbf,475,609,233,383,134,150,20100
4452,cr1_0557p_00005.cbf,473,603,237,388,130,151,19630
4453,cr1_0557p_00006.cbf,476,605,239,387,129,148,19092
4454,cr1_0557p_00007.cbf,476,607,233,385,131,152,19912
4455,cr1_0557p_00008.cbf,487,596,238,369,109,131,14279
4456,cr1_0558p_00001.cbf,484,595,241,369,111,128,14208
4457,cr1_0558p_00002.cbf,477,604,227,386,127,159,20193
4458,cr1_0558p_00003.cbf,486,595,242,369,109,127,13843
4459,cr1_0558p_00004.cbf,476,608,236,383,132,147,19404
4460,cr1_0558p_00005.cbf,474,607,236,382,133,146,19418
4461,cr1_0558p_00006.cbf,476,602,234,384,126,150,18900
4462,cr1_0558p_00007.cbf,477,605,231,382,128,151,19328
4463,cr1_0558p_00008.cbf,478,606,236,384,128,148,18944
4464,cr1_0559p_00001.cbf,473,609,234,382,136,148,20128
4465,cr1_0559p_00002.cbf,487,596,239,370,109,131,14279
4466,cr1_0559p_00003.cbf,476,607,232,385,131,153,20043
4467,cr1_0559p_00004.cbf,472,604,231,386,132,155,20460
4468,cr1_0559p_00005.cbf,469,605,239,383,136,144,19584
4469,cr1_0559p_00006.cbf,476,603,235,382,127,147,18669
4470,cr1_0559p_00007.cbf,478,605,235,384,127,149,18923
4471,cr1_0559p_00008.cbf,485,597,238,370,112,132,14784
4472,cr1_0560p_00001.cbf,479,606,235,382,127,147,18669
4473,cr1_0560p_00002.cbf,472,607,229,379,135,150,20250
4474,cr1_0560p_00003.cbf,480,606,231,382,126,151,19026
4475,cr1_0560p_00004.cbf,480,607,236,383,127,147,18669
4476,cr1_0560p_00005.cbf,473,602,239,384,129,145,18705
4477,cr1_0560p_00006.cbf,474,605,239,386,131,147,19257
4478,cr1_0560p_00007.cbf,472,602,235,381,130,146,18980
4479,cr1_0560p_00008.cbf,475,603,228,379,128,151,19328
4480,cr1_0561p_00001.cbf,486,595,238,371,109,133,14497
4481,cr1_0561p_00002.cbf,486,595,237,370,109,133,14497
4482,cr1_0561p_00003.cbf,477,605,232,384,128,152,19456
4483,cr1_0561p_00004.cbf,474,608,237,384,134,147,19698
4484,cr1_0561p_00005.cbf,475,610,239,389,135,150,20250
4485,cr1_0561p_00006.cbf,472,601,240,385,129,145,18705
4486,cr1_0561p_00007.cbf,485,594,243,372,109,129,14061
4487,cr1_0561p_00008.cbf,474,608,234,383,134,149,19966
4488,cr1_0562p_00001.cbf,475,606,233,383,131,150,19650
4489,cr1_0562p_00002.cbf,479,610,230,385,131,155,20305
4490,cr1_0562p_00003.cbf,478,606,233,383,128,150,19200
4491,cr1_0562p_00004.cbf,487,595,245,372,108,127,13716
4492,cr1_0562p_00005.cbf,476,599,241,390,123,149,18327
4493,cr1_0562p_00006.cbf,488,594,248,375,106,127,13462
4494,cr1_0562p_00007.cbf,478,606,234,380,128,146,18688
4495,cr1_0562p_00008.cbf,475,604,228,387,129,159,20511
4496,cr1_0563p_00001.cbf,471,608,233,381,137,148,20276
4497,cr1_0563p_00002.cbf,477,604,233,382,127,149,18923
4498,cr1_0563p_00003.cbf,477,602,225,379,125,154,19250
4499,cr1_0563p_00004.cbf,480,606,233,388,126,155,19530
4500,cr1_0563p_00005.cbf,472,604,241,393,132,152,20064
4501,cr1_0563p_00006.cbf,477,612,241,390,135,149,20115
4502,cr1_0563p_00007.cbf,479,604,235,382,125,147,18375
4503,cr1_0563p_00008.cbf,476,608,230,381,132,151,19932
4504,cr1_0564p_00001.cbf,487,595,242,369,108,127,13716
4505,cr1_0564p_00002.cbf,476,607,229,381,131,152,19912
4506,cr1_0564p_00003.cbf,471,607,235,379,136,144,19584
4507,cr1_0564p_00004.cbf,476,603,238,390,127,152,19304
4508,cr1_0564p_00005.cbf,487,593,251,379,106,128,13568
4509,cr1_0564p_00006.cbf,476,606,234,386,130,152,19760
4510,cr1_0564p_00007.cbf,473,608,238,381,135,143,19305
4511,cr1_0564p_00008.cbf,472,610,234,381,138,147,20286
4512,cr1_0565p_00001.cbf,477,603,226,379,126,153,19278
4513,cr1_0565p_00002.cbf,474,609,232,379,135,147,19845
4514,cr1_0565p_00003.cbf,477,606,231,380,129,149,19221
4515,cr1_0565p_00004.cbf,478,606,238,382,128,144,18432
4516,cr1_0565p_00005.cbf,469,603,244,387,134,143,19162
4517,cr1_0565p_00006.cbf,486,593,246,374,107,128,13696
4518,cr1_0565p_00007.cbf,487,592,245,373,105,128,13440
4519,cr1_0565p_00008.cbf,485,594,240,372,109,132,14388
4520,cr1_0566p_00001.cbf,486,595,240,372,109,132,14388
4521,cr1_0566p_00002.cbf,475,610,230,381,135,151,20385
4522,cr1_0566p_00003.cbf,486,594,241,370,108,129,13932
4523,cr1_0566p_00004.cbf,486,596,245,372,110,127,13970
4524,cr1_0566p_00005.cbf,477,604,241,389,127,148,18796
4525,cr1_0566p_00006.cbf,478,605,242,385,127,143,18161
4526,cr1_0566p_00007.cbf,480,606,236,380,126,144,18144
4527,cr1_0566p_00008.cbf,477,603,229,381,126,152,19152
4528,cr1_0567p_00001.cbf,474,607,234,387,133,153,20349
4529,cr1_0567p_00002.cbf,486,595,242,371,109,129,14061
4530,cr1_0567p_00003.cbf,474,605,230,382,131,152,19912
4531,cr1_0567p_00004.cbf,476,603,232,385,127,153,19431
4532,cr1_0567p_00005.cbf,475,604,241,387,129,146,18834
4533,cr1_0567p_00006.cbf,474,609,232,383,135,151,20385
4534,cr1_0567p_00007.cbf,478,605,235,383,127,148,18796
4535,cr1_0567p_00008.cbf,486,594,241,370,108,129,13932
4536,cr1_0568p_00001.cbf,475,605,234,381,130,147,19110
4537,cr1_0568p_00002.cbf,485,595,241,370,110,129,14190
4538,cr1_0568p_00003.cbf,485,594,240,369,109,129,14061
4539,cr1_0568p_00004.cbf,477,606,238,389,129,151,19479
4540,cr1_0568p_00005.cbf,473,603,236,388,130,152,19760
4541,cr1_0568p_00006.cbf,476,607,233,385,131,152,19912
4542,cr1_0568p_00007.cbf,486,593,243,372,107,129,13803
4543,cr1_0568p_00008.cbf,474,605,234,379,131,145,18995
4544,cr1_0569p_00001.cbf,476,609,234,383,133,149,19817
4545,cr1_0569p_00002.cbf,472,608,235,383,136,148,20128
4546,cr1_0569p_00003.cbf,474,600,230,378,126,148,18648
4547,cr1_0569p_00004.cbf,476,605,233,386,129,153,19737
4548,cr1_0569p_00005.cbf,472,608,245,386,136,141,19176
4549,cr1_0569p_00006.cbf,487,594,250,376,107,126,13482
4550,cr1_0569p_00007.cbf,487,595,244,373,108,129,13932
4551,cr1_0569p_00008.cbf,474,603,231,384,129,153,19737
4552,cr1_0570p_00001.cbf,471,606,235,381,135,146,19710
4553,cr1_0570p_00002.cbf,470,606,232,378,136,146,19856
4554,cr1_0570p_00003.cbf,479,605,234,377,126,143,18018
4555,cr1_0570p_00004.cbf,477,606,234,381,129,147,18963
4556,cr1_0570p_00005.cbf,477,611,245,388,134,143,19162
4557,cr1_0570p_00006.cbf,469,607,241,387,138,146,20148
4558,cr1_0570p_00007.cbf,487,596,245,374,109,129,14061
4559,cr1_0570p_00008.cbf,477,603,232,381,126,149,18774
4560,cr1_0571p_00001.cbf,486,595,242,372,109,130,14170
4561,cr1_0571p_00002.cbf,488,596,240,369,108,129,13932
4562,cr1_0571p_00003.cbf,476,599,231,378,123,147,18081
4563,cr1_0571p_00004.cbf,468,605,237,385,137,148,20276
4564,cr1_0571p_00005.cbf,485,592,247,374,107,127,13589
4565,cr1_0571p_00006.cbf,468,606,241,385,138,144,19872
4566,cr1_0571p_00007.cbf,476,605,239,386,129,147,18963
4567,cr1_0571p_00008.cbf,478,608,235,383,130,148,19240
4568,cr1_0572p_00001.cbf,475,604,234,384,129,150,19350
4569,cr1_0572p_00002.cbf,479,605,232,385,126,153,19278
4570,cr1_0572p_00003.cbf,478,609,234,384,131,150,19650
4571,cr1_0572p_00004.cbf,476,604,233,379,128,146,18688
4572,cr1_0572p_00005.cbf,472,605,239,387,133,148,19684
4573,cr1_0572p_00006.cbf,480,601,232,397,121,165,19965
4574,cr1_0572p_00007.cbf,476,611,236,381,135,145,19575
4575,cr1_0572p_00008.cbf,474,607,233,384,133,151,20083
4576,cr1_0573p_00001.cbf,476,606,231,383,130,152,19760
4577,cr1_0573p_00002.cbf,475,604,233,379,129,146,18834
4578,cr1_0573p_00003.cbf,474,608,231,380,134,149,19966
4579,cr1_0573p_00004.cbf,475,607,232,384,132,152,20064
4580,cr1_0573p_00005.cbf,482,595,247,376,113,129,14577
4581,cr1_0573p_00006.cbf,476,606,234,385,130,151,19630
4582,cr1_0573p_00007.cbf,486,595,245,376,109,131,14279
4583,cr1_0573p_00008.cbf,475,604,233,382,129,149,19221
4584,cr1_0574p_00001.cbf,482,598,241,370,116,129,14964
4585,cr1_0574p_00002.cbf,475,605,229,384,130,155,20150
4586,cr1_0574p_00003.cbf,471,608,231,379,137,148,20276
4587,cr1_0574p_00004.cbf,477,606,231,384,129,153,19737
4588,cr1_0574p_00005.cbf,472,606,239,390,134,151,20234
4589,cr1_0574p_00006.cbf,476,607,240,390,131,150,19650
4590,cr1_0574p_00007.cbf,484,596,242,374,112,132,14784
4591,cr1_0574p_00008.cbf,474,609,234,381,135,147,19845
4592,cr1_0575p_00001.cbf,472,609,235,385,137,150,20550
4593,cr1_0575p_00002.cbf,484,595,239,371,111,132,14652
4594,cr1_0575p_00003.cbf,486,594,240,371,108,131,14148
4595,cr1_0575p_00004.cbf,473,607,237,382,134,145,19430
4596,cr1_0575p_00005.cbf,476,608,244,398,132,154,20328
4597,cr1_0575p_00006.cbf,474,605,234,388,131,154,20174
4598,cr1_0575p_00007.cbf,472,604,236,386,132,150,19800
4599,cr1_0575p_00008.cbf,477,608,233,385,131,152,19912
4600,cr1_0576p_00001.cbf,485,595,242,371,110,129,14190
4601,cr1_0576p_00002.cbf,476,604,230,379,128,149,19072
4602,cr1_0576p_00003.cbf,473,602,232,382,129,150,19350
4603,cr1_0576p_00004.cbf,486,596,241,372,110,131,14410
4604,cr1_0576p_00005.cbf,486,594,246,376,108,130,14040
4605,cr1_0576p_00006.cbf,485,595,246,378,110,132,14520
4606,cr1_0576p_00007.cbf,486,596,245,374,110,129,14190
4607,cr1_0576p_00008.cbf,487,596,242,373,109,131,14279
4608,cr1_0577p_00001.cbf,484,596,241,372,112,131,14672
4609,cr1_0577p_00002.cbf,485,597,240,371,112,131,14672
4610,cr1_0577p_00003.cbf,476,609,233,382,133,149,19817
4611,cr1_0577p_00004.cbf,476,605,237,383,129,146,18834
4612,cr1_0577p_00005.cbf,486,593,249,375,107,126,13482
4613,cr1_0577p_00006.cbf,484,594,247,378,110,131,14410
4614,cr1_0577p_00007.cbf,473,605,232,388,132,156,20592
4615,cr1_0577p_00008.cbf,485,596,239,372,111,133,14763
4616,cr1_0578p_00001.cbf,485,598,240,372,113,132,14916
4617,cr1_0578p_00002.cbf,485,596,241,371,111,130,14430
4618,cr1_0578p_00003.cbf,475,604,230,388,129,158,20382
4619,cr1_0578p_00004.cbf,471,603,236,390,132,154,20328
4620,cr1_0578p_00005.cbf,484,595,252,380,111,128,14208
4621,cr1_0578p_00006.cbf,486,595,249,378,109,129,14061
4622,cr1_0578p_00007.cbf,485,596,242,375,111,133,14763
4623,cr1_0578p_00008.cbf,473,605,234,386,132,152,20064
4624,cr1_0579p_00001.cbf,477,612,232,380,135,148,19980
4625,cr1_0579p_00002.cbf,484,596,241,373,112,132,14784
4626,cr1_0579p_00003.cbf,477,609,234,384,132,150,19800
4627,cr1_0579p_00004.cbf,475,607,236,392,132,156,20592
4628,cr1_0579p_00005.cbf,473,603,236,386,130,150,19500
4629,cr1_0579p_00006.cbf,473,603,235,387,130,152,19760
4630,cr1_0579p_00007.cbf,485,595,245,372,110,127,13970
4631,cr1_0579p_00008.cbf,475,610,234,386,135,152,20520
4632,cr1_0580p_00001.cbf,483,597,240,371,114,131,14934
4633,cr1_0580p_00002.cbf,475,606,232,380,131,148,19388
4634,cr1_0580p_00003.cbf,473,609,231,382,136,151,20536
4635,cr1_0580p_00004.cbf,474,604,233,380,130,147,19110
4636,cr1_0580p_00005.cbf,487,594,248,377,107,129,13803
4637,cr1_0580p_00006.cbf,474,603,237,390,129,153,19737
4638,cr1_0580p_00007.cbf,475,605,234,390,130,156,20280
4639,cr1_0580p_00008.cbf,477,606,235,384,129,149,19221
4640,cr1_0581p_00001.cbf,486,597,241,371,111,130,14430
4641,cr1_0581p_00002.cbf,475,602,234,385,127,151,19177
4642,cr1_0581p_00003.cbf,485,597,239,371,112,132,14784
4643,cr1_0581p_00004.cbf,475,605,236,383,130,147,19110
4644,cr1_0581p_00005.cbf,485,594,245,374,109,129,14061
4645,cr1_0581p_00006.cbf,485,594,245,377,109,132,14388
4646,cr1_0581p_00007.cbf,475,607,237,385,132,148,19536
4647,cr1_0581p_00008.cbf,470,604,231,382,134,151,20234
4648,cr1_0582p_00001.cbf,484,599,240,373,115,133,15295
4649,cr1_0582p_00002.cbf,475,605,227,385,130,158,20540
4650,cr1_0582p_00003.cbf,476,605,231,386,129,155,19995
4651,cr1_0582p_00004.cbf,485,596,242,374,111,132,14652
4652,cr1_0582p_00005.cbf,476,608,239,385,132,146,19272
4653,cr1_0582p_00006.cbf,474,611,239,387,137,148,20276
4654,cr1_0582p_00007.cbf,473,607,234,385,134,151,20234
4655,cr1_0582p_00008.cbf,487,597,240,370,110,130,14300
4656,cr1_0583p_00001.cbf,485,595,241,371,110,130,14300
4657,cr1_0583p_00002.cbf,486,595,239,372,109,133,14497
4658,cr1_0583p_00003.cbf,476,607,232,382,131,150,19650
4659,cr1_0583p_00004.cbf,475,607,233,384,132,151,19932
4660,cr1_0583p_00005.cbf,471,605,239,386,134,147,19698
4661,cr1_0583p_00006.cbf,485,594,248,377,109,129,14061
4662,cr1_0583p_00007.cbf,471,603,238,384,132,146,19272
4663,cr1_0583p_00008.cbf,474,607,233,381,133,148,19684
4664,cr1_0584p_00001.cbf,484,596,241,372,112,131,14672
4665,cr1_0584p_00002.cbf,476,608,231,385,132,154,20328
4666,cr1_0584p_00003.cbf,475,607,234,381,132,147,19404
4667,cr1_0584p_00004.cbf,474,610,235,385,136,150,20400
4668,cr1_0584p_00005.cbf,472,604,235,390,132,155,20460
4669,cr1_0584p_00006.cbf,483,594,248,376,111,128,14208
4670,cr1_0584p_00007.cbf,476,610,235,384,134,149,19966
4671,cr1_0584p_00008.cbf,477,607,234,384,130,150,19500
4672,cr1_0585p_00001.cbf,482,597,240,374,115,134,15410
4673,cr1_0585p_00002.cbf,473,609,232,383,136,151,20536
4674,cr1_0585p_00003.cbf,486,598,239,371,112,132,14784
4675,cr1_0585p_00004.cbf,475,609,234,382,134,148,19832
4676,cr1_0585p_00005.cbf,474,604,232,389,130,157,20410
4677,cr1_0585p_00006.cbf,484,595,245,375,111,130,14430
4678,cr1_0585p_00007.cbf,485,594,241,372,109,131,14279
4679,cr1_0585p_00008.cbf,485,597,241,373,112,132,14784
4680,cr1_0586p_00001.cbf,482,597,240,373,115,133,15295
4681,cr1_0586p_00002.cbf,474,606,230,381,132,151,19932
4682,cr1_0586p_00003.cbf,473,611,231,380,138,149,20562
4683,cr1_0586p_00004.cbf,470,610,236,382,140,146,20440
4684,cr1_0586p_00005.cbf,467,605,240,388,138,148,20424
4685,cr1_0586p_00006.cbf,482,595,245,373,113,128,14464
4686,cr1_0586p_00007.cbf,472,609,232,380,137,148,20276
4687,cr1_0586p_00008.cbf,485,595,241,372,110,131,14410
4688,cr1_0587p_00001.cbf,475,608,232,383,133,151,20083
4689,cr1_0587p_00002.cbf,472,608,236,382,136,146,19856
4690,cr1_0587p_00003.cbf,474,604,233,382,130,149,19370
4691,cr1_0587p_00004.cbf,476,609,233,382,133,149,19817
4692,cr1_0587p_00005.cbf,477,602,232,395,125,163,20375
4693,cr1_0587p_00006.cbf,473,604,232,386,131,154,20174
4694,cr1_0587p_00007.cbf,484,597,243,371,113,128,14464
4695,cr1_0587p_00008.cbf,474,609,235,381,135,146,19710
4696,cr1_0588p_00001.cbf,475,604,231,389,129,158,20382
4697,cr1_0588p_00002.cbf,482,597,241,370,115,129,14835
4698,cr1_0588p_00003.cbf,482,596,239,370,114,131,14934
4699,cr1_0588p_00004.cbf,474,603,234,385,129,151,19479
4700,cr1_0588p_00005.cbf,474,604,239,392,130,153,19890
4701,cr1_0588p_00006.cbf,484,592,247,378,108,131,14148
4702,cr1_0588p_00007.cbf,484,595,245,374,111,129,14319
4703,cr1_0588p_00008.cbf,486,597,241,372,111,131,14541
4704,cr1_0589p_00001.cbf,475,605,233,384,130,151,19630
4705,cr1_0589p_00002.cbf,485,595,240,371,110,131,14410
4706,cr1_0589p_00003.cbf,476,610,233,380,134,147,19698
4707,cr1_0589p_00004.cbf,470,606,234,381,136,147,19992
4708,cr1_0589p_00005.cbf,472,604,240,390,132,150,19800
4709,cr1_0589p_00006.cbf,476,607,237,385,131,148,19388
4710,cr1_0589p_00007.cbf,473,605,232,385,132,153,20196
4711,cr1_0589p_00008.cbf,473,605,232,379,132,147,19404
4712,cr1_0590p_00001.cbf,471,606,229,381,135,152,20520
4713,cr1_0590p_00002.cbf,475,604,233,381,129,148,19092
4714,cr1_0590p_00003.cbf,485,596,240,370,111,130,14430
4715,cr1_0590p_00004.cbf,472,607,233,380,135,147,19845
4716,cr1_0590p_00005.cbf,476,609,238,390,133,152,20216
4717,cr1_0590p_00006.cbf,475,604,236,390,129,154,19866
4718,cr1_0590p_00007.cbf,486,596,246,374,110,128,14080
4719,cr1_0590p_00008.cbf,486,594,241,371,108,130,14040
4720,cr1_0591p_00001.cbf,484,597,241,372,113,131,14803
4721,cr1_0591p_00002.cbf,471,607,234,385,136,151,20536
4722,cr1_0591p_00003.cbf,485,593,241,373,108,132,14256
4723,cr1_0591p_00004.cbf,472,607,233,380,135,147,19845
4724,cr1_0591p_00005.cbf,486,595,253,379,109,126,13734
4725,cr1_0591p_00006.cbf,478,608,244,387,130,143,18590
4726,cr1_0591p_00007.cbf,470,602,235,383,132,148,19536
4727,cr1_0591p_00008.cbf,473,608,232,380,135,148,19980
4728,cr1_0592p_00001.cbf,486,596,242,371,110,129,14190
4729,cr1_0592p_00002.cbf,485,596,242,373,111,131,14541
4730,cr1_0592p_00003.cbf,476,610,230,380,134,150,20100
4731,cr1_0592p_00004.cbf,474,600,231,381,126,150,18900
4732,cr1_0592p_00005.cbf,485,594,248,375,109,127,13843
4733,cr1_0592p_00006.cbf,470,607,239,386,137,147,20139
4734,cr1_0592p_00007.cbf,474,607,235,382,133,147,19551
4735,cr1_0592p_00008.cbf,476,605,234,387,129,153,19737
4736,cr1_0593p_00001.cbf,474,608,230,382,134,152,20368
4737,cr1_0593p_00002.cbf,486,595,239,371,109,132,14388
4738,cr1_0593p_00003.cbf,476,607,233,379,131,146,19126
4739,cr1_0593p_00004.cbf,469,601,232,385,132,153,20196
4740,cr1_0593p_00005.cbf,473,606,233,387,133,154,20482
4741,cr1_0593p_00006.cbf,473,606,234,384,133,150,19950
4742,cr1_0593p_00007.cbf,485,596,244,375,111,131,14541
4743,cr1_0593p_00008.cbf,472,606,231,381,134,150,20100
4744,cr1_0594p_00001.cbf,472,604,232,380,132,148,19536
4745,cr1_0594p_00002.cbf,485,597,240,370,112,130,14560
4746,cr1_0594p_00003.cbf,473,605,232,385,132,153,20196
4747,cr1_0594p_00004.cbf,473,612,235,380,139,145,20155
4748,cr1_0594p_00005.cbf,475,605,237,389,130,152,19760
4749,cr1_0594p_00006.cbf,474,605,236,392,131,156,20436
4750,cr1_0594p_00007.cbf,476,607,234,387,131,153,20043
4751,cr1_0594p_00008.cbf,475,605,234,380,130,146,18980
4752,cr1_0595p_00001.cbf,476,608,232,382,132,150,19800
4753,cr1_0595p_00002.cbf,487,596,240,370,109,130,14170
4754,cr1_0595p_00003.cbf,472,605,234,382,133,148,19684
4755,cr1_0595p_00004.cbf,485,594,244,371,109,127,13843
4756,cr1_0595p_00005.cbf,483,592,252,380,109,128,13952
4757,cr1_0595p_00006.cbf,474,604,244,390,130,146,18980
4758,cr1_0595p_00007.cbf,477,610,233,385,133,152,20216
4759,cr1_0595p_00008.cbf,473,605,235,382,132,147,19404
4760,cr1_0596p_00001.cbf,475,608,231,384,133,153,20349
4761,cr1_0596p_00002.cbf,473,612,235,381,139,146,20294
4762,cr1_0596p_00003.cbf,487,594,241,370,107,129,13803
4763,cr1_0596p_00004.cbf,484,595,242,372,111,130,14430
4764,cr1_0596p_00005.cbf,477,604,241,390,127,149,18923
4765,cr1_0596p_00006.cbf,474,603,239,391,129,152,19608
4766,cr1_0596p_00007.cbf,475,608,236,385,133,149,19817
4767,cr1_0596p_00008.cbf,473,607,233,381,134,148,19832
4768,cr1_0597p_00001.cbf,473,609,234,381,136,147,19992
4769,cr1_0597p_00002.cbf,477,605,232,383,128,151,19328
4770,cr1_0597p_00003.cbf,474,603,233,385,129,152,19608
4771,cr1_0597p_00004.cbf,471,605,234,382,134,148,19832
4772,cr1_0597p_00005.cbf,472,606,234,385,134,151,20234
4773,cr1_0597p_00006.cbf,472,604,237,385,132,148,19536
4774,cr1_0597p_00007.cbf,469,602,232,381,133,149,19817
4775,cr1_0597p_00008.cbf,469,605,233,380,136,147,19992
4776,cr1_0598p_00001.cbf,475,605,235,381,130,146,18980
4777,cr1_0598p_00002.cbf,475,612,234,380,137,146,20002
4778,cr1_0598p_00003.cbf,477,607,228,379,130,151,19630
4779,cr1_0598p_00004.cbf,473,607,230,383,134,153,20502
4780,cr1_0598p_00005.cbf,468,609,239,385,141,146,20586
4781,cr1_0598p_00006.cbf,475,602,237,386,127,149,18923
4782,cr1_0598p_00007.cbf,475,605,234,385,130,151,19630
4783,cr1_0598p_00008.cbf,475,608,233,382,133,149,19817
4784,cr1_0599p_00001.cbf,470,604,237,387,134,150,20100
4785,cr1_0599p_00002.cbf,486,595,241,370,109,129,14061
4786,cr1_0599p_00003.cbf,474,603,236,379,129,143,18447
4787,cr1_0599p_00004.cbf,479,606,232,382,127,150,19050
4788,cr1_0599p_00005.cbf,476,606,236,393,130,157,20410
4789,cr1_0599p_00006.cbf,484,593,250,379,109,129,14061
4790,cr1_0599p_00007.cbf,472,602,238,380,130,142,18460
4791,cr1_0599p_00008.cbf,472,608,234,382,136,148,20128
4792,cr1_0600p_00001.cbf,470,603,233,386,133,153,20349
4793,cr1_0600p_00002.cbf,475,604,228,386,129,158,20382
4794,cr1_0600p_00003.cbf,474,607,234,378,133,144,19152
4795,cr1_0600p_00004.cbf,475,614,232,380,139,148,20572
4796,cr1_0600p_00005.cbf,474,601,235,391,127,156,19812
4797,cr1_0600p_00006.cbf,486,593,248,376,107,128,13696
4798,cr1_0600p_00007.cbf,475,606,235,381,131,146,19126
4799,cr1_0600p_00008.cbf,486,596,242,370,110,128,14080
4800,cr1_0601p_00001.cbf,476,605,230,383,129,153,19737
4801,cr1_0601p_00002.cbf,474,607,234,381,133,147,19551
4802,cr1_0601p_00003.cbf,474,605,228,377,131,149,19519
4803,cr1_0601p_00004.cbf,472,608,236,382,136,146,19856
4804,cr1_0601p_00005.cbf,475,606,234,389,131,155,20305
4805,cr1_0601p_00006.cbf,486,593,249,375,107,126,13482
4806,cr1_0601p_00007.cbf,468,612,238,379,144,141,20304
4807,cr1_0601p_00008.cbf,474,606,230,381,132,151,19932
4808,cr1_0602p_00001.cbf,472,608,233,382,136,149,20264
4809,cr1_0602p_00002.cbf,473,608,235,386,135,151,20385
4810,cr1_0602p_00003.cbf,486,596,240,370,110,130,14300
4811,cr1_0602p_00004.cbf,471,604,234,382,133,148,19684
4812,cr1_0602p_00005.cbf,468,605,235,385,137,150,20550
4813,cr1_0602p_00006.cbf,476,603,240,387,127,147,18669
4814,cr1_0602p_00007.cbf,474,607,231,381,133,150,19950
4815,cr1_0602p_00008.cbf,473,602,232,376,129,144,18576
4816,cr1_0603p_00001.cbf,479,603,236,379,124,143,17732
4817,cr1_0603p_00002.cbf,477,607,235,386,130,151,19630
4818,cr1_0603p_00003.cbf,476,608,232,385,132,153,20196
4819,cr1_0603p_00004.cbf,474,608,234,382,134,148,19832
4820,cr1_0603p_00005.cbf,469,603,242,385,134,143,19162
4821,cr1_0603p_00006.cbf,477,604,242,385,127,143,18161
4822,cr1_0603p_00007.cbf,484,597,246,373,113,127,14351
4823,cr1_0603p_00008.cbf,486,595,242,369,109,127,13843
4824,cr1_0604p_00001.cbf,477,603,223,381,126,158,19908
4825,cr1_0604p_00002.cbf,486,597,241,369,111,128,14208
4826,cr1_0604p_00003.cbf,478,603,232,380,125,148,18500
4827,cr1_0604p_00004.cbf,471,605,231,381,134,150,20100
4828,cr1_0604p_00005.cbf,475,609,236,383,134,147,19698
4829,cr1_0604p_00006.cbf,474,600,237,393,126,156,19656
4830,cr1_0604p_00007.cbf,470,605,235,382,135,147,19845
4831,cr1_0604p_00008.cbf,474,606,235,382,132,147,19404
4832,cr1_0605p_00001.cbf,476,607,232,383,131,151,19781
4833,cr1_0605p_00002.cbf,474,607,231,384,133,153,20349
4834,cr1_0605p_00003.cbf,486,596,238,372,110,134,14740
4835,cr1_0605p_00004.cbf,474,610,234,381,136,147,19992
4836,cr1_0605p_00005.cbf,470,600,240,383,130,143,18590
4837,cr1_0605p_00006.cbf,478,613,238,385,135,147,19845
4838,cr1_0605p_00007.cbf,485,595,244,372,110,128,14080
4839,cr1_0605p_00008.cbf,486,595,241,371,109,130,14170
4840,cr1_0606p_00001.cbf,477,610,232,382,133,150,19950
4841,cr1_0606p_00002.cbf,485,593,241,370,108,129,13932
4842,cr1_0606p_00003.cbf,484,596,241,368,112,127,14224
4843,cr1_0606p_00004.cbf,477,607,230,382,130,152,19760
4844,cr1_0606p_00005.cbf,477,601,239,386,124,147,18228
4845,cr1_0606p_00006.cbf,479,608,232,387,129,155,19995
4846,cr1_0606p_00007.cbf,485,594,246,372,109,126,13734
4847,cr1_0606p_00008.cbf,475,607,229,381,132,152,20064
4848,cr1_0607p_00001.cbf,484,597,240,371,113,131,14803
4849,cr1_0607p_00002.cbf,484,599,240,371,115,131,15065
4850,cr1_0607p_00003.cbf,481,595,240,371,114,131,14934
4851,cr1_0607p_00004.cbf,484,597,240,374,113,134,15142
4852,cr1_0607p_00005.cbf,484,593,249,379,109,130,14170
4853,cr1_0607p_00006.cbf,484,595,248,379,111,131,14541
4854,cr1_0607p_00007.cbf,483,596,244,374,113,130,14690
4855,cr1_0607p_00008.cbf,484,596,241,371,112,130,14560
4856,cr1_0608p_00001.cbf,474,609,232,382,135,150,20250
4857,cr1_0608p_00002.cbf,485,596,240,373,111,133,14763
4858,cr1_0608p_00003.cbf,484,598,241,372,114,131,14934
4859,cr1_0608p_00004.cbf,483,595,239,370,112,131,14672
4860,cr1_0608p_00005.cbf,472,607,238,390,135,152,20520
4861,cr1_0608p_00006.cbf,474,607,235,387,133,152,20216
4862,cr1_0608p_00007.cbf,474,604,233,391,130,158,20540
4863,cr1_0608p_00008.cbf,474,607,232,384,133,152,20216
4864,cr1_0609p_00001.cbf,483,597,241,370,114,129,14706
4865,cr1_0609p_00002.cbf,485,597,240,372,112,132,14784
4866,cr1_0609p_00003.cbf,483,597,241,373,114,132,15048
4867,cr1_0609p_00004.cbf,485,594,244,375,109,131,14279
4868,cr1_0609p_00005.cbf,474,607,244,395,133,151,20083
4869,cr1_0609p_00006.cbf,483,593,253,383,110,130,14300
4870,cr1_0609p_00007.cbf,483,597,249,377,114,128,14592
4871,cr1_0609p_00008.cbf,483,595,242,372,112,130,14560
4872,cr1_0610p_00001.cbf,473,607,232,385,134,153,20502
4873,cr1_0610p_00002.cbf,483,597,241,372,114,131,14934
4874,cr1_0610p_00003.cbf,484,595,243,374,111,131,14541
4875,cr1_0610p_00004.cbf,485,593,248,378,108,130,14040
4876,cr1_0610p_00005.cbf,483,593,256,385,110,129,14190
4877,cr1_0610p_00006.cbf,482,594,254,383,112,129,14448
4878,cr1_0610p_00007.cbf,469,606,244,391,137,147,20139
4879,cr1_0610p_00008.cbf,484,597,241,373,113,132,14916
4880,cr1_0611p_00001.cbf,468,610,235,380,142,145,20590
4881,cr1_0611p_00002.cbf,472,607,234,383,135,149,20115
4882,cr1_0611p_00003.cbf,473,604,232,387,131,155,20305
4883,cr1_0611p_00004.cbf,484,596,248,376,112,128,14336
4884,cr1_0611p_00005.cbf,482,594,256,385,112,129,14448
4885,cr1_0611p_00006.cbf,472,608,245,391,136,146,19856
4886,cr1_0611p_00007.cbf,476,607,236,389,131,153,20043
4887,cr1_0611p_00008.cbf,484,596,245,373,112,128,14336
4888,cr1_0612p_00001.cbf,484,599,240,369,115,129,14835
4889,cr1_0612p_00002.cbf,484,596,241,373,112,132,14784
4890,cr1_0612p_00003.cbf,483,594,244,374,111,130,14430
4891,cr1_0612p_00004.cbf,482,596,249,379,114,130,14820
4892,cr1_0612p_00005.cbf,469,605,249,396,136,147,19992
4893,cr1_0612p_00006.cbf,472,608,247,394,136,147,19992
4894,cr1_0612p_00007.cbf,483,595,250,376,112,126,14112
4895,cr1_0612p_00008.cbf,473,603,235,381,130,146,18980
4896,cr1_0613p_00001.cbf,484,596,241,372,112,131,14672
4897,cr1_0613p_00002.cbf,486,596,244,373,110,129,14190
4898,cr1_0613p_00003.cbf,485,597,245,374,112,129,14448
4899,cr1_0613p_00004.cbf,484,595,250,377,111,127,14097
4900,cr1_0613p_00005.cbf,473,607,245,395,134,150,20100
4901,cr1_0613p_00006.cbf,484,595,252,380,111,128,14208
4902,cr1_0613p_00007.cbf,485,595,247,377,110,130,14300
4903,cr1_0613p_00008.cbf,476,608,233,383,132,150,19800
4904,cr1_0614p_00001.cbf,483,597,240,371,114,131,14934
4905,cr1_0614p_00002.cbf,485,598,241,371,113,130,14690
4906,cr1_0614p_00003.cbf,483,597,242,371,114,129,14706
4907,cr1_0614p_00004.cbf,484,598,249,377,114,128,14592
4908,cr1_0614p_00005.cbf,484,594,255,384,110,129,14190
4909,cr1_0614p_00006.cbf,468,604,240,390,136,150,20400
4910,cr1_0614p_00007.cbf,474,609,236,385,135,149,20115
4911,cr1_0614p_00008.cbf,483,596,240,372,113,132,14916
4912,cr1_0615p_00001.cbf,485,596,240,370,111,130,14430
4913,cr1_0615p_00002.cbf,485,598,242,373,113,131,14803
4914,cr1_0615p_00003.cbf,469,606,234,382,137,148,20276
4915,cr1_0615p_00004.cbf,469,607,236,384,138,148,20424
4916,cr1_0615p_00005.cbf,483,594,250,380,111,130,14430
4917,cr1_0615p_00006.cbf,472,606,239,388,134,149,19966
4918,cr1_0615p_00007.cbf,473,607,237,383,134,146,19564
4919,cr1_0615p_00008.cbf,485,598,240,370,113,130,14690
4920,cr1_0616p_00001.cbf,483,596,242,370,113,128,14464
4921,cr1_0616p_00002.cbf,473,605,229,379,132,150,19800
4922,cr1_0616p_00003.cbf,474,608,229,380,134,151,20234
4923,cr1_0616p_00004.cbf,471,606,235,387,135,152,20520
4924,cr1_0616p_00005.cbf,484,597,245,376,113,131,14803
4925,cr1_0616p_00006.cbf,473,605,235,386,132,151,19932
4926,cr1_0616p_00007.cbf,484,596,241,371,112,130,14560
4927,cr1_0616p_00008.cbf,474,608,235,378,134,143,19162
4928,cr1_0617p_00001.cbf,482,599,242,371,117,129,15093
4929,cr1_0617p_00002.cbf,470,608,232,378,138,146,20148
4930,cr1_0617p_00003.cbf,472,608,230,381,136,151,20536
4931,cr1_0617p_00004.cbf,470,604,231,380,134,149,19966
4932,cr1_0617p_00005.cbf,475,605,234,383,130,149,19370
4933,cr1_0617p_00006.cbf,472,607,233,383,135,150,20250
4934,cr1_0617p_00007.cbf,484,595,244,369,111,125,13875
4935,cr1_0617p_00008.cbf,474,607,234,379,133,145,19285
4936,cr1_0618p_00001.cbf,485,599,242,370,114,128,14592
4937,cr1_0618p_00002.cbf,475,611,236,380,136,144,19584
4938,cr1_0618p_00003.cbf,483,598,239,371,115,132,15180
4939,cr1_0618p_00004.cbf,475,610,232,382,135,150,20250
4940,cr1_0618p_00005.cbf,483,596,245,374,113,129,14577
4941,cr1_0618p_00006.cbf,484,596,243,374,112,131,14672
4942,cr1_0618p_00007.cbf,483,596,239,375,113,136,15368
4943,cr1_0618p_00008.cbf,472,606,234,382,134,148,19832
4944,cr1_0619p_00001.cbf,485,598,242,371,113,129,14577
4945,cr1_0619p_00002.cbf,476,606,233,382,130,149,19370
4946,cr1_0619p_00003.cbf,471,607,231,382,136,151,20536
4947,cr1_0619p_00004.cbf,473,606,233,385,133,152,20216
4948,cr1_0619p_00005.cbf,472,609,238,386,137,148,20276
4949,cr1_0619p_00006.cbf,471,607,234,383,136,149,20264
4950,cr1_0619p_00007.cbf,472,612,234,381,140,147,20580
4951,cr1_0619p_00008.cbf,476,609,230,379,133,149,19817
4952,cr1_0620p_00001.cbf,474,607,230,377,133,147,19551
4953,cr1_0620p_00002.cbf,484,597,242,369,113,127,14351
4954,cr1_0620p_00003.cbf,485,596,237,370,111,133,14763
4955,cr1_0620p_00004.cbf,486,596,239,371,110,132,14520
4956,cr1_0620p_00005.cbf,484,597,243,371,113,128,14464
4957,cr1_0620p_00006.cbf,474,611,235,385,137,150,20550
4958,cr1_0620p_00007.cbf,475,608,229,380,133,151,20083
4959,cr1_0620p_00008.cbf,471,607,231,381,136,150,20400
4960,cr1_0621p_00001.cbf,481,597,242,370,116,128,14848
4961,cr1_0621p_00002.cbf,478,606,233,382,128,149,19072
4962,cr1_0621p_00003.cbf,475,606,227,379,131,152,19912
4963,cr1_0621p_00004.cbf,475,606,231,380,131,149,19519
4964,cr1_0621p_00005.cbf,483,594,245,373,111,128,14208
4965,cr1_0621p_00006.cbf,474,608,234,382,134,148,19832
4966,cr1_0621p_00007.cbf,484,598,242,370,114,128,14592
4967,cr1_0621p_00008.cbf,475,607,232,378,132,146,19272
4968,cr1_0622p_00001.cbf,485,600,240,368,115,128,14720
4969,cr1_0622p_00002.cbf,474,609,235,379,135,144,19440
4970,cr1_0622p_00003.cbf,485,595,239,369,110,130,14300
4971,cr1_0622p_00004.cbf,484,595,239,368,111,129,14319
4972,cr1_0622p_00005.cbf,487,594,242,371,107,129,13803
4973,cr1_0622p_00006.cbf,476,602,228,384,126,156,19656
4974,cr1_0622p_00007.cbf,476,608,232,382,132,150,19800
4975,cr1_0622p_00008.cbf,486,597,242,371,111,129,14319
4976,cr1_0623p_00001.cbf,484,597,240,371,113,131,14803
4977,cr1_0623p_00002.cbf,475,607,232,379,132,147,19404
4978,cr1_0623p_00003.cbf,471,605,224,377,134,153,20502
4979,cr1_0623p_00004.cbf,484,596,238,369,112,131,14672
4980,cr1_0623p_00005.cbf,474,601,232,386,127,154,19558
4981,cr1_0623p_00006.cbf,473,605,236,382,132,146,19272
4982,cr1_0623p_00007.cbf,485,594,243,371,109,128,13952
4983,cr1_0623p_00008.cbf,484,595,241,369,111,128,14208
4984,cr1_0624p_00001.cbf,475,610,229,381,135,152,20520
4985,cr1_0624p_00002.cbf,484,596,240,369,112,129,14448
4986,cr1_0624p_00003.cbf,474,604,230,381,130,151,19630
4987,cr1_0624p_00004.cbf,474,604,229,379,130,150,19500
4988,cr1_0624p_00005.cbf,486,595,246,372,109,126,13734
4989,cr1_0624p_00006.cbf,483,593,246,371,110,125,13750
4990,cr1_0624p_00007.cbf,474,607,235,385,133,150,19950
4991,cr1_0624p_00008.cbf,469,603,232,383,134,151,20234
4992,cr1_0625p_00001.cbf,476,609,227,381,133,154,20482
4993,cr1_0625p_00002.cbf,475,606,233,382,131,149,19519
4994,cr1_0625p_00003.cbf,475,606,228,379,131,151,19781
4995,cr1_0625p_00004.cbf,475,608,231,380,133,149,19817
4996,cr1_0625p_00005.cbf,474,603,234,386,129,152,19608
4997,cr1_0625p_00006.cbf,476,607,237,387,131,150,19650
4998,cr1_0625p_00007.cbf,474,606,232,378,132,146,19272
4999,cr1_0625p_00008.cbf,474,609,232,382,135,150,20250
5000,cr1_0626p_00001.cbf,470,605,231,380,135,149,20115
5001,cr1_0626p_00002.cbf,486,595,241,370,109,129,14061
5002,cr1_0626p_00003.cbf,484,597,240,369,113,129,14577
5003,cr1_0626p_00004.cbf,477,605,232,381,128,149,19072
5004,cr1_0626p_00005.cbf,486,594,247,373,108,126,13608
5005,cr1_0626p_00006.cbf,469,604,239,389,135,150,20250
5006,cr1_0626p_00007.cbf,474,604,235,383,130,148,19240
5007,cr1_0626p_00008.cbf,476,610,231,382,134,151,20234
5008,cr1_0627p_00001.cbf,477,606,228,382,129,154,19866
5009,cr1_0627p_00002.cbf,486,595,241,369,109,128,13952
5010,cr1_0627p_00003.cbf,473,609,233,378,136,145,19720
5011,cr1_0627p_00004.cbf,484,596,240,369,112,129,14448
5012,cr1_0627p_00005.cbf,487,595,242,375,108,133,14364
5013,cr1_0627p_00006.cbf,485,594,246,376,109,130,14170
5014,cr1_0627p_00007.cbf,469,611,236,381,142,145,20590
5015,cr1_0627p_00008.cbf,474,609,234,383,135,149,20115
5016,cr1_0628p_00001.cbf,484,595,241,371,111,130,14430
5017,cr1_0628p_00002.cbf,485,595,242,369,110,127,13970
5018,cr1_0628p_00003.cbf,474,605,232,380,131,148,19388
5019,cr1_0628p_00004.cbf,475,610,231,379,135,148,19980
5020,cr1_0628p_00005.cbf,485,591,243,375,106,132,13992
5021,cr1_0628p_00006.cbf,477,607,236,381,130,145,18850
5022,cr1_0628p_00007.cbf,470,601,233,384,131,151,19781
5023,cr1_0628p_00008.cbf,474,606,229,380,132,151,19932
5024,cr1_0629p_00001.cbf,485,598,240,371,113,131,14803
5025,cr1_0629p_00002.cbf,485,596,240,370,111,130,14430
5026,cr1_0629p_00003.cbf,467,606,230,376,139,146,20294
5027,cr1_0629p_00004.cbf,473,604,230,380,131,150,19650
5028,cr1_0629p_00005.cbf,475,604,236,386,129,150,19350
5029,cr1_0629p_00006.cbf,470,604,237,390,134,153,20502
5030,cr1_0629p_00007.cbf,474,605,237,379,131,142,18602
5031,cr1_0629p_00008.cbf,473,606,234,380,133,146,19418
5032,cr1_0630p_00001.cbf,473,606,230,380,133,150,19950
5033,cr1_0630p_00002.cbf,485,597,242,369,112,127,14224
5034,cr1_0630p_00003.cbf,478,609,230,383,131,153,20043
5035,cr1_0630p_00004.cbf,485,595,242,369,110,127,13970
5036,cr1_0630p_00005.cbf,484,594,246,374,110,128,14080
5037,cr1_0630p_00006.cbf,471,607,237,380,136,143,19448
5038,cr1_0630p_00007.cbf,486,595,245,370,109,125,13625
5039,cr1_0630p_00008.cbf,476,607,228,380,131,152,19912
5040,cr1_0631p_00001.cbf,478,605,231,385,127,154,19558
5041,cr1_0631p_00002.cbf,469,604,234,384,135,150,20250
5042,cr1_0631p_00003.cbf,486,594,241,369,108,128,13824
5043,cr1_0631p_00004.cbf,486,595,241,369,109,128,13952
5044,cr1_0631p_00005.cbf,472,603,233,386,131,153,20043
5045,cr1_0631p_00006.cbf,473,605,236,388,132,152,20064
5046,cr1_0631p_00007.cbf,475,606,234,384,131,150,19650
5047,cr1_0631p_00008.cbf,485,594,243,371,109,128,13952
5048,cr1_0632p_00001.cbf,475,605,234,382,130,148,19240
5049,cr1_0632p_00002.cbf,474,609,235,380,135,145,19575
5050,cr1_0632p_00003.cbf,472,604,234,381,132,147,19404
5051,cr1_0632p_00004.cbf,476,604,227,381,128,154,19712
5052,cr1_0632p_00005.cbf,485,595,244,375,110,131,14410
5053,cr1_0632p_00006.cbf,472,607,233,385,135,152,20520
5054,cr1_0632p_00007.cbf,477,605,235,382,128,147,18816
5055,cr1_0632p_00008.cbf,485,596,240,372,111,132,14652
5056,cr1_0633p_00001.cbf,484,598,241,371,114,130,14820
5057,cr1_0633p_00002.cbf,473,607,233,381,134,148,19832
5058,cr1_0633p_00003.cbf,474,607,232,381,133,149,19817
5059,cr1_0633p_00004.cbf,474,606,232,386,132,154,20328
5060,cr1_0633p_00005.cbf,474,607,230,382,133,152,20216
5061,cr1_0633p_00006.cbf,476,604,233,386,128,153,19584
5062,cr1_0633p_00007.cbf,478,606,236,391,128,155,19840
5063,cr1_0633p_00008.cbf,472,608,233,382,136,149,20264
5064,cr1_0634p_00001.cbf,476,612,234,380,136,146,19856
5065,cr1_0634p_00002.cbf,474,606,226,377,132,151,19932
5066,cr1_0634p_00003.cbf,485,595,242,369,110,127,13970
5067,cr1_0634p_00004.cbf,474,605,230,383,131,153,20043
5068,cr1_0634p_00005.cbf,468,603,233,381,135,148,19980
5069,cr1_0634p_00006.cbf,474,603,235,383,129,148,19092
5070,cr1_0634p_00007.cbf,477,608,233,383,131,150,19650
5071,cr1_0634p_00008.cbf,475,609,234,381,134,147,19698
5072,cr1_0635p_00001.cbf,484,596,241,370,112,129,14448
5073,cr1_0635p_00002.cbf,476,605,235,378,129,143,18447
5074,cr1_0635p_00003.cbf,481,597,241,368,116,127,14732
5075,cr1_0635p_00004.cbf,472,605,232,380,133,148,19684
5076,cr1_0635p_00005.cbf,470,604,236,381,134,145,19430
5077,cr1_0635p_00006.cbf,473,603,228,385,130,157,20410
5078,cr1_0635p_00007.cbf,473,605,234,383,132,149,19668
5079,cr1_0635p_00008.cbf,468,603,235,381,135,146,19710
5080,cr1_0636p_00001.cbf,485,596,243,371,111,128,14208
5081,cr1_0636p_00002.cbf,472,607,236,381,135,145,19575
5082,cr1_0636p_00003.cbf,485,595,242,370,110,128,14080
5083,cr1_0636p_00004.cbf,473,607,232,383,134,151,20234
5084,cr1_0636p_00005.cbf,473,604,237,383,131,146,19126
5085,cr1_0636p_00006.cbf,475,606,231,380,131,149,19519
5086,cr1_0636p_00007.cbf,476,605,228,383,129,155,19995
5087,cr1_0636p_00008.cbf,485,595,243,369,110,126,13860
5088,cr1_0637p_00001.cbf,483,595,243,372,112,129,14448
5089,cr1_0637p_00002.cbf,484,597,241,371,113,130,14690
5090,cr1_0637p_00003.cbf,477,605,231,382,128,151,19328
5091,cr1_0637p_00004.cbf,472,604,227,381,132,154,20328
5092,cr1_0637p_00005.cbf,476,607,233,385,131,152,19912
5093,cr1_0637p_00006.cbf,486,597,241,372,111,131,14541
5094,cr1_0637p_00007.cbf,475,602,229,383,127,154,19558
5095,cr1_0637p_00008.cbf,476,604,232,382,128,150,19200
5096,cr1_0638p_00001.cbf,474,609,231,376,135,145,19575
5097,cr1_0638p_00002.cbf,486,595,245,368,109,123,13407
5098,cr1_0638p_00003.cbf,475,607,229,378,132,149,19668
5099,cr1_0638p_00004.cbf,487,594,241,367,107,126,13482
5100,cr1_0638p_00005.cbf,488,592,243,371,104,128,13312
5101,cr1_0638p_00006.cbf,474,605,236,381,131,145,18995
5102,cr1_0638p_00007.cbf,477,608,234,380,131,146,19126
5103,cr1_0638p_00008.cbf,475,608,234,381,133,147,19551
5104,cr1_0639p_00001.cbf,486,595,242,370,109,128,13952
5105,cr1_0639p_00002.cbf,478,608,237,381,130,144,18720
5106,cr1_0639p_00003.cbf,477,603,230,382,126,152,19152
5107,cr1_0639p_00004.cbf,477,603,231,383,126,152,19152
5108,cr1_0639p_00005.cbf,475,605,233,378,130,145,18850
5109,cr1_0639p_00006.cbf,478,606,239,382,128,143,18304
5110,cr1_0639p_00007.cbf,469,606,234,377,137,143,19591
5111,cr1_0639p_00008.cbf,468,605,231,378,137,147,20139
5112,cr1_0640p_00001.cbf,476,606,235,381,130,146,18980
5113,cr1_0640p_00002.cbf,473,609,234,377,136,143,19448
5114,cr1_0640p_00003.cbf,468,607,235,381,139,146,20294
5115,cr1_0640p_00004.cbf,477,606,230,379,129,149,19221
5116,cr1_0640p_00005.cbf,485,596,242,371,111,129,14319
5117,cr1_0640p_00006.cbf,476,601,232,383,125,151,18875
5118,cr1_0640p_00007.cbf,483,597,241,371,114,130,14820
5119,cr1_0640p_00008.cbf,482,596,240,369,114,129,14706
5120,cr1_0641p_00001.cbf,474,606,230,384,132,154,20328
5121,cr1_0641p_00002.cbf,483,598,239,368,115,129,14835
5122,cr1_0641p_00003.cbf,487,595,239,368,108,129,13932
5123,cr1_0641p_00004.cbf,472,605,229,378,133,149,19817
5124,cr1_0641p_00005.cbf,474,606,233,386,132,153,20196
5125,cr1_0641p_00006.cbf,474,606,233,382,132,149,19668
5126,cr1_0641p_00007.cbf,474,610,234,383,136,149,20264
5127,cr1_0641p_00008.cbf,478,610,230,384,132,154,20328
5128,cr1_0642p_00001.cbf,475,609,234,383,134,149,19966
5129,cr1_0642p_00002.cbf,473,607,235,377,134,142,19028
5130,cr1_0642p_00003.cbf,485,596,240,367,111,127,14097
5131,cr1_0642p_00004.cbf,476,605,228,378,129,150,19350
5132,cr1_0642p_00005.cbf,484,596,240,372,112,132,14784
5133,cr1_0642p_00006.cbf,483,596,242,377,113,135,15255
5134,cr1_0642p_00007.cbf,482,595,240,373,113,133,15029
5135,cr1_0642p_00008.cbf,482,595,241,371,113,130,14690
5136,cr1_0643p_00001.cbf,475,608,231,379,133,148,19684
5137,cr1_0643p_00002.cbf,486,597,239,371,111,132,14652
5138,cr1_0643p_00003.cbf,476,605,228,382,129,154,19866
5139,cr1_0643p_00004.cbf,470,607,232,381,137,149,20413
5140,cr1_0643p_00005.cbf,474,603,229,379,129,150,19350
5141,cr1_0643p_00006.cbf,486,594,242,373,108,131,14148
5142,cr1_0643p_00007.cbf,485,598,239,372,113,133,15029
5143,cr1_0643p_00008.cbf,475,604,235,383,129,148,19092
5144,cr1_0644p_00001.cbf,473,610,231,381,137,150,20550
5145,cr1_0644p_00002.cbf,483,600,242,370,117,128,14976
5146,cr1_0644p_00003.cbf,486,596,240,368,110,128,14080
5147,cr1_0644p_00004.cbf,485,593,241,372,108,131,14148
5148,cr1_0644p_00005.cbf,473,607,232,385,134,153,20502
5149,cr1_0644p_00006.cbf,472,607,233,383,135,150,20250
5150,cr1_0644p_00007.cbf,474,606,234,383,132,149,19668
5151,cr1_0644p_00008.cbf,476,608,234,379,132,145,19140
5152,cr1_0645p_00001.cbf,482,598,239,371,116,132,15312
5153,cr1_0645p_00002.cbf,484,597,241,369,113,128,14464
5154,cr1_0645p_00003.cbf,483,596,240,370,113,130,14690
5155,cr1_0645p_00004.cbf,471,608,231,380,137,149,20413
5156,cr1_0645p_00005.cbf,476,606,233,390,130,157,20410
5157,cr1_0645p_00006.cbf,471,603,235,383,132,148,19536
5158,cr1_0645p_00007.cbf,471,609,234,379,138,145,20010
5159,cr1_0645p_00008.cbf,484,599,241,369,115,128,14720
5160,cr1_0646p_00001.cbf,471,608,234,381,137,147,20139
5161,cr1_0646p_00002.cbf,474,607,231,381,133,150,19950
5162,cr1_0646p_00003.cbf,483,597,240,369,114,129,14706
5163,cr1_0646p_00004.cbf,483,595,240,371,112,131,14672
5164,cr1_0646p_00005.cbf,475,602,234,384,127,150,19050
5165,cr1_0646p_00006.cbf,483,593,242,375,110,133,14630
5166,cr1_0646p_00007.cbf,475,608,233,385,133,152,20216
5167,cr1_0646p_00008.cbf,486,595,241,373,109,132,14388
5168,cr1_0647p_00001.cbf,485,597,241,370,112,129,14448
5169,cr1_0647p_00002.cbf,477,606,231,380,129,149,19221
5170,cr1_0647p_00003.cbf,485,596,240,372,111,132,14652
5171,cr1_0647p_00004.cbf,477,606,230,377,129,147,18963
5172,cr1_0647p_00005.cbf,483,594,240,372,111,132,14652
5173,cr1_0647p_00006.cbf,483,594,242,372,111,130,14430
5174,cr1_0647p_00007.cbf,485,596,241,371,111,130,14430
5175,cr1_0647p_00008.cbf,487,597,241,370,110,129,14190
5176,cr1_0648p_00001.cbf,470,606,232,381,136,149,20264
5177,cr1_0648p_00002.cbf,484,594,241,369,110,128,14080
5178,cr1_0648p_00003.cbf,473,608,233,380,135,147,19845
5179,cr1_0648p_00004.cbf,470,606,232,383,136,151,20536
5180,cr1_0648p_00005.cbf,485,594,245,373,109,128,13952
5181,cr1_0648p_00006.cbf,485,593,245,374,108,129,13932
5182,cr1_0648p_00007.cbf,476,606,233,383,130,150,19500
5183,cr1_0648p_00008.cbf,484,597,240,371,113,131,14803
5184,cr1_0649p_00001.cbf,472,606,228,381,134,153,20502
5185,cr1_0649p_00002.cbf,484,596,239,369,112,130,14560
5186,cr1_0649p_00003.cbf,476,608,232,377,132,145,19140
5187,cr1_0649p_00004.cbf,471,605,226,378,134,152,20368
5188,cr1_0649p_00005.cbf,472,607,231,380,135,149,20115
5189,cr1_0649p_00006.cbf,477,606,229,388,129,159,20511
5190,cr1_0649p_00007.cbf,485,596,240,370,111,130,14430
5191,cr1_0649p_00008.cbf,473,606,233,379,133,146,19418
5192,cr1_0650p_00001.cbf,485,599,242,371,114,129,14706
5193,cr1_0650p_00002.cbf,476,610,235,381,134,146,19564
5194,cr1_0650p_00003.cbf,477,607,231,387,130,156,20280
5195,cr1_0650p_00004.cbf,473,606,234,382,133,148,19684
5196,cr1_0650p_00005.cbf,476,605,233,386,129,153,19737
5197,cr1_0650p_00006.cbf,471,606,235,385,135,150,20250
5198,cr1_0650p_00007.cbf,485,596,242,373,111,131,14541
5199,cr1_0650p_00008.cbf,475,605,233,385,130,152,19760
5200,cr1_0651p_00001.cbf,472,604,235,382,132,147,19404
5201,cr1_0651p_00002.cbf,475,608,231,380,133,149,19817
5202,cr1_0651p_00003.cbf,469,606,230,379,137,149,20413
5203,cr1_0651p_00004.cbf,486,594,240,367,108,127,13716
5204,cr1_0651p_00005.cbf,484,595,241,373,111,132,14652
5205,cr1_0651p_00006.cbf,472,605,234,382,133,148,19684
5206,cr1_0651p_00007.cbf,486,594,241,371,108,130,14040
5207,cr1_0651p_00008.cbf,473,605,229,381,132,152,20064
5208,cr1_0652p_00001.cbf,476,609,233,383,133,150,19950
5209,cr1_0652p_00002.cbf,476,605,230,384,129,154,19866
5210,cr1_0652p_00003.cbf,476,609,228,379,133,151,20083
5211,cr1_0652p_00004.cbf,472,605,231,383,133,152,20216
5212,cr1_0652p_00005.cbf,486,594,240,370,108,130,14040
5213,cr1_0652p_00006.cbf,473,609,233,380,136,147,19992
5214,cr1_0652p_00007.cbf,485,596,242,371,111,129,14319
5215,cr1_0652p_00008.cbf,478,604,232,386,126,154,19404
5216,cr1_0653p_00001.cbf,484,597,240,370,113,130,14690
5217,cr1_0653p_00002.cbf,472,606,233,384,134,151,20234
5218,cr1_0653p_00003.cbf,470,605,225,376,135,151,20385
5219,cr1_0653p_00004.cbf,477,607,229,382,130,153,19890
5220,cr1_0653p_00005.cbf,475,607,226,381,132,155,20460
5221,cr1_0653p_00006.cbf,476,604,235,385,128,150,19200
5222,cr1_0653p_00007.cbf,470,605,231,379,135,148,19980
5223,cr1_0653p_00008.cbf,477,609,234,381,132,147,19404
5224,cr1_0654p_00001.cbf,486,597,242,369,111,127,14097
5225,cr1_0654p_00002.cbf,485,597,240,371,112,131,14672
5226,cr1_0654p_00003.cbf,476,606,230,380,130,150,19500
5227,cr1_0654p_00004.cbf,472,608,231,376,136,145,19720
5228,cr1_0654p_00005.cbf,474,605,231,384,131,153,20043
5229,cr1_0654p_00006.cbf,469,605,234,381,136,147,19992
5230,cr1_0654p_00007.cbf,470,606,230,379,136,149,20264
5231,cr1_0654p_00008.cbf,477,606,230,383,129,153,19737
5232,cr1_0655p_00001.cbf,473,609,230,381,136,151,20536
5233,cr1_0655p_00002.cbf,470,607,233,380,137,147,20139
5234,cr1_0655p_00003.cbf,484,596,241,369,112,128,14336
5235,cr1_0655p_00004.cbf,474,605,230,379,131,149,19519
5236,cr1_0655p_00005.cbf,475,602,226,382,127,156,19812
5237,cr1_0655p_00006.cbf,473,608,231,375,135,144,19440
5238,cr1_0655p_00007.cbf,477,606,230,381,129,151,19479
5239,cr1_0655p_00008.cbf,476,611,232,380,135,148,19980
5240,cr1_0656p_00001.cbf,473,604,234,386,131,152,19912
5241,cr1_0656p_00002.cbf,474,607,235,383,133,148,19684
5242,cr1_0656p_00003.cbf,486,595,240,370,109,130,14170
5243,cr1_0656p_00004.cbf,476,608,228,381,132,153,20196
5244,cr1_0656p_00005.cbf,486,595,239,368,109,129,14061
5245,cr1_0656p_00006.cbf,475,607,229,384,132,155,20460
5246,cr1_0656p_00007.cbf,474,613,231,378,139,147,20433
5247,cr1_0656p_00008.cbf,476,607,231,379,131,148,19388
5248,cr1_0657p_00001.cbf,471,607,236,382,136,146,19856
5249,cr1_0657p_00002.cbf,477,608,231,381,131,150,19650
5250,cr1_0657p_00003.cbf,473,605,235,387,132,152,20064
5251,cr1_0657p_00004.cbf,474,605,229,383,131,154,20174
5252,cr1_0657p_00005.cbf,486,593,237,368,107,131,14017
5253,cr1_0657p_00006.cbf,471,606,230,381,135,151,20385
5254,cr1_0657p_00007.cbf,475,608,233,376,133,143,19019
5255,cr1_0657p_00008.cbf,478,608,231,384,130,153,19890
5256,cr1_0658p_00001.cbf,485,595,241,371,110,130,14300
5257,cr1_0658p_00002.cbf,486,596,244,371,110,127,13970
5258,cr1_0658p_00003.cbf,478,604,228,381,126,153,19278
5259,cr1_0658p_00004.cbf,472,603,230,376,131,146,19126
5260,cr1_0658p_00005.cbf,487,595,239,367,108,128,13824
5261,cr1_0658p_00006.cbf,475,606,231,382,131,151,19781
5262,cr1_0658p_00007.cbf,476,603,233,379,127,146,18542
5263,cr1_0658p_00008.cbf,487,596,241,368,109,127,13843
5264,cr1_0659p_00001.cbf,473,606,232,383,133,151,20083
5265,cr1_0659p_00002.cbf,474,606,235,383,132,148,19536
5266,cr1_0659p_00003.cbf,475,606,230,382,131,152,19912
5267,cr1_0659p_00004.cbf,485,595,238,366,110,128,14080
5268,cr1_0659p_00005.cbf,487,595,237,367,108,130,14040
5269,cr1_0659p_00006.cbf,479,605,227,379,126,152,19152
5270,cr1_0659p_00007.cbf,478,612,233,383,134,150,20100
5271,cr1_0659p_00008.cbf,486,596,241,370,110,129,14190
5272,cr1_0660p_00001.cbf,470,604,232,383,134,151,20234
5273,cr1_0660p_00002.cbf,486,596,240,369,110,129,14190
5274,cr1_0660p_00003.cbf,484,595,238,370,111,132,14652
5275,cr1_0660p_00004.cbf,476,609,231,379,133,148,19684
5276,cr1_0660p_00005.cbf,477,604,228,380,127,152,19304
5277,cr1_0660p_00006.cbf,476,607,230,377,131,147,19257
5278,cr1_0660p_00007.cbf,473,606,231,379,133,148,19684
5279,cr1_0660p_00008.cbf,475,609,229,382,134,153,20502
5280,cr1_0661p_00001.cbf,477,610,233,379,133,146,19418
5281,cr1_0661p_00002.cbf,471,605,234,381,134,147,19698
5282,cr1_0661p_00003.cbf,474,608,233,382,134,149,19966
5283,cr1_0661p_00004.cbf,477,604,228,381,127,153,19431
5284,cr1_0661p_00005.cbf,486,595,239,367,109,128,13952
5285,cr1_0661p_00006.cbf,485,596,237,367,111,130,14430
5286,cr1_0661p_00007.cbf,488,596,240,368,108,128,13824
5287,cr1_0661p_00008.cbf,485,595,240,369,110,129,14190
5288,cr1_0662p_00001.cbf,472,608,230,380,136,150,20400
5289,cr1_0662p_00002.cbf,476,607,231,382,131,151,19781
5290,cr1_0662p_00003.cbf,486,597,239,369,111,130,14430
5291,cr1_0662p_00004.cbf,467,606,230,378,139,148,20572
5292,cr1_0662p_00005.cbf,478,607,228,372,129,144,18576
5293,cr1_0662p_00006.cbf,485,594,238,367,109,129,14061
5294,cr1_0662p_00007.cbf,471,606,230,379,135,149,20115
5295,cr1_0662p_00008.cbf,478,606,234,385,128,151,19328
5296,cr1_0663p_00001.cbf,473,607,233,381,134,148,19832
5297,cr1_0663p_00002.cbf,476,608,235,381,132,146,19272
5298,cr1_0663p_00003.cbf,475,605,230,381,130,151,19630
5299,cr1_0663p_00004.cbf,473,604,231,378,131,147,19257
5300,cr1_0663p_00005.cbf,478,608,230,377,130,147,19110
5301,cr1_0663p_00006.cbf,475,606,229,375,131,146,19126
5302,cr1_0663p_00007.cbf,488,595,236,369,107,133,14231
5303,cr1_0663p_00008.cbf,470,603,227,377,133,150,19950
5304,cr1_0664p_00001.cbf,476,608,231,379,132,148,19536
5305,cr1_0664p_00002.cbf,484,595,242,369,111,127,14097
5306,cr1_0664p_00003.cbf,476,605,232,378,129,146,18834
5307,cr1_0664p_00004.cbf,476,604,226,379,128,153,19584
5308,cr1_0664p_00005.cbf,467,603,230,377,136,147,19992
5309,cr1_0664p_00006.cbf,476,605,228,378,129,150,19350
5310,cr1_0664p_00007.cbf,486,594,240,367,108,127,13716
5311,cr1_0664p_00008.cbf,477,607,227,377,130,150,19500
5312,cr1_0665p_00001.cbf,473,604,235,381,131,146,19126
5313,cr1_0665p_00002.cbf,478,605,233,380,127,147,18669
5314,cr1_0665p_00003.cbf,475,604,234,382,129,148,19092
5315,cr1_0665p_00004.cbf,476,605,224,378,129,154,19866
5316,cr1_0665p_00005.cbf,478,603,229,377,125,148,18500
5317,cr1_0665p_00006.cbf,477,605,229,377,128,148,18944
5318,cr1_0665p_00007.cbf,476,604,228,376,128,148,18944
5319,cr1_0665p_00008.cbf,474,606,227,378,132,151,19932
5320,cr1_0666p_00001.cbf,470,607,237,379,137,142,19454
5321,cr1_0666p_00002.cbf,485,593,241,370,108,129,13932
5322,cr1_0666p_00003.cbf,485,596,239,367,111,128,14208
5323,cr1_0666p_00004.cbf,477,606,230,377,129,147,18963
5324,cr1_0666p_00005.cbf,475,605,224,381,130,157,20410
5325,cr1_0666p_00006.cbf,473,605,231,375,132,144,19008
5326,cr1_0666p_00007.cbf,487,593,240,367,106,127,13462
5327,cr1_0666p_00008.cbf,475,606,233,376,131,143,18733
5328,cr1_0667p_00001.cbf,474,607,233,379,133,146,19418
5329,cr1_0667p_00002.cbf,468,604,234,379,136,145,19720
5330,cr1_0667p_00003.cbf,478,603,232,382,125,150,18750
5331,cr1_0667p_00004.cbf,474,603,228,379,129,151,19479
5332,cr1_0667p_00005.cbf,479,605,225,382,126,157,19782
5333,cr1_0667p_00006.cbf,477,605,233,379,128,146,18688
5334,cr1_0667p_00007.cbf,478,607,229,384,129,155,19995
5335,cr1_0667p_00008.cbf,474,604,233,375,130,142,18460
5336,cr1_0668p_00001.cbf,474,605,233,381,131,148,19388
5337,cr1_0668p_00002.cbf,478,604,226,380,126,154,19404
5338,cr1_0668p_00003.cbf,471,603,229,381,132,152,20064
5339,cr1_0668p_00004.cbf,480,606,227,376,126,149,18774
5340,cr1_0668p_00005.cbf,478,602,232,375,124,143,17732
5341,cr1_0668p_00006.cbf,476,608,229,374,132,145,19140
5342,cr1_0668p_00007.cbf,474,606,231,375,132,144,19008
5343,cr1_0668p_00008.cbf,474,609,226,375,135,149,20115
5344,cr1_0669p_00001.cbf,487,596,241,370,109,129,14061
5345,cr1_0669p_00002.cbf,473,604,236,385,131,149,19519
5346,cr1_0669p_00003.cbf,476,604,232,377,128,145,18560
5347,cr1_0669p_00004.cbf,479,607,230,379,128,149,19072
5348,cr1_0669p_00005.cbf,485,593,237,367,108,130,14040
5349,cr1_0669p_00006.cbf,486,591,238,368,105,130,13650
5350,cr1_0669p_00007.cbf,486,594,237,368,108,131,14148
5351,cr1_0669p_00008.cbf,476,603,232,382,127,150,19050
5352,cr1_0670p_00001.cbf,478,607,235,381,129,146,18834
5353,cr1_0670p_00002.cbf,472,605,229,377,133,148,19684
5354,cr1_0670p_00003.cbf,486,595,238,369,109,131,14279
5355,cr1_0670p_00004.cbf,475,607,223,379,132,156,20592
5356,cr1_0670p_00005.cbf,476,602,227,377,126,150,18900
5357,cr1_0670p_00006.cbf,474,602,228,374,128,146,18688
5358,cr1_0670p_00007.cbf,474,601,224,379,127,155,19685
5359,cr1_0670p_00008.cbf,477,607,231,374,130,143,18590
5360,cr1_0671p_00001.cbf,485,595,242,368,110,126,13860
5361,cr1_0671p_00002.cbf,475,603,229,381,128,152,19456
5362,cr1_0671p_00003.cbf,475,606,233,379,131,146,19126
5363,cr1_0671p_00004.cbf,477,602,226,377,125,151,18875
5364,cr1_0671p_00005.cbf,477,604,227,381,127,154,19558
5365,cr1_0671p_00006.cbf,471,606,228,373,135,145,19575
5366,cr1_0671p_00007.cbf,470,603,227,377,133,150,19950
5367,cr1_0671p_00008.cbf,475,608,228,373,133,145,19285
5368,cr1_0672p_00001.cbf,485,594,242,368,109,126,13734
5369,cr1_0672p_00002.cbf,475,609,234,382,134,148,19832
5370,cr1_0672p_00003.cbf,479,608,231,378,129,147,18963
5371,cr1_0672p_00004.cbf,478,606,226,375,128,149,19072
5372,cr1_0672p_00005.cbf,470,602,228,379,132,151,19932
5373,cr1_0672p_00006.cbf,487,594,239,365,107,126,13482
5374,cr1_0672p_00007.cbf,473,605,231,377,132,146,19272
5375,cr1_0672p_00008.cbf,478,610,235,381,132,146,19272
5376,cr1_0673p_00001.cbf,475,604,233,379,129,146,18834
5377,cr1_0673p_00002.cbf,474,604,230,380,130,150,19500
5378,cr1_0673p_00003.cbf,472,606,231,382,134,151,20234
5379,cr1_0673p_00004.cbf,472,608,230,375,136,145,19720
5380,cr1_0673p_00005.cbf,474,604,227,379,130,152,19760
5381,cr1_0673p_00006.cbf,476,614,233,376,138,143,19734
5382,cr1_0673p_00007.cbf,475,598,232,376,123,144,17712
5383,cr1_0673p_00008.cbf,475,608,230,376,133,146,19418
5384,cr1_0674p_00001.cbf,483,597,240,369,114,129,14706
5385,cr1_0674p_00002.cbf,474,605,233,387,131,154,20174
5386,cr1_0674p_00003.cbf,476,608,229,380,132,151,19932
5387,cr1_0674p_00004.cbf,485,598,234,367,113,133,15029
5388,cr1_0674p_00005.cbf,472,604,225,376,132,151,19932
5389,cr1_0674p_00006.cbf,468,607,230,378,139,148,20572
5390,cr1_0674p_00007.cbf,487,595,238,368,108,130,14040
5391,cr1_0674p_00008.cbf,474,608,227,378,134,151,20234
5392,cr1_0675p_00001.cbf,484,598,239,371,114,132,15048
5393,cr1_0675p_00002.cbf,483,597,239,368,114,129,14706
5394,cr1_0675p_00003.cbf,473,606,229,377,133,148,19684
5395,cr1_0675p_00004.cbf,472,609,228,378,137,150,20550
5396,cr1_0675p_00005.cbf,485,596,237,366,111,129,14319
5397,cr1_0675p_00006.cbf,485,596,238,368,111,130,14430
5398,cr1_0675p_00007.cbf,472,606,232,379,134,147,19698
5399,cr1_0675p_00008.cbf,482,597,239,371,115,132,15180
5400,cr1_0676p_00001.cbf,476,606,230,382,130,152,19760
5401,cr1_0676p_00002.cbf,483,597,240,369,114,129,14706
5402,cr1_0676p_00003.cbf,483,596,239,369,113,130,14690
5403,cr1_0676p_00004.cbf,485,599,235,367,114,132,15048
5404,cr1_0676p_00005.cbf,475,605,226,374,130,148,19240
5405,cr1_0676p_00006.cbf,475,606,230,377,131,147,19257
5406,cr1_0676p_00007.cbf,483,596,237,368,113,131,14803
5407,cr1_0676p_00008.cbf,483,598,239,370,115,131,15065
5408,cr1_0677p_00001.cbf,475,610,227,379,135,152,20520
5409,cr1_0677p_00002.cbf,485,598,240,369,113,129,14577
5410,cr1_0677p_00003.cbf,473,608,227,377,135,150,20250
5411,cr1_0677p_00004.cbf,484,595,236,366,111,130,14430
5412,cr1_0677p_00005.cbf,473,605,225,378,132,153,20196
5413,cr1_0677p_00006.cbf,478,605,226,376,127,150,19050
5414,cr1_0677p_00007.cbf,482,596,239,368,114,129,14706
5415,cr1_0677p_00008.cbf,473,605,231,375,132,144,19008
5416,cr1_0678p_00001.cbf,483,599,242,371,116,129,14964
5417,cr1_0678p_00002.cbf,476,609,231,378,133,147,19551
5418,cr1_0678p_00003.cbf,468,604,229,377,136,148,20128
5419,cr1_0678p_00004.cbf,474,606,228,380,132,152,20064
5420,cr1_0678p_00005.cbf,476,604,225,378,128,153,19584
5421,cr1_0678p_00006.cbf,473,605,227,379,132,152,20064
5422,cr1_0678p_00007.cbf,474,608,227,376,134,149,19966
5423,cr1_0678p_00008.cbf,476,608,229,380,132,151,19932
5424,cr1_0679p_00001.cbf,476,607,231,381,131,150,19650
5425,cr1_0679p_00002.cbf,476,608,233,388,132,155,20460
5426,cr1_0679p_00003.cbf,472,608,230,380,136,150,20400
5427,cr1_0679p_00004.cbf,469,606,226,376,137,150,20550
5428,cr1_0679p_00005.cbf,474,607,228,376,133,148,19684
5429,cr1_0679p_00006.cbf,483,597,239,367,114,128,14592
5430,cr1_0679p_00007.cbf,475,606,231,380,131,149,19519
5431,cr1_0679p_00008.cbf,486,598,239,368,112,129,14448
5432,cr1_0680p_00001.cbf,484,598,241,369,114,128,14592
5433,cr1_0680p_00002.cbf,470,607,230,377,137,147,20139
5434,cr1_0680p_00003.cbf,472,608,228,378,136,150,20400
5435,cr1_0680p_00004.cbf,485,594,236,366,109,130,14170
5436,cr1_0680p_00005.cbf,476,610,224,377,134,153,20502
5437,cr1_0680p_00006.cbf,477,604,225,375,127,150,19050
5438,cr1_0680p_00007.cbf,475,612,231,377,137,146,20002
5439,cr1_0680p_00008.cbf,485,599,239,368,114,129,14706
5440,cr1_0681p_00001.cbf,484,599,241,369,115,128,14720
5441,cr1_0681p_00002.cbf,485,600,241,371,115,130,14950
5442,cr1_0681p_00003.cbf,484,597,238,370,113,132,14916
5443,cr1_0681p_00004.cbf,472,606,224,376,134,152,20368
5444,cr1_0681p_00005.cbf,487,596,236,366,109,130,14170
5445,cr1_0681p_00006.cbf,471,606,228,377,135,149,20115
5446,cr1_0681p_00007.cbf,485,598,239,370,113,131,14803
5447,cr1_0681p_00008.cbf,475,611,229,377,136,148,20128
5448,cr1_0682p_00001.cbf,473,616,234,377,143,143,20449
5449,cr1_0682p_00002.cbf,475,611,231,379,136,148,20128
5450,cr1_0682p_00003.cbf,478,606,229,372,128,143,18304
5451,cr1_0682p_00004.cbf,479,610,229,376,131,147,19257
5452,cr1_0682p_00005.cbf,471,605,227,379,134,152,20368
5453,cr1_0682p_00006.cbf,474,605,227,374,131,147,19257
5454,cr1_0682p_00007.cbf,481,598,235,368,117,133,15561
5455,cr1_0682p_00008.cbf,486,596,238,371,110,133,14630
5456,cr1_0683p_00001.cbf,472,610,232,379,138,147,20286
5457,cr1_0683p_00002.cbf,467,606,230,377,139,147,20433
5458,cr1_0683p_00003.cbf,484,597,239,370,113,131,14803
5459,cr1_0683p_00004.cbf,482,596,238,368,114,130,14820
5460,cr1_0683p_00005.cbf,484,596,237,366,112,129,14448
5461,cr1_0683p_00006.cbf,475,609,232,377,134,145,19430
5462,cr1_0683p_00007.cbf,474,607,228,378,133,150,19950
5463,cr1_0683p_00008.cbf,470,605,228,380,135,152,20520
5464,cr1_0684p_00001.cbf,470,610,233,379,140,146,20440
5465,cr1_0684p_00002.cbf,484,598,241,369,114,128,14592
5466,cr1_0684p_00003.cbf,485,596,237,371,111,134,14874
5467,cr1_0684p_00004.cbf,472,608,227,373,136,146,19856
5468,cr1_0684p_00005.cbf,473,609,226,374,136,148,20128
5469,cr1_0684p_00006.cbf,477,608,225,376,131,151,19781
5470,cr1_0684p_00007.cbf,475,614,229,376,139,147,20433
5471,cr1_0684p_00008.cbf,484,599,240,368,115,128,14720
5472,cr1_0685p_00001.cbf,486,600,240,368,114,128,14592
5473,cr1_0685p_00002.cbf,484,597,240,369,113,129,14577
5474,cr1_0685p_00003.cbf,484,597,238,367,113,129,14577
5475,cr1_0685p_00004.cbf,475,607,231,378,132,147,19404
5476,cr1_0685p_00005.cbf,484,596,238,368,112,130,14560
5477,cr1_0685p_00006.cbf,474,607,231,377,133,146,19418
5478,cr1_0685p_00007.cbf,484,597,239,368,113,129,14577
5479,cr1_0685p_00008.cbf,484,597,240,368,113,128,14464
5480,cr1_0686p_00001.cbf,485,597,240,370,112,130,14560
5481,cr1_0686p_00002.cbf,474,607,229,380,133,151,20083
5482,cr1_0686p_00003.cbf,487,596,240,367,109,127,13843
5483,cr1_0686p_00004.cbf,473,607,231,376,134,145,19430
5484,cr1_0686p_00005.cbf,470,605,227,379,135,152,20520
5485,cr1_0686p_00006.cbf,472,605,227,375,133,148,19684
5486,cr1_0686p_00007.cbf,473,608,229,376,135,147,19845
5487,cr1_0686p_00008.cbf,476,603,229,375,127,146,18542
5488,cr1_0687p_00001.cbf,475,613,233,379,138,146,20148
5489,cr1_0687p_00002.cbf,477,608,234,381,131,147,19257
5490,cr1_0687p_00003.cbf,474,608,231,375,134,144,19296
5491,cr1_0687p_00004.cbf,474,613,229,374,139,145,20155
5492,cr1_0687p_00005.cbf,485,594,237,367,109,130,14170
5493,cr1_0687p_00006.cbf,484,596,237,366,112,129,14448
5494,cr1_0687p_00007.cbf,470,605,229,377,135,148,19980
5495,cr1_0687p_00008.cbf,469,606,229,379,137,150,20550
5496,cr1_0688p_00001.cbf,472,607,233,381,135,148,19980
5497,cr1_0688p_00002.cbf,472,606,230,379,134,149,19966
5498,cr1_0688p_00003.cbf,472,609,231,375,137,144,19728
5499,cr1_0688p_00004.cbf,473,607,229,375,134,146,19564
5500,cr1_0688p_00005.cbf,478,604,222,377,126,155,19530
5501,cr1_0688p_00006.cbf,487,594,237,366,107,129,13803
5502,cr1_0688p_00007.cbf,475,609,226,378,134,152,20368
5503,cr1_0688p_00008.cbf,472,605,232,376,133,144,19152
5504,cr1_0689p_00001.cbf,473,609,231,382,136,151,20536
5505,cr1_0689p_00002.cbf,485,596,240,370,111,130,14430
5506,cr1_0689p_00003.cbf,476,605,231,380,129,149,19221
5507,cr1_0689p_00004.cbf,485,594,236,367,109,131,14279
5508,cr1_0689p_00005.cbf,473,604,229,377,131,148,19388
5509,cr1_0689p_00006.cbf,476,604,225,380,128,155,19840
5510,cr1_0689p_00007.cbf,474,608,230,376,134,146,19564
5511,cr1_0689p_00008.cbf,473,611,232,377,138,145,20010
5512,cr1_0690p_00001.cbf,484,597,238,368,113,130,14690
5513,cr1_0690p_00002.cbf,471,614,232,376,143,144,20592
5514,cr1_0690p_00003.cbf,475,609,227,378,134,151,20234
5515,cr1_0690p_00004.cbf,475,606,230,374,131,144,18864
5516,cr1_0690p_00005.cbf,477,605,228,375,128,147,18816
5517,cr1_0690p_00006.cbf,486,596,236,368,110,132,14520
5518,cr1_0690p_00007.cbf,485,597,240,366,112,126,14112
5519,cr1_0690p_00008.cbf,475,604,232,375,129,143,18447
5520,cr1_0691p_00001.cbf,472,605,227,381,133,154,20482
5521,cr1_0691p_00002.cbf,473,606,233,377,133,144,19152
5522,cr1_0691p_00003.cbf,471,608,231,378,137,147,20139
5523,cr1_0691p_00004.cbf,486,594,236,367,108,131,14148
5524,cr1_0691p_00005.cbf,473,606,230,376,133,146,19418
5525,cr1_0691p_00006.cbf,475,610,222,373,135,151,20385
5526,cr1_0691p_00007.cbf,475,610,222,373,135,151,20385
5527,cr1_0691p_00008.cbf,472,607,230,377,135,147,19845
5528,cr1_0692p_00001.cbf,484,596,236,369,112,133,14896
5529,cr1_0692p_00002.cbf,475,607,234,379,132,145,19140
5530,cr1_0692p_00003.cbf,472,607,233,378,135,145,19575
5531,cr1_0692p_00004.cbf,473,608,228,378,135,150,20250
5532,cr1_0692p_00005.cbf,476,603,225,376,127,151,19177
5533,cr1_0692p_00006.cbf,475,603,227,373,128,146,18688
5534,cr1_0692p_00007.cbf,474,604,228,378,130,150,19500
5535,cr1_0692p_00008.cbf,485,596,239,368,111,129,14319
5536,cr1_0693p_00001.cbf,474,607,235,376,133,141,18753
5537,cr1_0693p_00002.cbf,475,608,236,380,133,144,19152
5538,cr1_0693p_00003.cbf,474,609,226,377,135,151,20385
5539,cr1_0693p_00004.cbf,476,606,225,375,130,150,19500
5540,cr1_0693p_00005.cbf,486,595,236,365,109,129,14061
5541,cr1_0693p_00006.cbf,469,602,230,379,133,149,19817
5542,cr1_0693p_00007.cbf,474,608,227,379,134,152,20368
5543,cr1_0693p_00008.cbf,472,610,231,377,138,146,20148
5544,cr1_0694p_00001.cbf,474,611,236,386,137,150,20550
5545,cr1_0694p_00002.cbf,470,613,233,377,143,144,20592
5546,cr1_0694p_00003.cbf,472,606,227,378,134,151,20234
5547,cr1_0694p_00004.cbf,472,605,225,377,133,152,20216
5548,cr1_0694p_00005.cbf,477,605,227,374,128,147,18816
5549,cr1_0694p_00006.cbf,478,608,231,378,130,147,19110
5550,cr1_0694p_00007.cbf,477,610,228,376,133,148,19684
5551,cr1_0694p_00008.cbf,485,597,239,369,112,130,14560
5552,cr1_0695p_00001.cbf,485,598,241,368,113,127,14351
5553,cr1_0695p_00002.cbf,472,607,230,376,135,146,19710
5554,cr1_0695p_00003.cbf,476,609,228,382,133,154,20482
5555,cr1_0695p_00004.cbf,477,603,225,376,126,151,19026
5556,cr1_0695p_00005.cbf,476,609,224,377,133,153,20349
5557,cr1_0695p_00006.cbf,485,597,238,365,112,127,14224
5558,cr1_0695p_00007.cbf,476,605,228,377,129,149,19221
5559,cr1_0695p_00008.cbf,473,603,231,380,130,149,19370
5560,cr1_0696p_00001.cbf,472,607,232,378,135,146,19710
5561,cr1_0696p_00002.cbf,474,609,232,378,135,146,19710
5562,cr1_0696p_00003.cbf,474,606,229,376,132,147,19404
5563,cr1_0696p_00004.cbf,475,608,229,378,133,149,19817
5564,cr1_0696p_00005.cbf,483,593,237,367,110,130,14300
5565,cr1_0696p_00006.cbf,475,604,226,380,129,154,19866
5566,cr1_0696p_00007.cbf,475,605,229,376,130,147,19110
5567,cr1_0696p_00008.cbf,483,596,238,367,113,129,14577
5568,cr1_0697p_00001.cbf,477,608,232,384,131,152,19912
5569,cr1_0697p_00002.cbf,475,606,231,379,131,148,19388
5570,cr1_0697p_00003.cbf,474,607,226,378,133,152,20216
5571,cr1_0697p_00004.cbf,471,605,227,375,134,148,19832
5572,cr1_0697p_00005.cbf,487,595,236,366,108,130,14040
5573,cr1_0697p_00006.cbf,476,606,227,379,130,152,19760
5574,cr1_0697p_00007.cbf,469,606,230,379,137,149,20413
5575,cr1_0697p_00008.cbf,476,605,233,373,129,140,18060
5576,cr1_0698p_00001.cbf,473,605,232,377,132,145,19140
5577,cr1_0698p_00002.cbf,475,606,232,380,131,148,19388
5578,cr1_0698p_00003.cbf,476,609,231,380,133,149,19817
5579,cr1_0698p_00004.cbf,474,608,230,382,134,152,20368
5580,cr1_0698p_00005.cbf,473,604,226,374,131,148,19388
5581,cr1_0698p_00006.cbf,470,606,229,375,136,146,19856
5582,cr1_0698p_00007.cbf,484,597,239,366,113,127,14351
5583,cr1_0698p_00008.cbf,485,597,240,367,112,127,14224
5584,cr1_0699p_00001.cbf,472,604,229,378,132,149,19668
5585,cr1_0699p_00002.cbf,473,606,229,377,133,148,19684
5586,cr1_0699p_00003.cbf,485,598,239,367,113,128,14464
5587,cr1_0699p_00004.cbf,478,606,230,373,128,143,18304
5588,cr1_0699p_00005.cbf,473,605,227,376,132,149,19668
5589,cr1_0699p_00006.cbf,476,603,228,375,127,147,18669
5590,cr1_0699p_00007.cbf,477,608,230,378,131,148,19388
5591,cr1_0699p_00008.cbf,486,596,239,369,110,130,14300
5592,cr1_0700p_00001.cbf,485,598,240,368,113,128,14464
5593,cr1_0700p_00002.cbf,474,608,233,379,134,146,19564
5594,cr1_0700p_00003.cbf,475,606,229,377,131,148,19388
5595,cr1_0700p_00004.cbf,484,595,238,368,111,130,14430
5596,cr1_0700p_00005.cbf,475,605,227,375,130,148,19240
5597,cr1_0700p_00006.cbf,485,592,237,366,107,129,13803
5598,cr1_0700p_00007.cbf,485,597,240,367,112,127,14224
5599,cr1_0700p_00008.cbf,473,603,232,377,130,145,18850
5600,cr1_0701p_00001.cbf,477,608,236,388,131,152,19912
5601,cr1_0701p_00002.cbf,475,608,230,380,133,150,19950
5602,cr1_0701p_00003.cbf,469,609,233,376,140,143,20020
5603,cr1_0701p_00004.cbf,486,596,238,363,110,125,13750
5604,cr1_0701p_00005.cbf,478,605,223,381,127,158,20066
5605,cr1_0701p_00006.cbf,473,607,226,375,134,149,19966
5606,cr1_0701p_00007.cbf,486,597,239,369,111,130,14430
5607,cr1_0701p_00008.cbf,475,607,231,374,132,143,18876
5608,cr1_0702p_00001.cbf,470,607,228,378,137,150,20550
5609,cr1_0702p_00002.cbf,477,610,230,379,133,149,19817
5610,cr1_0702p_00003.cbf,476,605,226,377,129,151,19479
5611,cr1_0702p_00004.cbf,476,610,232,377,134,145,19430
5612,cr1_0702p_00005.cbf,467,604,228,376,137,148,20276
5613,cr1_0702p_00006.cbf,476,607,225,376,131,151,19781
5614,cr1_0702p_00007.cbf,475,606,222,375,131,153,20043
5615,cr1_0702p_00008.cbf,475,607,228,378,132,150,19800
5616,cr1_0703p_00001.cbf,483,596,240,369,113,129,14577
5617,cr1_0703p_00002.cbf,475,605,231,380,130,149,19370
5618,cr1_0703p_00003.cbf,473,604,229,374,131,145,18995
5619,cr1_0703p_00004.cbf,474,604,231,377,130,146,18980
5620,cr1_0703p_00005.cbf,486,593,235,363,107,128,13696
5621,cr1_0703p_00006.cbf,473,606,229,377,133,148,19684
5622,cr1_0703p_00007.cbf,473,609,227,375,136,148,20128
5623,cr1_0703p_00008.cbf,470,604,228,381,134,153,20502
5624,cr1_0704p_00001.cbf,475,607,227,377,132,150,19800
5625,cr1_0704p_00002.cbf,485,596,242,366,111,124,13764
5626,cr1_0704p_00003.cbf,473,605,229,380,132,151,19932
5627,cr1_0704p_00004.cbf,476,607,233,373,131,140,18340
5628,cr1_0704p_00005.cbf,472,602,226,372,130,146,18980
5629,cr1_0704p_00006.cbf,474,609,229,381,135,152,20520
5630,cr1_0704p_00007.cbf,474,605,226,378,131,152,19912
5631,cr1_0704p_00008.cbf,475,608,227,379,133,152,20216
5632,cr1_0705p_00001.cbf,482,597,241,368,115,127,14605
5633,cr1_0705p_00002.cbf,475,609,231,377,134,146,19564
5634,cr1_0705p_00003.cbf,484,596,240,368,112,128,14336
5635,cr1_0705p_00004.cbf,475,605,227,376,130,149,19370
5636,cr1_0705p_00005.cbf,477,607,226,376,130,150,19500
5637,cr1_0705p_00006.cbf,474,606,227,377,132,150,19800
5638,cr1_0705p_00007.cbf,486,596,239,366,110,127,13970
5639,cr1_0705p_00008.cbf,475,605,232,379,130,147,19110
5640,cr1_0706p_00001.cbf,485,598,241,367,113,126,14238
5641,cr1_0706p_00002.cbf,470,606,232,383,136,151,20536
5642,cr1_0706p_00003.cbf,480,605,230,380,125,150,18750
5643,cr1_0706p_00004.cbf,474,609,233,377,135,144,19440
5644,cr1_0706p_00005.cbf,473,609,224,373,136,149,20264
5645,cr1_0706p_00006.cbf,474,608,229,376,134,147,19698
5646,cr1_0706p_00007.cbf,466,604,227,373,138,146,20148
5647,cr1_0706p_00008.cbf,472,610,230,374,138,144,19872
5648,cr1_0707p_00001.cbf,487,596,241,368,109,127,13843
5649,cr1_0707p_00002.cbf,472,611,233,380,139,147,20433
5650,cr1_0707p_00003.cbf,472,609,230,377,137,147,20139
5651,cr1_0707p_00004.cbf,468,603,226,376,135,150,20250
5652,cr1_0707p_00005.cbf,477,607,228,371,130,143,18590
5653,cr1_0707p_00006.cbf,484,597,236,363,113,127,14351
5654,cr1_0707p_00007.cbf,485,596,238,368,111,130,14430
5655,cr1_0707p_00008.cbf,482,599,239,368,117,129,15093
5656,cr1_0708p_00001.cbf,483,599,240,370,116,130,15080
5657,cr1_0708p_00002.cbf,473,609,234,382,136,148,20128
5658,cr1_0708p_00003.cbf,484,597,239,368,113,129,14577
5659,cr1_0708p_00004.cbf,474,610,226,375,136,149,20264
5660,cr1_0708p_00005.cbf,484,597,236,365,113,129,14577
5661,cr1_0708p_00006.cbf,470,607,225,375,137,150,20550
5662,cr1_0708p_00007.cbf,470,611,229,375,141,146,20586
5663,cr1_0708p_00008.cbf,485,600,239,367,115,128,14720
5664,cr1_0709p_00001.cbf,483,599,240,370,116,130,15080
5665,cr1_0709p_00002.cbf,473,607,231,379,134,148,19832
5666,cr1_0709p_00003.cbf,469,607,233,382,138,149,20562
5667,cr1_0709p_00004.cbf,484,595,240,369,111,129,14319
5668,cr1_0709p_00005.cbf,485,595,235,367,110,132,14520
5669,cr1_0709p_00006.cbf,483,596,234,366,113,132,14916
5670,cr1_0709p_00007.cbf,483,598,239,368,115,129,14835
5671,cr1_0709p_00008.cbf,473,605,228,380,132,152,20064
5672,cr1_0710p_00001.cbf,484,596,240,369,112,129,14448
5673,cr1_0710p_00002.cbf,471,608,230,377,137,147,20139
5674,cr1_0710p_00003.cbf,486,598,238,368,112,130,14560
5675,cr1_0710p_00004.cbf,483,599,237,368,116,131,15196
5676,cr1_0710p_00005.cbf,487,596,237,366,109,129,14061
5677,cr1_0710p_00006.cbf,484,596,237,368,112,131,14672
5678,cr1_0710p_00007.cbf,483,600,236,369,117,133,15561
5679,cr1_0710p_00008.cbf,482,595,240,368,113,128,14464
5680,cr1_0711p_00001.cbf,484,597,240,370,113,130,14690
5681,cr1_0711p_00002.cbf,483,598,239,370,115,131,15065
5682,cr1_0711p_00003.cbf,481,597,240,368,116,128,14848
5683,cr1_0711p_00004.cbf,472,605,227,374,133,147,19551
5684,cr1_0711p_00005.cbf,472,606,224,374,134,150,20100
5685,cr1_0711p_00006.cbf,477,609,226,377,132,151,19932
5686,cr1_0711p_00007.cbf,475,606,226,375,131,149,19519
5687,cr1_0711p_00008.cbf,485,599,239,368,114,129,14706
5688,cr1_0712p_00001.cbf,484,598,238,370,114,132,15048
5689,cr1_0712p_00002.cbf,472,609,232,379,137,147,20139
5690,cr1_0712p_00003.cbf,483,597,238,369,114,131,14934
5691,cr1_0712p_00004.cbf,485,598,237,369,113,132,14916
5692,cr1_0712p_00005.cbf,484,595,236,367,111,131,14541
5693,cr1_0712p_00006.cbf,482,596,239,366,114,127,14478
5694,cr1_0712p_00007.cbf,467,604,228,376,137,148,20276
5695,cr1_0712p_00008.cbf,475,611,231,380,136,149,20264
5696,cr1_0713p_00001.cbf,482,597,241,370,115,129,14835
5697,cr1_0713p_00002.cbf,485,599,241,368,114,127,14478
5698,cr1_0713p_00003.cbf,485,598,239,369,113,130,14690
5699,cr1_0713p_00004.cbf,477,611,226,376,134,150,20100
5700,cr1_0713p_00005.cbf,471,609,228,377,138,149,20562
5701,cr1_0713p_00006.cbf,484,596,238,367,112,129,14448
5702,cr1_0713p_00007.cbf,484,595,236,367,111,131,14541
5703,cr1_0713p_00008.cbf,485,596,239,367,111,128,14208
5704,cr1_0714p_00001.cbf,484,598,240,369,114,129,14706
5705,cr1_0714p_00002.cbf,472,606,228,376,134,148,19832
5706,cr1_0714p_00003.cbf,486,597,237,370,111,133,14763
5707,cr1_0714p_00004.cbf,475,608,227,374,133,147,19551
5708,cr1_0714p_00005.cbf,475,606,225,375,131,150,19650
5709,cr1_0714p_00006.cbf,475,605,223,377,130,154,20020
5710,cr1_0714p_00007.cbf,473,606,229,375,133,146,19418
5711,cr1_0714p_00008.cbf,484,596,238,366,112,128,14336
5712,cr1_0715p_00001.cbf,481,599,240,367,118,127,14986
5713,cr1_0715p_00002.cbf,472,610,230,379,138,149,20562
5714,cr1_0715p_00003.cbf,485,597,239,369,112,130,14560
5715,cr1_0715p_00004.cbf,484,594,239,367,110,128,14080
5716,cr1_0715p_00005.cbf,484,595,237,365,111,128,14208
5717,cr1_0715p_00006.cbf,474,607,228,374,133,146,19418
5718,cr1_0715p_00007.cbf,477,608,229,377,131,148,19388
5719,cr1_0715p_00008.cbf,466,607,232,376,141,144,20304
5720,cr1_0716p_00001.cbf,475,610,228,379,135,151,20385
5721,cr1_0716p_00002.cbf,474,608,232,376,134,144,19296
5722,cr1_0716p_00003.cbf,475,608,231,379,133,148,19684
5723,cr1_0716p_00004.cbf,486,597,240,368,111,128,14208
5724,cr1_0716p_00005.cbf,477,609,224,374,132,150,19800
5725,cr1_0716p_00006.cbf,476,604,226,372,128,146,18688
5726,cr1_0716p_00007.cbf,486,598,237,367,112,130,14560
5727,cr1_0716p_00008.cbf,476,607,231,387,131,156,20436
5728,cr1_0717p_00001.cbf,485,598,240,367,113,127,14351
5729,cr1_0717p_00002.cbf,482,597,241,368,115,127,14605
5730,cr1_0717p_00003.cbf,474,608,227,374,134,147,19698
5731,cr1_0717p_00004.cbf,473,604,230,380,131,150,19650
5732,cr1_0717p_00005.cbf,485,595,236,364,110,128,14080
5733,cr1_0717p_00006.cbf,484,597,237,365,113,128,14464
5734,cr1_0717p_00007.cbf,474,606,231,381,132,150,19800
5735,cr1_0717p_00008.cbf,469,606,229,378,137,149,20413
5736,cr1_0718p_00001.cbf,486,597,239,369,111,130,14430
5737,cr1_0718p_00002.cbf,467,604,231,381,137,150,20550
5738,cr1_0718p_00003.cbf,487,597,239,369,110,130,14300
5739,cr1_0718p_00004.cbf,470,605,225,377,135,152,20520
5740,cr1_0718p_00005.cbf,475,609,228,373,134,145,19430
5741,cr1_0718p_00006.cbf,485,595,235,368,110,133,14630
5742,cr1_0718p_00007.cbf,474,610,229,379,136,150,20400
5743,cr1_0718p_00008.cbf,470,607,231,378,137,147,20139
5744,cr1_0719p_00001.cbf,468,606,232,377,138,145,20010
5745,cr1_0719p_00002.cbf,473,605,229,384,132,155,20460
5746,cr1_0719p_00003.cbf,484,599,239,368,115,129,14835
5747,cr1_0719p_00004.cbf,474,609,227,378,135,151,20385
5748,cr1_0719p_00005.cbf,466,605,228,374,139,146,20294
5749,cr1_0719p_00006.cbf,476,601,228,375,125,147,18375
5750,cr1_0719p_00007.cbf,476,606,225,373,130,148,19240
5751,cr1_0719p_00008.cbf,482,596,239,368,114,129,14706
5752,cr1_0720p_00001.cbf,476,607,231,382,131,151,19781
5753,cr1_0720p_00002.cbf,486,599,240,367,113,127,14351
5754,cr1_0720p_00003.cbf,474,608,231,379,134,148,19832
5755,cr1_0720p_00004.cbf,474,603,225,379,129,154,19866
5756,cr1_0720p_00005.cbf,484,596,238,366,112,128,14336
5757,cr1_0720p_00006.cbf,475,610,229,376,135,147,19845
5758,cr1_0720p_00007.cbf,476,607,226,377,131,151,19781
5759,cr1_0720p_00008.cbf,473,610,228,375,137,147,20139
5760,cr1_0721p_00001.cbf,472,609,232,381,137,149,20413
5761,cr1_0721p_00002.cbf,485,599,239,369,114,130,14820
5762,cr1_0721p_00003.cbf,473,610,234,377,137,143,19591
5763,cr1_0721p_00004.cbf,483,597,239,367,114,128,14592
5764,cr1_0721p_00005.cbf,483,595,238,366,112,128,14336
5765,cr1_0721p_00006.cbf,472,604,226,380,132,154,20328
5766,cr1_0721p_00007.cbf,475,609,226,378,134,152,20368
5767,cr1_0721p_00008.cbf,475,608,230,381,133,151,20083
5768,cr1_0722p_00001.cbf,474,611,232,382,137,150,20550
5769,cr1_0722p_00002.cbf,476,608,234,379,132,145,19140
5770,cr1_0722p_00003.cbf,483,597,239,368,114,129,14706
5771,cr1_0722p_00004.cbf,473,607,231,378,134,147,19698
5772,cr1_0722p_00005.cbf,471,605,228,372,134,144,19296
5773,cr1_0722p_00006.cbf,472,609,228,375,137,147,20139
5774,cr1_0722p_00007.cbf,474,610,232,376,136,144,19584
5775,cr1_0722p_00008.cbf,472,608,228,377,136,149,20264
5776,cr1_0723p_00001.cbf,484,597,242,368,113,126,14238
5777,cr1_0723p_00002.cbf,475,610,233,379,135,146,19710
5778,cr1_0723p_00003.cbf,469,606,232,377,137,145,19865
5779,cr1_0723p_00004.cbf,484,597,239,367,113,128,14464
5780,cr1_0723p_00005.cbf,476,612,229,376,136,147,19992
5781,cr1_0723p_00006.cbf,473,608,228,373,135,145,19575
5782,cr1_0723p_00007.cbf,485,596,238,367,111,129,14319
5783,cr1_0723p_00008.cbf,474,606,233,379,132,146,19272
5784,cr1_0724p_00001.cbf,484,599,240,369,115,129,14835
5785,cr1_0724p_00002.cbf,477,606,232,381,129,149,19221
5786,cr1_0724p_00003.cbf,483,596,239,368,113,129,14577
5787,cr1_0724p_00004.cbf,475,608,226,378,133,152,20216
5788,cr1_0724p_00005.cbf,476,607,228,373,131,145,18995
5789,cr1_0724p_00006.cbf,475,607,228,380,132,152,20064
5790,cr1_0724p_00007.cbf,475,606,226,375,131,149,19519
5791,cr1_0724p_00008.cbf,474,609,230,382,135,152,20520
5792,cr1_0725p_00001.cbf,472,612,230,377,140,147,20580
5793,cr1_0725p_00002.cbf,474,605,233,377,131,144,18864
5794,cr1_0725p_00003.cbf,475,607,232,375,132,143,18876
5795,cr1_0725p_00004.cbf,473,613,229,373,140,144,20160
5796,cr1_0725p_00005.cbf,479,602,230,373,123,143,17589
5797,cr1_0725p_00006.cbf,470,602,227,372,132,145,19140
5798,cr1_0725p_00007.cbf,473,607,231,376,134,145,19430
5799,cr1_0725p_00008.cbf,485,597,240,368,112,128,14336
5800,cr1_0726p_00001.cbf,485,598,240,368,113,128,14464
5801,cr1_0726p_00002.cbf,473,605,227,377,132,150,19800
5802,cr1_0726p_00003.cbf,475,608,226,378,133,152,20216
5803,cr1_0726p_00004.cbf,485,596,240,368,111,128,14208
5804,cr1_0726p_00005.cbf,472,603,226,375,131,149,19519
5805,cr1_0726p_00006.cbf,471,602,227,375,131,148,19388
5806,cr1_0726p_00007.cbf,476,604,232,374,128,142,18176
5807,cr1_0726p_00008.cbf,474,609,232,380,135,148,19980
5808,cr1_0727p_00001.cbf,476,607,226,378,131,152,19912
5809,cr1_0727p_00002.cbf,471,615,234,377,144,143,20592
5810,cr1_0727p_00003.cbf,475,606,234,381,131,147,19257
5811,cr1_0727p_00004.cbf,473,605,230,378,132,148,19536
5812,cr1_0727p_00005.cbf,469,602,225,379,133,154,20482
5813,cr1_0727p_00006.cbf,484,596,236,364,112,128,14336
5814,cr1_0727p_00007.cbf,475,606,227,378,131,151,19781
5815,cr1_0727p_00008.cbf,476,608,233,380,132,147,19404
5816,cr1_0728p_00001.cbf,484,596,242,368,112,126,14112
5817,cr1_0728p_00002.cbf,478,608,232,380,130,148,19240
5818,cr1_0728p_00003.cbf,473,610,235,373,137,138,18906
5819,cr1_0728p_00004.cbf,481,596,239,368,115,129,14835
5820,cr1_0728p_00005.cbf,474,603,226,371,129,145,18705
5821,cr1_0728p_00006.cbf,474,606,227,374,132,147,19404
5822,cr1_0728p_00007.cbf,484,596,239,366,112,127,14224
5823,cr1_0728p_00008.cbf,487,596,240,366,109,126,13734
5824,cr1_0729p_00001.cbf,477,612,234,382,135,148,19980
5825,cr1_0729p_00002.cbf,474,609,234,375,135,141,19035
5826,cr1_0729p_00003.cbf,471,610,232,380,139,148,20572
5827,cr1_0729p_00004.cbf,487,596,240,368,109,128,13952
5828,cr1_0729p_00005.cbf,469,602,227,376,133,149,19817
5829,cr1_0729p_00006.cbf,471,603,229,375,132,146,19272
5830,cr1_0729p_00007.cbf,477,605,231,377,128,146,18688
5831,cr1_0729p_00008.cbf,473,604,227,375,131,148,19388
5832,cr1_0730p_00001.cbf,474,613,231,375,139,144,20016
5833,cr1_0730p_00002.cbf,484,597,240,368,113,128,14464
5834,cr1_0730p_00003.cbf,473,608,234,378,135,144,19440
5835,cr1_0730p_00004.cbf,474,607,231,384,133,153,20349
5836,cr1_0730p_00005.cbf,475,603,223,375,128,152,19456
5837,cr1_0730p_00006.cbf,476,605,226,378,129,152,19608
5838,cr1_0730p_00007.cbf,472,610,232,373,138,141,19458
5839,cr1_0730p_00008.cbf,485,595,239,367,110,128,14080
5840,cr1_0731p_00001.cbf,472,606,229,375,134,146,19564
5841,cr1_0731p_00002.cbf,477,610,226,380,133,154,20482
5842,cr1_0731p_00003.cbf,488,597,240,367,109,127,13843
5843,cr1_0731p_00004.cbf,471,609,231,373,138,142,19596
5844,cr1_0731p_00005.cbf,472,605,231,374,133,143,19019
5845,cr1_0731p_00006.cbf,472,604,228,378,132,150,19800
5846,cr1_0731p_00007.cbf,474,610,229,378,136,149,20264
5847,cr1_0731p_00008.cbf,485,598,240,367,113,127,14351
5848,cr1_0732p_00001.cbf,474,607,233,379,133,146,19418
5849,cr1_0732p_00002.cbf,474,613,235,379,139,144,20016
5850,cr1_0732p_00003.cbf,486,597,241,369,111,128,14208
5851,cr1_0732p_00004.cbf,472,604,234,377,132,143,18876
5852,cr1_0732p_00005.cbf,472,607,227,375,135,148,19980
5853,cr1_0732p_00006.cbf,474,608,231,374,134,143,19162
5854,cr1_0732p_00007.cbf,478,603,230,381,125,151,18875
5855,cr1_0732p_00008.cbf,476,611,232,375,135,143,19305
5856,cr1_0733p_00001.cbf,470,604,233,377,134,144,19296
5857,cr1_0733p_00002.cbf,473,607,233,377,134,144,19296
5858,cr1_0733p_00003.cbf,476,605,228,375,129,147,18963
5859,cr1_0733p_00004.cbf,477,609,231,376,132,145,19140
5860,cr1_0733p_00005.cbf,475,606,230,373,131,143,18733
5861,cr1_0733p_00006.cbf,486,595,236,366,109,130,14170
5862,cr1_0733p_00007.cbf,473,605,229,378,132,149,19668
5863,cr1_0733p_00008.cbf,474,605,224,377,131,153,20043
5864,cr1_0734p_00001.cbf,476,606,232,385,130,153,19890
5865,cr1_0734p_00002.cbf,477,607,235,376,130,141,18330
5866,cr1_0734p_00003.cbf,468,606,232,376,138,144,19872
5867,cr1_0734p_00004.cbf,473,605,230,385,132,155,20460
5868,cr1_0734p_00005.cbf,488,595,238,364,107,126,13482
5869,cr1_0734p_00006.cbf,477,611,228,376,134,148,19832
5870,cr1_0734p_00007.cbf,472,606,233,380,134,147,19698
5871,cr1_0734p_00008.cbf,474,615,231,377,141,146,20586
5872,cr1_0735p_00001.cbf,476,608,230,377,132,147,19404
5873,cr1_0735p_00002.cbf,471,606,232,378,135,146,19710
5874,cr1_0735p_00003.cbf,477,605,226,376,128,150,19200
5875,cr1_0735p_00004.cbf,473,605,232,377,132,145,19140
5876,cr1_0735p_00005.cbf,485,594,237,364,109,127,13843
5877,cr1_0735p_00006.cbf,473,606,229,375,133,146,19418
5878,cr1_0735p_00007.cbf,474,608,230,378,134,148,19832
5879,cr1_0735p_00008.cbf,472,607,232,379,135,147,19845
5880,cr1_0736p_00001.cbf,474,604,230,375,130,145,18850
5881,cr1_0736p_00002.cbf,474,606,232,379,132,147,19404
5882,cr1_0736p_00003.cbf,474,606,231,380,132,149,19668
5883,cr1_0736p_00004.cbf,477,611,229,376,134,147,19698
5884,cr1_0736p_00005.cbf,476,603,230,371,127,141,17907
5885,cr1_0736p_00006.cbf,470,604,229,379,134,150,20100
5886,cr1_0736p_00007.cbf,474,607,231,373,133,142,18886
5887,cr1_0736p_00008.cbf,470,603,231,373,133,142,18886
5888,cr1_0737p_00001.cbf,474,608,231,375,134,144,19296
5889,cr1_0737p_00002.cbf,474,606,230,379,132,149,19668
5890,cr1_0737p_00003.cbf,478,610,230,378,132,148,19536
5891,cr1_0737p_00004.cbf,472,611,230,377,139,147,20433
5892,cr1_0737p_00005.cbf,476,607,231,380,131,149,19519
5893,cr1_0737p_00006.cbf,477,603,234,376,126,142,17892
5894,cr1_0737p_00007.cbf,487,595,239,367,108,128,13824
5895,cr1_0737p_00008.cbf,477,609,232,378,132,146,19272
5896,cr1_0738p_00001.cbf,468,609,232,374,141,142,20022
5897,cr1_0738p_00002.cbf,473,605,232,378,132,146,19272
5898,cr1_0738p_00003.cbf,476,610,229,378,134,149,19966
5899,cr1_0738p_00004.cbf,476,609,234,377,133,143,19019
5900,cr1_0738p_00005.cbf,471,603,225,379,132,154,20328
5901,cr1_0738p_00006.cbf,485,596,240,367,111,127,14097
5902,cr1_0738p_00007.cbf,466,607,231,376,141,145,20445
5903,cr1_0738p_00008.cbf,475,612,233,378,137,145,19865
5904,cr1_0739p_00001.cbf,471,608,236,377,137,141,19317
5905,cr1_0739p_00002.cbf,474,603,231,380,129,149,19221
5906,cr1_0739p_00003.cbf,474,607,225,373,133,148,19684
5907,cr1_0739p_00004.cbf,486,595,240,368,109,128,13952
5908,cr1_0739p_00005.cbf,487,595,239,367,108,128,13824
5909,cr1_0739p_00006.cbf,473,607,225,377,134,152,20368
5910,cr1_0739p_00007.cbf,476,607,234,379,131,145,18995
5911,cr1_0739p_00008.cbf,475,607,232,379,132,147,19404
5912,cr1_0740p_00001.cbf,471,609,234,380,138,146,20148
5913,cr1_0740p_00002.cbf,475,608,233,379,133,146,19418
5914,cr1_0740p_00003.cbf,486,596,239,366,110,127,13970
5915,cr1_0740p_00004.cbf,470,605,226,376,135,150,20250
5916,cr1_0740p_00005.cbf,473,607,226,373,134,147,19698
5917,cr1_0740p_00006.cbf,473,607,227,380,134,153,20502
5918,cr1_0740p_00007.cbf,483,598,240,366,115,126,14490
5919,cr1_0740p_00008.cbf,472,608,227,376,136,149,20264
5920,cr1_0741p_00001.cbf,473,611,231,380,138,149,20562
5921,cr1_0741p_00002.cbf,478,610,230,380,132,150,19800
5922,cr1_0741p_00003.cbf,472,609,229,379,137,150,20550
5923,cr1_0741p_00004.cbf,485,596,238,367,111,129,14319
5924,cr1_0741p_00005.cbf,472,610,226,375,138,149,20562
5925,cr1_0741p_00006.cbf,484,597,235,368,113,133,15029
5926,cr1_0741p_00007.cbf,485,597,237,368,112,131,14672
5927,cr1_0741p_00008.cbf,472,606,229,377,134,148,19832
5928,cr1_0742p_00001.cbf,475,605,233,382,130,149,19370
5929,cr1_0742p_00002.cbf,483,599,241,370,116,129,14964
5930,cr1_0742p_00003.cbf,483,598,241,368,115,127,14605
5931,cr1_0742p_00004.cbf,483,598,240,368,115,128,14720
5932,cr1_0742p_00005.cbf,484,596,237,368,112,131,14672
5933,cr1_0742p_00006.cbf,473,606,228,377,133,149,19817
5934,cr1_0742p_00007.cbf,482,597,240,368,115,128,14720
5935,cr1_0742p_00008.cbf,473,609,231,378,136,147,19992
5936,cr1_0743p_00001.cbf,475,606,232,380,131,148,19388
5937,cr1_0743p_00002.cbf,473,607,233,378,134,145,19430
5938,cr1_0743p_00003.cbf,486,598,238,369,112,131,14672
5939,cr1_0743p_00004.cbf,484,596,240,368,112,128,14336
5940,cr1_0743p_00005.cbf,475,604,227,381,129,154,19866
5941,cr1_0743p_00006.cbf,476,607,231,378,131,147,19257
5942,cr1_0743p_00007.cbf,485,598,241,369,113,128,14464
5943,cr1_0743p_00008.cbf,474,613,230,378,139,148,20572
5944,cr1_0744p_00001.cbf,470,606,232,378,136,146,19856
5945,cr1_0744p_00002.cbf,484,599,240,368,115,128,14720
5946,cr1_0744p_00003.cbf,482,596,239,367,114,128,14592
5947,cr1_0744p_00004.cbf,481,598,240,368,117,128,14976
5948,cr1_0744p_00005.cbf,474,609,227,379,135,152,20520
5949,cr1_0744p_00006.cbf,469,607,230,378,138,148,20424
5950,cr1_0744p_00007.cbf,472,607,230,377,135,147,19845
5951,cr1_0744p_00008.cbf,483,597,239,368,114,129,14706
5952,cr1_0745p_00001.cbf,472,614,233,377,142,144,20448
5953,cr1_0745p_00002.cbf,470,608,232,380,138,148,20424
5954,cr1_0745p_00003.cbf,483,598,237,368,115,131,15065
5955,cr1_0745p_00004.cbf,471,607,231,380,136,149,20264
5956,cr1_0745p_00005.cbf,475,604,227,382,129,155,19995
5957,cr1_0745p_00006.cbf,485,595,238,369,110,131,14410
5958,cr1_0745p_00007.cbf,474,609,231,379,135,148,19980
5959,cr1_0745p_00008.cbf,475,611,229,377,136,148,20128
5960,cr1_0746p_00001.cbf,484,599,240,369,115,129,14835
5961,cr1_0746p_00002.cbf,476,607,231,383,131,152,19912
5962,cr1_0746p_00003.cbf,472,608,228,377,136,149,20264
5963,cr1_0746p_00004.cbf,484,595,238,369,111,131,14541
5964,cr1_0746p_00005.cbf,483,597,238,368,114,130,14820
5965,cr1_0746p_00006.cbf,485,596,239,368,111,129,14319
5966,cr1_0746p_00007.cbf,475,609,234,376,134,142,19028
5967,cr1_0746p_00008.cbf,482,597,238,368,115,130,14950
5968,cr1_0747p_00001.cbf,484,598,242,371,114,129,14706
5969,cr1_0747p_00002.cbf,475,611,231,382,136,151,20536
5970,cr1_0747p_00003.cbf,473,607,230,380,134,150,20100
5971,cr1_0747p_00004.cbf,484,600,239,369,116,130,15080
5972,cr1_0747p_00005.cbf,475,605,230,377,130,147,19110
5973,cr1_0747p_00006.cbf,472,606,233,378,134,145,19430
5974,cr1_0747p_00007.cbf,485,598,239,368,113,129,14577
5975,cr1_0747p_00008.cbf,471,608,230,377,137,147,20139
5976,cr1_0748p_00001.cbf,484,599,241,369,115,128,14720
5977,cr1_0748p_00002.cbf,472,611,232,377,139,145,20155
5978,cr1_0748p_00003.cbf,483,597,240,369,114,129,14706
5979,cr1_0748p_00004.cbf,475,608,231,377,133,146,19418
5980,cr1_0748p_00005.cbf,484,596,237,369,112,132,14784
5981,cr1_0748p_00006.cbf,474,606,226,382,132,156,20592
5982,cr1_0748p_00007.cbf,485,596,241,368,111,127,14097
5983,cr1_0748p_00008.cbf,473,606,231,376,133,145,19285
5984,cr1_0749p_00001.cbf,471,607,233,380,136,147,19992
5985,cr1_0749p_00002.cbf,475,608,227,381,133,154,20482
5986,cr1_0749p_00003.cbf,476,613,228,377,137,149,20413
5987,cr1_0749p_00004.cbf,471,606,229,379,135,150,20250
5988,cr1_0749p_00005.cbf,486,595,238,367,109,129,14061
5989,cr1_0749p_00006.cbf,482,597,238,369,115,131,15065
5990,cr1_0749p_00007.cbf,468,601,229,378,133,149,19817
5991,cr1_0749p_00008.cbf,470,607,230,379,137,149,20413
5992,cr1_0750p_00001.cbf,473,612,232,380,139,148,20572
5993,cr1_0750p_00002.cbf,483,600,242,371,117,129,15093
5994,cr1_0750p_00003.cbf,474,606,232,380,132,148,19536
5995,cr1_0750p_00004.cbf,471,608,232,378,137,146,20002
5996,cr1_0750p_00005.cbf,477,606,228,384,129,156,20124
5997,cr1_0750p_00006.cbf,477,607,226,378,130,152,19760
5998,cr1_0750p_00007.cbf,482,596,239,368,114,129,14706
5999,cr1_0750p_00008.cbf,484,596,240,369,112,129,14448
6000,cr1_0751p_00001.cbf,481,600,240,370,119,130,15470
6001,cr1_0751p_00002.cbf,475,609,234,380,134,146,19564
6002,cr1_0751p_00003.cbf,476,608,227,377,132,150,19800
6003,cr1_0751p_00004.cbf,485,596,238,370,111,132,14652
6004,cr1_0751p_00005.cbf,485,596,239,367,111,128,14208
6005,cr1_0751p_00006.cbf,473,605,228,379,132,151,19932
6006,cr1_0751p_00007.cbf,473,609,231,379,136,148,20128
6007,cr1_0751p_00008.cbf,482,599,239,369,117,130,15210
6008,cr1_0752p_00001.cbf,472,606,231,384,134,153,20502
6009,cr1_0752p_00002.cbf,485,597,240,369,112,129,14448
6010,cr1_0752p_00003.cbf,468,610,233,378,142,145,20590
6011,cr1_0752p_00004.cbf,485,598,238,368,113,130,14690
6012,cr1_0752p_00005.cbf,485,596,238,367,111,129,14319
6013,cr1_0752p_00006.cbf,484,597,241,369,113,128,14464
6014,cr1_0752p_00007.cbf,484,594,239,366,110,127,13970
6015,cr1_0752p_00008.cbf,482,597,240,367,115,127,14605
6016,cr1_0753p_00001.cbf,475,610,235,377,135,142,19170
6017,cr1_0753p_00002.cbf,484,599,241,371,115,130,14950
6018,cr1_0753p_00003.cbf,477,609,228,384,132,156,20592
6019,cr1_0753p_00004.cbf,483,598,239,367,115,128,14720
6020,cr1_0753p_00005.cbf,474,603,230,379,129,149,19221
6021,cr1_0753p_00006.cbf,485,598,241,368,113,127,14351
6022,cr1_0753p_00007.cbf,472,604,232,377,132,145,19140
6023,cr1_0753p_00008.cbf,484,597,241,368,113,127,14351
6024,cr1_0754p_00001.cbf,483,597,242,369,114,127,14478
6025,cr1_0754p_00002.cbf,471,612,233,379,141,146,20586
6026,cr1_0754p_00003.cbf,485,598,240,369,113,129,14577
6027,cr1_0754p_00004.cbf,483,598,240,369,115,129,14835
6028,cr1_0754p_00005.cbf,473,610,230,379,137,149,20413
6029,cr1_0754p_00006.cbf,484,597,238,368,113,130,14690
6030,cr1_0754p_00007.cbf,472,609,232,378,137,146,20002
6031,cr1_0754p_00008.cbf,474,607,229,377,133,148,19684
6032,cr1_0755p_00001.cbf,475,609,230,380,134,150,20100
6033,cr1_0755p_00002.cbf,482,598,239,368,116,129,14964
6034,cr1_0755p_00003.cbf,470,606,230,378,136,148,20128
6035,cr1_0755p_00004.cbf,477,607,232,375,130,143,18590
6036,cr1_0755p_00005.cbf,474,603,231,383,129,152,19608
6037,cr1_0755p_00006.cbf,485,596,238,368,111,130,14430
6038,cr1_0755p_00007.cbf,483,597,239,368,114,129,14706
6039,cr1_0755p_00008.cbf,476,610,232,381,134,149,19966
6040,cr1_0756p_00001.cbf,477,606,232,381,129,149,19221
6041,cr1_0756p_00002.cbf,485,597,242,370,112,128,14336
6042,cr1_0756p_00003.cbf,476,613,233,376,137,143,19591
6043,cr1_0756p_00004.cbf,474,605,228,383,131,155,20305
6044,cr1_0756p_00005.cbf,482,595,238,369,113,131,14803
6045,cr1_0756p_00006.cbf,484,597,238,368,113,130,14690
6046,cr1_0756p_00007.cbf,475,607,233,379,132,146,19272
6047,cr1_0756p_00008.cbf,475,609,232,378,134,146,19564
6048,cr1_0757p_00001.cbf,476,607,236,379,131,143,18733
6049,cr1_0757p_00002.cbf,483,598,240,369,115,129,14835
6050,cr1_0757p_00003.cbf,485,599,240,369,114,129,14706
6051,cr1_0757p_00004.cbf,474,604,229,376,130,147,19110
6052,cr1_0757p_00005.cbf,484,594,239,368,110,129,14190
6053,cr1_0757p_00006.cbf,486,595,241,369,109,128,13952
6054,cr1_0757p_00007.cbf,476,606,230,382,130,152,19760
6055,cr1_0757p_00008.cbf,469,610,234,380,141,146,20586
6056,cr1_0758p_00001.cbf,477,610,234,381,133,147,19551
6057,cr1_0758p_00002.cbf,475,611,231,379,136,148,20128
6058,cr1_0758p_00003.cbf,469,603,231,378,134,147,19698
6059,cr1_0758p_00004.cbf,475,608,231,378,133,147,19551
6060,cr1_0758p_00005.cbf,474,603,229,380,129,151,19479
6061,cr1_0758p_00006.cbf,475,608,233,378,133,145,19285
6062,cr1_0758p_00007.cbf,484,598,241,369,114,128,14592
6063,cr1_0758p_00008.cbf,482,595,242,370,113,128,14464
6064,cr1_0759p_00001.cbf,471,607,233,383,136,150,20400
6065,cr1_0759p_00002.cbf,482,598,241,368,116,127,14732
6066,cr1_0759p_00003.cbf,484,600,239,369,116,130,15080
6067,cr1_0759p_00004.cbf,485,597,240,368,112,128,14336
6068,cr1_0759p_00005.cbf,475,604,228,379,129,151,19479
6069,cr1_0759p_00006.cbf,473,609,230,379,136,149,20264
6070,cr1_0759p_00007.cbf,474,607,231,385,133,154,20482
6071,cr1_0759p_00008.cbf,475,609,234,380,134,146,19564
6072,cr1_0760p_00001.cbf,475,607,228,380,132,152,20064
6073,cr1_0760p_00002.cbf,473,609,231,378,136,147,19992
6074,cr1_0760p_00003.cbf,475,608,231,379,133,148,19684
6075,cr1_0760p_00004.cbf,466,608,233,374,142,141,20022
6076,cr1_0760p_00005.cbf,485,595,240,367,110,127,13970
6077,cr1_0760p_00006.cbf,485,596,239,369,111,130,14430
6078,cr1_0760p_00007.cbf,472,607,230,380,135,150,20250
6079,cr1_0760p_00008.cbf,474,607,231,379,133,148,19684
6080,cr1_0761p_00001.cbf,476,611,233,378,135,145,19575
6081,cr1_0761p_00002.cbf,475,607,234,376,132,142,18744
6082,cr1_0761p_00003.cbf,484,597,241,368,113,127,14351
6083,cr1_0761p_00004.cbf,475,606,235,379,131,144,18864
6084,cr1_0761p_00005.cbf,478,607,232,379,129,147,18963
6085,cr1_0761p_00006.cbf,485,597,239,368,112,129,14448
6086,cr1_0761p_00007.cbf,483,599,238,370,116,132,15312
6087,cr1_0761p_00008.cbf,477,606,229,376,129,147,18963
6088,cr1_0762p_00001.cbf,471,605,232,377,134,145,19430
6089,cr1_0762p_00002.cbf,469,611,236,378,142,142,20164
6090,cr1_0762p_00003.cbf,472,603,227,384,131,157,20567
6091,cr1_0762p_00004.cbf,470,606,229,379,136,150,20400
6092,cr1_0762p_00005.cbf,473,607,230,378,134,148,19832
6093,cr1_0762p_00006.cbf,475,604,231,383,129,152,19608
6094,cr1_0762p_00007.cbf,471,609,227,376,138,149,20562
6095,cr1_0762p_00008.cbf,471,608,229,378,137,149,20413
6096,cr1_0763p_00001.cbf,476,612,236,380,136,144,19584
6097,cr1_0763p_00002.cbf,471,610,233,381,139,148,20572
6098,cr1_0763p_00003.cbf,477,608,230,379,131,149,19519
6099,cr1_0763p_00004.cbf,484,597,238,367,113,129,14577
6100,cr1_0763p_00005.cbf,473,606,227,375,133,148,19684
6101,cr1_0763p_00006.cbf,486,595,238,368,109,130,14170
6102,cr1_0763p_00007.cbf,484,597,241,368,113,127,14351
6103,cr1_0763p_00008.cbf,475,608,233,376,133,143,19019
6104,cr1_0764p_00001.cbf,473,606,235,379,133,144,19152
6105,cr1_0764p_00002.cbf,484,598,240,368,114,128,14592
6106,cr1_0764p_00003.cbf,471,605,235,383,134,148,19832
6107,cr1_0764p_00004.cbf,488,595,240,369,107,129,13803
6108,cr1_0764p_00005.cbf,486,596,240,367,110,127,13970
6109,cr1_0764p_00006.cbf,485,598,237,366,113,129,14577
6110,cr1_0764p_00007.cbf,473,609,228,378,136,150,20400
6111,cr1_0764p_00008.cbf,473,607,230,376,134,146,19564
6112,cr1_0765p_00001.cbf,476,606,234,382,130,148,19240
6113,cr1_0765p_00002.cbf,474,612,235,378,138,143,19734
6114,cr1_0765p_00003.cbf,485,599,241,367,114,126,14364
6115,cr1_0765p_00004.cbf,471,609,232,380,138,148,20424
6116,cr1_0765p_00005.cbf,474,608,229,376,134,147,19698
6117,cr1_0765p_00006.cbf,473,604,227,381,131,154,20174
6118,cr1_0765p_00007.cbf,484,598,238,366,114,128,14592
6119,cr1_0765p_00008.cbf,469,610,231,375,141,144,20304
6120,cr1_0766p_00001.cbf,485,596,241,368,111,127,14097
6121,cr1_0766p_00002.cbf,471,606,234,378,135,144,19440
6122,cr1_0766p_00003.cbf,466,604,228,377,138,149,20562
6123,cr1_0766p_00004.cbf,479,607,229,379,128,150,19200
6124,cr1_0766p_00005.cbf,469,605,232,376,136,144,19584
6125,cr1_0766p_00006.cbf,478,608,224,376,130,152,19760
6126,cr1_0766p_00007.cbf,485,600,241,370,115,129,14835
6127,cr1_0766p_00008.cbf,471,609,234,379,138,145,20010
6128,cr1_0767p_00001.cbf,485,597,240,368,112,128,14336
6129,cr1_0767p_00002.cbf,475,604,234,380,129,146,18834
6130,cr1_0767p_00003.cbf,476,609,229,380,133,151,20083
6131,cr1_0767p_00004.cbf,476,605,227,382,129,155,19995
6132,cr1_0767p_00005.cbf,476,610,225,378,134,153,20502
6133,cr1_0767p_00006.cbf,472,614,228,372,142,144,20448
6134,cr1_0767p_00007.cbf,474,606,233,378,132,145,19140
6135,cr1_0767p_00008.cbf,476,608,234,379,132,145,19140
6136,cr1_0768p_00001.cbf,471,607,234,378,136,144,19584
6137,cr1_0768p_00002.cbf,475,612,230,379,137,149,20413
6138,cr1_0768p_00003.cbf,477,608,233,381,131,148,19388
6139,cr1_0768p_00004.cbf,468,605,229,377,137,148,20276
6140,cr1_0768p_00005.cbf,486,595,240,368,109,128,13952
6141,cr1_0768p_00006.cbf,471,606,230,379,135,149,20115
6142,cr1_0768p_00007.cbf,475,608,230,379,133,149,19817
6143,cr1_0768p_00008.cbf,485,598,242,367,113,125,14125
6144,cr1_0769p_00001.cbf,473,608,232,378,135,146,19710
6145,cr1_0769p_00002.cbf,485,595,243,370,110,127,13970
6146,cr1_0769p_00003.cbf,476,607,229,380,131,151,19781
6147,cr1_0769p_00004.cbf,467,608,232,377,141,145,20445
6148,cr1_0769p_00005.cbf,473,605,227,377,132,150,19800
6149,cr1_0769p_00006.cbf,470,605,231,376,135,145,19575
6150,cr1_0769p_00007.cbf,475,604,231,381,129,150,19350
6151,cr1_0769p_00008.cbf,477,615,229,377,138,148,20424
6152,cr1_0770p_00001.cbf,487,595,241,369,108,128,13824
6153,cr1_0770p_00002.cbf,484,595,242,370,111,128,14208
6154,cr1_0770p_00003.cbf,474,610,232,376,136,144,19584
6155,cr1_0770p_00004.cbf,485,596,240,368,111,128,14208
6156,cr1_0770p_00005.cbf,475,602,228,375,127,147,18669
6157,cr1_0770p_00006.cbf,486,593,241,368,107,127,13589
6158,cr1_0770p_00007.cbf,474,606,234,374,132,140,18480
6159,cr1_0770p_00008.cbf,478,607,230,378,129,148,19092
6160,cr1_0771p_00001.cbf,485,598,241,369,113,128,14464
6161,cr1_0771p_00002.cbf,472,607,233,385,135,152,20520
6162,cr1_0771p_00003.cbf,473,606,237,379,133,142,18886
6163,cr1_0771p_00004.cbf,474,607,233,380,133,147,19551
6164,cr1_0771p_00005.cbf,472,611,230,376,139,146,20294
6165,cr1_0771p_00006.cbf,485,595,239,368,110,129,14190
6166,cr1_0771p_00007.cbf,473,612,235,377,139,142,19738
6167,cr1_0771p_00008.cbf,475,608,232,377,133,145,19285
6168,cr1_0772p_00001.cbf,485,599,241,370,114,129,14706
6169,cr1_0772p_00002.cbf,476,608,233,378,132,145,19140
6170,cr1_0772p_00003.cbf,478,613,232,382,135,150,20250
6171,cr1_0772p_00004.cbf,470,603,234,382,133,148,19684
6172,cr1_0772p_00005.cbf,471,608,229,375,137,146,20002
6173,cr1_0772p_00006.cbf,470,606,235,379,136,144,19584
6174,cr1_0772p_00007.cbf,484,596,240,368,112,128,14336
6175,cr1_0772p_00008.cbf,475,605,229,375,130,146,18980
6176,cr1_0773p_00001.cbf,469,612,236,375,143,139,19877
6177,cr1_0773p_00002.cbf,476,611,232,378,135,146,19710
6178,cr1_0773p_00003.cbf,473,608,231,380,135,149,20115
6179,cr1_0773p_00004.cbf,486,595,240,369,109,129,14061
6180,cr1_0773p_00005.cbf,468,605,233,379,137,146,20002
6181,cr1_0773p_00006.cbf,470,605,235,384,135,149,20115
6182,cr1_0773p_00007.cbf,476,606,233,376,130,143,18590
6183,cr1_0773p_00008.cbf,474,612,234,382,138,148,20424
6184,cr1_0774p_00001.cbf,484,599,243,369,115,126,14490
6185,cr1_0774p_00002.cbf,476,605,227,381,129,154,19866
6186,cr1_0774p_00003.cbf,471,610,234,381,139,147,20433
6187,cr1_0774p_00004.cbf,485,599,238,369,114,131,14934
6188,cr1_0774p_00005.cbf,483,596,236,370,113,134,15142
6189,cr1_0774p_00006.cbf,485,597,239,370,112,131,14672
6190,cr1_0774p_00007.cbf,472,607,234,380,135,146,19710
6191,cr1_0774p_00008.cbf,485,601,242,369,116,127,14732
6192,cr1_0775p_00001.cbf,482,602,241,371,120,130,15600
6193,cr1_0775p_00002.cbf,484,599,241,371,115,130,14950
6194,cr1_0775p_00003.cbf,484,598,239,370,114,131,14934
6195,cr1_0775p_00004.cbf,474,604,231,379,130,148,19240
6196,cr1_0775p_00005.cbf,485,598,238,371,113,133,15029
6197,cr1_0775p_00006.cbf,476,612,233,384,136,151,20536
6198,cr1_0775p_00007.cbf,482,596,241,371,114,130,14820
6199,cr1_0775p_00008.cbf,484,600,241,370,116,129,14964
6200,cr1_0776p_00001.cbf,483,598,241,370,115,129,14835
6201,cr1_0776p_00002.cbf,474,614,231,378,140,147,20580
6202,cr1_0776p_00003.cbf,486,598,237,370,112,133,14896
6203,cr1_0776p_00004.cbf,475,608,232,381,133,149,19817
6204,cr1_0776p_00005.cbf,485,596,239,372,111,133,14763
6205,cr1_0776p_00006.cbf,474,605,232,382,131,150,19650
6206,cr1_0776p_00007.cbf,484,597,240,368,113,128,14464
6207,cr1_0776p_00008.cbf,470,611,233,376,141,143,20163
6208,cr1_0777p_00001.cbf,470,610,232,378,140,146,20440
6209,cr1_0777p_00002.cbf,471,610,228,376,139,148,20572
6210,cr1_0777p_00003.cbf,483,598,241,371,115,130,14950
6211,cr1_0777p_00004.cbf,482,599,237,369,117,132,15444
6212,cr1_0777p_00005.cbf,480,597,239,370,117,131,15327
6213,cr1_0777p_00006.cbf,480,595,240,371,115,131,15065
6214,cr1_0777p_00007.cbf,483,596,240,369,113,129,14577
6215,cr1_0777p_00008.cbf,474,611,232,379,137,147,20139
6216,cr1_0778p_00001.cbf,483,599,242,369,116,127,14732
6217,cr1_0778p_00002.cbf,484,600,241,371,116,130,15080
6218,cr1_0778p_00003.cbf,473,607,233,382,134,149,19966
6219,cr1_0778p_00004.cbf,483,597,240,368,114,128,14592
6220,cr1_0778p_00005.cbf,472,605,232,379,133,147,19551
6221,cr1_0778p_00006.cbf,476,607,230,384,131,154,20174
6222,cr1_0778p_00007.cbf,475,605,228,382,130,154,20020
6223,cr1_0778p_00008.cbf,482,599,238,371,117,133,15561
6224,cr1_0779p_00001.cbf,484,599,241,369,115,128,14720
6225,cr1_0779p_00002.cbf,469,607,235,382,138,147,20286
6226,cr1_0779p_00003.cbf,482,597,242,369,115,127,14605
6227,cr1_0779p_00004.cbf,484,599,241,371,115,130,14950
6228,cr1_0779p_00005.cbf,484,598,238,370,114,132,15048
6229,cr1_0779p_00006.cbf,484,596,240,369,112,129,14448
6230,cr1_0779p_00007.cbf,468,602,231,380,134,149,19966
6231,cr1_0779p_00008.cbf,483,598,241,371,115,130,14950
6232,cr1_0780p_00001.cbf,484,599,240,370,115,130,14950
6233,cr1_0780p_00002.cbf,484,598,240,371,114,131,14934
6234,cr1_0780p_00003.cbf,475,607,232,382,132,150,19800
6235,cr1_0780p_00004.cbf,473,606,234,387,133,153,20349
6236,cr1_0780p_00005.cbf,473,609,231,380,136,149,20264
6237,cr1_0780p_00006.cbf,473,607,231,380,134,149,19966
6238,cr1_0780p_00007.cbf,473,608,233,382,135,149,20115
6239,cr1_0780p_00008.cbf,473,605,232,381,132,149,19668
6240,cr1_0781p_00001.cbf,474,609,231,381,135,150,20250
6241,cr1_0781p_00002.cbf,485,597,243,370,112,127,14224
6242,cr1_0781p_00003.cbf,472,609,234,382,137,148,20276
6243,cr1_0781p_00004.cbf,484,597,238,369,113,131,14803
6244,cr1_0781p_00005.cbf,484,597,239,370,113,131,14803
6245,cr1_0781p_00006.cbf,483,597,240,370,114,130,14820
6246,cr1_0781p_00007.cbf,482,598,242,369,116,127,14732
6247,cr1_0781p_00008.cbf,476,607,230,381,131,151,19781
6248,cr1_0782p_00001.cbf,482,597,240,369,115,129,14835
6249,cr1_0782p_00002.cbf,473,607,232,379,134,147,19698
6250,cr1_0782p_00003.cbf,475,607,233,380,132,147,19404
6251,cr1_0782p_00004.cbf,473,608,232,384,135,152,20520
6252,cr1_0782p_00005.cbf,471,608,232,382,137,150,20550
6253,cr1_0782p_00006.cbf,483,596,241,371,113,130,14690
6254,cr1_0782p_00007.cbf,480,596,238,370,116,132,15312
6255,cr1_0782p_00008.cbf,484,597,242,369,113,127,14351
6256,cr1_0783p_00001.cbf,484,599,240,371,115,131,15065
6257,cr1_0783p_00002.cbf,484,597,240,372,113,132,14916
6258,cr1_0783p_00003.cbf,471,606,235,387,135,152,20520
6259,cr1_0783p_00004.cbf,485,598,239,371,113,132,14916
6260,cr1_0783p_00005.cbf,475,607,230,380,132,150,19800
6261,cr1_0783p_00006.cbf,485,596,241,370,111,129,14319
6262,cr1_0783p_00007.cbf,474,608,232,383,134,151,20234
6263,cr1_0783p_00008.cbf,485,599,241,371,114,130,14820
6264,cr1_0784p_00001.cbf,486,599,240,370,113,130,14690
6265,cr1_0784p_00002.cbf,473,615,235,379,142,144,20448
6266,cr1_0784p_00003.cbf,484,597,241,371,113,130,14690
6267,cr1_0784p_00004.cbf,474,608,225,377,134,152,20368
6268,cr1_0784p_00005.cbf,484,596,241,367,112,126,14112
6269,cr1_0784p_00006.cbf,484,595,240,370,111,130,14430
6270,cr1_0784p_00007.cbf,484,598,241,373,114,132,15048
6271,cr1_0784p_00008.cbf,485,599,240,371,114,131,14934
6272,cr1_0785p_00001.cbf,483,599,241,371,116,130,15080
6273,cr1_0785p_00002.cbf,482,596,241,372,114,131,14934
6274,cr1_0785p_00003.cbf,485,597,240,369,112,129,14448
6275,cr1_0785p_00004.cbf,477,608,232,381,131,149,19519
6276,cr1_0785p_00005.cbf,486,596,240,372,110,132,14520
6277,cr1_0785p_00006.cbf,481,595,239,368,114,129,14706
6278,cr1_0785p_00007.cbf,484,597,239,371,113,132,14916
6279,cr1_0785p_00008.cbf,473,607,233,381,134,148,19832
6280,cr1_0786p_00001.cbf,471,610,229,377,139,148,20572
6281,cr1_0786p_00002.cbf,484,598,241,369,114,128,14592
6282,cr1_0786p_00003.cbf,482,597,241,370,115,129,14835
6283,cr1_0786p_00004.cbf,474,609,233,382,135,149,20115
6284,cr1_0786p_00005.cbf,476,607,230,381,131,151,19781
6285,cr1_0786p_00006.cbf,466,606,232,376,140,144,20160
6286,cr1_0786p_00007.cbf,473,608,232,378,135,146,19710
6287,cr1_0786p_00008.cbf,484,599,241,373,115,132,15180
6288,cr1_0787p_00001.cbf,484,601,241,370,117,129,15093
6289,cr1_0787p_00002.cbf,484,596,239,369,112,130,14560
6290,cr1_0787p_00003.cbf,483,598,240,368,115,128,14720
6291,cr1_0787p_00004.cbf,487,599,241,369,112,128,14336
6292,cr1_0787p_00005.cbf,476,603,229,383,127,154,19558
6293,cr1_0787p_00006.cbf,483,597,240,371,114,131,14934
6294,cr1_0787p_00007.cbf,482,598,241,371,116,130,15080
6295,cr1_0787p_00008.cbf,481,598,239,368,117,129,15093
6296,cr1_0788p_00001.cbf,473,605,228,382,132,154,20328
6297,cr1_0788p_00002.cbf,483,600,239,369,117,130,15210
6298,cr1_0788p_00003.cbf,483,597,240,368,114,128,14592
6299,cr1_0788p_00004.cbf,472,610,232,374,138,142,19596
6300,cr1_0788p_00005.cbf,472,605,231,381,133,150,19950
6301,cr1_0788p_00006.cbf,475,603,232,385,128,153,19584
6302,cr1_0788p_00007.cbf,472,609,233,380,137,147,20139
6303,cr1_0788p_00008.cbf,483,598,240,371,115,131,15065
6304,cr1_0789p_00001.cbf,474,610,234,378,136,144,19584
6305,cr1_0789p_00002.cbf,483,599,239,369,116,130,15080
6306,cr1_0789p_00003.cbf,483,595,242,370,112,128,14336
6307,cr1_0789p_00004.cbf,484,597,240,369,113,129,14577
6308,cr1_0789p_00005.cbf,471,606,228,378,135,150,20250
6309,cr1_0789p_00006.cbf,470,605,235,384,135,149,20115
6310,cr1_0789p_00007.cbf,469,607,234,381,138,147,20286
6311,cr1_0789p_00008.cbf,482,599,241,369,117,128,14976
6312,cr1_0790p_00001.cbf,473,610,230,379,137,149,20413
6313,cr1_0790p_00002.cbf,473,608,235,378,135,143,19305
6314,cr1_0790p_00003.cbf,471,607,235,382,136,147,19992
6315,cr1_0790p_00004.cbf,483,598,240,367,115,127,14605
6316,cr1_0790p_00005.cbf,482,595,239,368,113,129,14577
6317,cr1_0790p_00006.cbf,484,596,242,373,112,131,14672
6318,cr1_0790p_00007.cbf,485,597,241,370,112,129,14448
6319,cr1_0790p_00008.cbf,485,598,241,369,113,128,14464
6320,cr1_0791p_00001.cbf,473,610,232,382,137,150,20550
6321,cr1_0791p_00002.cbf,481,597,242,369,116,127,14732
6322,cr1_0791p_00003.cbf,485,596,240,369,111,129,14319
6323,cr1_0791p_00004.cbf,475,606,229,380,131,151,19781
6324,cr1_0791p_00005.cbf,484,597,239,369,113,130,14690
6325,cr1_0791p_00006.cbf,477,609,232,386,132,154,20328
6326,cr1_0791p_00007.cbf,484,598,242,370,114,128,14592
6327,cr1_0791p_00008.cbf,474,606,233,385,132,152,20064
6328,cr1_0792p_00001.cbf,473,608,231,379,135,148,19980
6329,cr1_0792p_00002.cbf,476,609,232,381,133,149,19817
6330,cr1_0792p_00003.cbf,483,598,241,370,115,129,14835
6331,cr1_0792p_00004.cbf,476,609,226,378,133,152,20216
6332,cr1_0792p_00005.cbf,477,606,230,384,129,154,19866
6333,cr1_0792p_00006.cbf,483,598,241,370,115,129,14835
6334,cr1_0792p_00007.cbf,474,611,234,380,137,146,20002
6335,cr1_0792p_00008.cbf,484,599,242,370,115,128,14720
6336,cr1_0793p_00001.cbf,484,598,241,371,114,130,14820
6337,cr1_0793p_00002.cbf,471,611,235,382,140,147,20580
6338,cr1_0793p_00003.cbf,473,606,234,385,133,151,20083
6339,cr1_0793p_00004.cbf,486,598,240,369,112,129,14448
6340,cr1_0793p_00005.cbf,477,602,233,380,125,147,18375
6341,cr1_0793p_00006.cbf,475,610,234,381,135,147,19845
6342,cr1_0793p_00007.cbf,474,607,229,377,133,148,19684
6343,cr1_0793p_00008.cbf,475,610,232,378,135,146,19710
6344,cr1_0794p_00001.cbf,483,597,241,369,114,128,14592
6345,cr1_0794p_00002.cbf,469,607,234,380,138,146,20148
6346,cr1_0794p_00003.cbf,482,597,242,369,115,127,14605
6347,cr1_0794p_00004.cbf,483,597,241,368,114,127,14478
6348,cr1_0794p_00005.cbf,474,606,231,377,132,146,19272
6349,cr1_0794p_00006.cbf,484,595,240,370,111,130,14430
6350,cr1_0794p_00007.cbf,484,596,242,369,112,127,14224
6351,cr1_0794p_00008.cbf,476,608,233,376,132,143,18876
6352,cr1_0795p_00001.cbf,474,612,233,380,138,147,20286
6353,cr1_0795p_00002.cbf,484,597,240,371,113,131,14803
6354,cr1_0795p_00003.cbf,484,600,242,369,116,127,14732
6355,cr1_0795p_00004.cbf,472,605,233,379,133,146,19418
6356,cr1_0795p_00005.cbf,474,606,234,379,132,145,19140
6357,cr1_0795p_00006.cbf,475,611,232,380,136,148,20128
6358,cr1_0795p_00007.cbf,475,612,233,378,137,145,19865
6359,cr1_0795p_00008.cbf,478,606,234,383,128,149,19072
6360,cr1_0796p_00001.cbf,470,605,232,382,135,150,20250
6361,cr1_0796p_00002.cbf,485,596,243,369,111,126,13986
6362,cr1_0796p_00003.cbf,471,610,232,379,139,147,20433
6363,cr1_0796p_00004.cbf,474,609,231,383,135,152,20520
6364,cr1_0796p_00005.cbf,485,595,242,371,110,129,14190
6365,cr1_0796p_00006.cbf,485,595,241,370,110,129,14190
6366,cr1_0796p_00007.cbf,476,605,235,380,129,145,18705
6367,cr1_0796p_00008.cbf,466,606,235,375,140,140,19600
6368,cr1_0797p_00001.cbf,477,611,234,377,134,143,19162
6369,cr1_0797p_00002.cbf,472,605,236,378,133,142,18886
6370,cr1_0797p_00003.cbf,476,609,233,376,133,143,19019
6371,cr1_0797p_00004.cbf,478,613,231,381,135,150,20250
6372,cr1_0797p_00005.cbf,483,595,241,371,112,130,14560
6373,cr1_0797p_00006.cbf,474,606,230,381,132,151,19932
6374,cr1_0797p_00007.cbf,482,598,240,369,116,129,14964
6375,cr1_0797p_00008.cbf,476,607,234,384,131,150,19650
6376,cr1_0798p_00001.cbf,485,598,242,371,113,129,14577
6377,cr1_0798p_00002.cbf,484,598,242,370,114,128,14592
6378,cr1_0798p_00003.cbf,468,605,233,380,137,147,20139
6379,cr1_0798p_00004.cbf,485,598,239,370,113,131,14803
6380,cr1_0798p_00005.cbf,479,605,232,388,126,156,19656
6381,cr1_0798p_00006.cbf,478,607,232,385,129,153,19737
6382,cr1_0798p_00007.cbf,474,611,235,382,137,147,20139
6383,cr1_0798p_00008.cbf,471,611,235,380,140,145,20300
6384,cr1_0799p_00001.cbf,484,597,241,369,113,128,14464
6385,cr1_0799p_00002.cbf,473,610,235,380,137,145,19865
6386,cr1_0799p_00003.cbf,474,609,230,382,135,152,20520
6387,cr1_0799p_00004.cbf,474,606,230,382,132,152,20064
6388,cr1_0799p_00005.cbf,474,608,232,381,134,149,19966
6389,cr1_0799p_00006.cbf,482,594,241,370,112,129,14448
6390,cr1_0799p_00007.cbf,472,604,233,380,132,147,19404
6391,cr1_0799p_00008.cbf,462,606,235,377,144,142,20448
6392,cr1_0800p_00001.cbf,474,612,232,377,138,145,20010
6393,cr1_0800p_00002.cbf,472,610,235,382,138,147,20286
6394,cr1_0800p_00003.cbf,473,607,236,377,134,141,18894
6395,cr1_0800p_00004.cbf,476,611,229,380,135,151,20385
6396,cr1_0800p_00005.cbf,468,601,229,383,133,154,20482
6397,cr1_0800p_00006.cbf,474,608,233,382,134,149,19966
6398,cr1_0800p_00007.cbf,482,597,244,369,115,125,14375
6399,cr1_0800p_00008.cbf,471,604,235,383,133,148,19684
6400,cr1_0801p_00001.cbf,484,597,242,368,113,126,14238
6401,cr1_0801p_00002.cbf,478,608,227,383,130,156,20280
6402,cr1_0801p_00003.cbf,475,607,235,382,132,147,19404
6403,cr1_0801p_00004.cbf,485,596,240,367,111,127,14097
6404,cr1_0801p_00005.cbf,478,602,233,378,124,145,17980
6405,cr1_0801p_00006.cbf,477,609,235,377,132,142,18744
6406,cr1_0801p_00007.cbf,471,608,230,377,137,147,20139
6407,cr1_0801p_00008.cbf,472,608,235,379,136,144,19584
6408,cr1_0802p_00001.cbf,485,596,242,371,111,129,14319
6409,cr1_0802p_00002.cbf,471,612,237,378,141,141,19881
6410,cr1_0802p_00003.cbf,484,599,241,369,115,128,14720
6411,cr1_0802p_00004.cbf,476,606,230,380,130,150,19500
6412,cr1_0802p_00005.cbf,485,596,240,367,111,127,14097
6413,cr1_0802p_00006.cbf,474,607,232,379,133,147,19551
6414,cr1_0802p_00007.cbf,474,607,231,379,133,148,19684
6415,cr1_0802p_00008.cbf,476,607,235,381,131,146,19126
6416,cr1_0803p_00001.cbf,484,601,242,369,117,127,14859
6417,cr1_0803p_00002.cbf,484,599,242,369,115,127,14605
6418,cr1_0803p_00003.cbf,474,606,234,378,132,144,19008
6419,cr1_0803p_00004.cbf,471,609,231,380,138,149,20562
6420,cr1_0803p_00005.cbf,474,604,232,376,130,144,18720
6421,cr1_0803p_00006.cbf,473,608,229,379,135,150,20250
6422,cr1_0803p_00007.cbf,484,597,241,368,113,127,14351
6423,cr1_0803p_00008.cbf,477,612,234,380,135,146,19710
6424,cr1_0804p_00001.cbf,483,596,241,370,113,129,14577
6425,cr1_0804p_00002.cbf,485,598,241,369,113,128,14464
6426,cr1_0804p_00003.cbf,484,596,241,369,112,128,14336
6427,cr1_0804p_00004.cbf,472,608,230,377,136,147,19992
6428,cr1_0804p_00005.cbf,468,605,233,382,137,149,20413
6429,cr1_0804p_00006.cbf,484,594,240,370,110,130,14300
6430,cr1_0804p_00007.cbf,472,610,234,379,138,145,20010
6431,cr1_0804p_00008.cbf,474,610,232,382,136,150,20400
6432,cr1_0805p_00001.cbf,476,605,232,384,129,152,19608
6433,cr1_0805p_00002.cbf,483,598,241,369,115,128,14720
6434,cr1_0805p_00003.cbf,475,609,230,379,134,149,19966
6435,cr1_0805p_00004.cbf,473,609,232,379,136,147,19992
6436,cr1_0805p_00005.cbf,483,593,242,368,110,126,13860
6437,cr1_0805p_00006.cbf,474,605,235,380,131,145,18995
6438,cr1_0805p_00007.cbf,476,605,227,376,129,149,19221
6439,cr1_0805p_00008.cbf,471,606,231,376,135,145,19575
6440,cr1_0806p_00001.cbf,476,607,235,377,131,142,18602
6441,cr1_0806p_00002.cbf,465,606,234,377,141,143,20163
6442,cr1_0806p_00003.cbf,473,607,232,381,134,149,19966
6443,cr1_0806p_00004.cbf,477,602,232,384,125,152,19000
6444,cr1_0806p_00005.cbf,472,608,229,379,136,150,20400
6445,cr1_0806p_00006.cbf,470,608,233,382,138,149,20562
6446,cr1_0806p_00007.cbf,484,597,240,371,113,131,14803
6447,cr1_0806p_00008.cbf,475,609,232,382,134,150,20100
6448,cr1_0807p_00001.cbf,473,609,234,379,136,145,19720
6449,cr1_0807p_00002.cbf,485,598,242,368,113,126,14238
6450,cr1_0807p_00003.cbf,475,610,235,380,135,145,19575
6451,cr1_0807p_00004.cbf,470,605,235,381,135,146,19710
6452,cr1_0807p_00005.cbf,476,604,229,377,128,148,18944
6453,cr1_0807p_00006.cbf,474,606,232,383,132,151,19932
6454,cr1_0807p_00007.cbf,484,599,240,370,115,130,14950
6455,cr1_0807p_00008.cbf,484,599,241,372,115,131,15065
6456,cr1_0808p_00001.cbf,483,600,241,372,117,131,15327
6457,cr1_0808p_00002.cbf,483,598,240,371,115,131,15065
6458,cr1_0808p_00003.cbf,476,609,230,382,133,152,20216
6459,cr1_0808p_00004.cbf,474,607,228,380,133,152,20216
6460,cr1_0808p_00005.cbf,485,596,241,370,111,129,14319
6461,cr1_0808p_00006.cbf,485,598,239,371,113,132,14916
6462,cr1_0808p_00007.cbf,472,609,234,384,137,150,20550
6463,cr1_0808p_00008.cbf,484,600,242,370,116,128,14848
6464,cr1_0809p_00001.cbf,483,598,241,372,115,131,15065
6465,cr1_0809p_00002.cbf,475,612,234,384,137,150,20550
6466,cr1_0809p_00003.cbf,482,598,242,371,116,129,14964
6467,cr1_0809p_00004.cbf,481,599,238,369,118,131,15458
6468,cr1_0809p_00005.cbf,483,596,240,371,113,131,14803
6469,cr1_0809p_00006.cbf,484,596,241,373,112,132,14784
6470,cr1_0809p_00007.cbf,470,607,230,379,137,149,20413
6471,cr1_0809p_00008.cbf,481,602,241,372,121,131,15851
6472,cr1_0810p_00001.cbf,482,597,241,368,115,127,14605
6473,cr1_0810p_00002.cbf,485,598,241,371,113,130,14690
6474,cr1_0810p_00003.cbf,476,614,235,383,138,148,20424
6475,cr1_0810p_00004.cbf,472,611,232,380,139,148,20572
6476,cr1_0810p_00005.cbf,486,597,238,370,111,132,14652
6477,cr1_0810p_00006.cbf,484,596,241,370,112,129,14448
6478,cr1_0810p_00007.cbf,473,607,235,384,134,149,19966
6479,cr1_0810p_00008.cbf,485,599,241,370,114,129,14706
6480,cr1_0811p_00001.cbf,483,598,241,369,115,128,14720
6481,cr1_0811p_00002.cbf,482,599,242,373,117,131,15327
6482,cr1_0811p_00003.cbf,483,597,241,370,114,129,14706
6483,cr1_0811p_00004.cbf,474,608,230,382,134,152,20368
6484,cr1_0811p_00005.cbf,483,595,240,372,112,132,14784
6485,cr1_0811p_00006.cbf,472,610,233,380,138,147,20286
6486,cr1_0811p_00007.cbf,475,610,234,379,135,145,19575
6487,cr1_0811p_00008.cbf,482,597,241,367,115,126,14490
6488,cr1_0812p_00001.cbf,485,600,242,371,115,129,14835
6489,cr1_0812p_00002.cbf,480,598,241,370,118,129,15222
6490,cr1_0812p_00003.cbf,482,597,241,371,115,130,14950
6491,cr1_0812p_00004.cbf,476,610,232,379,134,147,19698
6492,cr1_0812p_00005.cbf,484,598,241,371,114,130,14820
6493,cr1_0812p_00006.cbf,484,595,240,372,111,132,14652
6494,cr1_0812p_00007.cbf,483,598,241,371,115,130,14950
6495,cr1_0812p_00008.cbf,472,609,232,379,137,147,20139
6496,cr1_0813p_00001.cbf,484,598,240,370,114,130,14820
6497,cr1_0813p_00002.cbf,484,602,241,370,118,129,15222
6498,cr1_0813p_00003.cbf,474,610,231,382,136,151,20536
6499,cr1_0813p_00004.cbf,483,599,242,369,116,127,14732
6500,cr1_0813p_00005.cbf,483,597,242,370,114,128,14592
6501,cr1_0813p_00006.cbf,471,608,231,380,137,149,20413
6502,cr1_0813p_00007.cbf,472,606,233,380,134,147,19698
6503,cr1_0813p_00008.cbf,486,597,241,372,111,131,14541
6504,cr1_0814p_00001.cbf,482,598,242,370,116,128,14848
6505,cr1_0814p_00002.cbf,484,597,240,372,113,132,14916
6506,cr1_0814p_00003.cbf,484,598,239,370,114,131,14934
6507,cr1_0814p_00004.cbf,470,608,232,381,138,149,20562
6508,cr1_0814p_00005.cbf,471,607,231,381,136,150,20400
6509,cr1_0814p_00006.cbf,482,594,242,374,112,132,14784
6510,cr1_0814p_00007.cbf,483,597,241,372,114,131,14934
6511,cr1_0814p_00008.cbf,484,600,242,371,116,129,14964
6512,cr1_0815p_00001.cbf,482,600,241,371,118,130,15340
6513,cr1_0815p_00002.cbf,484,598,242,371,114,129,14706
6514,cr1_0815p_00003.cbf,482,598,241,372,116,131,15196
6515,cr1_0815p_00004.cbf,483,595,239,369,112,130,14560
6516,cr1_0815p_00005.cbf,483,594,241,371,111,130,14430
6517,cr1_0815p_00006.cbf,471,608,233,381,137,148,20276
6518,cr1_0815p_00007.cbf,483,597,241,377,114,136,15504
6519,cr1_0815p_00008.cbf,476,607,232,385,131,153,20043
6520,cr1_0816p_00001.cbf,471,608,230,380,137,150,20550
6521,cr1_0816p_00002.cbf,483,600,240,370,117,130,15210
6522,cr1_0816p_00003.cbf,483,598,241,370,115,129,14835
6523,cr1_0816p_00004.cbf,483,597,241,370,114,129,14706
6524,cr1_0816p_00005.cbf,483,598,242,373,115,131,15065
6525,cr1_0816p_00006.cbf,485,595,243,375,110,132,14520
6526,cr1_0816p_00007.cbf,471,606,236,384,135,148,19980
6527,cr1_0816p_00008.cbf,482,598,241,371,116,130,15080
6528,cr1_0817p_00001.cbf,472,609,234,378,137,144,19728
6529,cr1_0817p_00002.cbf,481,599,241,370,118,129,15222
6530,cr1_0817p_00003.cbf,477,609,235,380,132,145,19140
6531,cr1_0817p_00004.cbf,482,598,241,371,116,130,15080
6532,cr1_0817p_00005.cbf,476,610,230,382,134,152,20368
6533,cr1_0817p_00006.cbf,473,603,238,385,130,147,19110
6534,cr1_0817p_00007.cbf,485,597,242,373,112,131,14672
6535,cr1_0817p_00008.cbf,475,613,237,382,138,145,20010
6536,cr1_0818p_00001.cbf,472,609,232,381,137,149,20413
6537,cr1_0818p_00002.cbf,481,601,241,371,120,130,15600
6538,cr1_0818p_00003.cbf,483,599,242,370,116,128,14848
6539,cr1_0818p_00004.cbf,474,607,234,380,133,146,19418
6540,cr1_0818p_00005.cbf,483,596,242,373,113,131,14803
6541,cr1_0818p_00006.cbf,473,608,233,383,135,150,20250
6542,cr1_0818p_00007.cbf,483,597,241,371,114,130,14820
6543,cr1_0818p_00008.cbf,470,610,234,381,140,147,20580
6544,cr1_0819p_00001.cbf,481,598,241,371,117,130,15210
6545,cr1_0819p_00002.cbf,481,600,240,372,119,132,15708
6546,cr1_0819p_00003.cbf,483,597,241,370,114,129,14706
6547,cr1_0819p_00004.cbf,469,608,231,378,139,147,20433
6548,cr1_0819p_00005.cbf,485,595,241,371,110,130,14300
6549,cr1_0819p_00006.cbf,470,606,236,386,136,150,20400
6550,cr1_0819p_00007.cbf,482,599,242,371,117,129,15093
6551,cr1_0819p_00008.cbf,470,609,236,381,139,145,20155
6552,cr1_0820p_00001.cbf,469,609,236,380,140,144,20160
6553,cr1_0820p_00002.cbf,483,600,240,370,117,130,15210
6554,cr1_0820p_00003.cbf,481,598,242,372,117,130,15210
6555,cr1_0820p_00004.cbf,474,603,234,384,129,150,19350
6556,cr1_0820p_00005.cbf,473,604,235,381,131,146,19126
6557,cr1_0820p_00006.cbf,475,612,233,379,137,146,20002
6558,cr1_0820p_00007.cbf,473,608,235,381,135,146,19710
6559,cr1_0820p_00008.cbf,483,600,242,370,117,128,14976
6560,cr1_0821p_00001.cbf,482,598,242,370,116,128,14848
6561,cr1_0821p_00002.cbf,484,601,242,370,117,128,14976
6562,cr1_0821p_00003.cbf,483,598,242,371,115,129,14835
6563,cr1_0821p_00004.cbf,484,598,239,369,114,130,14820
6564,cr1_0821p_00005.cbf,472,604,227,383,132,156,20592
6565,cr1_0821p_00006.cbf,484,596,244,372,112,128,14336
6566,cr1_0821p_00007.cbf,472,609,237,383,137,146,20002
6567,cr1_0821p_00008.cbf,474,609,234,382,135,148,19980
6568,cr1_0822p_00001.cbf,476,612,237,384,136,147,19992
6569,cr1_0822p_00002.cbf,472,609,234,383,137,149,20413
6570,cr1_0822p_00003.cbf,471,604,232,384,133,152,20216
6571,cr1_0822p_00004.cbf,483,595,241,372,112,131,14672
6572,cr1_0822p_00005.cbf,474,609,234,385,135,151,20385
6573,cr1_0822p_00006.cbf,485,596,244,372,111,128,14208
6574,cr1_0822p_00007.cbf,470,605,234,384,135,150,20250
6575,cr1_0822p_00008.cbf,470,607,232,382,137,150,20550
6576,cr1_0823p_00001.cbf,484,601,241,371,117,130,15210
6577,cr1_0823p_00002.cbf,484,600,241,371,116,130,15080
6578,cr1_0823p_00003.cbf,475,609,234,384,134,150,20100
6579,cr1_0823p_00004.cbf,483,599,241,370,116,129,14964
6580,cr1_0823p_00005.cbf,477,604,233,383,127,150,19050
6581,cr1_0823p_00006.cbf,472,609,236,385,137,149,20413
6582,cr1_0823p_00007.cbf,485,598,242,372,113,130,14690
6583,cr1_0823p_00008.cbf,483,598,242,371,115,129,14835
6584,cr1_0824p_00001.cbf,472,608,234,378,136,144,19584
6585,cr1_0824p_00002.cbf,485,597,240,373,112,133,14896
6586,cr1_0824p_00003.cbf,471,606,230,380,135,150,20250
6587,cr1_0824p_00004.cbf,484,597,242,372,113,130,14690
6588,cr1_0824p_00005.cbf,475,610,237,381,135,144,19440
6589,cr1_0824p_00006.cbf,472,605,236,382,133,146,19418
6590,cr1_0824p_00007.cbf,476,610,233,382,134,149,19966
6591,cr1_0824p_00008.cbf,474,613,231,379,139,148,20572
6592,cr1_0825p_00001.cbf,482,600,241,373,118,132,15576
6593,cr1_0825p_00002.cbf,483,597,240,371,114,131,14934
6594,cr1_0825p_00003.cbf,470,608,237,379,138,142,19596
6595,cr1_0825p_00004.cbf,483,599,241,373,116,132,15312
6596,cr1_0825p_00005.cbf,471,606,235,384,135,149,20115
6597,cr1_0825p_00006.cbf,472,607,235,385,135,150,20250
6598,cr1_0825p_00007.cbf,474,608,233,383,134,150,20100
6599,cr1_0825p_00008.cbf,483,597,241,372,114,131,14934
6600,cr1_0826p_00001.cbf,477,610,232,378,133,146,19418
6601,cr1_0826p_00002.cbf,484,599,241,371,115,130,14950
6602,cr1_0826p_00003.cbf,481,597,241,370,116,129,14964
6603,cr1_0826p_00004.cbf,486,598,241,370,112,129,14448
6604,cr1_0826p_00005.cbf,476,604,231,385,128,154,19712
6605,cr1_0826p_00006.cbf,470,610,237,384,140,147,20580
6606,cr1_0826p_00007.cbf,483,598,247,371,115,124,14260
6607,cr1_0826p_00008.cbf,473,607,231,380,134,149,19966
6608,cr1_0827p_00001.cbf,475,609,233,379,134,146,19564
6609,cr1_0827p_00002.cbf,482,596,242,369,114,127,14478
6610,cr1_0827p_00003.cbf,485,600,243,370,115,127,14605
6611,cr1_0827p_00004.cbf,476,608,236,382,132,146,19272
6612,cr1_0827p_00005.cbf,473,603,235,393,130,158,20540
6613,cr1_0827p_00006.cbf,484,595,249,376,111,127,14097
6614,cr1_0827p_00007.cbf,484,598,245,373,114,128,14592
6615,cr1_0827p_00008.cbf,485,596,240,372,111,132,14652
6616,cr1_0828p_00001.cbf,481,598,241,371,117,130,15210
6617,cr1_0828p_00002.cbf,472,612,235,380,140,145,20300
6618,cr1_0828p_00003.cbf,473,606,235,384,133,149,19817
6619,cr1_0828p_00004.cbf,485,597,245,374,112,129,14448
6620,cr1_0828p_00005.cbf,472,605,238,386,133,148,19684
6621,cr1_0828p_00006.cbf,470,607,241,384,137,143,19591
6622,cr1_0828p_00007.cbf,485,598,244,373,113,129,14577
6623,cr1_0828p_00008.cbf,474,605,235,379,131,144,18864
6624,cr1_0829p_00001.cbf,472,613,236,382,141,146,20586
6625,cr1_0829p_00002.cbf,484,599,242,372,115,130,14950
6626,cr1_0829p_00003.cbf,475,609,235,382,134,147,19698
6627,cr1_0829p_00004.cbf,483,599,245,373,116,128,14848
6628,cr1_0829p_00005.cbf,474,603,237,391,129,154,19866
6629,cr1_0829p_00006.cbf,471,611,239,385,140,146,20440
6630,cr1_0829p_00007.cbf,472,606,232,380,134,148,19832
6631,cr1_0829p_00008.cbf,484,598,241,371,114,130,14820
6632,cr1_0830p_00001.cbf,484,597,242,373,113,131,14803
6633,cr1_0830p_00002.cbf,476,609,231,377,133,146,19418
6634,cr1_0830p_00003.cbf,485,599,242,371,114,129,14706
6635,cr1_0830p_00004.cbf,474,603,238,382,129,144,18576
6636,cr1_0830p_00005.cbf,471,606,239,386,135,147,19845
6637,cr1_0830p_00006.cbf,473,605,238,385,132,147,19404
6638,cr1_0830p_00007.cbf,469,605,238,387,136,149,20264
6639,cr1_0830p_00008.cbf,487,598,245,369,111,124,13764
6640,cr1_0831p_00001.cbf,484,601,242,371,117,129,15093
6641,cr1_0831p_00002.cbf,485,597,242,371,112,129,14448
6642,cr1_0831p_00003.cbf,472,609,235,383,137,148,20276
6643,cr1_0831p_00004.cbf,485,596,243,374,111,131,14541
6644,cr1_0831p_00005.cbf,473,608,239,390,135,151,20385
6645,cr1_0831p_00006.cbf,471,604,235,386,133,151,20083
6646,cr1_0831p_00007.cbf,484,596,246,373,112,127,14224
6647,cr1_0831p_00008.cbf,475,609,236,385,134,149,19966
6648,cr1_0832p_00001.cbf,485,599,242,369,114,127,14478
6649,cr1_0832p_00002.cbf,475,615,233,379,140,146,20440
6650,cr1_0832p_00003.cbf,486,597,245,372,111,127,14097
6651,cr1_0832p_00004.cbf,485,596,246,373,111,127,14097
6652,cr1_0832p_00005.cbf,470,603,240,384,133,144,19152
6653,cr1_0832p_00006.cbf,476,603,236,387,127,151,19177
6654,cr1_0832p_00007.cbf,482,597,247,375,115,128,14720
6655,cr1_0832p_00008.cbf,475,609,233,382,134,149,19966
6656,cr1_0833p_00001.cbf,485,601,242,370,116,128,14848
6657,cr1_0833p_00002.cbf,485,597,242,371,112,129,14448
6658,cr1_0833p_00003.cbf,483,596,244,371,113,127,14351
6659,cr1_0833p_00004.cbf,473,604,235,380,131,145,18995
6660,cr1_0833p_00005.cbf,478,605,232,384,127,152,19304
6661,cr1_0833p_00006.cbf,483,595,251,375,112,124,13888
6662,cr1_0833p_00007.cbf,467,607,238,385,140,147,20580
6663,cr1_0833p_00008.cbf,485,596,243,371,111,128,14208
6664,cr1_0834p_00001.cbf,474,609,229,381,135,152,20520
6665,cr1_0834p_00002.cbf,483,598,244,371,115,127,14605
6666,cr1_0834p_00003.cbf,471,611,234,380,140,146,20440
6667,cr1_0834p_00004.cbf,484,596,247,371,112,124,13888
6668,cr1_0834p_00005.cbf,475,608,240,390,133,150,19950
6669,cr1_0834p_00006.cbf,472,609,240,388,137,148,20276
6670,cr1_0834p_00007.cbf,483,598,248,372,115,124,14260
6671,cr1_0834p_00008.cbf,470,607,237,380,137,143,19591
6672,cr1_0835p_00001.cbf,476,608,234,379,132,145,19140
6673,cr1_0835p_00002.cbf,485,597,242,372,112,130,14560
6674,cr1_0835p_00003.cbf,484,598,243,373,114,130,14820
6675,cr1_0835p_00004.cbf,485,599,244,371,114,127,14478
6676,cr1_0835p_00005.cbf,472,606,237,385,134,148,19832
6677,cr1_0835p_00006.cbf,473,604,235,390,131,155,20305
6678,cr1_0835p_00007.cbf,474,605,236,385,131,149,19519
6679,cr1_0835p_00008.cbf,475,608,237,388,133,151,20083
6680,cr1_0836p_00001.cbf,470,611,237,381,141,144,20304
6681,cr1_0836p_00002.cbf,473,606,237,382,133,145,19285
6682,cr1_0836p_00003.cbf,485,596,245,372,111,127,14097
6683,cr1_0836p_00004.cbf,482,598,245,371,116,126,14616
6684,cr1_0836p_00005.cbf,472,604,239,388,132,149,19668
6685,cr1_0836p_00006.cbf,475,605,240,387,130,147,19110
6686,cr1_0836p_00007.cbf,475,604,235,386,129,151,19479
6687,cr1_0836p_00008.cbf,471,606,234,384,135,150,20250
6688,cr1_0837p_00001.cbf,475,609,235,383,134,148,19832
6689,cr1_0837p_00002.cbf,476,606,231,379,130,148,19240
6690,cr1_0837p_00003.cbf,474,614,236,382,140,146,20440
6691,cr1_0837p_00004.cbf,485,595,243,373,110,130,14300
6692,cr1_0837p_00005.cbf,473,607,239,388,134,149,19966
6693,cr1_0837p_00006.cbf,475,610,241,388,135,147,19845
6694,cr1_0837p_00007.cbf,470,608,239,385,138,146,20148
6695,cr1_0837p_00008.cbf,474,609,233,382,135,149,20115
6696,cr1_0838p_00001.cbf,472,609,235,380,137,145,19865
6697,cr1_0838p_00002.cbf,475,611,236,382,136,146,19856
6698,cr1_0838p_00003.cbf,477,610,236,380,133,144,19152
6699,cr1_0838p_00004.cbf,474,608,234,382,134,148,19832
6700,cr1_0838p_00005.cbf,485,593,251,378,108,127,13716
6701,cr1_0838p_00006.cbf,472,604,237,388,132,151,19932
6702,cr1_0838p_00007.cbf,473,608,235,386,135,151,20385
6703,cr1_0838p_00008.cbf,473,609,236,384,136,148,20128
6704,cr1_0839p_00001.cbf,475,608,231,385,133,154,20482
6705,cr1_0839p_00002.cbf,483,599,242,372,116,130,15080
6706,cr1_0839p_00003.cbf,484,596,244,373,112,129,14448
6707,cr1_0839p_00004.cbf,478,606,238,389,128,151,19328
6708,cr1_0839p_00005.cbf,475,603,239,394,128,155,19840
6709,cr1_0839p_00006.cbf,471,602,244,391,131,147,19257
6710,cr1_0839p_00007.cbf,472,610,243,382,138,139,19182
6711,cr1_0839p_00008.cbf,472,607,236,382,135,146,19710
6712,cr1_0840p_00001.cbf,484,598,244,369,114,125,14250
6713,cr1_0840p_00002.cbf,475,607,236,382,132,146,19272
6714,cr1_0840p_00003.cbf,473,605,236,388,132,152,20064
6715,cr1_0840p_00004.cbf,473,606,236,386,133,150,19950
6716,cr1_0840p_00005.cbf,476,606,248,398,130,150,19500
6717,cr1_0840p_00006.cbf,474,608,245,390,134,145,19430
6718,cr1_0840p_00007.cbf,470,605,240,391,135,151,20385
6719,cr1_0840p_00008.cbf,485,597,247,375,112,128,14336
6720,cr1_0841p_00001.cbf,474,611,235,382,137,147,20139
6721,cr1_0841p_00002.cbf,471,610,233,379,139,146,20294
6722,cr1_0841p_00003.cbf,469,606,235,382,137,147,20139
6723,cr1_0841p_00004.cbf,482,595,248,376,113,128,14464
6724,cr1_0841p_00005.cbf,482,597,252,380,115,128,14720
6725,cr1_0841p_00006.cbf,483,600,250,379,117,129,15093
6726,cr1_0841p_00007.cbf,485,599,246,375,114,129,14706
6727,cr1_0841p_00008.cbf,483,597,242,373,114,131,14934
6728,cr1_0842p_00001.cbf,475,611,232,381,136,149,20264
6729,cr1_0842p_00002.cbf,485,601,245,376,116,131,15196
6730,cr1_0842p_00003.cbf,483,601,246,373,118,127,14986
6731,cr1_0842p_00004.cbf,470,608,237,384,138,147,20286
6732,cr1_0842p_00005.cbf,483,598,249,380,115,131,15065
6733,cr1_0842p_00006.cbf,483,596,250,381,113,131,14803
6734,cr1_0842p_00007.cbf,476,609,238,387,133,149,19817
6735,cr1_0842p_00008.cbf,471,607,239,388,136,149,20264
6736,cr1_0843p_00001.cbf,474,607,231,385,133,154,20482
6737,cr1_0843p_00002.cbf,483,599,240,372,116,132,15312
6738,cr1_0843p_00003.cbf,481,598,245,374,117,129,15093
6739,cr1_0843p_00004.cbf,483,595,246,376,112,130,14560
6740,cr1_0843p_00005.cbf,480,596,250,379,116,129,14964
6741,cr1_0843p_00006.cbf,482,597,252,380,115,128,14720
6742,cr1_0843p_00007.cbf,481,599,246,377,118,131,15458
6743,cr1_0843p_00008.cbf,484,600,245,373,116,128,14848
6744,cr1_0844p_00001.cbf,483,602,242,370,119,128,15232
6745,cr1_0844p_00002.cbf,482,598,244,373,116,129,14964
6746,cr1_0844p_00003.cbf,483,599,243,375,116,132,15312
6747,cr1_0844p_00004.cbf,472,606,238,388,134,150,20100
6748,cr1_0844p_00005.cbf,469,604,238,389,135,151,20385
6749,cr1_0844p_00006.cbf,483,597,250,377,114,127,14478
6750,cr1_0844p_00007.cbf,473,606,237,386,133,149,19817
6751,cr1_0844p_00008.cbf,482,599,245,373,117,128,14976
6752,cr1_0845p_00001.cbf,482,600,241,374,118,133,15694
6753,cr1_0845p_00002.cbf,482,600,241,374,118,133,15694
6754,cr1_0845p_00003.cbf,471,608,238,380,137,142,19454
6755,cr1_0845p_00004.cbf,484,597,245,374,113,129,14577
6756,cr1_0845p_00005.cbf,485,595,250,377,110,127,13970
6757,cr1_0845p_00006.cbf,475,606,241,391,131,150,19650
6758,cr1_0845p_00007.cbf,483,599,247,376,116,129,14964
6759,cr1_0845p_00008.cbf,482,599,243,375,117,132,15444
6760,cr1_0846p_00001.cbf,482,600,243,373,118,130,15340
6761,cr1_0846p_00002.cbf,471,608,235,384,137,149,20413
6762,cr1_0846p_00003.cbf,472,607,237,383,135,146,19710
6763,cr1_0846p_00004.cbf,484,596,245,375,112,130,14560
6764,cr1_0846p_00005.cbf,484,599,249,378,115,129,14835
6765,cr1_0846p_00006.cbf,483,596,249,378,113,129,14577
6766,cr1_0846p_00007.cbf,482,598,248,376,116,128,14848
6767,cr1_0846p_00008.cbf,472,612,237,381,140,144,20160
6768,cr1_0847p_00001.cbf,482,598,242,372,116,130,15080
6769,cr1_0847p_00002.cbf,480,599,245,372,119,127,15113
6770,cr1_0847p_00003.cbf,473,613,237,383,140,146,20440
6771,cr1_0847p_00004.cbf,472,613,239,384,141,145,20445
6772,cr1_0847p_00005.cbf,472,604,233,385,132,152,20064
6773,cr1_0847p_00006.cbf,482,596,249,377,114,128,14592
6774,cr1_0847p_00007.cbf,469,607,238,384,138,146,20148
6775,cr1_0847p_00008.cbf,481,599,244,375,118,131,15458
6776,cr1_0848p_00001.cbf,484,599,245,371,115,126,14490
6777,cr1_0848p_00002.cbf,471,606,231,383,135,152,20520
6778,cr1_0848p_00003.cbf,484,599,244,375,115,131,15065
6779,cr1_0848p_00004.cbf,474,608,237,384,134,147,19698
6780,cr1_0848p_00005.cbf,470,604,238,390,134,152,20368
6781,cr1_0848p_00006.cbf,483,598,248,375,115,127,14605
6782,cr1_0848p_00007.cbf,483,596,245,375,113,130,14690
6783,cr1_0848p_00008.cbf,475,608,237,381,133,144,19152
6784,cr1_0849p_00001.cbf,483,599,242,373,116,131,15196
6785,cr1_0849p_00002.cbf,483,599,244,375,116,131,15196
6786,cr1_0849p_00003.cbf,477,608,233,385,131,152,19912
6787,cr1_0849p_00004.cbf,483,599,245,374,116,129,14964
6788,cr1_0849p_00005.cbf,470,608,238,385,138,147,20286
6789,cr1_0849p_00006.cbf,483,595,249,377,112,128,14336
6790,cr1_0849p_00007.cbf,483,597,246,377,114,131,14934
6791,cr1_0849p_00008.cbf,475,609,236,383,134,147,19698
6792,cr1_0850p_00001.cbf,481,600,242,373,119,131,15589
6793,cr1_0850p_00002.cbf,484,598,244,373,114,129,14706
6794,cr1_0850p_00003.cbf,483,599,245,374,116,129,14964
6795,cr1_0850p_00004.cbf,485,597,247,375,112,128,14336
6796,cr1_0850p_00005.cbf,471,608,245,393,137,148,20276
6797,cr1_0850p_00006.cbf,482,596,252,380,114,128,14592
6798,cr1_0850p_00007.cbf,483,597,246,376,114,130,14820
6799,cr1_0850p_00008.cbf,482,601,243,376,119,133,15827
6800,cr1_0851p_00001.cbf,484,597,242,372,113,130,14690
6801,cr1_0851p_00002.cbf,475,613,235,382,138,147,20286
6802,cr1_0851p_00003.cbf,483,597,247,374,114,127,14478
6803,cr1_0851p_00004.cbf,483,598,246,377,115,131,15065
6804,cr1_0851p_00005.cbf,470,605,242,390,135,148,19980
6805,cr1_0851p_00006.cbf,483,595,251,378,112,127,14224
6806,cr1_0851p_00007.cbf,472,609,237,385,137,148,20276
6807,cr1_0851p_00008.cbf,477,607,237,382,130,145,18850
6808,cr1_0852p_00001.cbf,484,600,241,373,116,132,15312
6809,cr1_0852p_00002.cbf,482,597,244,373,115,129,14835
6810,cr1_0852p_00003.cbf,470,606,235,385,136,150,20400
6811,cr1_0852p_00004.cbf,474,611,239,387,137,148,20276
6812,cr1_0852p_00005.cbf,472,610,242,387,138,145,20010
6813,cr1_0852p_00006.cbf,484,596,249,379,112,130,14560
6814,cr1_0852p_00007.cbf,470,612,241,386,142,145,20590
6815,cr1_0852p_00008.cbf,471,606,239,386,135,147,19845
6816,cr1_0853p_00001.cbf,474,609,237,380,135,143,19305
6817,cr1_0853p_00002.cbf,483,600,245,374,117,129,15093
6818,cr1_0853p_00003.cbf,484,598,246,372,114,126,14364
6819,cr1_0853p_00004.cbf,482,596,247,376,114,129,14706
6820,cr1_0853p_00005.cbf,472,612,242,389,140,147,20580
6821,cr1_0853p_00006.cbf,483,596,250,378,113,128,14464
6822,cr1_0853p_00007.cbf,473,605,239,388,132,149,19668
6823,cr1_0853p_00008.cbf,482,597,246,373,115,127,14605
6824,cr1_0854p_00001.cbf,471,609,234,380,138,146,20148
6825,cr1_0854p_00002.cbf,482,601,246,373,119,127,15113
6826,cr1_0854p_00003.cbf,483,598,244,371,115,127,14605
6827,cr1_0854p_00004.cbf,475,605,239,388,130,149,19370
6828,cr1_0854p_00005.cbf,472,610,244,385,138,141,19458
6829,cr1_0854p_00006.cbf,484,597,248,377,113,129,14577
6830,cr1_0854p_00007.cbf,475,609,237,384,134,147,19698
6831,cr1_0854p_00008.cbf,485,598,246,373,113,127,14351
6832,cr1_0855p_00001.cbf,481,598,245,371,117,126,14742
6833,cr1_0855p_00002.cbf,484,600,243,371,116,128,14848
6834,cr1_0855p_00003.cbf,481,597,242,373,116,131,15196
6835,cr1_0855p_00004.cbf,473,608,237,384,135,147,19845
6836,cr1_0855p_00005.cbf,482,594,251,378,112,127,14224
6837,cr1_0855p_00006.cbf,471,608,241,390,137,149,20413
6838,cr1_0855p_00007.cbf,474,611,237,384,137,147,20139
6839,cr1_0855p_00008.cbf,484,598,247,372,114,125,14250
6840,cr1_0856p_00001.cbf,485,598,242,371,113,129,14577
6841,cr1_0856p_00002.cbf,472,610,234,380,138,146,20148
6842,cr1_0856p_00003.cbf,483,597,245,373,114,128,14592
6843,cr1_0856p_00004.cbf,483,598,247,374,115,127,14605
6844,cr1_0856p_00005.cbf,474,611,242,390,137,148,20276
6845,cr1_0856p_00006.cbf,483,594,251,383,111,132,14652
6846,cr1_0856p_00007.cbf,474,609,240,385,135,145,19575
6847,cr1_0856p_00008.cbf,475,604,235,390,129,155,19995
6848,cr1_0857p_00001.cbf,484,600,243,369,116,126,14616
6849,cr1_0857p_00002.cbf,482,597,245,373,115,128,14720
6850,cr1_0857p_00003.cbf,484,597,249,374,113,125,14125
6851,cr1_0857p_00004.cbf,468,606,240,387,138,147,20286
6852,cr1_0857p_00005.cbf,474,607,246,389,133,143,19019
6853,cr1_0857p_00006.cbf,486,597,251,378,111,127,14097
6854,cr1_0857p_00007.cbf,470,608,240,387,138,147,20286
6855,cr1_0857p_00008.cbf,472,612,236,382,140,146,20440
6856,cr1_0858p_00001.cbf,473,611,232,381,138,149,20562
6857,cr1_0858p_00002.cbf,484,596,246,372,112,126,14112
6858,cr1_0858p_00003.cbf,474,609,232,383,135,151,20385
6859,cr1_0858p_00004.cbf,473,606,237,387,133,150,19950
6860,cr1_0858p_00005.cbf,484,596,250,376,112,126,14112
6861,cr1_0858p_00006.cbf,472,607,238,387,135,149,20115
6862,cr1_0858p_00007.cbf,473,607,238,389,134,151,20234
6863,cr1_0858p_00008.cbf,485,596,246,372,111,126,13986
6864,cr1_0859p_00001.cbf,482,598,243,372,116,129,14964
6865,cr1_0859p_00002.cbf,481,600,242,373,119,131,15589
6866,cr1_0859p_00003.cbf,475,609,234,382,134,148,19832
6867,cr1_0859p_00004.cbf,474,608,242,386,134,144,19296
6868,cr1_0859p_00005.cbf,471,608,244,386,137,142,19454
6869,cr1_0859p_00006.cbf,477,613,244,387,136,143,19448
6870,cr1_0859p_00007.cbf,484,594,249,376,110,127,13970
6871,cr1_0859p_00008.cbf,484,597,247,373,113,126,14238
6872,cr1_0860p_00001.cbf,475,608,232,383,133,151,20083
6873,cr1_0860p_00002.cbf,473,607,230,383,134,153,20502
6874,cr1_0860p_00003.cbf,483,598,244,376,115,132,15180
6875,cr1_0860p_00004.cbf,474,607,238,384,133,146,19418
6876,cr1_0860p_00005.cbf,476,603,241,394,127,153,19431
6877,cr1_0860p_00006.cbf,482,597,249,378,115,129,14835
6878,cr1_0860p_00007.cbf,474,607,242,392,133,150,19950
6879,cr1_0860p_00008.cbf,482,598,245,373,116,128,14848
6880,cr1_0861p_00001.cbf,482,597,243,372,115,129,14835
6881,cr1_0861p_00002.cbf,472,608,238,383,136,145,19720
6882,cr1_0861p_00003.cbf,484,595,246,373,111,127,14097
6883,cr1_0861p_00004.cbf,481,594,248,374,113,126,14238
6884,cr1_0861p_00005.cbf,468,607,245,389,139,144,20016
6885,cr1_0861p_00006.cbf,474,608,239,390,134,151,20234
6886,cr1_0861p_00007.cbf,472,609,238,385,137,147,20139
6887,cr1_0861p_00008.cbf,482,596,246,376,114,130,14820
6888,cr1_0862p_00001.cbf,473,608,230,379,135,149,20115
6889,cr1_0862p_00002.cbf,485,598,244,374,113,130,14690
6890,cr1_0862p_00003.cbf,472,607,240,387,135,147,19845
6891,cr1_0862p_00004.cbf,477,602,244,394,125,150,18750
6892,cr1_0862p_00005.cbf,470,613,246,387,143,141,20163
6893,cr1_0862p_00006.cbf,473,607,239,389,134,150,20100
6894,cr1_0862p_00007.cbf,468,610,241,386,142,145,20590
6895,cr1_0862p_00008.cbf,481,597,247,373,116,126,14616
6896,cr1_0863p_00001.cbf,484,599,243,371,115,128,14720
6897,cr1_0863p_00002.cbf,473,606,233,381,133,148,19684
6898,cr1_0863p_00003.cbf,481,596,248,376,115,128,14720
6899,cr1_0863p_00004.cbf,476,604,240,393,128,153,19584
6900,cr1_0863p_00005.cbf,471,608,244,391,137,147,20139
6901,cr1_0863p_00006.cbf,472,608,245,390,136,145,19720
6902,cr1_0863p_00007.cbf,483,595,250,375,112,125,14000
6903,cr1_0863p_00008.cbf,483,597,242,374,114,132,15048
6904,cr1_0864p_00001.cbf,477,609,236,384,132,148,19536
6905,cr1_0864p_00002.cbf,484,597,246,373,113,127,14351
6906,cr1_0864p_00003.cbf,471,605,238,391,134,153,20502
6907,cr1_0864p_00004.cbf,474,603,234,389,129,155,19995
6908,cr1_0864p_00005.cbf,469,602,244,389,133,145,19285
6909,cr1_0864p_00006.cbf,484,596,252,377,112,125,14000
6910,cr1_0864p_00007.cbf,481,599,247,375,118,128,15104
6911,cr1_0864p_00008.cbf,472,607,236,382,135,146,19710
6912,cr1_0865p_00001.cbf,482,599,245,370,117,125,14625
6913,cr1_0865p_00002.cbf,473,605,235,382,132,147,19404
6914,cr1_0865p_00003.cbf,484,597,248,374,113,126,14238
6915,cr1_0865p_00004.cbf,483,597,250,378,114,128,14592
6916,cr1_0865p_00005.cbf,475,605,246,391,130,145,18850
6917,cr1_0865p_00006.cbf,474,611,246,389,137,143,19591
6918,cr1_0865p_00007.cbf,472,606,234,383,134,149,19966
6919,cr1_0865p_00008.cbf,485,596,247,373,111,126,13986
6920,cr1_0866p_00001.cbf,485,599,243,371,114,128,14592
6921,cr1_0866p_00002.cbf,476,606,236,384,130,148,19240
6922,cr1_0866p_00003.cbf,484,595,246,374,111,128,14208
6923,cr1_0866p_00004.cbf,482,594,251,378,112,127,14224
6924,cr1_0866p_00005.cbf,476,603,241,392,127,151,19177
6925,cr1_0866p_00006.cbf,483,596,251,379,113,128,14464
6926,cr1_0866p_00007.cbf,472,611,242,385,139,143,19877
6927,cr1_0866p_00008.cbf,483,597,247,371,114,124,14136
6928,cr1_0867p_00001.cbf,485,598,243,370,113,127,14351
6929,cr1_0867p_00002.cbf,483,597,242,372,114,130,14820
6930,cr1_0867p_00003.cbf,478,608,236,384,130,148,19240
6931,cr1_0867p_00004.cbf,474,609,236,387,135,151,20385
6932,cr1_0867p_00005.cbf,474,604,244,387,130,143,18590
6933,cr1_0867p_00006.cbf,472,610,241,389,138,148,20424
6934,cr1_0867p_00007.cbf,483,596,249,375,113,126,14238
6935,cr1_0867p_00008.cbf,476,610,238,382,134,144,19296
6936,cr1_0868p_00001.cbf,469,610,239,380,141,141,19881
6937,cr1_0868p_00002.cbf,473,608,237,381,135,144,19440
6938,cr1_0868p_00003.cbf,485,597,247,375,112,128,14336
6939,cr1_0868p_00004.cbf,474,604,244,389,130,145,18850
6940,cr1_0868p_00005.cbf,474,608,245,390,134,145,19430
6941,cr1_0868p_00006.cbf,470,608,246,390,138,144,19872
6942,cr1_0868p_00007.cbf,476,606,241,383,130,142,18460
6943,cr1_0868p_00008.cbf,472,607,238,383,135,145,19575
6944,cr1_0869p_00001.cbf,478,607,228,383,129,155,19995
6945,cr1_0869p_00002.cbf,483,599,245,371,116,126,14616
6946,cr1_0869p_00003.cbf,474,611,238,384,137,146,20002
6947,cr1_0869p_00004.cbf,468,606,238,384,138,146,20148
6948,cr1_0869p_00005.cbf,485,593,252,380,108,128,13824
6949,cr1_0869p_00006.cbf,476,604,242,389,128,147,18816
6950,cr1_0869p_00007.cbf,485,595,248,375,110,127,13970
6951,cr1_0869p_00008.cbf,469,603,240,389,134,149,19966
6952,cr1_0870p_00001.cbf,472,609,237,385,137,148,20276
6953,cr1_0870p_00002.cbf,472,606,234,383,134,149,19966
6954,cr1_0870p_00003.cbf,484,597,248,373,113,125,14125
6955,cr1_0870p_00004.cbf,475,609,240,388,134,148,19832
6956,cr1_0870p_00005.cbf,473,605,246,398,132,152,20064
6957,cr1_0870p_00006.cbf,472,605,239,393,133,154,20482
6958,cr1_0870p_00007.cbf,485,594,248,374,109,126,13734
6959,cr1_0870p_00008.cbf,482,597,246,371,115,125,14375
6960,cr1_0871p_00001.cbf,483,599,243,371,116,128,14848
6961,cr1_0871p_00002.cbf,475,611,239,381,136,142,19312
6962,cr1_0871p_00003.cbf,472,608,240,383,136,143,19448
6963,cr1_0871p_00004.cbf,470,604,246,389,134,143,19162
6964,cr1_0871p_00005.cbf,485,595,252,379,110,127,13970
6965,cr1_0871p_00006.cbf,475,609,244,385,134,141,18894
6966,cr1_0871p_00007.cbf,469,607,239,386,138,147,20286
6967,cr1_0871p_00008.cbf,474,606,236,385,132,149,19668
6968,cr1_0872p_00001.cbf,475,604,235,378,129,143,18447
6969,cr1_0872p_00002.cbf,478,607,237,389,129,152,19608
6970,cr1_0872p_00003.cbf,473,604,239,383,131,144,18864
6971,cr1_0872p_00004.cbf,472,609,236,382,137,146,20002
6972,cr1_0872p_00005.cbf,477,609,245,394,132,149,19668
6973,cr1_0872p_00006.cbf,472,604,240,393,132,153,20196
6974,cr1_0872p_00007.cbf,473,603,238,385,130,147,19110
6975,cr1_0872p_00008.cbf,469,606,238,384,137,146,20002
6976,cr1_0873p_00001.cbf,473,607,236,385,134,149,19966
6977,cr1_0873p_00002.cbf,473,606,234,385,133,151,20083
6978,cr1_0873p_00003.cbf,484,596,245,373,112,128,14336
6979,cr1_0873p_00004.cbf,475,609,239,386,134,147,19698
6980,cr1_0873p_00005.cbf,474,610,244,387,136,143,19448
6981,cr1_0873p_00006.cbf,485,595,253,377,110,124,13640
6982,cr1_0873p_00007.cbf,485,595,247,374,110,127,13970
6983,cr1_0873p_00008.cbf,476,607,238,386,131,148,19388
6984,cr1_0874p_00001.cbf,476,609,233,380,133,147,19551
6985,cr1_0874p_00002.cbf,476,608,237,380,132,143,18876
6986,cr1_0874p_00003.cbf,477,606,230,382,129,152,19608
6987,cr1_0874p_00004.cbf,474,608,237,381,134,144,19296
6988,cr1_0874p_00005.cbf,474,610,240,383,136,143,19448
6989,cr1_0874p_00006.cbf,482,597,246,375,115,129,14835
6990,cr1_0874p_00007.cbf,474,610,236,384,136,148,20128
6991,cr1_0874p_00008.cbf,484,599,245,372,115,127,14605
6992,cr1_0875p_00001.cbf,483,598,243,371,115,128,14720
6993,cr1_0875p_00002.cbf,482,599,242,372,117,130,15210
6994,cr1_0875p_00003.cbf,483,596,241,372,113,131,14803
6995,cr1_0875p_00004.cbf,484,597,246,374,113,128,14464
6996,cr1_0875p_00005.cbf,484,595,245,375,111,130,14430
6997,cr1_0875p_00006.cbf,483,600,249,377,117,128,14976
6998,cr1_0875p_00007.cbf,482,597,246,375,115,129,14835
6999,cr1_0875p_00008.cbf,483,599,244,373,116,129,14964
7000,cr1_0876p_00001.cbf,477,609,234,381,132,147,19404
7001,cr1_0876p_00002.cbf,483,597,244,372,114,128,14592
7002,cr1_0876p_00003.cbf,482,598,242,371,116,129,14964
7003,cr1_0876p_00004.cbf,475,607,230,380,132,150,19800
7004,cr1_0876p_00005.cbf,474,610,239,385,136,146,19856
7005,cr1_0876p_00006.cbf,481,595,249,377,114,128,14592
7006,cr1_0876p_00007.cbf,470,607,238,384,137,146,20002
7007,cr1_0876p_00008.cbf,483,599,246,373,116,127,14732
7008,cr1_0877p_00001.cbf,472,609,236,382,137,146,20002
7009,cr1_0877p_00002.cbf,485,600,244,371,115,127,14605
7010,cr1_0877p_00003.cbf,476,607,237,383,131,146,19126
7011,cr1_0877p_00004.cbf,478,609,235,384,131,149,19519
7012,cr1_0877p_00005.cbf,474,609,237,388,135,151,20385
7013,cr1_0877p_00006.cbf,471,607,236,385,136,149,20264
7014,cr1_0877p_00007.cbf,482,596,245,375,114,130,14820
7015,cr1_0877p_00008.cbf,486,601,242,373,115,131,15065
7016,cr1_0878p_00001.cbf,481,599,243,372,118,129,15222
7017,cr1_0878p_00002.cbf,483,599,245,374,116,129,14964
7018,cr1_0878p_00003.cbf,475,611,237,385,136,148,20128
7019,cr1_0878p_00004.cbf,484,596,245,374,112,129,14448
7020,cr1_0878p_00005.cbf,485,596,246,375,111,129,14319
7021,cr1_0878p_00006.cbf,485,597,248,374,112,126,14112
7022,cr1_0878p_00007.cbf,483,597,247,374,114,127,14478
7023,cr1_0878p_00008.cbf,470,608,237,383,138,146,20148
7024,cr1_0879p_00001.cbf,481,599,240,371,118,131,15458
7025,cr1_0879p_00002.cbf,473,610,235,383,137,148,20276
7026,cr1_0879p_00003.cbf,475,605,234,383,130,149,19370
7027,cr1_0879p_00004.cbf,482,597,244,374,115,130,14950
7028,cr1_0879p_00005.cbf,485,597,247,373,112,126,14112
7029,cr1_0879p_00006.cbf,474,611,234,384,137,150,20550
7030,cr1_0879p_00007.cbf,477,606,234,383,129,149,19221
7031,cr1_0879p_00008.cbf,483,600,243,373,117,130,15210
7032,cr1_0880p_00001.cbf,471,609,234,381,138,147,20286
7033,cr1_0880p_00002.cbf,473,609,237,386,136,149,20264
7034,cr1_0880p_00003.cbf,473,608,233,384,135,151,20385
7035,cr1_0880p_00004.cbf,476,608,235,385,132,150,19800
7036,cr1_0880p_00005.cbf,485,594,245,375,109,130,14170
7037,cr1_0880p_00006.cbf,482,595,245,374,113,129,14577
7038,cr1_0880p_00007.cbf,484,596,246,374,112,128,14336
7039,cr1_0880p_00008.cbf,476,608,236,390,132,154,20328
7040,cr1_0881p_00001.cbf,480,600,242,371,120,129,15480
7041,cr1_0881p_00002.cbf,474,606,234,381,132,147,19404
7042,cr1_0881p_00003.cbf,483,600,242,373,117,131,15327
7043,cr1_0881p_00004.cbf,474,608,234,387,134,153,20502
7044,cr1_0881p_00005.cbf,483,596,245,373,113,128,14464
7045,cr1_0881p_00006.cbf,484,596,245,374,112,129,14448
7046,cr1_0881p_00007.cbf,484,598,246,373,114,127,14478
7047,cr1_0881p_00008.cbf,483,597,242,372,114,130,14820
7048,cr1_0882p_00001.cbf,483,599,243,371,116,128,14848
7049,cr1_0882p_00002.cbf,467,605,236,382,138,146,20148
7050,cr1_0882p_00003.cbf,485,597,241,374,112,133,14896
7051,cr1_0882p_00004.cbf,472,608,236,387,136,151,20536
7052,cr1_0882p_00005.cbf,484,597,246,374,113,128,14464
7053,cr1_0882p_00006.cbf,474,604,236,385,130,149,19370
7054,cr1_0882p_00007.cbf,475,614,237,380,139,143,19877
7055,cr1_0882p_00008.cbf,483,597,242,373,114,131,14934
7056,cr1_0883p_00001.cbf,482,600,241,370,118,129,15222
7057,cr1_0883p_00002.cbf,483,597,242,372,114,130,14820
7058,cr1_0883p_00003.cbf,473,610,236,383,137,147,20139
7059,cr1_0883p_00004.cbf,472,606,235,385,134,150,20100
7060,cr1_0883p_00005.cbf,471,605,233,385,134,152,20368
7061,cr1_0883p_00006.cbf,475,607,236,385,132,149,19668
7062,cr1_0883p_00007.cbf,470,606,238,386,136,148,20128
7063,cr1_0883p_00008.cbf,481,598,242,371,117,129,15093
7064,cr1_0884p_00001.cbf,484,601,242,373,117,131,15327
7065,cr1_0884p_00002.cbf,473,607,235,382,134,147,19698
7066,cr1_0884p_00003.cbf,475,613,234,381,138,147,20286
7067,cr1_0884p_00004.cbf,483,597,242,372,114,130,14820
7068,cr1_0884p_00005.cbf,471,610,235,383,139,148,20572
7069,cr1_0884p_00006.cbf,471,609,237,384,138,147,20286
7070,cr1_0884p_00007.cbf,474,614,237,381,140,144,20160
7071,cr1_0884p_00008.cbf,470,608,230,379,138,149,20562
7072,cr1_0885p_00001.cbf,473,609,231,381,136,150,20400
7073,cr1_0885p_00002.cbf,483,600,241,370,117,129,15093
7074,cr1_0885p_00003.cbf,471,609,232,379,138,147,20286
7075,cr1_0885p_00004.cbf,485,596,242,372,111,130,14430
7076,cr1_0885p_00005.cbf,485,593,245,370,108,125,13500
7077,cr1_0885p_00006.cbf,473,604,237,387,131,150,19650
7078,cr1_0885p_00007.cbf,471,608,237,379,137,142,19454
7079,cr1_0885p_00008.cbf,474,609,233,381,135,148,19980
7080,cr1_0886p_00001.cbf,471,608,235,383,137,148,20276
7081,cr1_0886p_00002.cbf,473,609,231,379,136,148,20128
7082,cr1_0886p_00003.cbf,477,612,235,383,135,148,19980
7083,cr1_0886p_00004.cbf,474,606,235,382,132,147,19404
7084,cr1_0886p_00005.cbf,476,610,237,380,134,143,19162
7085,cr1_0886p_00006.cbf,473,604,234,384,131,150,19650
7086,cr1_0886p_00007.cbf,470,606,236,386,136,150,20400
7087,cr1_0886p_00008.cbf,470,607,233,382,137,149,20413
7088,cr1_0887p_00001.cbf,474,614,233,380,140,147,20580
7089,cr1_0887p_00002.cbf,484,597,245,369,113,124,14012
7090,cr1_0887p_00003.cbf,486,597,244,370,111,126,13986
7091,cr1_0887p_00004.cbf,475,607,236,380,132,144,19008
7092,cr1_0887p_00005.cbf,485,598,244,373,113,129,14577
7093,cr1_0887p_00006.cbf,473,611,238,386,138,148,20424
7094,cr1_0887p_00007.cbf,474,606,236,380,132,144,19008
7095,cr1_0887p_00008.cbf,473,607,236,381,134,145,19430
7096,cr1_0888p_00001.cbf,472,608,234,376,136,142,19312
7097,cr1_0888p_00002.cbf,476,608,233,382,132,149,19668
7098,cr1_0888p_00003.cbf,484,596,240,371,112,131,14672
7099,cr1_0888p_00004.cbf,471,604,232,381,133,149,19817
7100,cr1_0888p_00005.cbf,475,603,232,386,128,154,19712
7101,cr1_0888p_00006.cbf,471,607,241,389,136,148,20128
7102,cr1_0888p_00007.cbf,483,597,246,371,114,125,14250
7103,cr1_0888p_00008.cbf,468,608,236,382,140,146,20440
7104,cr1_0889p_00001.cbf,475,613,234,381,138,147,20286
7105,cr1_0889p_00002.cbf,472,607,230,382,135,152,20520
7106,cr1_0889p_00003.cbf,484,596,241,369,112,128,14336
7107,cr1_0889p_00004.cbf,484,598,244,373,114,129,14706
7108,cr1_0889p_00005.cbf,481,595,245,376,114,131,14934
7109,cr1_0889p_00006.cbf,473,606,231,384,133,153,20349
7110,cr1_0889p_00007.cbf,483,599,243,370,116,127,14732
7111,cr1_0889p_00008.cbf,476,612,234,384,136,150,20400
7112,cr1_0890p_00001.cbf,484,600,243,372,116,129,14964
7113,cr1_0890p_00002.cbf,482,597,241,370,115,129,14835
7114,cr1_0890p_00003.cbf,485,599,242,369,114,127,14478
7115,cr1_0890p_00004.cbf,470,608,234,381,138,147,20286
7116,cr1_0890p_00005.cbf,473,608,237,388,135,151,20385
7117,cr1_0890p_00006.cbf,468,606,237,385,138,148,20424
7118,cr1_0890p_00007.cbf,482,597,242,372,115,130,14950
7119,cr1_0890p_00008.cbf,474,608,234,379,134,145,19430
7120,cr1_0891p_00001.cbf,483,595,241,369,112,128,14336
7121,cr1_0891p_00002.cbf,473,609,233,382,136,149,20264
7122,cr1_0891p_00003.cbf,473,612,235,378,139,143,19877
7123,cr1_0891p_00004.cbf,472,605,232,381,133,149,19817
7124,cr1_0891p_00005.cbf,467,606,236,383,139,147,20433
7125,cr1_0891p_00006.cbf,483,595,246,373,112,127,14224
7126,cr1_0891p_00007.cbf,473,610,237,383,137,146,20002
7127,cr1_0891p_00008.cbf,483,599,243,371,116,128,14848
7128,cr1_0892p_00001.cbf,467,605,231,380,138,149,20562
7129,cr1_0892p_00002.cbf,483,599,242,370,116,128,14848
7130,cr1_0892p_00003.cbf,485,597,245,371,112,126,14112
7131,cr1_0892p_00004.cbf,481,593,242,370,112,128,14336
7132,cr1_0892p_00005.cbf,484,595,249,374,111,125,13875
7133,cr1_0892p_00006.cbf,477,605,236,384,128,148,18944
7134,cr1_0892p_00007.cbf,472,606,232,381,134,149,19966
7135,cr1_0892p_00008.cbf,474,606,237,380,132,143,18876
7136,cr1_0893p_00001.cbf,483,598,245,372,115,127,14605
7137,cr1_0893p_00002.cbf,485,602,242,371,117,129,15093
7138,cr1_0893p_00003.cbf,472,608,236,382,136,146,19856
7139,cr1_0893p_00004.cbf,473,612,236,382,139,146,20294
7140,cr1_0893p_00005.cbf,475,607,242,387,132,145,19140
7141,cr1_0893p_00006.cbf,474,604,236,389,130,153,19890
7142,cr1_0893p_00007.cbf,475,611,242,387,136,145,19720
7143,cr1_0893p_00008.cbf,486,599,245,373,113,128,14464
7144,cr1_0894p_00001.cbf,484,597,242,370,113,128,14464
7145,cr1_0894p_00002.cbf,486,599,245,373,113,128,14464
7146,cr1_0894p_00003.cbf,476,611,237,381,135,144,19440
7147,cr1_0894p_00004.cbf,484,595,247,372,111,125,13875
7148,cr1_0894p_00005.cbf,474,609,245,389,135,144,19440
7149,cr1_0894p_00006.cbf,476,610,245,392,134,147,19698
7150,cr1_0894p_00007.cbf,483,595,248,374,112,126,14112
7151,cr1_0894p_00008.cbf,469,608,240,385,139,145,20155
7152,cr1_0895p_00001.cbf,474,610,234,385,136,151,20536
7153,cr1_0895p_00002.cbf,473,609,236,383,136,147,19992
7154,cr1_0895p_00003.cbf,478,606,226,381,128,155,19840
7155,cr1_0895p_00004.cbf,475,605,238,385,130,147,19110
7156,cr1_0895p_00005.cbf,482,596,251,379,114,128,14592
7157,cr1_0895p_00006.cbf,475,609,240,391,134,151,20234
7158,cr1_0895p_00007.cbf,475,606,238,386,131,148,19388
7159,cr1_0895p_00008.cbf,478,608,232,383,130,151,19630
7160,cr1_0896p_00001.cbf,485,601,242,371,116,129,14964
7161,cr1_0896p_00002.cbf,473,614,236,381,141,145,20445
7162,cr1_0896p_00003.cbf,473,610,237,381,137,144,19728
7163,cr1_0896p_00004.cbf,484,596,247,375,112,128,14336
7164,cr1_0896p_00005.cbf,475,605,239,392,130,153,19890
7165,cr1_0896p_00006.cbf,475,603,239,386,128,147,18816
7166,cr1_0896p_00007.cbf,473,611,238,383,138,145,20010
7167,cr1_0896p_00008.cbf,485,599,245,371,114,126,14364
7168,cr1_0897p_00001.cbf,471,608,235,381,137,146,20002
7169,cr1_0897p_00002.cbf,477,613,236,382,136,146,19856
7170,cr1_0897p_00003.cbf,482,598,246,371,116,125,14500
7171,cr1_0897p_00004.cbf,474,605,239,388,131,149,19519
7172,cr1_0897p_00005.cbf,471,604,240,386,133,146,19418
7173,cr1_0897p_00006.cbf,474,602,240,388,128,148,18944
7174,cr1_0897p_00007.cbf,475,608,239,393,133,154,20482
7175,cr1_0897p_00008.cbf,474,608,234,385,134,151,20234
7176,cr1_0898p_00001.cbf,483,598,242,369,115,127,14605
7177,cr1_0898p_00002.cbf,485,597,241,371,112,130,14560
7178,cr1_0898p_00003.cbf,485,594,244,372,109,128,13952
7179,cr1_0898p_00004.cbf,485,594,246,374,109,128,13952
7180,cr1_0898p_00005.cbf,473,608,238,390,135,152,20520
7181,cr1_0898p_00006.cbf,472,604,241,394,132,153,20196
7182,cr1_0898p_00007.cbf,484,595,247,376,111,129,14319
7183,cr1_0898p_00008.cbf,475,609,236,388,134,152,20368
7184,cr1_0899p_00001.cbf,476,606,236,383,130,147,19110
7185,cr1_0899p_00002.cbf,474,610,229,380,136,151,20536
7186,cr1_0899p_00003.cbf,475,602,233,381,127,148,18796
7187,cr1_0899p_00004.cbf,472,608,239,390,136,151,20536
7188,cr1_0899p_00005.cbf,469,606,245,389,137,144,19728
7189,cr1_0899p_00006.cbf,467,606,241,387,139,146,20294
7190,cr1_0899p_00007.cbf,484,597,247,375,113,128,14464
7191,cr1_0899p_00008.cbf,473,605,238,388,132,150,19800
7192,cr1_0900p_00001.cbf,484,599,242,370,115,128,14720
7193,cr1_0900p_00002.cbf,483,598,245,371,115,126,14490
7194,cr1_0900p_00003.cbf,474,606,232,381,132,149,19668
7195,cr1_0900p_00004.cbf,486,596,245,372,110,127,13970
7196,cr1_0900p_00005.cbf,476,608,236,385,132,149,19668
7197,cr1_0900p_00006.cbf,475,607,240,386,132,146,19272
7198,cr1_0900p_00007.cbf,479,609,237,385,130,148,19240
7199,cr1_0900p_00008.cbf,482,597,242,372,115,130,14950
7200,cr1_0901p_00001.cbf,481,599,242,372,118,130,15340
7201,cr1_0901p_00002.cbf,484,600,242,371,116,129,14964
7202,cr1_0901p_00003.cbf,481,597,242,371,116,129,14964
7203,cr1_0901p_00004.cbf,471,607,237,385,136,148,20128
7204,cr1_0901p_00005.cbf,473,603,237,386,130,149,19370
7205,cr1_0901p_00006.cbf,478,608,236,384,130,148,19240
7206,cr1_0901p_00007.cbf,474,610,233,384,136,151,20536
7207,cr1_0901p_00008.cbf,486,597,244,371,111,127,14097
7208,cr1_0902p_00001.cbf,470,610,233,379,140,146,20440
7209,cr1_0902p_00002.cbf,467,606,235,378,139,143,19877
7210,cr1_0902p_00003.cbf,486,598,245,371,112,126,14112
7211,cr1_0902p_00004.cbf,471,610,235,379,139,144,20016
7212,cr1_0902p_00005.cbf,472,608,239,383,136,144,19584
7213,cr1_0902p_00006.cbf,473,609,237,386,136,149,20264
7214,cr1_0902p_00007.cbf,474,608,235,383,134,148,19832
7215,cr1_0902p_00008.cbf,485,597,243,372,112,129,14448
7216,cr1_0903p_00001.cbf,478,616,234,379,138,145,20010
7217,cr1_0903p_00002.cbf,475,610,238,379,135,141,19035
7218,cr1_0903p_00003.cbf,475,608,234,381,133,147,19551
7219,cr1_0903p_00004.cbf,475,611,234,378,136,144,19584
7220,cr1_0903p_00005.cbf,476,606,236,387,130,151,19630
7221,cr1_0903p_00006.cbf,477,608,232,382,131,150,19650
7222,cr1_0903p_00007.cbf,475,610,237,382,135,145,19575
7223,cr1_0903p_00008.cbf,469,604,228,379,135,151,20385
7224,cr1_0904p_00001.cbf,484,598,243,370,114,127,14478
7225,cr1_0904p_00002.cbf,473,608,230,381,135,151,20385
7226,cr1_0904p_00003.cbf,468,605,239,385,137,146,20002
7227,cr1_0904p_00004.cbf,477,606,239,383,129,144,18576
7228,cr1_0904p_00005.cbf,473,608,237,384,135,147,19845
7229,cr1_0904p_00006.cbf,485,594,247,374,109,127,13843
7230,cr1_0904p_00007.cbf,470,605,238,384,135,146,19710
7231,cr1_0904p_00008.cbf,483,598,246,371,115,125,14375
7232,cr1_0905p_00001.cbf,475,612,237,386,137,149,20413
7233,cr1_0905p_00002.cbf,476,611,235,377,135,142,19170
7234,cr1_0905p_00003.cbf,483,599,242,372,116,130,15080
7235,cr1_0905p_00004.cbf,474,606,237,379,132,142,18744
7236,cr1_0905p_00005.cbf,474,603,238,389,129,151,19479
7237,cr1_0905p_00006.cbf,473,610,238,385,137,147,20139
7238,cr1_0905p_00007.cbf,471,604,237,383,133,146,19418
7239,cr1_0905p_00008.cbf,473,609,236,383,136,147,19992
7240,cr1_0906p_00001.cbf,476,614,235,378,138,143,19734
7241,cr1_0906p_00002.cbf,485,598,245,370,113,125,14125
7242,cr1_0906p_00003.cbf,477,604,237,377,127,140,17780
7243,cr1_0906p_00004.cbf,484,595,245,371,111,126,13986
7244,cr1_0906p_00005.cbf,484,595,247,372,111,125,13875
7245,cr1_0906p_00006.cbf,486,594,248,376,108,128,13824
7246,cr1_0906p_00007.cbf,472,608,233,382,136,149,20264
7247,cr1_0906p_00008.cbf,474,605,232,381,131,149,19519
7248,cr1_0907p_00001.cbf,483,597,242,370,114,128,14592
7249,cr1_0907p_00002.cbf,485,597,243,371,112,128,14336
7250,cr1_0907p_00003.cbf,476,610,236,381,134,145,19430
7251,cr1_0907p_00004.cbf,470,604,237,384,134,147,19698
7252,cr1_0907p_00005.cbf,473,602,237,388,129,151,19479
7253,cr1_0907p_00006.cbf,473,605,242,388,132,146,19272
7254,cr1_0907p_00007.cbf,485,595,247,372,110,125,13750
7255,cr1_0907p_00008.cbf,472,605,230,383,133,153,20349
7256,cr1_0908p_00001.cbf,484,599,242,372,115,130,14950
7257,cr1_0908p_00002.cbf,470,608,236,385,138,149,20562
7258,cr1_0908p_00003.cbf,482,598,242,372,116,130,15080
7259,cr1_0908p_00004.cbf,483,601,242,372,118,130,15340
7260,cr1_0908p_00005.cbf,475,606,232,389,131,157,20567
7261,cr1_0908p_00006.cbf,471,609,239,382,138,143,19734
7262,cr1_0908p_00007.cbf,474,606,237,390,132,153,20196
7263,cr1_0908p_00008.cbf,480,597,242,373,117,131,15327
7264,cr1_0909p_00001.cbf,477,599,241,371,122,130,15860
7265,cr1_0909p_00002.cbf,482,599,243,373,117,130,15210
7266,cr1_0909p_00003.cbf,483,597,241,373,114,132,15048
7267,cr1_0909p_00004.cbf,484,599,243,373,115,130,14950
7268,cr1_0909p_00005.cbf,484,600,244,375,116,131,15196
7269,cr1_0909p_00006.cbf,470,606,238,389,136,151,20536
7270,cr1_0909p_00007.cbf,473,609,237,381,136,144,19584
7271,cr1_0909p_00008.cbf,483,598,241,375,115,134,15410
7272,cr1_0910p_00001.cbf,483,600,242,372,117,130,15210
7273,cr1_0910p_00002.cbf,471,609,235,379,138,144,19872
7274,cr1_0910p_00003.cbf,484,598,241,371,114,130,14820
7275,cr1_0910p_00004.cbf,483,601,242,370,118,128,15104
7276,cr1_0910p_00005.cbf,484,595,243,373,111,130,14430
7277,cr1_0910p_00006.cbf,485,596,244,373,111,129,14319
7278,cr1_0910p_00007.cbf,473,610,233,381,137,148,20276
7279,cr1_0910p_00008.cbf,485,599,243,374,114,131,14934
7280,cr1_0911p_00001.cbf,483,598,240,369,115,129,14835
7281,cr1_0911p_00002.cbf,483,600,240,374,117,134,15678
7282,cr1_0911p_00003.cbf,484,598,242,371,114,129,14706
7283,cr1_0911p_00004.cbf,484,599,242,372,115,130,14950
7284,cr1_0911p_00005.cbf,486,598,242,370,112,128,14336
7285,cr1_0911p_00006.cbf,485,596,242,371,111,129,14319
7286,cr1_0911p_00007.cbf,475,607,237,384,132,147,19404
7287,cr1_0911p_00008.cbf,474,610,236,383,136,147,19992
7288,cr1_0912p_00001.cbf,483,598,240,372,115,132,15180
7289,cr1_0912p_00002.cbf,485,599,241,373,114,132,15048
7290,cr1_0912p_00003.cbf,483,596,240,372,113,132,14916
7291,cr1_0912p_00004.cbf,469,608,234,382,139,148,20572
7292,cr1_0912p_00005.cbf,481,597,246,373,116,127,14732
7293,cr1_0912p_00006.cbf,485,596,245,372,111,127,14097
7294,cr1_0912p_00007.cbf,482,599,245,374,117,129,15093
7295,cr1_0912p_00008.cbf,484,598,242,372,114,130,14820
7296,cr1_0913p_00001.cbf,482,598,241,372,116,131,15196
7297,cr1_0913p_00002.cbf,484,600,240,370,116,130,15080
7298,cr1_0913p_00003.cbf,483,599,241,371,116,130,15080
7299,cr1_0913p_00004.cbf,483,598,241,372,115,131,15065
7300,cr1_0913p_00005.cbf,485,595,244,373,110,129,14190
7301,cr1_0913p_00006.cbf,483,596,246,375,113,129,14577
7302,cr1_0913p_00007.cbf,475,606,236,388,131,152,19912
7303,cr1_0913p_00008.cbf,474,608,236,384,134,148,19832
7304,cr1_0914p_00001.cbf,483,598,242,372,115,130,14950
7305,cr1_0914p_00002.cbf,483,601,242,371,118,129,15222
7306,cr1_0914p_00003.cbf,483,597,242,370,114,128,14592
7307,cr1_0914p_00004.cbf,474,609,233,385,135,152,20520
7308,cr1_0914p_00005.cbf,473,608,232,382,135,150,20250
7309,cr1_0914p_00006.cbf,476,610,238,384,134,146,19564
7310,cr1_0914p_00007.cbf,474,607,233,380,133,147,19551
7311,cr1_0914p_00008.cbf,473,613,233,378,140,145,20300
7312,cr1_0915p_00001.cbf,480,599,241,369,119,128,15232
7313,cr1_0915p_00002.cbf,484,599,241,368,115,127,14605
7314,cr1_0915p_00003.cbf,473,606,233,380,133,147,19551
7315,cr1_0915p_00004.cbf,483,596,240,373,113,133,15029
7316,cr1_0915p_00005.cbf,469,608,235,383,139,148,20572
7317,cr1_0915p_00006.cbf,484,596,244,374,112,130,14560
7318,cr1_0915p_00007.cbf,482,599,244,372,117,128,14976
7319,cr1_0915p_00008.cbf,483,597,242,369,114,127,14478
7320,cr1_0916p_00001.cbf,485,601,241,371,116,130,15080
7321,cr1_0916p_00002.cbf,474,611,233,381,137,148,20276
7322,cr1_0916p_00003.cbf,475,612,231,380,137,149,20413
7323,cr1_0916p_00004.cbf,485,594,242,372,109,130,14170
7324,cr1_0916p_00005.cbf,473,605,233,383,132,150,19800
7325,cr1_0916p_00006.cbf,485,595,240,374,110,134,14740
7326,cr1_0916p_00007.cbf,483,598,242,373,115,131,15065
7327,cr1_0916p_00008.cbf,483,599,243,371,116,128,14848
7328,cr1_0917p_00001.cbf,484,597,242,370,113,128,14464
7329,cr1_0917p_00002.cbf,483,598,241,369,115,128,14720
7330,cr1_0917p_00003.cbf,483,596,242,371,113,129,14577
7331,cr1_0917p_00004.cbf,485,597,242,372,112,130,14560
7332,cr1_0917p_00005.cbf,482,596,245,376,114,131,14934
7333,cr1_0917p_00006.cbf,476,605,234,384,129,150,19350
7334,cr1_0917p_00007.cbf,485,596,246,374,111,128,14208
7335,cr1_0917p_00008.cbf,473,611,235,379,138,144,19872
7336,cr1_0918p_00001.cbf,474,612,231,380,138,149,20562
7337,cr1_0918p_00002.cbf,484,599,242,370,115,128,14720
7338,cr1_0918p_00003.cbf,483,598,242,371,115,129,14835
7339,cr1_0918p_00004.cbf,473,608,234,386,135,152,20520
7340,cr1_0918p_00005.cbf,472,604,232,386,132,154,20328
7341,cr1_0918p_00006.cbf,471,608,232,381,137,149,20413
7342,cr1_0918p_00007.cbf,485,597,242,371,112,129,14448
7343,cr1_0918p_00008.cbf,481,599,242,372,118,130,15340
7344,cr1_0919p_00001.cbf,485,598,241,371,113,130,14690
7345,cr1_0919p_00002.cbf,483,600,242,369,117,127,14859
7346,cr1_0919p_00003.cbf,485,600,241,372,115,131,15065
7347,cr1_0919p_00004.cbf,484,596,241,372,112,131,14672
7348,cr1_0919p_00005.cbf,486,594,240,374,108,134,14472
7349,cr1_0919p_00006.cbf,483,595,242,374,112,132,14784
7350,cr1_0919p_00007.cbf,476,604,234,381,128,147,18816
7351,cr1_0919p_00008.cbf,477,610,236,380,133,144,19152
7352,cr1_0920p_00001.cbf,485,599,242,371,114,129,14706
7353,cr1_0920p_00002.cbf,475,609,231,382,134,151,20234
7354,cr1_0920p_00003.cbf,470,607,232,382,137,150,20550
7355,cr1_0920p_00004.cbf,476,604,235,383,128,148,18944
7356,cr1_0920p_00005.cbf,483,593,247,372,110,125,13750
7357,cr1_0920p_00006.cbf,476,609,236,383,133,147,19551
7358,cr1_0920p_00007.cbf,472,607,237,385,135,148,19980
7359,cr1_0920p_00008.cbf,482,597,243,370,115,127,14605
7360,cr1_0921p_00001.cbf,473,608,230,382,135,152,20520
7361,cr1_0921p_00002.cbf,483,599,242,372,116,130,15080
7362,cr1_0921p_00003.cbf,484,599,241,373,115,132,15180
7363,cr1_0921p_00004.cbf,486,597,242,373,111,131,14541
7364,cr1_0921p_00005.cbf,483,593,246,371,110,125,13750
7365,cr1_0921p_00006.cbf,476,607,233,386,131,153,20043
7366,cr1_0921p_00007.cbf,470,607,237,383,137,146,20002
7367,cr1_0921p_00008.cbf,484,597,243,370,113,127,14351
7368,cr1_0922p_00001.cbf,472,613,234,377,141,143,20163
7369,cr1_0922p_00002.cbf,475,606,232,383,131,151,19781
7370,cr1_0922p_00003.cbf,473,609,227,376,136,149,20264
7371,cr1_0922p_00004.cbf,481,598,242,373,117,131,15327
7372,cr1_0922p_00005.cbf,484,594,244,374,110,130,14300
7373,cr1_0922p_00006.cbf,485,598,242,372,113,130,14690
7374,cr1_0922p_00007.cbf,471,607,231,380,136,149,20264
7375,cr1_0922p_00008.cbf,485,596,242,369,111,127,14097
7376,cr1_0923p_00001.cbf,485,599,240,369,114,129,14706
7377,cr1_0923p_00002.cbf,478,607,235,379,129,144,18576
7378,cr1_0923p_00003.cbf,485,597,242,372,112,130,14560
7379,cr1_0923p_00004.cbf,478,605,231,378,127,147,18669
7380,cr1_0923p_00005.cbf,474,607,230,382,133,152,20216
7381,cr1_0923p_00006.cbf,470,609,235,381,139,146,20294
7382,cr1_0923p_00007.cbf,481,596,242,372,115,130,14950
7383,cr1_0923p_00008.cbf,484,600,241,373,116,132,15312
7384,cr1_0924p_00001.cbf,472,612,235,379,140,144,20160
7385,cr1_0924p_00002.cbf,483,598,240,370,115,130,14950
7386,cr1_0924p_00003.cbf,474,609,238,382,135,144,19440
7387,cr1_0924p_00004.cbf,474,608,235,382,134,147,19698
7388,cr1_0924p_00005.cbf,473,607,232,381,134,149,19966
7389,cr1_0924p_00006.cbf,473,608,230,381,135,151,20385
7390,cr1_0924p_00007.cbf,474,606,234,386,132,152,20064
7391,cr1_0924p_00008.cbf,484,599,241,370,115,129,14835
7392,cr1_0925p_00001.cbf,471,607,232,379,136,147,19992
7393,cr1_0925p_00002.cbf,483,599,240,370,116,130,15080
7394,cr1_0925p_00003.cbf,484,598,242,370,114,128,14592
7395,cr1_0925p_00004.cbf,475,608,233,382,133,149,19817
7396,cr1_0925p_00005.cbf,473,605,236,386,132,150,19800
7397,cr1_0925p_00006.cbf,475,609,235,386,134,151,20234
7398,cr1_0925p_00007.cbf,483,597,243,372,114,129,14706
7399,cr1_0925p_00008.cbf,483,599,241,369,116,128,14848
7400,cr1_0926p_00001.cbf,484,598,240,369,114,129,14706
7401,cr1_0926p_00002.cbf,483,599,241,372,116,131,15196
7402,cr1_0926p_00003.cbf,483,599,241,371,116,130,15080
7403,cr1_0926p_00004.cbf,484,597,240,371,113,131,14803
7404,cr1_0926p_00005.cbf,483,595,242,372,112,130,14560
7405,cr1_0926p_00006.cbf,486,596,241,373,110,132,14520
7406,cr1_0926p_00007.cbf,484,597,242,371,113,129,14577
7407,cr1_0926p_00008.cbf,472,609,234,379,137,145,19865
7408,cr1_0927p_00001.cbf,484,599,242,370,115,128,14720
7409,cr1_0927p_00002.cbf,471,607,233,378,136,145,19720
7410,cr1_0927p_00003.cbf,473,608,234,382,135,148,19980
7411,cr1_0927p_00004.cbf,485,597,242,373,112,131,14672
7412,cr1_0927p_00005.cbf,484,595,241,372,111,131,14541
7413,cr1_0927p_00006.cbf,473,607,231,382,134,151,20234
7414,cr1_0927p_00007.cbf,475,610,234,382,135,148,19980
7415,cr1_0927p_00008.cbf,482,598,241,371,116,130,15080
7416,cr1_0928p_00001.cbf,473,611,232,381,138,149,20562
7417,cr1_0928p_00002.cbf,485,597,241,369,112,128,14336
7418,cr1_0928p_00003.cbf,482,598,242,371,116,129,14964
7419,cr1_0928p_00004.cbf,484,597,242,371,113,129,14577
7420,cr1_0928p_00005.cbf,485,597,241,372,112,131,14672
7421,cr1_0928p_00006.cbf,472,606,237,381,134,144,19296
7422,cr1_0928p_00007.cbf,475,606,231,382,131,151,19781
7423,cr1_0928p_00008.cbf,484,599,241,372,115,131,15065
7424,cr1_0929p_00001.cbf,474,607,235,383,133,148,19684
7425,cr1_0929p_00002.cbf,483,596,242,368,113,126,14238
7426,cr1_0929p_00003.cbf,483,600,243,371,117,128,14976
7427,cr1_0929p_00004.cbf,475,609,235,380,134,145,19430
7428,cr1_0929p_00005.cbf,485,599,242,371,114,129,14706
7429,cr1_0929p_00006.cbf,474,607,236,386,133,150,19950
7430,cr1_0929p_00007.cbf,476,606,233,380,130,147,19110
7431,cr1_0929p_00008.cbf,472,607,234,381,135,147,19845
7432,cr1_0930p_00001.cbf,471,607,231,379,136,148,20128
7433,cr1_0930p_00002.cbf,476,608,228,384,132,156,20592
7434,cr1_0930p_00003.cbf,476,608,230,382,132,152,20064
7435,cr1_0930p_00004.cbf,483,599,241,370,116,129,14964
7436,cr1_0930p_00005.cbf,470,606,234,380,136,146,19856
7437,cr1_0930p_00006.cbf,485,598,241,371,113,130,14690
7438,cr1_0930p_00007.cbf,474,604,231,381,130,150,19500
7439,cr1_0930p_00008.cbf,484,597,239,369,113,130,14690
7440,cr1_0931p_00001.cbf,471,611,232,378,140,146,20440
7441,cr1_0931p_00002.cbf,485,597,241,372,112,131,14672
7442,cr1_0931p_00003.cbf,484,600,241,369,116,128,14848
7443,cr1_0931p_00004.cbf,473,609,234,383,136,149,20264
7444,cr1_0931p_00005.cbf,473,608,231,381,135,150,20250
7445,cr1_0931p_00006.cbf,477,609,235,380,132,145,19140
7446,cr1_0931p_00007.cbf,483,597,242,371,114,129,14706
7447,cr1_0931p_00008.cbf,473,608,233,381,135,148,19980
7448,cr1_0932p_00001.cbf,485,598,242,368,113,126,14238
7449,cr1_0932p_00002.cbf,476,605,231,381,129,150,19350
7450,cr1_0932p_00003.cbf,472,606,233,378,134,145,19430
7451,cr1_0932p_00004.cbf,476,613,234,380,137,146,20002
7452,cr1_0932p_00005.cbf,470,604,231,382,134,151,20234
7453,cr1_0932p_00006.cbf,482,596,242,372,114,130,14820
7454,cr1_0932p_00007.cbf,484,597,241,370,113,129,14577
7455,cr1_0932p_00008.cbf,484,598,241,369,114,128,14592
7456,cr1_0933p_00001.cbf,482,598,241,369,116,128,14848
7457,cr1_0933p_00002.cbf,483,599,241,371,116,130,15080
7458,cr1_0933p_00003.cbf,474,606,229,380,132,151,19932
7459,cr1_0933p_00004.cbf,474,608,235,378,134,143,19162
7460,cr1_0933p_00005.cbf,470,605,232,382,135,150,20250
7461,cr1_0933p_00006.cbf,484,597,242,372,113,130,14690
7462,cr1_0933p_00007.cbf,484,598,240,369,114,129,14706
7463,cr1_0933p_00008.cbf,474,609,229,378,135,149,20115
7464,cr1_0934p_00001.cbf,486,601,239,370,115,131,15065
7465,cr1_0934p_00002.cbf,483,599,241,370,116,129,14964
7466,cr1_0934p_00003.cbf,475,609,235,385,134,150,20100
7467,cr1_0934p_00004.cbf,486,595,241,370,109,129,14061
7468,cr1_0934p_00005.cbf,472,608,234,378,136,144,19584
7469,cr1_0934p_00006.cbf,475,609,233,381,134,148,19832
7470,cr1_0934p_00007.cbf,472,607,236,382,135,146,19710
7471,cr1_0934p_00008.cbf,475,608,234,377,133,143,19019
7472,cr1_0935p_00001.cbf,483,598,241,367,115,126,14490
7473,cr1_0935p_00002.cbf,470,607,231,381,137,150,20550
7474,cr1_0935p_00003.cbf,482,596,242,372,114,130,14820
7475,cr1_0935p_00004.cbf,486,597,242,371,111,129,14319
7476,cr1_0935p_00005.cbf,485,597,242,371,112,129,14448
7477,cr1_0935p_00006.cbf,484,598,241,371,114,130,14820
7478,cr1_0935p_00007.cbf,473,606,232,384,133,152,20216
7479,cr1_0935p_00008.cbf,468,608,233,376,140,143,20020
7480,cr1_0936p_00001.cbf,485,601,240,369,116,129,14964
7481,cr1_0936p_00002.cbf,483,598,243,369,115,126,14490
7482,cr1_0936p_00003.cbf,473,607,236,380,134,144,19296
7483,cr1_0936p_00004.cbf,473,612,233,380,139,147,20433
7484,cr1_0936p_00005.cbf,472,606,234,382,134,148,19832
7485,cr1_0936p_00006.cbf,485,598,242,372,113,130,14690
7486,cr1_0936p_00007.cbf,486,597,242,370,111,128,14208
7487,cr1_0936p_00008.cbf,475,612,232,379,137,147,20139
7488,cr1_0937p_00001.cbf,482,597,240,369,115,129,14835
7489,cr1_0937p_00002.cbf,473,611,235,381,138,146,20148
7490,cr1_0937p_00003.cbf,485,598,241,369,113,128,14464
7491,cr1_0937p_00004.cbf,473,608,232,379,135,147,19845
7492,cr1_0937p_00005.cbf,475,605,233,380,130,147,19110
7493,cr1_0937p_00006.cbf,476,609,229,381,133,152,20216
7494,cr1_0937p_00007.cbf,484,595,242,371,111,129,14319
7495,cr1_0937p_00008.cbf,476,611,233,380,135,147,19845
7496,cr1_0938p_00001.cbf,471,612,233,378,141,145,20445
7497,cr1_0938p_00002.cbf,483,598,242,369,115,127,14605
7498,cr1_0938p_00003.cbf,485,595,240,370,110,130,14300
7499,cr1_0938p_00004.cbf,475,608,235,383,133,148,19684
7500,cr1_0938p_00005.cbf,475,609,229,381,134,152,20368
7501,cr1_0938p_00006.cbf,476,607,231,381,131,150,19650
7502,cr1_0938p_00007.cbf,475,605,232,381,130,149,19370
7503,cr1_0938p_00008.cbf,482,598,242,370,116,128,14848
7504,cr1_0939p_00001.cbf,473,608,232,376,135,144,19440
7505,cr1_0939p_00002.cbf,484,599,241,368,115,127,14605
7506,cr1_0939p_00003.cbf,471,608,232,381,137,149,20413
7507,cr1_0939p_00004.cbf,473,613,235,380,140,145,20300
7508,cr1_0939p_00005.cbf,475,610,231,381,135,150,20250
7509,cr1_0939p_00006.cbf,478,605,233,381,127,148,18796
7510,cr1_0939p_00007.cbf,486,597,242,369,111,127,14097
7511,cr1_0939p_00008.cbf,470,607,235,384,137,149,20413
7512,cr1_0940p_00001.cbf,475,609,229,379,134,150,20100
7513,cr1_0940p_00002.cbf,486,599,240,370,113,130,14690
7514,cr1_0940p_00003.cbf,485,599,242,368,114,126,14364
7515,cr1_0940p_00004.cbf,475,608,233,379,133,146,19418
7516,cr1_0940p_00005.cbf,477,607,230,387,130,157,20410
7517,cr1_0940p_00006.cbf,470,608,235,382,138,147,20286
7518,cr1_0940p_00007.cbf,478,609,233,377,131,144,18864
7519,cr1_0940p_00008.cbf,486,600,240,369,114,129,14706
7520,cr1_0941p_00001.cbf,474,607,230,378,133,148,19684
7521,cr1_0941p_00002.cbf,474,608,234,377,134,143,19162
7522,cr1_0941p_00003.cbf,483,598,242,370,115,128,14720
7523,cr1_0941p_00004.cbf,475,609,232,381,134,149,19966
7524,cr1_0941p_00005.cbf,482,597,241,370,115,129,14835
7525,cr1_0941p_00006.cbf,483,598,239,373,115,134,15410
7526,cr1_0941p_00007.cbf,473,607,233,381,134,148,19832
7527,cr1_0941p_00008.cbf,472,611,228,376,139,148,20572
7528,cr1_0942p_00001.cbf,482,602,240,369,120,129,15480
7529,cr1_0942p_00002.cbf,481,600,239,370,119,131,15589
7530,cr1_0942p_00003.cbf,483,598,240,370,115,130,14950
7531,cr1_0942p_00004.cbf,483,598,240,371,115,131,15065
7532,cr1_0942p_00005.cbf,484,597,240,372,113,132,14916
7533,cr1_0942p_00006.cbf,485,597,241,371,112,130,14560
7534,cr1_0942p_00007.cbf,474,613,233,381,139,148,20572
7535,cr1_0942p_00008.cbf,483,600,240,371,117,131,15327
7536,cr1_0943p_00001.cbf,481,600,238,372,119,134,15946
7537,cr1_0943p_00002.cbf,483,602,240,371,119,131,15589
7538,cr1_0943p_00003.cbf,474,608,232,385,134,153,20502
7539,cr1_0943p_00004.cbf,473,611,233,382,138,149,20562
7540,cr1_0943p_00005.cbf,480,595,239,374,115,135,15525
7541,cr1_0943p_00006.cbf,480,597,240,372,117,132,15444
7542,cr1_0943p_00007.cbf,482,598,238,372,116,134,15544
7543,cr1_0943p_00008.cbf,483,599,240,371,116,131,15196
7544,cr1_0944p_00001.cbf,484,600,237,369,116,132,15312
7545,cr1_0944p_00002.cbf,475,610,231,380,135,149,20115
7546,cr1_0944p_00003.cbf,481,600,239,372,119,133,15827
7547,cr1_0944p_00004.cbf,484,599,240,371,115,131,15065
7548,cr1_0944p_00005.cbf,482,599,240,372,117,132,15444
7549,cr1_0944p_00006.cbf,483,597,241,372,114,131,14934
7550,cr1_0944p_00007.cbf,482,598,239,370,116,131,15196
7551,cr1_0944p_00008.cbf,483,601,240,370,118,130,15340
7552,cr1_0945p_00001.cbf,481,600,239,370,119,131,15589
7553,cr1_0945p_00002.cbf,484,600,239,370,116,131,15196
7554,cr1_0945p_00003.cbf,483,600,238,370,117,132,15444
7555,cr1_0945p_00004.cbf,483,597,241,371,114,130,14820
7556,cr1_0945p_00005.cbf,471,608,232,382,137,150,20550
7557,cr1_0945p_00006.cbf,469,607,233,380,138,147,20286
7558,cr1_0945p_00007.cbf,480,599,240,372,119,132,15708
7559,cr1_0945p_00008.cbf,474,607,229,382,133,153,20349
7560,cr1_0946p_00001.cbf,481,599,237,369,118,132,15576
7561,cr1_0946p_00002.cbf,474,610,230,380,136,150,20400
7562,cr1_0946p_00003.cbf,484,602,239,370,118,131,15458
7563,cr1_0946p_00004.cbf,484,598,241,373,114,132,15048
7564,cr1_0946p_00005.cbf,483,597,242,371,114,129,14706
7565,cr1_0946p_00006.cbf,482,598,239,370,116,131,15196
7566,cr1_0946p_00007.cbf,483,600,241,370,117,129,15093
7567,cr1_0946p_00008.cbf,482,598,239,369,116,130,15080
7568,cr1_0947p_00001.cbf,471,609,231,380,138,149,20562
7569,cr1_0947p_00002.cbf,485,600,241,371,115,130,14950
7570,cr1_0947p_00003.cbf,483,600,241,373,117,132,15444
7571,cr1_0947p_00004.cbf,484,598,239,372,114,133,15162
7572,cr1_0947p_00005.cbf,472,607,231,382,135,151,20385
7573,cr1_0947p_00006.cbf,484,598,239,372,114,133,15162
7574,cr1_0947p_00007.cbf,483,597,240,371,114,131,14934
7575,cr1_0947p_00008.cbf,484,599,239,368,115,129,14835
7576,cr1_0948p_00001.cbf,472,609,231,380,137,149,20413
7577,cr1_0948p_00002.cbf,483,598,239,370,115,131,15065
7578,cr1_0948p_00003.cbf,483,599,240,370,116,130,15080
7579,cr1_0948p_00004.cbf,483,598,241,371,115,130,14950
7580,cr1_0948p_00005.cbf,483,596,239,371,113,132,14916
7581,cr1_0948p_00006.cbf,469,609,234,381,140,147,20580
7582,cr1_0948p_00007.cbf,482,599,239,370,117,131,15327
7583,cr1_0948p_00008.cbf,480,599,239,369,119,130,15470
7584,cr1_0949p_00001.cbf,484,599,239,369,115,130,14950
7585,cr1_0949p_00002.cbf,483,601,240,370,118,130,15340
7586,cr1_0949p_00003.cbf,475,610,232,379,135,147,19845
7587,cr1_0949p_00004.cbf,484,597,241,372,113,131,14803
7588,cr1_0949p_00005.cbf,482,600,239,372,118,133,15694
7589,cr1_0949p_00006.cbf,472,608,232,379,136,147,19992
7590,cr1_0949p_00007.cbf,475,605,228,378,130,150,19500
7591,cr1_0949p_00008.cbf,483,598,240,369,115,129,14835
7592,cr1_0950p_00001.cbf,484,599,240,371,115,131,15065
7593,cr1_0950p_00002.cbf,474,608,231,381,134,150,20100
7594,cr1_0950p_00003.cbf,482,598,240,371,116,131,15196
7595,cr1_0950p_00004.cbf,476,611,231,380,135,149,20115
7596,cr1_0950p_00005.cbf,471,609,233,382,138,149,20562
7597,cr1_0950p_00006.cbf,484,596,240,370,112,130,14560
7598,cr1_0950p_00007.cbf,475,608,230,381,133,151,20083
7599,cr1_0950p_00008.cbf,481,599,237,368,118,131,15458
7600,cr1_0951p_00001.cbf,481,600,240,369,119,129,15351
7601,cr1_0951p_00002.cbf,483,600,240,368,117,128,14976
7602,cr1_0951p_00003.cbf,474,608,231,382,134,151,20234
7603,cr1_0951p_00004.cbf,482,601,239,372,119,133,15827
7604,cr1_0951p_00005.cbf,482,597,241,373,115,132,15180
7605,cr1_0951p_00006.cbf,474,605,231,387,131,156,20436
7606,cr1_0951p_00007.cbf,484,598,238,370,114,132,15048
7607,cr1_0951p_00008.cbf,484,599,240,370,115,130,14950
7608,cr1_0952p_00001.cbf,484,603,239,370,119,131,15589
7609,cr1_0952p_00002.cbf,485,601,240,370,116,130,15080
7610,cr1_0952p_00003.cbf,474,609,234,379,135,145,19575
7611,cr1_0952p_00004.cbf,470,606,233,382,136,149,20264
7612,cr1_0952p_00005.cbf,484,595,237,369,111,132,14652
7613,cr1_0952p_00006.cbf,482,597,241,369,115,128,14720
7614,cr1_0952p_00007.cbf,483,598,241,373,115,132,15180
7615,cr1_0952p_00008.cbf,483,602,238,370,119,132,15708
7616,cr1_0953p_00001.cbf,483,598,239,369,115,130,14950
7617,cr1_0953p_00002.cbf,483,602,240,370,119,130,15470
7618,cr1_0953p_00003.cbf,483,600,239,370,117,131,15327
7619,cr1_0953p_00004.cbf,482,597,241,370,115,129,14835
7620,cr1_0953p_00005.cbf,482,597,240,372,115,132,15180
7621,cr1_0953p_00006.cbf,482,598,241,371,116,130,15080
7622,cr1_0953p_00007.cbf,481,597,239,370,116,131,15196
7623,cr1_0953p_00008.cbf,482,603,240,370,121,130,15730
7624,cr1_0954p_00001.cbf,482,599,241,368,117,127,14859
7625,cr1_0954p_00002.cbf,469,608,233,380,139,147,20433
7626,cr1_0954p_00003.cbf,482,601,239,371,119,132,15708
7627,cr1_0954p_00004.cbf,484,597,241,368,113,127,14351
7628,cr1_0954p_00005.cbf,485,598,241,372,113,131,14803
7629,cr1_0954p_00006.cbf,481,597,237,370,116,133,15428
7630,cr1_0954p_00007.cbf,484,599,239,370,115,131,15065
7631,cr1_0954p_00008.cbf,484,599,240,370,115,130,14950
7632,cr1_0955p_00001.cbf,484,598,239,369,114,130,14820
7633,cr1_0955p_00002.cbf,484,599,239,371,115,132,15180
7634,cr1_0955p_00003.cbf,483,598,240,369,115,129,14835
7635,cr1_0955p_00004.cbf,483,598,240,371,115,131,15065
7636,cr1_0955p_00005.cbf,474,610,233,381,136,148,20128
7637,cr1_0955p_00006.cbf,484,597,241,371,113,130,14690
7638,cr1_0955p_00007.cbf,482,601,240,370,119,130,15470
7639,cr1_0955p_00008.cbf,473,613,232,377,140,145,20300
7640,cr1_0956p_00001.cbf,483,602,240,370,119,130,15470
7641,cr1_0956p_00002.cbf,484,598,241,369,114,128,14592
7642,cr1_0956p_00003.cbf,476,612,232,381,136,149,20264
7643,cr1_0956p_00004.cbf,484,595,239,369,111,130,14430
7644,cr1_0956p_00005.cbf,470,609,232,380,139,148,20572
7645,cr1_0956p_00006.cbf,484,598,240,373,114,133,15162
7646,cr1_0956p_00007.cbf,482,597,240,370,115,130,14950
7647,cr1_0956p_00008.cbf,474,610,229,379,136,150,20400
7648,cr1_0957p_00001.cbf,485,599,239,371,114,132,15048
7649,cr1_0957p_00002.cbf,485,600,240,372,115,132,15180
7650,cr1_0957p_00003.cbf,481,597,239,371,116,132,15312
7651,cr1_0957p_00004.cbf,481,600,240,369,119,129,15351
7652,cr1_0957p_00005.cbf,474,606,231,380,132,149,19668
7653,cr1_0957p_00006.cbf,483,600,239,369,117,130,15210
7654,cr1_0957p_00007.cbf,480,601,239,371,121,132,15972
7655,cr1_0957p_00008.cbf,481,597,239,368,116,129,14964
7656,cr1_0958p_00001.cbf,470,612,231,376,142,145,20590
7657,cr1_0958p_00002.cbf,484,600,237,369,116,132,15312
7658,cr1_0958p_00003.cbf,484,601,240,369,117,129,15093
7659,cr1_0958p_00004.cbf,483,600,238,370,117,132,15444
7660,cr1_0958p_00005.cbf,476,612,229,380,136,151,20536
7661,cr1_0958p_00006.cbf,484,601,239,368,117,129,15093
7662,cr1_0958p_00007.cbf,473,610,230,380,137,150,20550
7663,cr1_0958p_00008.cbf,483,599,239,370,116,131,15196
7664,cr1_0959p_00001.cbf,483,599,238,369,116,131,15196
7665,cr1_0959p_00002.cbf,471,607,230,380,136,150,20400
7666,cr1_0959p_00003.cbf,483,600,240,372,117,132,15444
7667,cr1_0959p_00004.cbf,482,598,240,370,116,130,15080
7668,cr1_0959p_00005.cbf,483,597,239,371,114,132,15048
7669,cr1_0959p_00006.cbf,482,597,240,370,115,130,14950
7670,cr1_0959p_00007.cbf,483,601,239,369,118,130,15340
7671,cr1_0959p_00008.cbf,481,600,240,370,119,130,15470
7672,cr1_0960p_00001.cbf,476,615,231,374,139,143,19877
7673,cr1_0960p_00002.cbf,482,598,240,370,116,130,15080
7674,cr1_0960p_00003.cbf,472,606,231,380,134,149,19966
7675,cr1_0960p_00004.cbf,485,601,240,370,116,130,15080
7676,cr1_0960p_00005.cbf,482,599,241,370,117,129,15093
7677,cr1_0960p_00006.cbf,481,598,240,369,117,129,15093
7678,cr1_0960p_00007.cbf,481,598,239,370,117,131,15327
7679,cr1_0960p_00008.cbf,473,609,232,383,136,151,20536
7680,cr1_0961p_00001.cbf,484,600,240,369,116,129,14964
7681,cr1_0961p_00002.cbf,483,600,239,369,117,130,15210
7682,cr1_0961p_00003.cbf,483,601,239,370,118,131,15458
7683,cr1_0961p_00004.cbf,473,609,231,377,136,146,19856
7684,cr1_0961p_00005.cbf,484,599,240,370,115,130,14950
7685,cr1_0961p_00006.cbf,485,598,240,371,113,131,14803
7686,cr1_0961p_00007.cbf,483,598,239,370,115,131,15065
7687,cr1_0961p_00008.cbf,484,597,239,370,113,131,14803
7688,cr1_0962p_00001.cbf,484,600,240,369,116,129,14964
7689,cr1_0962p_00002.cbf,482,598,240,368,116,128,14848
7690,cr1_0962p_00003.cbf,471,607,231,382,136,151,20536
7691,cr1_0962p_00004.cbf,482,599,240,370,117,130,15210
7692,cr1_0962p_00005.cbf,471,606,232,383,135,151,20385
7693,cr1_0962p_00006.cbf,473,609,232,383,136,151,20536
7694,cr1_0962p_00007.cbf,484,600,240,370,116,130,15080
7695,cr1_0962p_00008.cbf,484,596,241,369,112,128,14336
7696,cr1_0963p_00001.cbf,473,609,232,377,136,145,19720
7697,cr1_0963p_00002.cbf,483,599,239,368,116,129,14964
7698,cr1_0963p_00003.cbf,481,598,241,372,117,131,15327
7699,cr1_0963p_00004.cbf,484,597,240,371,113,131,14803
7700,cr1_0963p_00005.cbf,485,597,240,370,112,130,14560
7701,cr1_0963p_00006.cbf,474,610,229,379,136,150,20400
7702,cr1_0963p_00007.cbf,482,598,240,370,116,130,15080
7703,cr1_0963p_00008.cbf,482,599,240,371,117,131,15327
7704,cr1_0964p_00001.cbf,484,602,239,368,118,129,15222
7705,cr1_0964p_00002.cbf,471,608,231,378,137,147,20139
7706,cr1_0964p_00003.cbf,483,600,240,372,117,132,15444
7707,cr1_0964p_00004.cbf,482,598,239,369,116,130,15080
7708,cr1_0964p_00005.cbf,477,609,228,382,132,154,20328
7709,cr1_0964p_00006.cbf,475,606,227,382,131,155,20305
7710,cr1_0964p_00007.cbf,484,599,237,368,115,131,15065
7711,cr1_0964p_00008.cbf,486,600,239,368,114,129,14706
7712,cr1_0965p_00001.cbf,483,600,240,368,117,128,14976
7713,cr1_0965p_00002.cbf,483,598,239,370,115,131,15065
7714,cr1_0965p_00003.cbf,481,601,239,370,120,131,15720
7715,cr1_0965p_00004.cbf,474,605,230,384,131,154,20174
7716,cr1_0965p_00005.cbf,484,596,240,370,112,130,14560
7717,cr1_0965p_00006.cbf,483,598,240,371,115,131,15065
7718,cr1_0965p_00007.cbf,484,597,239,371,113,132,14916
7719,cr1_0965p_00008.cbf,474,615,232,378,141,146,20586
7720,cr1_0966p_00001.cbf,475,609,233,384,134,151,20234
7721,cr1_0966p_00002.cbf,471,608,230,380,137,150,20550
7722,cr1_0966p_00003.cbf,483,598,240,370,115,130,14950
7723,cr1_0966p_00004.cbf,485,598,239,371,113,132,14916
7724,cr1_0966p_00005.cbf,483,598,240,371,115,131,15065
7725,cr1_0966p_00006.cbf,467,606,233,381,139,148,20572
7726,cr1_0966p_00007.cbf,471,607,229,379,136,150,20400
7727,cr1_0966p_00008.cbf,484,599,240,368,115,128,14720
7728,cr1_0967p_00001.cbf,485,600,240,368,115,128,14720
7729,cr1_0967p_00002.cbf,473,606,229,380,133,151,20083
7730,cr1_0967p_00003.cbf,485,600,239,369,115,130,14950
7731,cr1_0967p_00004.cbf,485,599,240,369,114,129,14706
7732,cr1_0967p_00005.cbf,481,597,241,370,116,129,14964
7733,cr1_0967p_00006.cbf,483,597,239,371,114,132,15048
7734,cr1_0967p_00007.cbf,483,598,240,369,115,129,14835
7735,cr1_0967p_00008.cbf,483,598,240,368,115,128,14720
7736,cr1_0968p_00001.cbf,484,598,240,367,114,127,14478
7737,cr1_0968p_00002.cbf,483,599,238,369,116,131,15196
7738,cr1_0968p_00003.cbf,483,599,241,369,116,128,14848
7739,cr1_0968p_00004.cbf,483,598,240,371,115,131,15065
7740,cr1_0968p_00005.cbf,484,598,240,370,114,130,14820
7741,cr1_0968p_00006.cbf,485,597,240,371,112,131,14672
7742,cr1_0968p_00007.cbf,484,598,240,368,114,128,14592
7743,cr1_0968p_00008.cbf,485,599,240,369,114,129,14706
7744,cr1_0969p_00001.cbf,483,599,238,367,116,129,14964
7745,cr1_0969p_00002.cbf,484,597,240,369,113,129,14577
7746,cr1_0969p_00003.cbf,477,607,232,386,130,154,20020
7747,cr1_0969p_00004.cbf,483,598,241,369,115,128,14720
7748,cr1_0969p_00005.cbf,486,596,239,369,110,130,14300
7749,cr1_0969p_00006.cbf,472,610,233,379,138,146,20148
7750,cr1_0969p_00007.cbf,484,599,240,368,115,128,14720
7751,cr1_0969p_00008.cbf,487,597,241,367,110,126,13860
7752,cr1_0970p_00001.cbf,474,612,231,378,138,147,20286
7753,cr1_0970p_00002.cbf,483,598,240,370,115,130,14950
7754,cr1_0970p_00003.cbf,475,612,230,377,137,147,20139
7755,cr1_0970p_00004.cbf,469,604,233,376,135,143,19305
7756,cr1_0970p_00005.cbf,474,607,234,384,133,150,19950
7757,cr1_0970p_00006.cbf,485,598,240,368,113,128,14464
7758,cr1_0970p_00007.cbf,483,598,241,370,115,129,14835
7759,cr1_0970p_00008.cbf,482,600,239,369,118,130,15340
7760,cr1_0971p_00001.cbf,475,609,226,378,134,152,20368
7761,cr1_0971p_00002.cbf,476,607,234,384,131,150,19650
7762,cr1_0971p_00003.cbf,473,607,231,382,134,151,20234
7763,cr1_0971p_00004.cbf,485,601,239,370,116,131,15196
7764,cr1_0971p_00005.cbf,483,596,241,374,113,133,15029
7765,cr1_0971p_00006.cbf,484,597,239,370,113,131,14803
7766,cr1_0971p_00007.cbf,482,600,240,369,118,129,15222
7767,cr1_0971p_00008.cbf,485,601,240,368,116,128,14848
7768,cr1_0972p_00001.cbf,484,599,237,368,115,131,15065
7769,cr1_0972p_00002.cbf,473,609,233,384,136,151,20536
7770,cr1_0972p_00003.cbf,473,609,233,384,136,151,20536
7771,cr1_0972p_00004.cbf,475,607,233,387,132,154,20328
7772,cr1_0972p_00005.cbf,470,609,235,382,139,147,20433
7773,cr1_0972p_00006.cbf,482,598,240,369,116,129,14964
7774,cr1_0972p_00007.cbf,484,599,239,369,115,130,14950
7775,cr1_0972p_00008.cbf,475,608,231,377,133,146,19418
7776,cr1_0973p_00001.cbf,484,599,239,371,115,132,15180
7777,cr1_0973p_00002.cbf,484,600,242,367,116,125,14500
7778,cr1_0973p_00003.cbf,473,612,231,377,139,146,20294
7779,cr1_0973p_00004.cbf,485,598,239,370,113,131,14803
7780,cr1_0973p_00005.cbf,485,595,240,369,110,129,14190
7781,cr1_0973p_00006.cbf,484,597,239,369,113,130,14690
7782,cr1_0973p_00007.cbf,484,597,239,368,113,129,14577
7783,cr1_0973p_00008.cbf,473,609,230,375,136,145,19720
7784,cr1_0974p_00001.cbf,476,607,231,385,131,154,20174
7785,cr1_0974p_00002.cbf,481,598,241,368,117,127,14859
7786,cr1_0974p_00003.cbf,475,609,235,384,134,149,19966
7787,cr1_0974p_00004.cbf,473,606,231,380,133,149,19817
7788,cr1_0974p_00005.cbf,486,597,239,370,111,131,14541
7789,cr1_0974p_00006.cbf,483,597,239,369,114,130,14820
7790,cr1_0974p_00007.cbf,481,599,240,370,118,130,15340
7791,cr1_0974p_00008.cbf,484,600,238,369,116,131,15196
7792,cr1_0975p_00001.cbf,483,604,238,370,121,132,15972
7793,cr1_0975p_00002.cbf,473,612,232,380,139,148,20572
7794,cr1_0975p_00003.cbf,482,603,240,370,121,130,15730
7795,cr1_0975p_00004.cbf,483,598,238,371,115,133,15295
7796,cr1_0975p_00005.cbf,482,600,239,373,118,134,15812
7797,cr1_0975p_00006.cbf,481,598,237,370,117,133,15561
7798,cr1_0975p_00007.cbf,483,598,238,370,115,132,15180
7799,cr1_0975p_00008.cbf,481,601,236,370,120,134,16080
7800,cr1_0976p_00001.cbf,479,602,239,370,123,131,16113
7801,cr1_0976p_00002.cbf,483,600,239,371,117,132,15444
7802,cr1_0976p_00003.cbf,482,600,239,370,118,131,15458
7803,cr1_0976p_00004.cbf,481,600,239,372,119,133,15827
7804,cr1_0976p_00005.cbf,481,598,239,372,117,133,15561
7805,cr1_0976p_00006.cbf,481,600,239,373,119,134,15946
7806,cr1_0976p_00007.cbf,482,600,239,370,118,131,15458
7807,cr1_0976p_00008.cbf,483,602,237,368,119,131,15589
7808,cr1_0977p_00001.cbf,481,600,239,369,119,130,15470
7809,cr1_0977p_00002.cbf,482,598,239,371,116,132,15312
7810,cr1_0977p_00003.cbf,483,600,240,369,117,129,15093
7811,cr1_0977p_00004.cbf,482,602,239,372,120,133,15960
7812,cr1_0977p_00005.cbf,483,597,236,370,114,134,15276
7813,cr1_0977p_00006.cbf,483,600,240,370,117,130,15210
7814,cr1_0977p_00007.cbf,484,599,238,371,115,133,15295
7815,cr1_0977p_00008.cbf,482,600,239,369,118,130,15340
7816,cr1_0978p_00001.cbf,482,599,237,369,117,132,15444
7817,cr1_0978p_00002.cbf,483,598,238,371,115,133,15295
7818,cr1_0978p_00003.cbf,482,598,237,372,116,135,15660
7819,cr1_0978p_00004.cbf,482,602,239,369,120,130,15600
7820,cr1_0978p_00005.cbf,482,600,236,371,118,135,15930
7821,cr1_0978p_00006.cbf,484,604,239,368,120,129,15480
7822,cr1_0978p_00007.cbf,484,599,239,370,115,131,15065
7823,cr1_0978p_00008.cbf,483,599,239,368,116,129,14964
7824,cr1_0979p_00001.cbf,485,599,238,369,114,131,14934
7825,cr1_0979p_00002.cbf,483,597,238,371,114,133,15162
7826,cr1_0979p_00003.cbf,481,601,239,372,120,133,15960
7827,cr1_0979p_00004.cbf,484,601,240,370,117,130,15210
7828,cr1_0979p_00005.cbf,481,599,239,373,118,134,15812
7829,cr1_0979p_00006.cbf,485,600,237,369,115,132,15180
7830,cr1_0979p_00007.cbf,480,598,238,370,118,132,15576
7831,cr1_0979p_00008.cbf,481,600,238,370,119,132,15708
7832,cr1_0980p_00001.cbf,481,602,238,369,121,131,15851
7833,cr1_0980p_00002.cbf,481,601,239,370,120,131,15720
7834,cr1_0980p_00003.cbf,483,601,240,369,118,129,15222
7835,cr1_0980p_00004.cbf,483,600,238,372,117,134,15678
7836,cr1_0980p_00005.cbf,482,597,239,369,115,130,14950
7837,cr1_0980p_00006.cbf,479,600,236,372,121,136,16456
7838,cr1_0980p_00007.cbf,483,600,238,368,117,130,15210
7839,cr1_0980p_00008.cbf,484,603,236,370,119,134,15946
7840,cr1_0981p_00001.cbf,483,598,237,371,115,134,15410
7841,cr1_0981p_00002.cbf,481,600,238,371,119,133,15827
7842,cr1_0981p_00003.cbf,482,599,238,369,117,131,15327
7843,cr1_0981p_00004.cbf,481,598,240,370,117,130,15210
7844,cr1_0981p_00005.cbf,484,597,240,369,113,129,14577
7845,cr1_0981p_00006.cbf,484,598,239,370,114,131,14934
7846,cr1_0981p_00007.cbf,483,600,237,369,117,132,15444
7847,cr1_0981p_00008.cbf,482,599,238,369,117,131,15327
7848,cr1_0982p_00001.cbf,482,600,238,369,118,131,15458
7849,cr1_0982p_00002.cbf,481,600,239,371,119,132,15708
7850,cr1_0982p_00003.cbf,484,599,239,368,115,129,14835
7851,cr1_0982p_00004.cbf,483,600,239,372,117,133,15561
7852,cr1_0982p_00005.cbf,483,599,239,370,116,131,15196
7853,cr1_0982p_00006.cbf,482,599,240,370,117,130,15210
7854,cr1_0982p_00007.cbf,485,599,237,369,114,132,15048
7855,cr1_0982p_00008.cbf,472,609,230,378,137,148,20276
7856,cr1_0983p_00001.cbf,482,600,239,369,118,130,15340
7857,cr1_0983p_00002.cbf,484,602,238,371,118,133,15694
7858,cr1_0983p_00003.cbf,472,611,233,379,139,146,20294
7859,cr1_0983p_00004.cbf,482,599,240,371,117,131,15327
7860,cr1_0983p_00005.cbf,483,599,239,371,116,132,15312
7861,cr1_0983p_00006.cbf,481,596,240,370,115,130,14950
7862,cr1_0983p_00007.cbf,481,598,239,371,117,132,15444
7863,cr1_0983p_00008.cbf,485,602,238,370,117,132,15444
7864,cr1_0984p_00001.cbf,483,602,238,370,119,132,15708
7865,cr1_0984p_00002.cbf,484,600,238,371,116,133,15428
7866,cr1_0984p_00003.cbf,481,602,239,368,121,129,15609
7867,cr1_0984p_00004.cbf,482,598,240,371,116,131,15196
7868,cr1_0984p_00005.cbf,485,600,237,370,115,133,15295
7869,cr1_0984p_00006.cbf,483,597,240,369,114,129,14706
7870,cr1_0984p_00007.cbf,484,598,238,368,114,130,14820
7871,cr1_0984p_00008.cbf,484,601,239,369,117,130,15210
7872,cr1_0985p_00001.cbf,485,599,239,369,114,130,14820
7873,cr1_0985p_00002.cbf,484,599,238,372,115,134,15410
7874,cr1_0985p_00003.cbf,484,599,238,370,115,132,15180
7875,cr1_0985p_00004.cbf,482,599,239,370,117,131,15327
7876,cr1_0985p_00005.cbf,484,596,238,369,112,131,14672
7877,cr1_0985p_00006.cbf,482,597,236,370,115,134,15410
7878,cr1_0985p_00007.cbf,483,597,236,369,114,133,15162
7879,cr1_0985p_00008.cbf,481,602,241,370,121,129,15609
7880,cr1_0986p_00001.cbf,483,599,238,370,116,132,15312
7881,cr1_0986p_00002.cbf,484,599,237,371,115,134,15410
7882,cr1_0986p_00003.cbf,480,600,239,369,120,130,15600
7883,cr1_0986p_00004.cbf,482,600,239,371,118,132,15576
7884,cr1_0986p_00005.cbf,483,599,240,370,116,130,15080
7885,cr1_0986p_00006.cbf,484,597,239,369,113,130,14690
7886,cr1_0986p_00007.cbf,484,600,239,370,116,131,15196
7887,cr1_0986p_00008.cbf,482,600,239,369,118,130,15340
7888,cr1_0987p_00001.cbf,484,602,239,370,118,131,15458
7889,cr1_0987p_00002.cbf,482,600,240,373,118,133,15694
7890,cr1_0987p_00003.cbf,482,599,240,370,117,130,15210
7891,cr1_0987p_00004.cbf,484,598,238,370,114,132,15048
7892,cr1_0987p_00005.cbf,471,606,230,381,135,151,20385
7893,cr1_0987p_00006.cbf,483,598,240,369,115,129,14835
7894,cr1_0987p_00007.cbf,484,600,239,370,116,131,15196
7895,cr1_0987p_00008.cbf,483,599,238,369,116,131,15196
7896,cr1_0988p_00001.cbf,484,599,240,372,115,132,15180
7897,cr1_0988p_00002.cbf,482,598,237,369,116,132,15312
7898,cr1_0988p_00003.cbf,481,600,240,372,119,132,15708
7899,cr1_0988p_00004.cbf,481,598,239,369,117,130,15210
7900,cr1_0988p_00005.cbf,483,598,239,372,115,133,15295
7901,cr1_0988p_00006.cbf,483,597,239,371,114,132,15048
7902,cr1_0988p_00007.cbf,484,599,239,368,115,129,14835
7903,cr1_0988p_00008.cbf,480,600,239,370,120,131,15720
7904,cr1_0989p_00001.cbf,482,599,239,370,117,131,15327
7905,cr1_0989p_00002.cbf,471,607,230,378,136,148,20128
7906,cr1_0989p_00003.cbf,476,609,229,380,133,151,20083
7907,cr1_0989p_00004.cbf,484,599,240,370,115,130,14950
7908,cr1_0989p_00005.cbf,481,598,239,371,117,132,15444
7909,cr1_0989p_00006.cbf,483,596,239,368,113,129,14577
7910,cr1_0989p_00007.cbf,483,599,238,370,116,132,15312
7911,cr1_0989p_00008.cbf,481,599,237,369,118,132,15576
7912,cr1_0990p_00001.cbf,483,601,238,370,118,132,15576
7913,cr1_0990p_00002.cbf,484,601,240,371,117,131,15327
7914,cr1_0990p_00003.cbf,481,601,240,370,120,130,15600
7915,cr1_0990p_00004.cbf,482,598,240,370,116,130,15080
7916,cr1_0990p_00005.cbf,483,600,239,371,117,132,15444
7917,cr1_0990p_00006.cbf,484,601,238,370,117,132,15444
7918,cr1_0990p_00007.cbf,482,598,239,370,116,131,15196
7919,cr1_0990p_00008.cbf,482,600,237,368,118,131,15458
7920,cr1_0991p_00001.cbf,483,599,239,370,116,131,15196
7921,cr1_0991p_00002.cbf,484,597,240,370,113,130,14690
7922,cr1_0991p_00003.cbf,484,598,238,369,114,131,14934
7923,cr1_0991p_00004.cbf,482,598,240,370,116,130,15080
7924,cr1_0991p_00005.cbf,483,599,239,371,116,132,15312
7925,cr1_0991p_00006.cbf,483,598,241,370,115,129,14835
7926,cr1_0991p_00007.cbf,484,598,238,368,114,130,14820
7927,cr1_0991p_00008.cbf,481,601,241,369,120,128,15360
7928,cr1_0992p_00001.cbf,471,611,232,378,140,146,20440
7929,cr1_0992p_00002.cbf,481,599,240,370,118,130,15340
7930,cr1_0992p_00003.cbf,483,598,238,371,115,133,15295
7931,cr1_0992p_00004.cbf,483,599,239,369,116,130,15080
7932,cr1_0992p_00005.cbf,481,600,237,370,119,133,15827
7933,cr1_0992p_00006.cbf,484,597,239,371,113,132,14916
7934,cr1_0992p_00007.cbf,484,602,240,370,118,130,15340
7935,cr1_0992p_00008.cbf,484,599,238,368,115,130,14950
7936,cr1_0993p_00001.cbf,484,599,239,369,115,130,14950
7937,cr1_0993p_00002.cbf,484,600,241,369,116,128,14848
7938,cr1_0993p_00003.cbf,484,599,240,369,115,129,14835
7939,cr1_0993p_00004.cbf,471,607,227,377,136,150,20400
7940,cr1_0993p_00005.cbf,483,597,238,372,114,134,15276
7941,cr1_0993p_00006.cbf,482,598,239,370,116,131,15196
7942,cr1_0993p_00007.cbf,483,599,239,371,116,132,15312
7943,cr1_0993p_00008.cbf,483,601,240,371,118,131,15458
7944,cr1_0994p_00001.cbf,483,600,238,369,117,131,15327
7945,cr1_0994p_00002.cbf,482,600,240,369,118,129,15222
7946,cr1_0994p_00003.cbf,474,609,229,381,135,152,20520
7947,cr1_0994p_00004.cbf,484,596,237,371,112,134,15008
7948,cr1_0994p_00005.cbf,482,600,240,369,118,129,15222
7949,cr1_0994p_00006.cbf,484,600,240,372,116,132,15312
7950,cr1_0994p_00007.cbf,484,599,239,367,115,128,14720
7951,cr1_0994p_00008.cbf,475,608,231,380,133,149,19817
7952,cr1_0995p_00001.cbf,484,599,239,370,115,131,15065
7953,cr1_0995p_00002.cbf,482,601,238,368,119,130,15470
7954,cr1_0995p_00003.cbf,477,608,231,380,131,149,19519
7955,cr1_0995p_00004.cbf,486,600,239,372,114,133,15162
7956,cr1_0995p_00005.cbf,474,610,229,379,136,150,20400
7957,cr1_0995p_00006.cbf,483,599,239,370,116,131,15196
7958,cr1_0995p_00007.cbf,483,598,240,368,115,128,14720
7959,cr1_0995p_00008.cbf,484,602,240,369,118,129,15222
7960,cr1_0996p_00001.cbf,484,601,238,368,117,130,15210
7961,cr1_0996p_00002.cbf,482,600,240,368,118,128,15104
7962,cr1_0996p_00003.cbf,473,608,230,382,135,152,20520
7963,cr1_0996p_00004.cbf,482,599,240,370,117,130,15210
7964,cr1_0996p_00005.cbf,471,607,230,381,136,151,20536
7965,cr1_0996p_00006.cbf,484,598,238,368,114,130,14820
7966,cr1_0996p_00007.cbf,473,610,229,379,137,150,20550
7967,cr1_0996p_00008.cbf,471,611,229,376,140,147,20580
7968,cr1_0997p_00001.cbf,483,599,240,370,116,130,15080
7969,cr1_0997p_00002.cbf,484,599,240,371,115,131,15065
7970,cr1_0997p_00003.cbf,482,599,241,370,117,129,15093
7971,cr1_0997p_00004.cbf,486,597,241,369,111,128,14208
7972,cr1_0997p_00005.cbf,484,597,238,371,113,133,15029
7973,cr1_0997p_00006.cbf,483,598,237,368,115,131,15065
7974,cr1_0997p_00007.cbf,487,597,239,369,110,130,14300
7975,cr1_0997p_00008.cbf,474,611,233,380,137,147,20139
7976,cr1_0998p_00001.cbf,483,601,240,371,118,131,15458
7977,cr1_0998p_00002.cbf,474,610,231,376,136,145,19720
7978,cr1_0998p_00003.cbf,483,598,241,371,115,130,14950
7979,cr1_0998p_00004.cbf,484,597,238,369,113,131,14803
7980,cr1_0998p_00005.cbf,475,612,231,376,137,145,19865
7981,cr1_0998p_00006.cbf,482,600,239,368,118,129,15222
7982,cr1_0998p_00007.cbf,482,598,240,370,116,130,15080
7983,cr1_0998p_00008.cbf,483,599,240,369,116,129,14964
7984,cr1_0999p_00001.cbf,484,597,240,369,113,129,14577
7985,cr1_0999p_00002.cbf,484,600,242,368,116,126,14616
7986,cr1_0999p_00003.cbf,484,599,239,368,115,129,14835
7987,cr1_0999p_00004.cbf,471,609,231,379,138,148,20424
7988,cr1_0999p_00005.cbf,473,609,231,380,136,149,20264
7989,cr1_0999p_00006.cbf,473,607,230,382,134,152,20368
7990,cr1_0999p_00007.cbf,482,599,239,370,117,131,15327
7991,cr1_0999p_00008.cbf,475,610,229,375,135,146,19710
7992,cr1_1000p_00001.cbf,475,607,230,384,132,154,20328
7993,cr1_1000p_00002.cbf,482,599,239,368,117,129,15093
7994,cr1_1000p_00003.cbf,474,611,231,379,137,148,20276
7995,cr1_1000p_00004.cbf,483,599,238,369,116,131,15196
7996,cr1_1000p_00005.cbf,483,597,240,369,114,129,14706
7997,cr1_1000p_00006.cbf,475,609,229,382,134,153,20502
7998,cr1_1000p_00007.cbf,486,599,240,372,113,132,14916
7999,cr1_1000p_00008.cbf,484,597,240,370,113,130,14690
8000,cr1_1001p_00001.cbf,482,600,241,369,118,128,15104
8001,cr1_1001p_00002.cbf,483,598,240,371,115,131,15065
8002,cr1_1001p_00003.cbf,482,596,240,369,114,129,14706
8003,cr1_1001p_00004.cbf,486,599,240,370,113,130,14690
8004,cr1_1001p_00005.cbf,486,596,240,370,110,130,14300
8005,cr1_1001p_00006.cbf,484,600,239,368,116,129,14964
8006,cr1_1001p_00007.cbf,484,598,239,369,114,130,14820
8007,cr1_1001p_00008.cbf,473,610,233,381,137,148,20276
8008,cr1_1002p_00001.cbf,469,607,228,377,138,149,20562
8009,cr1_1002p_00002.cbf,483,598,238,370,115,132,15180
8010,cr1_1002p_00003.cbf,484,599,238,370,115,132,15180
8011,cr1_1002p_00004.cbf,483,598,238,368,115,130,14950
8012,cr1_1002p_00005.cbf,483,596,240,368,113,128,14464
8013,cr1_1002p_00006.cbf,484,597,239,367,113,128,14464
8014,cr1_1002p_00007.cbf,475,612,230,378,137,148,20276
8015,cr1_1002p_00008.cbf,476,614,231,378,138,147,20286
8016,cr1_1003p_00001.cbf,482,597,240,368,115,128,14720
8017,cr1_1003p_00002.cbf,473,612,232,380,139,148,20572
8018,cr1_1003p_00003.cbf,483,598,241,369,115,128,14720
8019,cr1_1003p_00004.cbf,475,606,230,377,131,147,19257
8020,cr1_1003p_00005.cbf,484,597,239,370,113,131,14803
8021,cr1_1003p_00006.cbf,475,613,232,377,138,145,20010
8022,cr1_1003p_00007.cbf,482,598,238,367,116,129,14964
8023,cr1_1003p_00008.cbf,473,606,229,379,133,150,19950
8024,cr1_1004p_00001.cbf,483,597,239,371,114,132,15048
8025,cr1_1004p_00002.cbf,475,609,233,379,134,146,19564
8026,cr1_1004p_00003.cbf,481,597,239,369,116,130,15080
8027,cr1_1004p_00004.cbf,476,607,230,385,131,155,20305
8028,cr1_1004p_00005.cbf,484,598,237,368,114,131,14934
8029,cr1_1004p_00006.cbf,468,607,230,378,139,148,20572
8030,cr1_1004p_00007.cbf,485,597,238,370,112,132,14784
8031,cr1_1004p_00008.cbf,485,599,239,369,114,130,14820
8032,cr1_1005p_00001.cbf,473,611,228,374,138,146,20148
8033,cr1_1005p_00002.cbf,485,600,241,369,115,128,14720
8034,cr1_1005p_00003.cbf,472,608,231,376,136,145,19720
8035,cr1_1005p_00004.cbf,475,606,230,380,131,150,19650
8036,cr1_1005p_00005.cbf,475,606,229,379,131,150,19650
8037,cr1_1005p_00006.cbf,484,598,240,370,114,130,14820
8038,cr1_1005p_00007.cbf,474,607,232,378,133,146,19418
8039,cr1_1005p_00008.cbf,483,601,238,369,118,131,15458
8040,cr1_1006p_00001.cbf,478,606,227,376,128,149,19072
8041,cr1_1006p_00002.cbf,473,607,232,380,134,148,19832
8042,cr1_1006p_00003.cbf,485,598,240,370,113,130,14690
8043,cr1_1006p_00004.cbf,477,605,227,378,128,151,19328
8044,cr1_1006p_00005.cbf,482,597,237,368,115,131,15065
8045,cr1_1006p_00006.cbf,483,597,241,369,114,128,14592
8046,cr1_1006p_00007.cbf,485,600,239,369,115,130,14950
8047,cr1_1006p_00008.cbf,475,611,228,378,136,150,20400
8048,cr1_1007p_00001.cbf,472,606,229,378,134,149,19966
8049,cr1_1007p_00002.cbf,475,609,234,378,134,144,19296
8050,cr1_1007p_00003.cbf,484,599,239,372,115,133,15295
8051,cr1_1007p_00004.cbf,486,597,239,369,111,130,14430
8052,cr1_1007p_00005.cbf,485,597,241,368,112,127,14224
8053,cr1_1007p_00006.cbf,483,596,241,370,113,129,14577
8054,cr1_1007p_00007.cbf,483,597,241,369,114,128,14592
8055,cr1_1007p_00008.cbf,482,598,240,371,116,131,15196
8056,cr1_1008p_00001.cbf,484,600,239,371,116,132,15312
8057,cr1_1008p_00002.cbf,471,607,230,380,136,150,20400
8058,cr1_1008p_00003.cbf,481,598,238,369,117,131,15327
8059,cr1_1008p_00004.cbf,482,598,240,373,116,133,15428
8060,cr1_1008p_00005.cbf,482,597,237,374,115,137,15755
8061,cr1_1008p_00006.cbf,485,599,237,371,114,134,15276
8062,cr1_1008p_00007.cbf,481,600,240,371,119,131,15589
8063,cr1_1008p_00008.cbf,482,600,238,372,118,134,15812
8064,cr1_1009p_00001.cbf,481,603,239,370,122,131,15982
8065,cr1_1009p_00002.cbf,484,599,240,369,115,129,14835
8066,cr1_1009p_00003.cbf,482,598,239,373,116,134,15544
8067,cr1_1009p_00004.cbf,483,601,239,371,118,132,15576
8068,cr1_1009p_00005.cbf,483,597,237,370,114,133,15162
8069,cr1_1009p_00006.cbf,482,599,237,370,117,133,15561
8070,cr1_1009p_00007.cbf,485,601,238,369,116,131,15196
8071,cr1_1009p_00008.cbf,480,598,239,370,118,131,15458
8072,cr1_1010p_00001.cbf,482,600,238,368,118,130,15340
8073,cr1_1010p_00002.cbf,475,609,232,383,134,151,20234
8074,cr1_1010p_00003.cbf,482,601,239,371,119,132,15708
8075,cr1_1010p_00004.cbf,483,599,238,372,116,134,15544
8076,cr1_1010p_00005.cbf,482,598,238,370,116,132,15312
8077,cr1_1010p_00006.cbf,484,599,237,371,115,134,15410
8078,cr1_1010p_00007.cbf,481,599,236,370,118,134,15812
8079,cr1_1010p_00008.cbf,482,599,237,369,117,132,15444
8080,cr1_1011p_00001.cbf,481,597,239,370,116,131,15196
8081,cr1_1011p_00002.cbf,480,601,239,370,121,131,15851
8082,cr1_1011p_00003.cbf,484,597,238,370,113,132,14916
8083,cr1_1011p_00004.cbf,482,601,239,371,119,132,15708
8084,cr1_1011p_00005.cbf,482,598,238,369,116,131,15196
8085,cr1_1011p_00006.cbf,482,598,237,370,116,133,15428
8086,cr1_1011p_00007.cbf,480,598,237,370,118,133,15694
8087,cr1_1011p_00008.cbf,481,599,238,369,118,131,15458
8088,cr1_1012p_00001.cbf,484,600,239,370,116,131,15196
8089,cr1_1012p_00002.cbf,481,600,239,371,119,132,15708
8090,cr1_1012p_00003.cbf,481,598,239,369,117,130,15210
8091,cr1_1012p_00004.cbf,483,600,236,371,117,135,15795
8092,cr1_1012p_00005.cbf,484,598,237,372,114,135,15390
8093,cr1_1012p_00006.cbf,482,597,238,369,115,131,15065
8094,cr1_1012p_00007.cbf,481,597,239,369,116,130,15080
8095,cr1_1012p_00008.cbf,481,601,237,372,120,135,16200
8096,cr1_1013p_00001.cbf,481,599,240,370,118,130,15340
8097,cr1_1013p_00002.cbf,479,598,239,371,119,132,15708
8098,cr1_1013p_00003.cbf,481,600,239,370,119,131,15589
8099,cr1_1013p_00004.cbf,482,600,237,372,118,135,15930
8100,cr1_1013p_00005.cbf,473,608,231,382,135,151,20385
8101,cr1_1013p_00006.cbf,483,598,238,368,115,130,14950
8102,cr1_1013p_00007.cbf,475,609,231,384,134,153,20502
8103,cr1_1013p_00008.cbf,483,600,239,371,117,132,15444
8104,cr1_1014p_00001.cbf,484,603,238,370,119,132,15708
8105,cr1_1014p_00002.cbf,484,598,239,371,114,132,15048
8106,cr1_1014p_00003.cbf,481,598,241,371,117,130,15210
8107,cr1_1014p_00004.cbf,482,599,241,372,117,131,15327
8108,cr1_1014p_00005.cbf,485,602,238,370,117,132,15444
8109,cr1_1014p_00006.cbf,484,599,239,372,115,133,15295
8110,cr1_1014p_00007.cbf,481,599,236,369,118,133,15694
8111,cr1_1014p_00008.cbf,481,599,241,371,118,130,15340
8112,cr1_1015p_00001.cbf,482,599,240,372,117,132,15444
8113,cr1_1015p_00002.cbf,482,600,240,372,118,132,15576
8114,cr1_1015p_00003.cbf,480,600,239,372,120,133,15960
8115,cr1_1015p_00004.cbf,481,599,238,372,118,134,15812
8116,cr1_1015p_00005.cbf,483,599,235,370,116,135,15660
8117,cr1_1015p_00006.cbf,484,598,238,372,114,134,15276
8118,cr1_1015p_00007.cbf,483,600,237,370,117,133,15561
8119,cr1_1015p_00008.cbf,483,600,239,371,117,132,15444
8120,cr1_1016p_00001.cbf,484,600,237,370,116,133,15428
8121,cr1_1016p_00002.cbf,481,599,239,369,118,130,15340
8122,cr1_1016p_00003.cbf,482,598,239,373,116,134,15544
8123,cr1_1016p_00004.cbf,483,599,239,370,116,131,15196
8124,cr1_1016p_00005.cbf,484,597,235,370,113,135,15255
8125,cr1_1016p_00006.cbf,484,597,237,371,113,134,15142
8126,cr1_1016p_00007.cbf,484,600,239,369,116,130,15080
8127,cr1_1016p_00008.cbf,482,602,238,371,120,133,15960
8128,cr1_1017p_00001.cbf,482,602,239,370,120,131,15720
8129,cr1_1017p_00002.cbf,481,599,238,369,118,131,15458
8130,cr1_1017p_00003.cbf,483,602,240,372,119,132,15708
8131,cr1_1017p_00004.cbf,482,599,238,371,117,133,15561
8132,cr1_1017p_00005.cbf,483,599,239,370,116,131,15196
8133,cr1_1017p_00006.cbf,484,600,239,371,116,132,15312
8134,cr1_1017p_00007.cbf,482,600,237,370,118,133,15694
8135,cr1_1017p_00008.cbf,484,600,239,372,116,133,15428
8136,cr1_1018p_00001.cbf,483,601,239,368,118,129,15222
8137,cr1_1018p_00002.cbf,474,612,229,378,138,149,20562
8138,cr1_1018p_00003.cbf,481,600,236,370,119,134,15946
8139,cr1_1018p_00004.cbf,483,601,238,368,118,130,15340
8140,cr1_1018p_00005.cbf,481,597,239,369,116,130,15080
8141,cr1_1018p_00006.cbf,483,597,237,369,114,132,15048
8142,cr1_1018p_00007.cbf,485,600,240,370,115,130,14950
8143,cr1_1018p_00008.cbf,483,600,237,369,117,132,15444
8144,cr1_1019p_00001.cbf,483,599,239,370,116,131,15196
8145,cr1_1019p_00002.cbf,484,599,239,370,115,131,15065
8146,cr1_1019p_00003.cbf,483,601,240,371,118,131,15458
8147,cr1_1019p_00004.cbf,481,599,239,368,118,129,15222
8148,cr1_1019p_00005.cbf,484,595,238,369,111,131,14541
8149,cr1_1019p_00006.cbf,483,598,239,369,115,130,14950
8150,cr1_1019p_00007.cbf,484,596,239,369,112,130,14560
8151,cr1_1019p_00008.cbf,481,599,238,369,118,131,15458
8152,cr1_1020p_00001.cbf,484,600,239,372,116,133,15428
8153,cr1_1020p_00002.cbf,484,597,238,369,113,131,14803
8154,cr1_1020p_00003.cbf,482,599,241,371,117,130,15210
8155,cr1_1020p_00004.cbf,483,598,240,371,115,131,15065
8156,cr1_1020p_00005.cbf,482,596,239,372,114,133,15162
8157,cr1_1020p_00006.cbf,483,599,239,371,116,132,15312
8158,cr1_1020p_00007.cbf,484,601,240,368,117,128,14976
8159,cr1_1020p_00008.cbf,482,600,239,368,118,129,15222
8160,cr1_1021p_00001.cbf,485,598,239,370,113,131,14803
8161,cr1_1021p_00002.cbf,482,603,239,369,121,130,15730
8162,cr1_1021p_00003.cbf,484,599,240,374,115,134,15410
8163,cr1_1021p_00004.cbf,484,598,239,370,114,131,14934
8164,cr1_1021p_00005.cbf,482,599,239,368,117,129,15093
8165,cr1_1021p_00006.cbf,471,604,228,380,133,152,20216
8166,cr1_1021p_00007.cbf,481,599,240,369,118,129,15222
8167,cr1_1021p_00008.cbf,483,601,239,369,118,130,15340
8168,cr1_1022p_00001.cbf,485,601,239,370,116,131,15196
8169,cr1_1022p_00002.cbf,483,600,239,370,117,131,15327
8170,cr1_1022p_00003.cbf,482,597,238,371,115,133,15295
8171,cr1_1022p_00004.cbf,472,609,233,382,137,149,20413
8172,cr1_1022p_00005.cbf,472,608,232,381,136,149,20264
8173,cr1_1022p_00006.cbf,481,598,239,371,117,132,15444
8174,cr1_1022p_00007.cbf,483,598,239,370,115,131,15065
8175,cr1_1022p_00008.cbf,481,602,239,369,121,130,15730
8176,cr1_1023p_00001.cbf,482,599,239,369,117,130,15210
8177,cr1_1023p_00002.cbf,481,599,235,370,118,135,15930
8178,cr1_1023p_00003.cbf,483,598,238,371,115,133,15295
8179,cr1_1023p_00004.cbf,484,598,239,370,114,131,14934
8180,cr1_1023p_00005.cbf,483,598,237,372,115,135,15525
8181,cr1_1023p_00006.cbf,482,596,238,369,114,131,14934
8182,cr1_1023p_00007.cbf,483,597,239,370,114,131,14934
8183,cr1_1023p_00008.cbf,482,600,239,369,118,130,15340
8184,cr1_1024p_00001.cbf,473,609,229,378,136,149,20264
8185,cr1_1024p_00002.cbf,482,600,239,371,118,132,15576
8186,cr1_1024p_00003.cbf,481,597,240,372,116,132,15312
8187,cr1_1024p_00004.cbf,482,598,239,371,116,132,15312
8188,cr1_1024p_00005.cbf,482,595,239,371,113,132,14916
8189,cr1_1024p_00006.cbf,482,598,239,369,116,130,15080
8190,cr1_1024p_00007.cbf,482,598,238,371,116,133,15428
8191,cr1_1024p_00008.cbf,482,600,240,369,118,129,15222
8192,cr1_1025p_00001.cbf,482,600,239,371,118,132,15576
8193,cr1_1025p_00002.cbf,482,597,235,369,115,134,15410
8194,cr1_1025p_00003.cbf,483,598,240,369,115,129,14835
8195,cr1_1025p_00004.cbf,483,598,238,369,115,131,15065
8196,cr1_1025p_00005.cbf,485,596,237,371,111,134,14874
8197,cr1_1025p_00006.cbf,484,601,239,370,117,131,15327
8198,cr1_1025p_00007.cbf,484,597,237,371,113,134,15142
8199,cr1_1025p_00008.cbf,483,601,238,368,118,130,15340
8200,cr1_1026p_00001.cbf,485,599,236,370,114,134,15276
8201,cr1_1026p_00002.cbf,483,601,239,371,118,132,15576
8202,cr1_1026p_00003.cbf,482,600,238,370,118,132,15576
8203,cr1_1026p_00004.cbf,473,609,231,380,136,149,20264
8204,cr1_1026p_00005.cbf,484,596,236,371,112,135,15120
8205,cr1_1026p_00006.cbf,482,597,240,368,115,128,14720
8206,cr1_1026p_00007.cbf,474,610,229,379,136,150,20400
8207,cr1_1026p_00008.cbf,477,613,230,381,136,151,20536
8208,cr1_1027p_00001.cbf,473,608,227,379,135,152,20520
8209,cr1_1027p_00002.cbf,480,600,237,369,120,132,15840
8210,cr1_1027p_00003.cbf,481,598,240,373,117,133,15561
8211,cr1_1027p_00004.cbf,474,609,229,381,135,152,20520
8212,cr1_1027p_00005.cbf,484,597,239,368,113,129,14577
8213,cr1_1027p_00006.cbf,481,596,240,369,115,129,14835
8214,cr1_1027p_00007.cbf,473,608,230,378,135,148,19980
8215,cr1_1027p_00008.cbf,482,598,236,368,116,132,15312
8216,cr1_1028p_00001.cbf,485,599,239,369,114,130,14820
8217,cr1_1028p_00002.cbf,483,600,240,369,117,129,15093
8218,cr1_1028p_00003.cbf,471,606,230,381,135,151,20385
8219,cr1_1028p_00004.cbf,475,608,227,377,133,150,19950
8220,cr1_1028p_00005.cbf,474,606,225,379,132,154,20328
8221,cr1_1028p_00006.cbf,474,606,229,383,132,154,20328
8222,cr1_1028p_00007.cbf,484,597,239,371,113,132,14916
8223,cr1_1028p_00008.cbf,484,598,238,370,114,132,15048
8224,cr1_1029p_00001.cbf,485,599,239,371,114,132,15048
8225,cr1_1029p_00002.cbf,483,598,240,370,115,130,14950
8226,cr1_1029p_00003.cbf,470,608,233,382,138,149,20562
8227,cr1_1029p_00004.cbf,482,597,240,369,115,129,14835
8228,cr1_1029p_00005.cbf,483,600,240,370,117,130,15210
8229,cr1_1029p_00006.cbf,476,606,225,382,130,157,20410
8230,cr1_1029p_00007.cbf,484,598,239,370,114,131,14934
8231,cr1_1029p_00008.cbf,483,597,237,372,114,135,15390
8232,cr1_1030p_00001.cbf,474,607,229,379,133,150,19950
8233,cr1_1030p_00002.cbf,484,598,239,369,114,130,14820
8234,cr1_1030p_00003.cbf,485,600,240,370,115,130,14950
8235,cr1_1030p_00004.cbf,482,597,240,369,115,129,14835
8236,cr1_1030p_00005.cbf,472,606,230,379,134,149,19966
8237,cr1_1030p_00006.cbf,483,597,239,368,114,129,14706
8238,cr1_1030p_00007.cbf,482,598,237,369,116,132,15312
8239,cr1_1030p_00008.cbf,484,598,237,368,114,131,14934
8240,cr1_1031p_00001.cbf,482,598,239,370,116,131,15196
8241,cr1_1031p_00002.cbf,484,597,240,371,113,131,14803
8242,cr1_1031p_00003.cbf,485,600,239,370,115,131,15065
8243,cr1_1031p_00004.cbf,485,599,238,370,114,132,15048
8244,cr1_1031p_00005.cbf,474,608,231,383,134,152,20368
8245,cr1_1031p_00006.cbf,471,608,233,383,137,150,20550
8246,cr1_1031p_00007.cbf,483,600,239,367,117,128,14976
8247,cr1_1031p_00008.cbf,482,599,239,368,117,129,15093
8248,cr1_1032p_00001.cbf,474,610,227,378,136,151,20536
8249,cr1_1032p_00002.cbf,485,598,240,371,113,131,14803
8250,cr1_1032p_00003.cbf,482,598,240,368,116,128,14848
8251,cr1_1032p_00004.cbf,484,598,236,369,114,133,15162
8252,cr1_1032p_00005.cbf,474,607,231,385,133,154,20482
8253,cr1_1032p_00006.cbf,469,606,229,378,137,149,20413
8254,cr1_1032p_00007.cbf,485,598,238,367,113,129,14577
8255,cr1_1032p_00008.cbf,483,599,238,368,116,130,15080
8256,cr1_1033p_00001.cbf,483,603,238,369,120,131,15720
8257,cr1_1033p_00002.cbf,484,599,241,370,115,129,14835
8258,cr1_1033p_00003.cbf,483,598,239,368,115,129,14835
8259,cr1_1033p_00004.cbf,483,596,238,369,113,131,14803
8260,cr1_1033p_00005.cbf,482,598,238,368,116,130,15080
8261,cr1_1033p_00006.cbf,483,596,239,370,113,131,14803
8262,cr1_1033p_00007.cbf,482,596,239,371,114,132,15048
8263,cr1_1033p_00008.cbf,485,598,239,371,113,132,14916
8264,cr1_1034p_00001.cbf,485,602,239,369,117,130,15210
8265,cr1_1034p_00002.cbf,472,609,229,379,137,150,20550
8266,cr1_1034p_00003.cbf,485,598,239,368,113,129,14577
8267,cr1_1034p_00004.cbf,482,598,240,371,116,131,15196
8268,cr1_1034p_00005.cbf,485,594,238,368,109,130,14170
8269,cr1_1034p_00006.cbf,484,596,238,370,112,132,14784
8270,cr1_1034p_00007.cbf,483,596,239,369,113,130,14690
8271,cr1_1034p_00008.cbf,483,599,237,368,116,131,15196
8272,cr1_1035p_00001.cbf,486,601,240,371,115,131,15065
8273,cr1_1035p_00002.cbf,484,599,239,369,115,130,14950
8274,cr1_1035p_00003.cbf,486,597,239,370,111,131,14541
8275,cr1_1035p_00004.cbf,475,613,233,378,138,145,20010
8276,cr1_1035p_00005.cbf,484,597,240,372,113,132,14916
8277,cr1_1035p_00006.cbf,475,607,226,379,132,153,20196
8278,cr1_1035p_00007.cbf,482,598,239,368,116,129,14964
8279,cr1_1035p_00008.cbf,475,605,227,381,130,154,20020
8280,cr1_1036p_00001.cbf,483,599,241,369,116,128,14848
8281,cr1_1036p_00002.cbf,469,607,233,382,138,149,20562
8282,cr1_1036p_00003.cbf,483,598,239,371,115,132,15180
8283,cr1_1036p_00004.cbf,473,605,228,377,132,149,19668
8284,cr1_1036p_00005.cbf,485,597,239,370,112,131,14672
8285,cr1_1036p_00006.cbf,482,599,239,370,117,131,15327
8286,cr1_1036p_00007.cbf,484,598,238,370,114,132,15048
8287,cr1_1036p_00008.cbf,484,598,239,368,114,129,14706
8288,cr1_1037p_00001.cbf,486,600,240,369,114,129,14706
8289,cr1_1037p_00002.cbf,484,599,241,370,115,129,14835
8290,cr1_1037p_00003.cbf,484,597,240,372,113,132,14916
8291,cr1_1037p_00004.cbf,471,608,232,382,137,150,20550
8292,cr1_1037p_00005.cbf,485,596,239,368,111,129,14319
8293,cr1_1037p_00006.cbf,484,596,238,370,112,132,14784
8294,cr1_1037p_00007.cbf,485,598,240,369,113,129,14577
8295,cr1_1037p_00008.cbf,474,605,230,378,131,148,19388
8296,cr1_1038p_00001.cbf,484,599,239,370,115,131,15065
8297,cr1_1038p_00002.cbf,483,596,240,370,113,130,14690
8298,cr1_1038p_00003.cbf,473,614,234,377,141,143,20163
8299,cr1_1038p_00004.cbf,483,598,237,371,115,134,15410
8300,cr1_1038p_00005.cbf,484,595,238,369,111,131,14541
8301,cr1_1038p_00006.cbf,477,608,231,379,131,148,19388
8302,cr1_1038p_00007.cbf,475,608,231,379,133,148,19684
8303,cr1_1038p_00008.cbf,485,600,240,369,115,129,14835
8304,cr1_1039p_00001.cbf,472,609,232,382,137,150,20550
8305,cr1_1039p_00002.cbf,482,598,240,371,116,131,15196
8306,cr1_1039p_00003.cbf,473,609,232,383,136,151,20536
8307,cr1_1039p_00004.cbf,484,596,239,369,112,130,14560
8308,cr1_1039p_00005.cbf,486,599,240,371,113,131,14803
8309,cr1_1039p_00006.cbf,484,595,239,371,111,132,14652
8310,cr1_1039p_00007.cbf,483,597,239,368,114,129,14706
8311,cr1_1039p_00008.cbf,484,599,237,370,115,133,15295
8312,cr1_1040p_00001.cbf,482,596,239,369,114,130,14820
8313,cr1_1040p_00002.cbf,471,613,233,378,142,145,20590
8314,cr1_1040p_00003.cbf,477,607,221,379,130,158,20540
8315,cr1_1040p_00004.cbf,485,598,241,368,113,127,14351
8316,cr1_1040p_00005.cbf,485,594,240,369,109,129,14061
8317,cr1_1040p_00006.cbf,472,607,229,381,135,152,20520
8318,cr1_1040p_00007.cbf,484,596,240,369,112,129,14448
8319,cr1_1040p_00008.cbf,484,598,240,371,114,131,14934
8320,cr1_1041p_00001.cbf,480,601,239,369,121,130,15730
8321,cr1_1041p_00002.cbf,473,609,231,382,136,151,20536
8322,cr1_1041p_00003.cbf,473,605,229,379,132,150,19800
8323,cr1_1041p_00004.cbf,484,598,240,371,114,131,14934
8324,cr1_1041p_00005.cbf,482,595,240,369,113,129,14577
8325,cr1_1041p_00006.cbf,482,597,238,370,115,132,15180
8326,cr1_1041p_00007.cbf,479,601,240,369,122,129,15738
8327,cr1_1041p_00008.cbf,480,600,238,370,120,132,15840
8328,cr1_1042p_00001.cbf,481,599,238,371,118,133,15694
8329,cr1_1042p_00002.cbf,481,600,239,372,119,133,15827
8330,cr1_1042p_00003.cbf,481,599,239,372,118,133,15694
8331,cr1_1042p_00004.cbf,485,599,236,370,114,134,15276
8332,cr1_1042p_00005.cbf,483,598,238,371,115,133,15295
8333,cr1_1042p_00006.cbf,483,598,238,371,115,133,15295
8334,cr1_1042p_00007.cbf,483,597,235,370,114,135,15390
8335,cr1_1042p_00008.cbf,482,598,237,371,116,134,15544
8336,cr1_1043p_00001.cbf,481,602,238,369,121,131,15851
8337,cr1_1043p_00002.cbf,482,599,238,372,117,134,15678
8338,cr1_1043p_00003.cbf,482,600,239,370,118,131,15458
8339,cr1_1043p_00004.cbf,484,598,238,373,114,135,15390
8340,cr1_1043p_00005.cbf,481,596,239,372,115,133,15295
8341,cr1_1043p_00006.cbf,482,598,238,369,116,131,15196
8342,cr1_1043p_00007.cbf,480,601,239,370,121,131,15851
8343,cr1_1043p_00008.cbf,481,602,239,372,121,133,16093
8344,cr1_1044p_00001.cbf,482,601,238,370,119,132,15708
8345,cr1_1044p_00002.cbf,483,601,238,372,118,134,15812
8346,cr1_1044p_00003.cbf,485,600,240,372,115,132,15180
8347,cr1_1044p_00004.cbf,481,598,238,370,117,132,15444
8348,cr1_1044p_00005.cbf,483,598,239,371,115,132,15180
8349,cr1_1044p_00006.cbf,483,598,238,370,115,132,15180
8350,cr1_1044p_00007.cbf,483,602,239,373,119,134,15946
8351,cr1_1044p_00008.cbf,482,599,237,368,117,131,15327
8352,cr1_1045p_00001.cbf,482,599,237,373,117,136,15912
8353,cr1_1045p_00002.cbf,484,599,239,370,115,131,15065
8354,cr1_1045p_00003.cbf,482,599,238,373,117,135,15795
8355,cr1_1045p_00004.cbf,483,597,237,370,114,133,15162
8356,cr1_1045p_00005.cbf,471,609,231,379,138,148,20424
8357,cr1_1045p_00006.cbf,482,601,236,372,119,136,16184
8358,cr1_1045p_00007.cbf,485,600,236,369,115,133,15295
8359,cr1_1045p_00008.cbf,484,599,239,369,115,130,14950
8360,cr1_1046p_00001.cbf,480,600,239,371,120,132,15840
8361,cr1_1046p_00002.cbf,482,600,239,371,118,132,15576
8362,cr1_1046p_00003.cbf,481,601,239,373,120,134,16080
8363,cr1_1046p_00004.cbf,483,598,238,370,115,132,15180
8364,cr1_1046p_00005.cbf,483,596,240,372,113,132,14916
8365,cr1_1046p_00006.cbf,484,596,238,371,112,133,14896
8366,cr1_1046p_00007.cbf,481,598,236,371,117,135,15795
8367,cr1_1046p_00008.cbf,481,601,236,370,120,134,16080
8368,cr1_1047p_00001.cbf,482,600,240,369,118,129,15222
8369,cr1_1047p_00002.cbf,481,600,239,372,119,133,15827
8370,cr1_1047p_00003.cbf,481,600,239,371,119,132,15708
8371,cr1_1047p_00004.cbf,473,609,233,380,136,147,19992
8372,cr1_1047p_00005.cbf,482,598,239,371,116,132,15312
8373,cr1_1047p_00006.cbf,485,597,238,371,112,133,14896
8374,cr1_1047p_00007.cbf,482,598,236,370,116,134,15544
8375,cr1_1047p_00008.cbf,482,596,237,369,114,132,15048
8376,cr1_1048p_00001.cbf,483,601,237,370,118,133,15694
8377,cr1_1048p_00002.cbf,482,601,238,371,119,133,15827
8378,cr1_1048p_00003.cbf,480,599,240,370,119,130,15470
8379,cr1_1048p_00004.cbf,482,598,239,370,116,131,15196
8380,cr1_1048p_00005.cbf,473,609,231,381,136,150,20400
8381,cr1_1048p_00006.cbf,484,597,236,369,113,133,15029
8382,cr1_1048p_00007.cbf,484,598,235,371,114,136,15504
8383,cr1_1048p_00008.cbf,483,599,239,371,116,132,15312
8384,cr1_1049p_00001.cbf,484,600,238,370,116,132,15312
8385,cr1_1049p_00002.cbf,483,600,240,371,117,131,15327
8386,cr1_1049p_00003.cbf,484,598,239,371,114,132,15048
8387,cr1_1049p_00004.cbf,484,595,239,371,111,132,14652
8388,cr1_1049p_00005.cbf,480,597,237,370,117,133,15561
8389,cr1_1049p_00006.cbf,480,598,239,368,118,129,15222
8390,cr1_1049p_00007.cbf,483,597,238,370,114,132,15048
8391,cr1_1049p_00008.cbf,481,602,237,369,121,132,15972
8392,cr1_1050p_00001.cbf,483,600,239,370,117,131,15327
8393,cr1_1050p_00002.cbf,483,597,239,370,114,131,14934
8394,cr1_1050p_00003.cbf,484,601,239,372,117,133,15561
8395,cr1_1050p_00004.cbf,481,598,240,370,117,130,15210
8396,cr1_1050p_00005.cbf,482,596,238,372,114,134,15276
8397,cr1_1050p_00006.cbf,481,597,238,370,116,132,15312
8398,cr1_1050p_00007.cbf,483,598,239,371,115,132,15180
8399,cr1_1050p_00008.cbf,483,600,235,372,117,137,16029
8400,cr1_1051p_00001.cbf,483,600,239,370,117,131,15327
8401,cr1_1051p_00002.cbf,473,611,230,378,138,148,20424
8402,cr1_1051p_00003.cbf,480,601,240,371,121,131,15851
8403,cr1_1051p_00004.cbf,481,597,240,370,116,130,15080
8404,cr1_1051p_00005.cbf,476,606,229,382,130,153,19890
8405,cr1_1051p_00006.cbf,483,596,237,370,113,133,15029
8406,cr1_1051p_00007.cbf,484,598,238,373,114,135,15390
8407,cr1_1051p_00008.cbf,483,598,237,369,115,132,15180
8408,cr1_1052p_00001.cbf,484,599,240,371,115,131,15065
8409,cr1_1052p_00002.cbf,483,600,238,370,117,132,15444
8410,cr1_1052p_00003.cbf,473,613,231,377,140,146,20440
8411,cr1_1052p_00004.cbf,482,596,240,371,114,131,14934
8412,cr1_1052p_00005.cbf,484,596,239,369,112,130,14560
8413,cr1_1052p_00006.cbf,484,596,236,372,112,136,15232
8414,cr1_1052p_00007.cbf,483,598,239,371,115,132,15180
8415,cr1_1052p_00008.cbf,469,607,231,379,138,148,20424
8416,cr1_1053p_00001.cbf,483,599,237,370,116,133,15428
8417,cr1_1053p_00002.cbf,483,602,238,371,119,133,15827
8418,cr1_1053p_00003.cbf,475,610,232,379,135,147,19845
8419,cr1_1053p_00004.cbf,483,596,239,371,113,132,14916
8420,cr1_1053p_00005.cbf,483,599,237,370,116,133,15428
8421,cr1_1053p_00006.cbf,482,595,240,369,113,129,14577
8422,cr1_1053p_00007.cbf,482,599,240,369,117,129,15093
8423,cr1_1053p_00008.cbf,483,601,240,372,118,132,15576
8424,cr1_1054p_00001.cbf,473,607,233,383,134,150,20100
8425,cr1_1054p_00002.cbf,482,598,239,371,116,132,15312
8426,cr1_1054p_00003.cbf,484,599,239,370,115,131,15065
8427,cr1_1054p_00004.cbf,483,597,239,371,114,132,15048
8428,cr1_1054p_00005.cbf,483,595,239,370,112,131,14672
8429,cr1_1054p_00006.cbf,474,608,229,382,134,153,20502
8430,cr1_1054p_00007.cbf,481,598,237,370,117,133,15561
8431,cr1_1054p_00008.cbf,483,600,239,372,117,133,15561
8432,cr1_1055p_00001.cbf,482,599,238,369,117,131,15327
8433,cr1_1055p_00002.cbf,485,599,239,371,114,132,15048
8434,cr1_1055p_00003.cbf,484,599,237,370,115,133,15295
8435,cr1_1055p_00004.cbf,480,598,238,372,118,134,15812
8436,cr1_1055p_00005.cbf,482,596,236,370,114,134,15276
8437,cr1_1055p_00006.cbf,481,595,238,372,114,134,15276
8438,cr1_1055p_00007.cbf,482,597,235,371,115,136,15640
8439,cr1_1055p_00008.cbf,483,597,239,371,114,132,15048
8440,cr1_1056p_00001.cbf,484,600,239,369,116,130,15080
8441,cr1_1056p_00002.cbf,484,600,239,369,116,130,15080
8442,cr1_1056p_00003.cbf,474,607,227,380,133,153,20349
8443,cr1_1056p_00004.cbf,482,596,239,372,114,133,15162
8444,cr1_1056p_00005.cbf,485,597,237,370,112,133,14896
8445,cr1_1056p_00006.cbf,484,598,239,371,114,132,15048
8446,cr1_1056p_00007.cbf,481,599,240,370,118,130,15340
8447,cr1_1056p_00008.cbf,483,599,239,370,116,131,15196
8448,cr1_1057p_00001.cbf,479,599,239,371,120,132,15840
8449,cr1_1057p_00002.cbf,485,599,239,372,114,133,15162
8450,cr1_1057p_00003.cbf,481,603,239,370,122,131,15982
8451,cr1_1057p_00004.cbf,483,599,239,370,116,131,15196
8452,cr1_1057p_00005.cbf,482,597,238,369,115,131,15065
8453,cr1_1057p_00006.cbf,482,595,240,369,113,129,14577
8454,cr1_1057p_00007.cbf,481,599,239,368,118,129,15222
8455,cr1_1057p_00008.cbf,483,599,236,370,116,134,15544
8456,cr1_1058p_00001.cbf,483,600,239,371,117,132,15444
8457,cr1_1058p_00002.cbf,482,600,239,371,118,132,15576
8458,cr1_1058p_00003.cbf,485,599,240,370,114,130,14820
8459,cr1_1058p_00004.cbf,485,597,239,370,112,131,14672
8460,cr1_1058p_00005.cbf,486,595,239,370,109,131,14279
8461,cr1_1058p_00006.cbf,482,597,238,369,115,131,15065
8462,cr1_1058p_00007.cbf,482,598,237,371,116,134,15544
8463,cr1_1058p_00008.cbf,485,597,241,370,112,129,14448
8464,cr1_1059p_00001.cbf,483,601,240,368,118,128,15104
8465,cr1_1059p_00002.cbf,485,599,240,370,114,130,14820
8466,cr1_1059p_00003.cbf,473,608,233,379,135,146,19710
8467,cr1_1059p_00004.cbf,470,608,232,380,138,148,20424
8468,cr1_1059p_00005.cbf,483,596,238,371,113,133,15029
8469,cr1_1059p_00006.cbf,484,597,239,372,113,133,15029
8470,cr1_1059p_00007.cbf,483,598,237,369,115,132,15180
8471,cr1_1059p_00008.cbf,484,599,238,371,115,133,15295
8472,cr1_1060p_00001.cbf,473,608,231,381,135,150,20250
8473,cr1_1060p_00002.cbf,482,599,240,369,117,129,15093
8474,cr1_1060p_00003.cbf,483,598,241,370,115,129,14835
8475,cr1_1060p_00004.cbf,481,597,239,369,116,130,15080
8476,cr1_1060p_00005.cbf,484,594,239,370,110,131,14410
8477,cr1_1060p_00006.cbf,485,596,238,371,111,133,14763
8478,cr1_1060p_00007.cbf,483,597,240,371,114,131,14934
8479,cr1_1060p_00008.cbf,483,599,240,371,116,131,15196
8480,cr1_1061p_00001.cbf,480,600,237,369,120,132,15840
8481,cr1_1061p_00002.cbf,482,599,239,371,117,132,15444
8482,cr1_1061p_00003.cbf,469,607,232,381,138,149,20562
8483,cr1_1061p_00004.cbf,471,608,232,382,137,150,20550
8484,cr1_1061p_00005.cbf,481,597,238,370,116,132,15312
8485,cr1_1061p_00006.cbf,474,605,227,379,131,152,19912
8486,cr1_1061p_00007.cbf,483,598,239,370,115,131,15065
8487,cr1_1061p_00008.cbf,481,599,239,370,118,131,15458
8488,cr1_1062p_00001.cbf,481,599,240,370,118,130,15340
8489,cr1_1062p_00002.cbf,481,599,241,372,118,131,15458
8490,cr1_1062p_00003.cbf,475,611,234,385,136,151,20536
8491,cr1_1062p_00004.cbf,482,596,240,371,114,131,14934
8492,cr1_1062p_00005.cbf,482,595,240,370,113,130,14690
8493,cr1_1062p_00006.cbf,483,597,236,369,114,133,15162
8494,cr1_1062p_00007.cbf,474,610,232,381,136,149,20264
8495,cr1_1062p_00008.cbf,484,600,239,370,116,131,15196
8496,cr1_1063p_00001.cbf,481,599,239,370,118,131,15458
8497,cr1_1063p_00002.cbf,482,600,240,370,118,130,15340
8498,cr1_1063p_00003.cbf,483,598,239,371,115,132,15180
8499,cr1_1063p_00004.cbf,483,597,237,369,114,132,15048
8500,cr1_1063p_00005.cbf,483,594,239,371,111,132,14652
8501,cr1_1063p_00006.cbf,486,597,238,370,111,132,14652
8502,cr1_1063p_00007.cbf,485,598,238,370,113,132,14916
8503,cr1_1063p_00008.cbf,481,600,239,370,119,131,15589
8504,cr1_1064p_00001.cbf,481,598,240,369,117,129,15093
8505,cr1_1064p_00002.cbf,485,600,240,369,115,129,14835
8506,cr1_1064p_00003.cbf,481,600,239,371,119,132,15708
8507,cr1_1064p_00004.cbf,483,601,236,369,118,133,15694
8508,cr1_1064p_00005.cbf,485,598,238,370,113,132,14916
8509,cr1_1064p_00006.cbf,483,597,239,370,114,131,14934
8510,cr1_1064p_00007.cbf,483,596,237,369,113,132,14916
8511,cr1_1064p_00008.cbf,482,598,240,371,116,131,15196
8512,cr1_1065p_00001.cbf,483,598,239,369,115,130,14950
8513,cr1_1065p_00002.cbf,475,609,233,384,134,151,20234
8514,cr1_1065p_00003.cbf,483,598,238,371,115,133,15295
8515,cr1_1065p_00004.cbf,483,598,240,371,115,131,15065
8516,cr1_1065p_00005.cbf,485,595,239,370,110,131,14410
8517,cr1_1065p_00006.cbf,481,595,240,370,114,130,14820
8518,cr1_1065p_00007.cbf,472,608,232,381,136,149,20264
8519,cr1_1065p_00008.cbf,483,599,239,368,116,129,14964
8520,cr1_1066p_00001.cbf,484,601,241,371,117,130,15210
8521,cr1_1066p_00002.cbf,472,611,232,379,139,147,20433
8522,cr1_1066p_00003.cbf,482,598,240,370,116,130,15080
8523,cr1_1066p_00004.cbf,483,595,240,371,112,131,14672
8524,cr1_1066p_00005.cbf,473,604,231,383,131,152,19912
8525,cr1_1066p_00006.cbf,483,597,237,370,114,133,15162
8526,cr1_1066p_00007.cbf,485,598,240,370,113,130,14690
8527,cr1_1066p_00008.cbf,472,609,231,380,137,149,20413
8528,cr1_1067p_00001.cbf,474,610,230,381,136,151,20536
8529,cr1_1067p_00002.cbf,473,607,232,381,134,149,19966
8530,cr1_1067p_00003.cbf,483,597,238,371,114,133,15162
8531,cr1_1067p_00004.cbf,483,598,241,373,115,132,15180
8532,cr1_1067p_00005.cbf,486,597,240,371,111,131,14541
8533,cr1_1067p_00006.cbf,482,597,240,369,115,129,14835
8534,cr1_1067p_00007.cbf,484,597,241,370,113,129,14577
8535,cr1_1067p_00008.cbf,484,598,237,371,114,134,15276
8536,cr1_1068p_00001.cbf,474,609,232,377,135,145,19575
8537,cr1_1068p_00002.cbf,483,597,241,369,114,128,14592
8538,cr1_1068p_00003.cbf,482,595,240,369,113,129,14577
8539,cr1_1068p_00004.cbf,485,597,240,369,112,129,14448
8540,cr1_1068p_00005.cbf,483,596,239,372,113,133,15029
8541,cr1_1068p_00006.cbf,483,597,239,372,114,133,15162
8542,cr1_1068p_00007.cbf,484,597,239,371,113,132,14916
8543,cr1_1068p_00008.cbf,483,598,240,372,115,132,15180
8544,cr1_1069p_00001.cbf,482,600,240,370,118,130,15340
8545,cr1_1069p_00002.cbf,484,598,239,370,114,131,14934
8546,cr1_1069p_00003.cbf,473,608,228,380,135,152,20520
8547,cr1_1069p_00004.cbf,484,599,238,371,115,133,15295
8548,cr1_1069p_00005.cbf,467,606,232,380,139,148,20572
8549,cr1_1069p_00006.cbf,484,597,240,369,113,129,14577
8550,cr1_1069p_00007.cbf,471,604,228,381,133,153,20349
8551,cr1_1069p_00008.cbf,483,599,240,371,116,131,15196
8552,cr1_1070p_00001.cbf,483,597,240,371,114,131,14934
8553,cr1_1070p_00002.cbf,475,612,237,385,137,148,20276
8554,cr1_1070p_00003.cbf,473,608,233,383,135,150,20250
8555,cr1_1070p_00004.cbf,484,596,237,370,112,133,14896
8556,cr1_1070p_00005.cbf,485,594,240,373,109,133,14497
8557,cr1_1070p_00006.cbf,483,597,237,368,114,131,14934
8558,cr1_1070p_00007.cbf,480,599,237,370,119,133,15827
8559,cr1_1070p_00008.cbf,483,598,238,370,115,132,15180
8560,cr1_1071p_00001.cbf,484,600,239,369,116,130,15080
8561,cr1_1071p_00002.cbf,485,601,240,371,116,131,15196
8562,cr1_1071p_00003.cbf,485,598,239,369,113,130,14690
8563,cr1_1071p_00004.cbf,473,606,234,384,133,150,19950
8564,cr1_1071p_00005.cbf,474,605,229,383,131,154,20174
8565,cr1_1071p_00006.cbf,476,605,231,386,129,155,19995
8566,cr1_1071p_00007.cbf,474,606,234,381,132,147,19404
8567,cr1_1071p_00008.cbf,482,597,240,371,115,131,15065
8568,cr1_1072p_00001.cbf,471,609,234,379,138,145,20010
8569,cr1_1072p_00002.cbf,484,597,239,372,113,133,15029
8570,cr1_1072p_00003.cbf,474,610,232,378,136,146,19856
8571,cr1_1072p_00004.cbf,483,596,236,370,113,134,15142
8572,cr1_1072p_00005.cbf,483,595,239,371,112,132,14784
8573,cr1_1072p_00006.cbf,482,596,240,372,114,132,15048
8574,cr1_1072p_00007.cbf,470,610,231,377,140,146,20440
8575,cr1_1072p_00008.cbf,483,598,240,368,115,128,14720
8576,cr1_1073p_00001.cbf,483,605,241,370,122,129,15738
8577,cr1_1073p_00002.cbf,483,597,240,370,114,130,14820
8578,cr1_1073p_00003.cbf,482,599,241,371,117,130,15210
8579,cr1_1073p_00004.cbf,476,611,227,377,135,150,20250
8580,cr1_1073p_00005.cbf,471,604,228,380,133,152,20216
8581,cr1_1073p_00006.cbf,471,608,232,380,137,148,20276
8582,cr1_1073p_00007.cbf,485,595,240,370,110,130,14300
8583,cr1_1073p_00008.cbf,484,597,238,368,113,130,14690
8584,cr1_1074p_00001.cbf,484,599,238,372,115,134,15410
8585,cr1_1074p_00002.cbf,483,598,239,371,115,132,15180
8586,cr1_1074p_00003.cbf,484,599,240,369,115,129,14835
8587,cr1_1074p_00004.cbf,474,608,230,379,134,149,19966
8588,cr1_1074p_00005.cbf,474,607,228,380,133,152,20216
8589,cr1_1074p_00006.cbf,482,594,238,370,112,132,14784
8590,cr1_1074p_00007.cbf,474,608,231,383,134,152,20368
8591,cr1_1074p_00008.cbf,482,600,238,371,118,133,15694
8592,cr1_1075p_00001.cbf,482,600,238,371,118,133,15694
8593,cr1_1075p_00002.cbf,483,601,239,370,118,131,15458
8594,cr1_1075p_00003.cbf,480,598,237,372,118,135,15930
8595,cr1_1075p_00004.cbf,482,600,238,370,118,132,15576
8596,cr1_1075p_00005.cbf,483,601,237,372,118,135,15930
8597,cr1_1075p_00006.cbf,481,599,234,371,118,137,16166
8598,cr1_1075p_00007.cbf,479,599,237,372,120,135,16200
8599,cr1_1075p_00008.cbf,484,600,239,370,116,131,15196
8600,cr1_1076p_00001.cbf,483,600,239,371,117,132,15444
8601,cr1_1076p_00002.cbf,482,600,239,370,118,131,15458
8602,cr1_1076p_00003.cbf,484,601,241,371,117,130,15210
8603,cr1_1076p_00004.cbf,483,599,236,371,116,135,15660
8604,cr1_1076p_00005.cbf,483,598,238,371,115,133,15295
8605,cr1_1076p_00006.cbf,482,596,238,370,114,132,15048
8606,cr1_1076p_00007.cbf,481,599,239,369,118,130,15340
8607,cr1_1076p_00008.cbf,482,599,239,371,117,132,15444
8608,cr1_1077p_00001.cbf,482,599,239,370,117,131,15327
8609,cr1_1077p_00002.cbf,480,599,238,372,119,134,15946
8610,cr1_1077p_00003.cbf,481,599,238,370,118,132,15576
8611,cr1_1077p_00004.cbf,482,602,239,371,120,132,15840
8612,cr1_1077p_00005.cbf,482,596,237,369,114,132,15048
8613,cr1_1077p_00006.cbf,481,598,236,371,117,135,15795
8614,cr1_1077p_00007.cbf,484,600,237,370,116,133,15428
8615,cr1_1077p_00008.cbf,482,601,239,371,119,132,15708
8616,cr1_1078p_00001.cbf,482,599,240,370,117,130,15210
8617,cr1_1078p_00002.cbf,484,599,239,370,115,131,15065
8618,cr1_1078p_00003.cbf,483,600,238,371,117,133,15561
8619,cr1_1078p_00004.cbf,482,598,237,372,116,135,15660
8620,cr1_1078p_00005.cbf,480,598,237,369,118,132,15576
8621,cr1_1078p_00006.cbf,482,600,237,371,118,134,15812
8622,cr1_1078p_00007.cbf,481,599,239,369,118,130,15340
8623,cr1_1078p_00008.cbf,482,599,240,372,117,132,15444
8624,cr1_1079p_00001.cbf,483,599,238,370,116,132,15312
8625,cr1_1079p_00002.cbf,481,601,239,370,120,131,15720
8626,cr1_1079p_00003.cbf,479,598,239,371,119,132,15708
8627,cr1_1079p_00004.cbf,484,600,237,371,116,134,15544
8628,cr1_1079p_00005.cbf,483,596,239,370,113,131,14803
8629,cr1_1079p_00006.cbf,482,598,237,369,116,132,15312
8630,cr1_1079p_00007.cbf,482,602,239,369,120,130,15600
8631,cr1_1079p_00008.cbf,481,600,238,370,119,132,15708
8632,cr1_1080p_00001.cbf,480,602,239,372,122,133,16226
8633,cr1_1080p_00002.cbf,483,598,237,375,115,138,15870
8634,cr1_1080p_00003.cbf,481,601,239,370,120,131,15720
8635,cr1_1080p_00004.cbf,484,598,240,370,114,130,14820
8636,cr1_1080p_00005.cbf,484,597,237,370,113,133,15029
8637,cr1_1080p_00006.cbf,468,606,230,379,138,149,20562
8638,cr1_1080p_00007.cbf,484,600,239,371,116,132,15312
8639,cr1_1080p_00008.cbf,482,602,238,371,120,133,15960
8640,cr1_1081p_00001.cbf,482,601,239,372,119,133,15827
8641,cr1_1081p_00002.cbf,482,603,238,370,121,132,15972
8642,cr1_1081p_00003.cbf,481,599,238,369,118,131,15458
8643,cr1_1081p_00004.cbf,482,600,239,370,118,131,15458
8644,cr1_1081p_00005.cbf,484,597,239,370,113,131,14803
8645,cr1_1081p_00006.cbf,481,598,237,371,117,134,15678
8646,cr1_1081p_00007.cbf,483,600,238,371,117,133,15561
8647,cr1_1081p_00008.cbf,482,600,239,370,118,131,15458
8648,cr1_1082p_00001.cbf,481,598,240,371,117,131,15327
8649,cr1_1082p_00002.cbf,482,599,240,370,117,130,15210
8650,cr1_1082p_00003.cbf,483,599,239,371,116,132,15312
8651,cr1_1082p_00004.cbf,482,599,239,370,117,131,15327
8652,cr1_1082p_00005.cbf,482,597,239,370,115,131,15065
8653,cr1_1082p_00006.cbf,483,598,235,370,115,135,15525
8654,cr1_1082p_00007.cbf,481,601,239,369,120,130,15600
8655,cr1_1082p_00008.cbf,481,600,239,369,119,130,15470
8656,cr1_1083p_00001.cbf,480,601,240,371,121,131,15851
8657,cr1_1083p_00002.cbf,481,600,240,371,119,131,15589
8658,cr1_1083p_00003.cbf,483,599,239,370,116,131,15196
8659,cr1_1083p_00004.cbf,483,599,239,370,116,131,15196
8660,cr1_1083p_00005.cbf,482,597,236,369,115,133,15295
8661,cr1_1083p_00006.cbf,482,598,237,368,116,131,15196
8662,cr1_1083p_00007.cbf,484,599,238,368,115,130,14950
8663,cr1_1083p_00008.cbf,481,601,237,370,120,133,15960
8664,cr1_1084p_00001.cbf,484,599,240,369,115,129,14835
8665,cr1_1084p_00002.cbf,481,598,239,371,117,132,15444
8666,cr1_1084p_00003.cbf,484,601,240,370,117,130,15210
8667,cr1_1084p_00004.cbf,480,597,238,370,117,132,15444
8668,cr1_1084p_00005.cbf,479,599,236,369,120,133,15960
8669,cr1_1084p_00006.cbf,481,596,239,369,115,130,14950
8670,cr1_1084p_00007.cbf,482,598,239,369,116,130,15080
8671,cr1_1084p_00008.cbf,482,600,241,369,118,128,15104
8672,cr1_1085p_00001.cbf,481,602,240,368,121,128,15488
8673,cr1_1085p_00002.cbf,473,609,232,379,136,147,19992
8674,cr1_1085p_00003.cbf,483,600,240,371,117,131,15327
8675,cr1_1085p_00004.cbf,484,599,238,370,115,132,15180
8676,cr1_1085p_00005.cbf,481,596,237,371,115,134,15410
8677,cr1_1085p_00006.cbf,482,598,238,371,116,133,15428
8678,cr1_1085p_00007.cbf,480,599,239,370,119,131,15589
8679,cr1_1085p_00008.cbf,483,598,238,370,115,132,15180
8680,cr1_1086p_00001.cbf,470,611,233,377,141,144,20304
8681,cr1_1086p_00002.cbf,483,600,239,371,117,132,15444
8682,cr1_1086p_00003.cbf,472,609,232,379,137,147,20139
8683,cr1_1086p_00004.cbf,482,600,236,369,118,133,15694
8684,cr1_1086p_00005.cbf,482,595,238,368,113,130,14690
8685,cr1_1086p_00006.cbf,480,599,239,370,119,131,15589
8686,cr1_1086p_00007.cbf,483,600,237,370,117,133,15561
8687,cr1_1086p_00008.cbf,482,600,239,370,118,131,15458
8688,cr1_1087p_00001.cbf,484,599,242,369,115,127,14605
8689,cr1_1087p_00002.cbf,481,601,241,370,120,129,15480
8690,cr1_1087p_00003.cbf,483,600,241,369,117,128,14976
8691,cr1_1087p_00004.cbf,481,598,240,371,117,131,15327
8692,cr1_1087p_00005.cbf,482,598,237,369,116,132,15312
8693,cr1_1087p_00006.cbf,482,596,237,370,114,133,15162
8694,cr1_1087p_00007.cbf,484,598,239,369,114,130,14820
8695,cr1_1087p_00008.cbf,484,602,239,371,118,132,15576
8696,cr1_1088p_00001.cbf,484,600,238,369,116,131,15196
8697,cr1_1088p_00002.cbf,483,599,240,369,116,129,14964
8698,cr1_1088p_00003.cbf,483,600,240,369,117,129,15093
8699,cr1_1088p_00004.cbf,482,599,239,369,117,130,15210
8700,cr1_1088p_00005.cbf,483,597,238,369,114,131,14934
8701,cr1_1088p_00006.cbf,471,608,231,378,137,147,20139
8702,cr1_1088p_00007.cbf,470,607,227,377,137,150,20550
8703,cr1_1088p_00008.cbf,481,600,240,370,119,130,15470
8704,cr1_1089p_00001.cbf,482,600,240,369,118,129,15222
8705,cr1_1089p_00002.cbf,484,600,240,371,116,131,15196
8706,cr1_1089p_00003.cbf,483,600,240,369,117,129,15093
8707,cr1_1089p_00004.cbf,482,599,240,370,117,130,15210
8708,cr1_1089p_00005.cbf,484,598,239,369,114,130,14820
8709,cr1_1089p_00006.cbf,483,599,237,370,116,133,15428
8710,cr1_1089p_00007.cbf,482,599,240,369,117,129,15093
8711,cr1_1089p_00008.cbf,481,598,239,369,117,130,15210
8712,cr1_1090p_00001.cbf,484,599,239,371,115,132,15180
8713,cr1_1090p_00002.cbf,481,601,240,371,120,131,15720
8714,cr1_1090p_00003.cbf,482,600,239,370,118,131,15458
8715,cr1_1090p_00004.cbf,483,599,239,370,116,131,15196
8716,cr1_1090p_00005.cbf,485,598,236,370,113,134,15142
8717,cr1_1090p_00006.cbf,481,597,240,369,116,129,14964
8718,cr1_1090p_00007.cbf,484,600,240,369,116,129,14964
8719,cr1_1090p_00008.cbf,480,599,240,370,119,130,15470
8720,cr1_1091p_00001.cbf,475,609,230,378,134,148,19832
8721,cr1_1091p_00002.cbf,483,600,241,371,117,130,15210
8722,cr1_1091p_00003.cbf,482,601,240,373,119,133,15827
8723,cr1_1091p_00004.cbf,483,597,238,372,114,134,15276
8724,cr1_1091p_00005.cbf,474,610,229,378,136,149,20264
8725,cr1_1091p_00006.cbf,482,598,237,367,116,130,15080
8726,cr1_1091p_00007.cbf,484,597,238,369,113,131,14803
8727,cr1_1091p_00008.cbf,482,600,239,370,118,131,15458
8728,cr1_1092p_00001.cbf,482,603,238,372,121,134,16214
8729,cr1_1092p_00002.cbf,482,600,238,369,118,131,15458
8730,cr1_1092p_00003.cbf,484,600,239,370,116,131,15196
8731,cr1_1092p_00004.cbf,470,608,230,379,138,149,20562
8732,cr1_1092p_00005.cbf,483,599,238,369,116,131,15196
8733,cr1_1092p_00006.cbf,482,597,239,369,115,130,14950
8734,cr1_1092p_00007.cbf,482,599,238,368,117,130,15210
8735,cr1_1092p_00008.cbf,483,598,240,371,115,131,15065
8736,cr1_1093p_00001.cbf,480,601,237,372,121,135,16335
8737,cr1_1093p_00002.cbf,481,599,238,371,118,133,15694
8738,cr1_1093p_00003.cbf,482,598,241,370,116,129,14964
8739,cr1_1093p_00004.cbf,482,598,238,369,116,131,15196
8740,cr1_1093p_00005.cbf,480,597,239,370,117,131,15327
8741,cr1_1093p_00006.cbf,481,598,235,369,117,134,15678
8742,cr1_1093p_00007.cbf,485,598,238,371,113,133,15029
8743,cr1_1093p_00008.cbf,481,601,239,370,120,131,15720
8744,cr1_1094p_00001.cbf,483,601,240,369,118,129,15222
8745,cr1_1094p_00002.cbf,482,601,240,371,119,131,15589
8746,cr1_1094p_00003.cbf,482,599,240,371,117,131,15327
8747,cr1_1094p_00004.cbf,484,597,239,369,113,130,14690
8748,cr1_1094p_00005.cbf,482,598,238,369,116,131,15196
8749,cr1_1094p_00006.cbf,481,597,239,370,116,131,15196
8750,cr1_1094p_00007.cbf,483,596,240,370,113,130,14690
8751,cr1_1094p_00008.cbf,483,599,239,370,116,131,15196
8752,cr1_1095p_00001.cbf,483,600,238,370,117,132,15444
8753,cr1_1095p_00002.cbf,472,610,233,376,138,143,19734
8754,cr1_1095p_00003.cbf,482,600,240,370,118,130,15340
8755,cr1_1095p_00004.cbf,482,598,240,370,116,130,15080
8756,cr1_1095p_00005.cbf,485,596,240,371,111,131,14541
8757,cr1_1095p_00006.cbf,482,595,237,373,113,136,15368
8758,cr1_1095p_00007.cbf,483,599,240,369,116,129,14964
8759,cr1_1095p_00008.cbf,483,600,239,371,117,132,15444
8760,cr1_1096p_00001.cbf,484,600,238,368,116,130,15080
8761,cr1_1096p_00002.cbf,483,599,240,369,116,129,14964
8762,cr1_1096p_00003.cbf,482,602,239,370,120,131,15720
8763,cr1_1096p_00004.cbf,482,600,239,371,118,132,15576
8764,cr1_1096p_00005.cbf,474,606,231,387,132,156,20592
8765,cr1_1096p_00006.cbf,483,597,236,368,114,132,15048
8766,cr1_1096p_00007.cbf,483,601,240,369,118,129,15222
8767,cr1_1096p_00008.cbf,484,598,240,367,114,127,14478
8768,cr1_1097p_00001.cbf,483,598,239,370,115,131,15065
8769,cr1_1097p_00002.cbf,483,599,240,370,116,130,15080
8770,cr1_1097p_00003.cbf,474,608,229,379,134,150,20100
8771,cr1_1097p_00004.cbf,484,598,239,368,114,129,14706
8772,cr1_1097p_00005.cbf,482,596,236,369,114,133,15162
8773,cr1_1097p_00006.cbf,481,599,239,369,118,130,15340
8774,cr1_1097p_00007.cbf,472,611,230,378,139,148,20572
8775,cr1_1097p_00008.cbf,473,613,231,377,140,146,20440
8776,cr1_1098p_00001.cbf,482,600,240,370,118,130,15340
8777,cr1_1098p_00002.cbf,482,600,240,370,118,130,15340
8778,cr1_1098p_00003.cbf,484,599,238,370,115,132,15180
8779,cr1_1098p_00004.cbf,470,605,230,381,135,151,20385
8780,cr1_1098p_00005.cbf,481,595,238,368,114,130,14820
8781,cr1_1098p_00006.cbf,483,600,238,369,117,131,15327
8782,cr1_1098p_00007.cbf,482,598,239,369,116,130,15080
8783,cr1_1098p_00008.cbf,484,599,240,370,115,130,14950
8784,cr1_1099p_00001.cbf,482,600,241,368,118,127,14986
8785,cr1_1099p_00002.cbf,483,598,239,369,115,130,14950
8786,cr1_1099p_00003.cbf,469,609,233,377,140,144,20160
8787,cr1_1099p_00004.cbf,483,599,240,369,116,129,14964
8788,cr1_1099p_00005.cbf,472,607,230,381,135,151,20385
8789,cr1_1099p_00006.cbf,481,596,238,369,115,131,15065
8790,cr1_1099p_00007.cbf,475,608,230,382,133,152,20216
8791,cr1_1099p_00008.cbf,485,599,240,369,114,129,14706
8792,cr1_1100p_00001.cbf,482,601,241,371,119,130,15470
8793,cr1_1100p_00002.cbf,475,614,232,378,139,146,20294
8794,cr1_1100p_00003.cbf,482,599,240,368,117,128,14976
8795,cr1_1100p_00004.cbf,484,599,237,370,115,133,15295
8796,cr1_1100p_00005.cbf,483,600,238,369,117,131,15327
8797,cr1_1100p_00006.cbf,484,598,240,370,114,130,14820
8798,cr1_1100p_00007.cbf,470,607,229,378,137,149,20413
8799,cr1_1100p_00008.cbf,476,609,227,380,133,153,20349
8800,cr1_1101p_00001.cbf,483,600,240,371,117,131,15327
8801,cr1_1101p_00002.cbf,484,599,239,369,115,130,14950
8802,cr1_1101p_00003.cbf,472,607,230,381,135,151,20385
8803,cr1_1101p_00004.cbf,482,597,238,368,115,130,14950
8804,cr1_1101p_00005.cbf,486,597,237,368,111,131,14541
8805,cr1_1101p_00006.cbf,473,608,231,380,135,149,20115
8806,cr1_1101p_00007.cbf,484,598,238,369,114,131,14934
8807,cr1_1101p_00008.cbf,475,608,232,381,133,149,19817
8808,cr1_1102p_00001.cbf,482,600,241,370,118,129,15222
8809,cr1_1102p_00002.cbf,482,598,240,370,116,130,15080
8810,cr1_1102p_00003.cbf,485,599,240,370,114,130,14820
8811,cr1_1102p_00004.cbf,485,597,237,371,112,134,15008
8812,cr1_1102p_00005.cbf,482,596,237,371,114,134,15276
8813,cr1_1102p_00006.cbf,485,596,241,369,111,128,14208
8814,cr1_1102p_00007.cbf,482,599,240,369,117,129,15093
8815,cr1_1102p_00008.cbf,484,599,239,369,115,130,14950
8816,cr1_1103p_00001.cbf,482,599,238,370,117,132,15444
8817,cr1_1103p_00002.cbf,477,607,234,384,130,150,19500
8818,cr1_1103p_00003.cbf,482,599,241,371,117,130,15210
8819,cr1_1103p_00004.cbf,483,601,239,370,118,131,15458
8820,cr1_1103p_00005.cbf,484,601,237,370,117,133,15561
8821,cr1_1103p_00006.cbf,485,597,238,371,112,133,14896
8822,cr1_1103p_00007.cbf,472,607,232,382,135,150,20250
8823,cr1_1103p_00008.cbf,481,597,240,370,116,130,15080
8824,cr1_1104p_00001.cbf,470,610,232,378,140,146,20440
8825,cr1_1104p_00002.cbf,473,608,232,380,135,148,19980
8826,cr1_1104p_00003.cbf,469,609,232,378,140,146,20440
8827,cr1_1104p_00004.cbf,483,598,241,370,115,129,14835
8828,cr1_1104p_00005.cbf,473,606,228,379,133,151,20083
8829,cr1_1104p_00006.cbf,475,607,228,382,132,154,20328
8830,cr1_1104p_00007.cbf,473,610,230,380,137,150,20550
8831,cr1_1104p_00008.cbf,484,598,240,370,114,130,14820
8832,cr1_1105p_00001.cbf,474,610,231,382,136,151,20536
8833,cr1_1105p_00002.cbf,485,599,241,369,114,128,14592
8834,cr1_1105p_00003.cbf,473,609,232,382,136,150,20400
8835,cr1_1105p_00004.cbf,485,599,238,370,114,132,15048
8836,cr1_1105p_00005.cbf,483,596,237,369,113,132,14916
8837,cr1_1105p_00006.cbf,471,607,226,377,136,151,20536
8838,cr1_1105p_00007.cbf,481,599,239,370,118,131,15458
8839,cr1_1105p_00008.cbf,484,598,240,368,114,128,14592
8840,cr1_1106p_00001.cbf,482,601,241,368,119,127,15113
8841,cr1_1106p_00002.cbf,471,609,232,380,138,148,20424
8842,cr1_1106p_00003.cbf,474,607,229,382,133,153,20349
8843,cr1_1106p_00004.cbf,473,608,232,377,135,145,19575
8844,cr1_1106p_00005.cbf,484,597,239,369,113,130,14690
8845,cr1_1106p_00006.cbf,482,597,236,369,115,133,15295
8846,cr1_1106p_00007.cbf,484,597,240,369,113,129,14577
8847,cr1_1106p_00008.cbf,482,600,238,369,118,131,15458
8848,cr1_1107p_00001.cbf,481,601,239,369,120,130,15600
8849,cr1_1107p_00002.cbf,482,599,240,371,117,131,15327
8850,cr1_1107p_00003.cbf,481,599,239,368,118,129,15222
8851,cr1_1107p_00004.cbf,483,599,240,369,116,129,14964
8852,cr1_1107p_00005.cbf,475,604,227,379,129,152,19608
8853,cr1_1107p_00006.cbf,483,597,239,368,114,129,14706
8854,cr1_1107p_00007.cbf,483,598,240,368,115,128,14720
8855,cr1_1107p_00008.cbf,481,600,240,368,119,128,15232
8856,cr1_1108p_00001.cbf,482,600,242,370,118,128,15104
8857,cr1_1108p_00002.cbf,483,601,240,371,118,131,15458
8858,cr1_1108p_00003.cbf,481,602,241,373,121,132,15972
8859,cr1_1108p_00004.cbf,480,600,238,370,120,132,15840
8860,cr1_1108p_00005.cbf,473,611,229,378,138,149,20562
8861,cr1_1108p_00006.cbf,480,598,238,371,118,133,15694
8862,cr1_1108p_00007.cbf,482,600,238,370,118,132,15576
8863,cr1_1108p_00008.cbf,483,599,237,369,116,132,15312
8864,cr1_1109p_00001.cbf,481,600,240,370,119,130,15470
8865,cr1_1109p_00002.cbf,480,603,240,371,123,131,16113
8866,cr1_1109p_00003.cbf,483,600,238,370,117,132,15444
8867,cr1_1109p_00004.cbf,483,603,238,370,120,132,15840
8868,cr1_1109p_00005.cbf,482,597,237,369,115,132,15180
8869,cr1_1109p_00006.cbf,482,600,235,368,118,133,15694
8870,cr1_1109p_00007.cbf,482,598,239,371,116,132,15312
8871,cr1_1109p_00008.cbf,482,599,239,371,117,132,15444
8872,cr1_1110p_00001.cbf,482,602,237,371,120,134,16080
8873,cr1_1110p_00002.cbf,473,611,230,378,138,148,20424
8874,cr1_1110p_00003.cbf,481,600,238,372,119,134,15946
8875,cr1_1110p_00004.cbf,482,595,238,372,113,134,15142
8876,cr1_1110p_00005.cbf,483,598,239,368,115,129,14835
8877,cr1_1110p_00006.cbf,472,610,230,379,138,149,20562
8878,cr1_1110p_00007.cbf,482,598,240,371,116,131,15196
8879,cr1_1110p_00008.cbf,483,599,240,369,116,129,14964
8880,cr1_1111p_00001.cbf,483,601,239,369,118,130,15340
8881,cr1_1111p_00002.cbf,484,600,241,372,116,131,15196
8882,cr1_1111p_00003.cbf,483,601,239,372,118,133,15694
8883,cr1_1111p_00004.cbf,479,598,238,371,119,133,15827
8884,cr1_1111p_00005.cbf,483,599,238,368,116,130,15080
8885,cr1_1111p_00006.cbf,483,598,236,371,115,135,15525
8886,cr1_1111p_00007.cbf,483,600,237,373,117,136,15912
8887,cr1_1111p_00008.cbf,483,601,238,370,118,132,15576
8888,cr1_1112p_00001.cbf,482,601,239,372,119,133,15827
8889,cr1_1112p_00002.cbf,480,602,240,369,122,129,15738
8890,cr1_1112p_00003.cbf,483,598,240,370,115,130,14950
8891,cr1_1112p_00004.cbf,482,599,239,372,117,133,15561
8892,cr1_1112p_00005.cbf,482,600,238,371,118,133,15694
8893,cr1_1112p_00006.cbf,483,598,239,369,115,130,14950
8894,cr1_1112p_00007.cbf,483,599,239,371,116,132,15312
8895,cr1_1112p_00008.cbf,481,600,239,369,119,130,15470
8896,cr1_1113p_00001.cbf,483,598,239,372,115,133,15295
8897,cr1_1113p_00002.cbf,480,599,240,371,119,131,15589
8898,cr1_1113p_00003.cbf,483,599,240,371,116,131,15196
8899,cr1_1113p_00004.cbf,474,610,231,381,136,150,20400
8900,cr1_1113p_00005.cbf,481,598,236,370,117,134,15678
8901,cr1_1113p_00006.cbf,475,606,227,382,131,155,20305
8902,cr1_1113p_00007.cbf,482,596,236,371,114,135,15390
8903,cr1_1113p_00008.cbf,482,601,238,372,119,134,15946
8904,cr1_1114p_00001.cbf,482,601,238,369,119,131,15589
8905,cr1_1114p_00002.cbf,483,601,239,370,118,131,15458
8906,cr1_1114p_00003.cbf,484,601,241,371,117,130,15210
8907,cr1_1114p_00004.cbf,482,598,238,370,116,132,15312
8908,cr1_1114p_00005.cbf,481,598,238,370,117,132,15444
8909,cr1_1114p_00006.cbf,475,610,233,383,135,150,20250
8910,cr1_1114p_00007.cbf,482,600,238,369,118,131,15458
8911,cr1_1114p_00008.cbf,483,598,238,372,115,134,15410
8912,cr1_1115p_00001.cbf,481,602,238,369,121,131,15851
8913,cr1_1115p_00002.cbf,482,598,241,370,116,129,14964
8914,cr1_1115p_00003.cbf,483,599,239,370,116,131,15196
8915,cr1_1115p_00004.cbf,483,599,239,372,116,133,15428
8916,cr1_1115p_00005.cbf,483,600,238,371,117,133,15561
8917,cr1_1115p_00006.cbf,481,598,238,369,117,131,15327
8918,cr1_1115p_00007.cbf,484,596,237,369,112,132,14784
8919,cr1_1115p_00008.cbf,481,601,237,369,120,132,15840
8920,cr1_1116p_00001.cbf,483,600,239,370,117,131,15327
8921,cr1_1116p_00002.cbf,483,603,239,370,120,131,15720
8922,cr1_1116p_00003.cbf,483,598,240,369,115,129,14835
8923,cr1_1116p_00004.cbf,484,598,239,370,114,131,14934
8924,cr1_1116p_00005.cbf,484,600,237,369,116,132,15312
8925,cr1_1116p_00006.cbf,479,601,238,369,122,131,15982
8926,cr1_1116p_00007.cbf,483,601,240,369,118,129,15222
8927,cr1_1116p_00008.cbf,478,600,237,369,122,132,16104
8928,cr1_1117p_00001.cbf,484,602,240,371,118,131,15458
8929,cr1_1117p_00002.cbf,483,600,238,369,117,131,15327
8930,cr1_1117p_00003.cbf,475,609,231,383,134,152,20368
8931,cr1_1117p_00004.cbf,482,602,240,370,120,130,15600
8932,cr1_1117p_00005.cbf,480,599,238,370,119,132,15708
8933,cr1_1117p_00006.cbf,483,599,238,369,116,131,15196
8934,cr1_1117p_00007.cbf,484,599,239,372,115,133,15295
8935,cr1_1117p_00008.cbf,474,612,230,377,138,147,20286
8936,cr1_1118p_00001.cbf,482,601,239,370,119,131,15589
8937,cr1_1118p_00002.cbf,483,600,240,370,117,130,15210
8938,cr1_1118p_00003.cbf,483,598,238,371,115,133,15295
8939,cr1_1118p_00004.cbf,484,599,238,368,115,130,14950
8940,cr1_1118p_00005.cbf,473,607,228,379,134,151,20234
8941,cr1_1118p_00006.cbf,482,599,235,370,117,135,15795
8942,cr1_1118p_00007.cbf,483,599,240,369,116,129,14964
8943,cr1_1118p_00008.cbf,484,600,240,370,116,130,15080
8944,cr1_1119p_00001.cbf,482,599,240,370,117,130,15210
8945,cr1_1119p_00002.cbf,482,598,239,370,116,131,15196
8946,cr1_1119p_00003.cbf,481,600,237,369,119,132,15708
8947,cr1_1119p_00004.cbf,482,599,238,370,117,132,15444
8948,cr1_1119p_00005.cbf,482,596,238,372,114,134,15276
8949,cr1_1119p_00006.cbf,482,597,240,370,115,130,14950
8950,cr1_1119p_00007.cbf,483,599,239,370,116,131,15196
8951,cr1_1119p_00008.cbf,481,602,240,371,121,131,15851
8952,cr1_1120p_00001.cbf,484,597,241,369,113,128,14464
8953,cr1_1120p_00002.cbf,485,598,241,374,113,133,15029
8954,cr1_1120p_00003.cbf,479,599,241,374,120,133,15960
8955,cr1_1120p_00004.cbf,484,597,239,371,113,132,14916
8956,cr1_1120p_00005.cbf,477,606,227,381,129,154,19866
8957,cr1_1120p_00006.cbf,482,599,238,370,117,132,15444
8958,cr1_1120p_00007.cbf,473,607,226,378,134,152,20368
8959,cr1_1120p_00008.cbf,482,599,240,371,117,131,15327
8960,cr1_1121p_00001.cbf,483,600,240,371,117,131,15327
8961,cr1_1121p_00002.cbf,472,610,233,379,138,146,20148
8962,cr1_1121p_00003.cbf,483,598,240,372,115,132,15180
8963,cr1_1121p_00004.cbf,482,600,238,371,118,133,15694
8964,cr1_1121p_00005.cbf,483,597,236,370,114,134,15276
8965,cr1_1121p_00006.cbf,482,597,239,369,115,130,14950
8966,cr1_1121p_00007.cbf,483,599,240,370,116,130,15080
8967,cr1_1121p_00008.cbf,485,598,238,370,113,132,14916
8968,cr1_1122p_00001.cbf,483,599,239,371,116,132,15312
8969,cr1_1122p_00002.cbf,481,598,240,370,117,130,15210
8970,cr1_1122p_00003.cbf,482,597,241,370,115,129,14835
8971,cr1_1122p_00004.cbf,482,599,239,371,117,132,15444
8972,cr1_1122p_00005.cbf,482,598,238,368,116,130,15080
8973,cr1_1122p_00006.cbf,484,598,238,369,114,131,14934
8974,cr1_1122p_00007.cbf,482,599,238,371,117,133,15561
8975,cr1_1122p_00008.cbf,482,600,240,371,118,131,15458
8976,cr1_1123p_00001.cbf,484,599,240,371,115,131,15065
8977,cr1_1123p_00002.cbf,481,598,242,371,117,129,15093
8978,cr1_1123p_00003.cbf,485,597,239,372,112,133,14896
8979,cr1_1123p_00004.cbf,481,599,239,369,118,130,15340
8980,cr1_1123p_00005.cbf,481,595,237,371,114,134,15276
8981,cr1_1123p_00006.cbf,484,596,238,370,112,132,14784
8982,cr1_1123p_00007.cbf,483,598,239,368,115,129,14835
8983,cr1_1123p_00008.cbf,483,600,240,371,117,131,15327
8984,cr1_1124p_00001.cbf,484,598,241,372,114,131,14934
8985,cr1_1124p_00002.cbf,483,598,240,371,115,131,15065
8986,cr1_1124p_00003.cbf,482,600,242,372,118,130,15340
8987,cr1_1124p_00004.cbf,482,596,239,368,114,129,14706
8988,cr1_1124p_00005.cbf,485,596,238,372,111,134,14874
8989,cr1_1124p_00006.cbf,475,609,230,380,134,150,20100
8990,cr1_1124p_00007.cbf,482,598,239,371,116,132,15312
8991,cr1_1124p_00008.cbf,484,599,239,371,115,132,15180
8992,cr1_1125p_00001.cbf,484,598,242,369,114,127,14478
8993,cr1_1125p_00002.cbf,482,598,240,373,116,133,15428
8994,cr1_1125p_00003.cbf,482,598,241,370,116,129,14964
8995,cr1_1125p_00004.cbf,483,597,241,372,114,131,14934
8996,cr1_1125p_00005.cbf,485,597,238,372,112,134,15008
8997,cr1_1125p_00006.cbf,485,596,239,372,111,133,14763
8998,cr1_1125p_00007.cbf,482,597,241,371,115,130,14950
8999,cr1_1125p_00008.cbf,482,599,240,370,117,130,15210
9000,cr1_1126p_00001.cbf,484,599,240,373,115,133,15295
9001,cr1_1126p_00002.cbf,485,600,243,371,115,128,14720
9002,cr1_1126p_00003.cbf,484,600,240,371,116,131,15196
9003,cr1_1126p_00004.cbf,473,608,231,381,135,150,20250
9004,cr1_1126p_00005.cbf,485,595,238,371,110,133,14630
9005,cr1_1126p_00006.cbf,484,594,239,372,110,133,14630
9006,cr1_1126p_00007.cbf,483,596,241,369,113,128,14464
9007,cr1_1126p_00008.cbf,484,600,241,370,116,129,14964
9008,cr1_1127p_00001.cbf,474,611,235,381,137,146,20002
9009,cr1_1127p_00002.cbf,482,599,241,372,117,131,15327
9010,cr1_1127p_00003.cbf,471,607,234,381,136,147,19992
9011,cr1_1127p_00004.cbf,471,607,227,377,136,150,20400
9012,cr1_1127p_00005.cbf,482,595,238,371,113,133,15029
9013,cr1_1127p_00006.cbf,486,597,240,370,111,130,14430
9014,cr1_1127p_00007.cbf,471,607,231,382,136,151,20536
9015,cr1_1127p_00008.cbf,483,598,241,372,115,131,15065
9016,cr1_1128p_00001.cbf,483,598,241,371,115,130,14950
9017,cr1_1128p_00002.cbf,484,597,240,372,113,132,14916
9018,cr1_1128p_00003.cbf,484,599,240,371,115,131,15065
9019,cr1_1128p_00004.cbf,483,597,241,370,114,129,14706
9020,cr1_1128p_00005.cbf,484,596,239,370,112,131,14672
9021,cr1_1128p_00006.cbf,485,594,238,372,109,134,14606
9022,cr1_1128p_00007.cbf,475,608,227,380,133,153,20349
9023,cr1_1128p_00008.cbf,485,597,239,373,112,134,15008
9024,cr1_1129p_00001.cbf,475,611,233,379,136,146,19856
9025,cr1_1129p_00002.cbf,483,598,241,369,115,128,14720
9026,cr1_1129p_00003.cbf,471,609,233,382,138,149,20562
9027,cr1_1129p_00004.cbf,474,602,229,380,128,151,19328
9028,cr1_1129p_00005.cbf,484,595,236,370,111,134,14874
9029,cr1_1129p_00006.cbf,474,606,230,384,132,154,20328
9030,cr1_1129p_00007.cbf,483,596,240,373,113,133,15029
9031,cr1_1129p_00008.cbf,472,609,232,382,137,150,20550
9032,cr1_1130p_00001.cbf,472,610,233,382,138,149,20562
9033,cr1_1130p_00002.cbf,483,595,240,370,112,130,14560
9034,cr1_1130p_00003.cbf,483,597,242,372,114,130,14820
9035,cr1_1130p_00004.cbf,474,603,229,382,129,153,19737
9036,cr1_1130p_00005.cbf,475,604,230,378,129,148,19092
9037,cr1_1130p_00006.cbf,486,597,239,372,111,133,14763
9038,cr1_1130p_00007.cbf,484,597,239,371,113,132,14916
9039,cr1_1130p_00008.cbf,484,599,241,370,115,129,14835
9040,cr1_1131p_00001.cbf,484,601,242,371,117,129,15093
9041,cr1_1131p_00002.cbf,483,601,244,369,118,125,14750
9042,cr1_1131p_00003.cbf,483,596,240,370,113,130,14690
9043,cr1_1131p_00004.cbf,469,606,233,381,137,148,20276
9044,cr1_1131p_00005.cbf,486,596,238,370,110,132,14520
9045,cr1_1131p_00006.cbf,485,595,237,371,110,134,14740
9046,cr1_1131p_00007.cbf,484,595,241,369,111,128,14208
9047,cr1_1131p_00008.cbf,484,597,239,369,113,130,14690
9048,cr1_1132p_00001.cbf,482,598,240,371,116,131,15196
9049,cr1_1132p_00002.cbf,481,599,241,373,118,132,15576
9050,cr1_1132p_00003.cbf,484,599,240,369,115,129,14835
9051,cr1_1132p_00004.cbf,485,598,241,372,113,131,14803
9052,cr1_1132p_00005.cbf,476,607,230,381,131,151,19781
9053,cr1_1132p_00006.cbf,483,595,238,371,112,133,14896
9054,cr1_1132p_00007.cbf,483,595,240,369,112,129,14448
9055,cr1_1132p_00008.cbf,482,598,237,369,116,132,15312
9056,cr1_1133p_00001.cbf,482,597,239,373,115,134,15410
9057,cr1_1133p_00002.cbf,481,600,240,369,119,129,15351
9058,cr1_1133p_00003.cbf,482,597,240,370,115,130,14950
9059,cr1_1133p_00004.cbf,484,595,239,370,111,131,14541
9060,cr1_1133p_00005.cbf,473,611,231,379,138,148,20424
9061,cr1_1133p_00006.cbf,472,606,232,378,134,146,19564
9062,cr1_1133p_00007.cbf,486,599,240,370,113,130,14690
9063,cr1_1133p_00008.cbf,485,598,241,371,113,130,14690
9064,cr1_1134p_00001.cbf,484,598,241,369,114,128,14592
9065,cr1_1134p_00002.cbf,474,610,231,382,136,151,20536
9066,cr1_1134p_00003.cbf,473,610,232,379,137,147,20139
9067,cr1_1134p_00004.cbf,484,595,240,368,111,128,14208
9068,cr1_1134p_00005.cbf,482,595,237,370,113,133,15029
9069,cr1_1134p_00006.cbf,484,596,240,370,112,130,14560
9070,cr1_1134p_00007.cbf,474,608,232,380,134,148,19832
9071,cr1_1134p_00008.cbf,483,599,240,370,116,130,15080
9072,cr1_1135p_00001.cbf,483,598,241,370,115,129,14835
9073,cr1_1135p_00002.cbf,473,606,230,382,133,152,20216
9074,cr1_1135p_00003.cbf,469,611,234,379,142,145,20590
9075,cr1_1135p_00004.cbf,482,596,240,369,114,129,14706
9076,cr1_1135p_00005.cbf,484,596,239,370,112,131,14672
9077,cr1_1135p_00006.cbf,475,609,229,379,134,150,20100
9078,cr1_1135p_00007.cbf,483,597,238,371,114,133,15162
9079,cr1_1135p_00008.cbf,472,609,229,377,137,148,20276
9080,cr1_1136p_00001.cbf,485,599,240,370,114,130,14820
9081,cr1_1136p_00002.cbf,471,607,232,383,136,151,20536
9082,cr1_1136p_00003.cbf,483,595,241,371,112,130,14560
9083,cr1_1136p_00004.cbf,473,605,232,386,132,154,20328
9084,cr1_1136p_00005.cbf,472,604,230,384,132,154,20328
9085,cr1_1136p_00006.cbf,472,605,230,380,133,150,19950
9086,cr1_1136p_00007.cbf,485,598,240,369,113,129,14577
9087,cr1_1136p_00008.cbf,486,598,241,369,112,128,14336
9088,cr1_1137p_00001.cbf,485,598,239,371,113,132,14916
9089,cr1_1137p_00002.cbf,484,598,242,370,114,128,14592
9090,cr1_1137p_00003.cbf,484,599,241,371,115,130,14950
9091,cr1_1137p_00004.cbf,486,596,240,369,110,129,14190
9092,cr1_1137p_00005.cbf,484,598,239,368,114,129,14706
9093,cr1_1137p_00006.cbf,484,598,238,368,114,130,14820
9094,cr1_1137p_00007.cbf,484,599,241,369,115,128,14720
9095,cr1_1137p_00008.cbf,480,597,240,369,117,129,15093
9096,cr1_1138p_00001.cbf,475,610,229,379,135,150,20250
9097,cr1_1138p_00002.cbf,476,607,229,381,131,152,19912
9098,cr1_1138p_00003.cbf,482,595,242,370,113,128,14464
9099,cr1_1138p_00004.cbf,484,597,240,370,113,130,14690
9100,cr1_1138p_00005.cbf,471,605,231,382,134,151,20234
9101,cr1_1138p_00006.cbf,474,608,235,383,134,148,19832
9102,cr1_1138p_00007.cbf,472,607,231,380,135,149,20115
9103,cr1_1138p_00008.cbf,481,600,241,370,119,129,15351
9104,cr1_1139p_00001.cbf,484,598,239,371,114,132,15048
9105,cr1_1139p_00002.cbf,483,599,241,368,116,127,14732
9106,cr1_1139p_00003.cbf,473,613,234,380,140,146,20440
9107,cr1_1139p_00004.cbf,473,610,233,378,137,145,19865
9108,cr1_1139p_00005.cbf,472,604,228,377,132,149,19668
9109,cr1_1139p_00006.cbf,476,604,226,381,128,155,19840
9110,cr1_1139p_00007.cbf,473,611,228,377,138,149,20562
9111,cr1_1139p_00008.cbf,480,598,239,368,118,129,15222
9112,cr1_1140p_00001.cbf,471,603,232,378,132,146,19272
9113,cr1_1140p_00002.cbf,484,597,240,370,113,130,14690
9114,cr1_1140p_00003.cbf,475,604,232,381,129,149,19221
9115,cr1_1140p_00004.cbf,469,606,233,379,137,146,20002
9116,cr1_1140p_00005.cbf,485,597,238,368,112,130,14560
9117,cr1_1140p_00006.cbf,471,610,234,379,139,145,20155
9118,cr1_1140p_00007.cbf,469,604,230,379,135,149,20115
9119,cr1_1140p_00008.cbf,485,598,238,368,113,130,14690
9120,cr1_1141p_00001.cbf,480,599,240,369,119,129,15351
9121,cr1_1141p_00002.cbf,476,612,233,379,136,146,19856
9122,cr1_1141p_00003.cbf,475,609,233,384,134,151,20234
9123,cr1_1141p_00004.cbf,482,596,239,371,114,132,15048
9124,cr1_1141p_00005.cbf,483,599,236,370,116,134,15544
9125,cr1_1141p_00006.cbf,483,597,239,371,114,132,15048
9126,cr1_1141p_00007.cbf,480,599,237,369,119,132,15708
9127,cr1_1141p_00008.cbf,482,602,238,370,120,132,15840
9128,cr1_1142p_00001.cbf,482,600,239,370,118,131,15458
9129,cr1_1142p_00002.cbf,481,601,239,370,120,131,15720
9130,cr1_1142p_00003.cbf,481,601,240,371,120,131,15720
9131,cr1_1142p_00004.cbf,482,597,241,370,115,129,14835
9132,cr1_1142p_00005.cbf,483,598,237,372,115,135,15525
9133,cr1_1142p_00006.cbf,472,608,229,380,136,151,20536
9134,cr1_1142p_00007.cbf,481,598,240,370,117,130,15210
9135,cr1_1142p_00008.cbf,480,600,238,369,120,131,15720
9136,cr1_1143p_00001.cbf,482,598,240,370,116,130,15080
9137,cr1_1143p_00002.cbf,471,610,231,379,139,148,20572
9138,cr1_1143p_00003.cbf,483,599,238,370,116,132,15312
9139,cr1_1143p_00004.cbf,483,600,237,369,117,132,15444
9140,cr1_1143p_00005.cbf,482,596,237,369,114,132,15048
9141,cr1_1143p_00006.cbf,484,597,238,368,113,130,14690
9142,cr1_1143p_00007.cbf,483,598,239,372,115,133,15295
9143,cr1_1143p_00008.cbf,484,600,239,371,116,132,15312
9144,cr1_1144p_00001.cbf,480,600,236,373,120,137,16440
9145,cr1_1144p_00002.cbf,481,603,240,369,122,129,15738
9146,cr1_1144p_00003.cbf,482,600,238,370,118,132,15576
9147,cr1_1144p_00004.cbf,482,597,238,370,115,132,15180
9148,cr1_1144p_00005.cbf,483,596,237,369,113,132,14916
9149,cr1_1144p_00006.cbf,483,595,239,371,112,132,14784
9150,cr1_1144p_00007.cbf,481,597,238,371,116,133,15428
9151,cr1_1144p_00008.cbf,482,601,238,368,119,130,15470
9152,cr1_1145p_00001.cbf,482,601,239,370,119,131,15589
9153,cr1_1145p_00002.cbf,480,600,238,371,120,133,15960
9154,cr1_1145p_00003.cbf,474,609,231,378,135,147,19845
9155,cr1_1145p_00004.cbf,481,601,239,372,120,133,15960
9156,cr1_1145p_00005.cbf,483,598,237,372,115,135,15525
9157,cr1_1145p_00006.cbf,483,597,239,371,114,132,15048
9158,cr1_1145p_00007.cbf,481,598,241,371,117,130,15210
9159,cr1_1145p_00008.cbf,481,598,238,370,117,132,15444
9160,cr1_1146p_00001.cbf,478,600,238,369,122,131,15982
9161,cr1_1146p_00002.cbf,482,601,240,370,119,130,15470
9162,cr1_1146p_00003.cbf,478,601,239,373,123,134,16482
9163,cr1_1146p_00004.cbf,484,598,236,370,114,134,15276
9164,cr1_1146p_00005.cbf,484,596,237,369,112,132,14784
9165,cr1_1146p_00006.cbf,483,597,240,368,114,128,14592
9166,cr1_1146p_00007.cbf,485,598,237,370,113,133,15029
9167,cr1_1146p_00008.cbf,480,599,239,370,119,131,15589
9168,cr1_1147p_00001.cbf,481,603,238,372,122,134,16348
9169,cr1_1147p_00002.cbf,481,599,239,371,118,132,15576
9170,cr1_1147p_00003.cbf,482,601,239,371,119,132,15708
9171,cr1_1147p_00004.cbf,482,598,240,370,116,130,15080
9172,cr1_1147p_00005.cbf,484,598,238,369,114,131,14934
9173,cr1_1147p_00006.cbf,482,600,237,371,118,134,15812
9174,cr1_1147p_00007.cbf,470,608,231,378,138,147,20286
9175,cr1_1147p_00008.cbf,482,601,238,369,119,131,15589
9176,cr1_1148p_00001.cbf,471,607,232,381,136,149,20264
9177,cr1_1148p_00002.cbf,481,600,239,369,119,130,15470
9178,cr1_1148p_00003.cbf,484,598,239,371,114,132,15048
9179,cr1_1148p_00004.cbf,482,599,238,372,117,134,15678
9180,cr1_1148p_00005.cbf,481,598,233,367,117,134,15678
9181,cr1_1148p_00006.cbf,484,597,238,370,113,132,14916
9182,cr1_1148p_00007.cbf,482,600,239,370,118,131,15458
9183,cr1_1148p_00008.cbf,482,600,239,369,118,130,15340
9184,cr1_1149p_00001.cbf,482,600,238,373,118,135,15930
9185,cr1_1149p_00002.cbf,484,600,240,371,116,131,15196
9186,cr1_1149p_00003.cbf,483,603,239,372,120,133,15960
9187,cr1_1149p_00004.cbf,481,599,240,371,118,131,15458
9188,cr1_1149p_00005.cbf,484,598,238,368,114,130,14820
9189,cr1_1149p_00006.cbf,481,598,239,371,117,132,15444
9190,cr1_1149p_00007.cbf,483,599,239,369,116,130,15080
9191,cr1_1149p_00008.cbf,481,599,239,370,118,131,15458
9192,cr1_1150p_00001.cbf,481,598,240,370,117,130,15210
9193,cr1_1150p_00002.cbf,481,599,241,370,118,129,15222
9194,cr1_1150p_00003.cbf,482,600,240,373,118,133,15694
9195,cr1_1150p_00004.cbf,481,598,236,373,117,137,16029
9196,cr1_1150p_00005.cbf,481,598,234,369,117,135,15795
9197,cr1_1150p_00006.cbf,475,606,224,380,131,156,20436
9198,cr1_1150p_00007.cbf,483,599,239,370,116,131,15196
9199,cr1_1150p_00008.cbf,483,600,238,370,117,132,15444
9200,cr1_1151p_00001.cbf,481,601,239,371,120,132,15840
9201,cr1_1151p_00002.cbf,482,599,240,370,117,130,15210
9202,cr1_1151p_00003.cbf,483,599,239,370,116,131,15196
9203,cr1_1151p_00004.cbf,484,600,239,371,116,132,15312
9204,cr1_1151p_00005.cbf,474,609,227,379,135,152,20520
9205,cr1_1151p_00006.cbf,484,598,238,369,114,131,14934
9206,cr1_1151p_00007.cbf,483,597,241,370,114,129,14706
9207,cr1_1151p_00008.cbf,482,603,238,370,121,132,15972
9208,cr1_1152p_00001.cbf,482,599,239,371,117,132,15444
9209,cr1_1152p_00002.cbf,481,599,240,370,118,130,15340
9210,cr1_1152p_00003.cbf,482,602,239,371,120,132,15840
9211,cr1_1152p_00004.cbf,480,599,238,369,119,131,15589
9212,cr1_1152p_00005.cbf,483,596,236,373,113,137,15481
9213,cr1_1152p_00006.cbf,483,597,238,370,114,132,15048
9214,cr1_1152p_00007.cbf,481,600,239,370,119,131,15589
9215,cr1_1152p_00008.cbf,483,600,237,370,117,133,15561
9216,cr1_1153p_00001.cbf,482,601,239,369,119,130,15470
9217,cr1_1153p_00002.cbf,482,600,240,370,118,130,15340
9218,cr1_1153p_00003.cbf,482,598,240,369,116,129,14964
9219,cr1_1153p_00004.cbf,481,599,241,369,118,128,15104
9220,cr1_1153p_00005.cbf,484,597,237,368,113,131,14803
9221,cr1_1153p_00006.cbf,484,597,238,370,113,132,14916
9222,cr1_1153p_00007.cbf,483,599,240,370,116,130,15080
9223,cr1_1153p_00008.cbf,474,612,230,378,138,148,20424
9224,cr1_1154p_00001.cbf,484,600,240,370,116,130,15080
9225,cr1_1154p_00002.cbf,480,598,239,371,118,132,15576
9226,cr1_1154p_00003.cbf,482,599,239,372,117,133,15561
9227,cr1_1154p_00004.cbf,482,600,240,369,118,129,15222
9228,cr1_1154p_00005.cbf,471,606,231,378,135,147,19845
9229,cr1_1154p_00006.cbf,482,596,237,370,114,133,15162
9230,cr1_1154p_00007.cbf,482,598,239,370,116,131,15196
9231,cr1_1154p_00008.cbf,484,599,239,371,115,132,15180
9232,cr1_1155p_00001.cbf,484,599,240,375,115,135,15525
9233,cr1_1155p_00002.cbf,481,602,238,371,121,133,16093
9234,cr1_1155p_00003.cbf,483,597,240,371,114,131,14934
9235,cr1_1155p_00004.cbf,482,598,239,370,116,131,15196
9236,cr1_1155p_00005.cbf,483,595,239,369,112,130,14560
9237,cr1_1155p_00006.cbf,482,597,235,369,115,134,15410
9238,cr1_1155p_00007.cbf,482,599,237,368,117,131,15327
9239,cr1_1155p_00008.cbf,483,600,239,369,117,130,15210
9240,cr1_1156p_00001.cbf,482,599,240,369,117,129,15093
9241,cr1_1156p_00002.cbf,473,608,232,380,135,148,19980
9242,cr1_1156p_00003.cbf,481,599,238,372,118,134,15812
9243,cr1_1156p_00004.cbf,482,596,239,370,114,131,14934
9244,cr1_1156p_00005.cbf,481,595,235,370,114,135,15390
9245,cr1_1156p_00006.cbf,480,597,237,370,117,133,15561
9246,cr1_1156p_00007.cbf,483,598,241,371,115,130,14950
9247,cr1_1156p_00008.cbf,483,599,236,371,116,135,15660
9248,cr1_1157p_00001.cbf,483,598,239,372,115,133,15295
9249,cr1_1157p_00002.cbf,483,599,239,373,116,134,15544
9250,cr1_1157p_00003.cbf,482,597,239,369,115,130,14950
9251,cr1_1157p_00004.cbf,483,599,239,372,116,133,15428
9252,cr1_1157p_00005.cbf,473,606,229,379,133,150,19950
9253,cr1_1157p_00006.cbf,474,609,229,380,135,151,20385
9254,cr1_1157p_00007.cbf,482,598,239,368,116,129,14964
9255,cr1_1157p_00008.cbf,479,602,236,371,123,135,16605
9256,cr1_1158p_00001.cbf,482,598,240,373,116,133,15428
9257,cr1_1158p_00002.cbf,482,600,239,370,118,131,15458
9258,cr1_1158p_00003.cbf,474,607,231,383,133,152,20216
9259,cr1_1158p_00004.cbf,484,599,239,370,115,131,15065
9260,cr1_1158p_00005.cbf,485,596,238,370,111,132,14652
9261,cr1_1158p_00006.cbf,483,598,239,371,115,132,15180
9262,cr1_1158p_00007.cbf,481,597,238,371,116,133,15428
9263,cr1_1158p_00008.cbf,482,598,240,370,116,130,15080
9264,cr1_1159p_00001.cbf,481,600,239,371,119,132,15708
9265,cr1_1159p_00002.cbf,483,599,239,371,116,132,15312
9266,cr1_1159p_00003.cbf,483,598,239,372,115,133,15295
9267,cr1_1159p_00004.cbf,483,599,239,369,116,130,15080
9268,cr1_1159p_00005.cbf,473,605,226,378,132,152,20064
9269,cr1_1159p_00006.cbf,483,596,240,369,113,129,14577
9270,cr1_1159p_00007.cbf,484,599,239,370,115,131,15065
9271,cr1_1159p_00008.cbf,482,598,240,370,116,130,15080
9272,cr1_1160p_00001.cbf,475,609,232,383,134,151,20234
9273,cr1_1160p_00002.cbf,483,600,241,371,117,130,15210
9274,cr1_1160p_00003.cbf,473,610,229,379,137,150,20550
9275,cr1_1160p_00004.cbf,484,598,240,369,114,129,14706
9276,cr1_1160p_00005.cbf,483,597,239,370,114,131,14934
9277,cr1_1160p_00006.cbf,482,599,235,370,117,135,15795
9278,cr1_1160p_00007.cbf,482,597,240,370,115,130,14950
9279,cr1_1160p_00008.cbf,484,598,241,371,114,130,14820
9280,cr1_1161p_00001.cbf,482,601,240,370,119,130,15470
9281,cr1_1161p_00002.cbf,483,601,240,371,118,131,15458
9282,cr1_1161p_00003.cbf,484,598,241,371,114,130,14820
9283,cr1_1161p_00004.cbf,482,597,238,370,115,132,15180
9284,cr1_1161p_00005.cbf,483,594,239,369,111,130,14430
9285,cr1_1161p_00006.cbf,483,596,237,369,113,132,14916
9286,cr1_1161p_00007.cbf,483,597,239,370,114,131,14934
9287,cr1_1161p_00008.cbf,480,599,240,370,119,130,15470
9288,cr1_1162p_00001.cbf,472,609,233,383,137,150,20550
9289,cr1_1162p_00002.cbf,473,610,237,383,137,146,20002
9290,cr1_1162p_00003.cbf,469,608,234,382,139,148,20572
9291,cr1_1162p_00004.cbf,475,606,229,381,131,152,19912
9292,cr1_1162p_00005.cbf,485,595,238,368,110,130,14300
9293,cr1_1162p_00006.cbf,484,597,237,369,113,132,14916
9294,cr1_1162p_00007.cbf,470,610,235,381,140,146,20440
9295,cr1_1162p_00008.cbf,483,598,239,369,115,130,14950
9296,cr1_1163p_00001.cbf,483,599,240,371,116,131,15196
9297,cr1_1163p_00002.cbf,485,602,240,371,117,131,15327
9298,cr1_1163p_00003.cbf,485,598,240,370,113,130,14690
9299,cr1_1163p_00004.cbf,482,596,236,372,114,136,15504
9300,cr1_1163p_00005.cbf,483,595,238,368,112,130,14560
9301,cr1_1163p_00006.cbf,474,605,230,381,131,151,19781
9302,cr1_1163p_00007.cbf,483,596,240,369,113,129,14577
9303,cr1_1163p_00008.cbf,483,598,241,368,115,127,14605
9304,cr1_1164p_00001.cbf,483,600,240,371,117,131,15327
9305,cr1_1164p_00002.cbf,482,600,241,370,118,129,15222
9306,cr1_1164p_00003.cbf,485,599,240,370,114,130,14820
9307,cr1_1164p_00004.cbf,482,598,240,371,116,131,15196
9308,cr1_1164p_00005.cbf,483,597,238,369,114,131,14934
9309,cr1_1164p_00006.cbf,485,596,239,367,111,128,14208
9310,cr1_1164p_00007.cbf,485,599,240,372,114,132,15048
9311,cr1_1164p_00008.cbf,480,598,240,370,118,130,15340
9312,cr1_1165p_00001.cbf,482,601,240,370,119,130,15470
9313,cr1_1165p_00002.cbf,483,599,239,370,116,131,15196
9314,cr1_1165p_00003.cbf,475,610,231,383,135,152,20520
9315,cr1_1165p_00004.cbf,470,603,232,381,133,149,19817
9316,cr1_1165p_00005.cbf,484,597,238,371,113,133,15029
9317,cr1_1165p_00006.cbf,484,596,240,371,112,131,14672
9318,cr1_1165p_00007.cbf,483,598,237,372,115,135,15525
9319,cr1_1165p_00008.cbf,483,600,239,372,117,133,15561
9320,cr1_1166p_00001.cbf,485,601,241,371,116,130,15080
9321,cr1_1166p_00002.cbf,476,608,229,380,132,151,19932
9322,cr1_1166p_00003.cbf,485,598,240,372,113,132,14916
9323,cr1_1166p_00004.cbf,482,596,240,371,114,131,14934
9324,cr1_1166p_00005.cbf,483,599,237,368,116,131,15196
9325,cr1_1166p_00006.cbf,484,594,238,371,110,133,14630
9326,cr1_1166p_00007.cbf,483,597,239,373,114,134,15276
9327,cr1_1166p_00008.cbf,484,599,240,372,115,132,15180
9328,cr1_1167p_00001.cbf,484,598,240,372,114,132,15048
9329,cr1_1167p_00002.cbf,483,599,240,371,116,131,15196
9330,cr1_1167p_00003.cbf,480,599,242,371,119,129,15351
9331,cr1_1167p_00004.cbf,483,596,240,369,113,129,14577
9332,cr1_1167p_00005.cbf,473,602,227,383,129,156,20124
9333,cr1_1167p_00006.cbf,475,607,231,383,132,152,20064
9334,cr1_1167p_00007.cbf,474,605,229,380,131,151,19781
9335,cr1_1167p_00008.cbf,481,597,238,369,116,131,15196
9336,cr1_1168p_00001.cbf,483,599,241,369,116,128,14848
9337,cr1_1168p_00002.cbf,484,599,241,371,115,130,14950
9338,cr1_1168p_00003.cbf,483,598,240,372,115,132,15180
9339,cr1_1168p_00004.cbf,481,595,240,371,114,131,14934
9340,cr1_1168p_00005.cbf,485,599,239,368,114,129,14706
9341,cr1_1168p_00006.cbf,482,594,240,369,112,129,14448
9342,cr1_1168p_00007.cbf,483,598,239,370,115,131,15065
9343,cr1_1168p_00008.cbf,482,599,240,369,117,129,15093
9344,cr1_1169p_00001.cbf,484,599,239,368,115,129,14835
9345,cr1_1169p_00002.cbf,482,599,239,371,117,132,15444
9346,cr1_1169p_00003.cbf,481,599,241,373,118,132,15576
9347,cr1_1169p_00004.cbf,482,598,241,369,116,128,14848
9348,cr1_1169p_00005.cbf,484,597,239,368,113,129,14577
9349,cr1_1169p_00006.cbf,483,597,240,371,114,131,14934
9350,cr1_1169p_00007.cbf,483,597,240,370,114,130,14820
9351,cr1_1169p_00008.cbf,482,598,240,371,116,131,15196
9352,cr1_1170p_00001.cbf,482,600,242,371,118,129,15222
9353,cr1_1170p_00002.cbf,484,597,240,370,113,130,14690
9354,cr1_1170p_00003.cbf,482,599,240,371,117,131,15327
9355,cr1_1170p_00004.cbf,481,601,237,369,120,132,15840
9356,cr1_1170p_00005.cbf,468,608,230,375,140,145,20300
9357,cr1_1170p_00006.cbf,482,596,240,369,114,129,14706
9358,cr1_1170p_00007.cbf,484,599,239,368,115,129,14835
9359,cr1_1170p_00008.cbf,484,601,240,369,117,129,15093
9360,cr1_1171p_00001.cbf,481,599,241,370,118,129,15222
9361,cr1_1171p_00002.cbf,474,610,234,384,136,150,20400
9362,cr1_1171p_00003.cbf,483,597,240,371,114,131,14934
9363,cr1_1171p_00004.cbf,485,596,239,369,111,130,14430
9364,cr1_1171p_00005.cbf,483,596,236,369,113,133,15029
9365,cr1_1171p_00006.cbf,473,609,229,379,136,150,20400
9366,cr1_1171p_00007.cbf,471,606,230,376,135,146,19710
9367,cr1_1171p_00008.cbf,484,596,241,372,112,131,14672
9368,cr1_1172p_00001.cbf,471,610,233,378,139,145,20155
9369,cr1_1172p_00002.cbf,473,608,230,379,135,149,20115
9370,cr1_1172p_00003.cbf,483,598,241,370,115,129,14835
9371,cr1_1172p_00004.cbf,474,606,232,381,132,149,19668
9372,cr1_1172p_00005.cbf,483,597,240,367,114,127,14478
9373,cr1_1172p_00006.cbf,475,608,227,379,133,152,20216
9374,cr1_1172p_00007.cbf,475,606,230,380,131,150,19650
9375,cr1_1172p_00008.cbf,485,598,241,370,113,129,14577
9376,cr1_1173p_00001.cbf,474,612,231,379,138,148,20424
9377,cr1_1173p_00002.cbf,483,599,240,370,116,130,15080
9378,cr1_1173p_00003.cbf,473,606,234,385,133,151,20083
9379,cr1_1173p_00004.cbf,473,605,231,380,132,149,19668
9380,cr1_1173p_00005.cbf,474,606,228,376,132,148,19536
9381,cr1_1173p_00006.cbf,485,598,238,370,113,132,14916
9382,cr1_1173p_00007.cbf,477,608,232,379,131,147,19257
9383,cr1_1173p_00008.cbf,484,597,239,369,113,130,14690
9384,cr1_1174p_00001.cbf,483,599,242,369,116,127,14732
9385,cr1_1174p_00002.cbf,476,608,232,381,132,149,19668
9386,cr1_1174p_00003.cbf,474,608,231,382,134,151,20234
9387,cr1_1174p_00004.cbf,484,598,240,369,114,129,14706
9388,cr1_1174p_00005.cbf,483,596,238,370,113,132,14916
9389,cr1_1174p_00006.cbf,481,597,239,369,116,130,15080
9390,cr1_1174p_00007.cbf,484,599,237,370,115,133,15295
9391,cr1_1174p_00008.cbf,482,598,239,371,116,132,15312
9392,cr1_1175p_00001.cbf,484,599,239,372,115,133,15295
9393,cr1_1175p_00002.cbf,483,598,240,372,115,132,15180
9394,cr1_1175p_00003.cbf,481,597,238,374,116,136,15776
9395,cr1_1175p_00004.cbf,479,599,239,370,120,131,15720
9396,cr1_1175p_00005.cbf,480,599,238,371,119,133,15827
9397,cr1_1175p_00006.cbf,483,598,237,368,115,131,15065
9398,cr1_1175p_00007.cbf,482,599,239,372,117,133,15561
9399,cr1_1175p_00008.cbf,483,599,239,372,116,133,15428
9400,cr1_1176p_00001.cbf,478,603,238,370,125,132,16500
9401,cr1_1176p_00002.cbf,484,601,241,373,117,132,15444
9402,cr1_1176p_00003.cbf,483,597,238,374,114,136,15504
9403,cr1_1176p_00004.cbf,482,599,238,370,117,132,15444
9404,cr1_1176p_00005.cbf,482,598,235,369,116,134,15544
9405,cr1_1176p_00006.cbf,482,596,238,369,114,131,14934
9406,cr1_1176p_00007.cbf,483,598,240,371,115,131,15065
9407,cr1_1176p_00008.cbf,480,599,240,373,119,133,15827
9408,cr1_1177p_00001.cbf,483,599,241,371,116,130,15080
9409,cr1_1177p_00002.cbf,480,601,239,373,121,134,16214
9410,cr1_1177p_00003.cbf,484,598,238,371,114,133,15162
9411,cr1_1177p_00004.cbf,484,599,239,370,115,131,15065
9412,cr1_1177p_00005.cbf,482,596,237,370,114,133,15162
9413,cr1_1177p_00006.cbf,482,599,236,371,117,135,15795
9414,cr1_1177p_00007.cbf,483,601,238,370,118,132,15576
9415,cr1_1177p_00008.cbf,484,600,239,370,116,131,15196
9416,cr1_1178p_00001.cbf,482,601,241,370,119,129,15351
9417,cr1_1178p_00002.cbf,482,601,240,370,119,130,15470
9418,cr1_1178p_00003.cbf,480,598,239,371,118,132,15576
9419,cr1_1178p_00004.cbf,482,597,238,369,115,131,15065
9420,cr1_1178p_00005.cbf,480,596,236,371,116,135,15660
9421,cr1_1178p_00006.cbf,480,597,238,371,117,133,15561
9422,cr1_1178p_00007.cbf,481,599,239,369,118,130,15340
9423,cr1_1178p_00008.cbf,482,600,239,371,118,132,15576
9424,cr1_1179p_00001.cbf,481,601,240,370,120,130,15600
9425,cr1_1179p_00002.cbf,482,599,239,371,117,132,15444
9426,cr1_1179p_00003.cbf,480,597,240,373,117,133,15561
9427,cr1_1179p_00004.cbf,473,606,229,382,133,153,20349
9428,cr1_1179p_00005.cbf,474,608,229,381,134,152,20368
9429,cr1_1179p_00006.cbf,482,599,238,369,117,131,15327
9430,cr1_1179p_00007.cbf,482,600,238,372,118,134,15812
9431,cr1_1179p_00008.cbf,483,602,239,370,119,131,15589
9432,cr1_1180p_00001.cbf,483,598,240,370,115,130,14950
9433,cr1_1180p_00002.cbf,483,599,241,373,116,132,15312
9434,cr1_1180p_00003.cbf,482,597,239,371,115,132,15180
9435,cr1_1180p_00004.cbf,472,608,229,378,136,149,20264
9436,cr1_1180p_00005.cbf,484,599,238,370,115,132,15180
9437,cr1_1180p_00006.cbf,483,599,236,369,116,133,15428
9438,cr1_1180p_00007.cbf,484,600,237,370,116,133,15428
9439,cr1_1180p_00008.cbf,481,602,240,370,121,130,15730
9440,cr1_1181p_00001.cbf,482,601,237,373,119,136,16184
9441,cr1_1181p_00002.cbf,482,600,241,371,118,130,15340
9442,cr1_1181p_00003.cbf,482,598,240,370,116,130,15080
9443,cr1_1181p_00004.cbf,480,598,238,371,118,133,15694
9444,cr1_1181p_00005.cbf,484,598,236,368,114,132,15048
9445,cr1_1181p_00006.cbf,473,610,231,380,137,149,20413
9446,cr1_1181p_00007.cbf,484,598,239,370,114,131,14934
9447,cr1_1181p_00008.cbf,483,599,238,370,116,132,15312
9448,cr1_1182p_00001.cbf,480,600,240,371,120,131,15720
9449,cr1_1182p_00002.cbf,482,600,239,373,118,134,15812
9450,cr1_1182p_00003.cbf,484,599,239,372,115,133,15295
9451,cr1_1182p_00004.cbf,472,607,229,380,135,151,20385
9452,cr1_1182p_00005.cbf,482,598,236,370,116,134,15544
9453,cr1_1182p_00006.cbf,483,597,238,369,114,131,14934
9454,cr1_1182p_00007.cbf,483,597,239,373,114,134,15276
9455,cr1_1182p_00008.cbf,483,597,237,371,114,134,15276
9456,cr1_1183p_00001.cbf,482,600,241,372,118,131,15458
9457,cr1_1183p_00002.cbf,483,600,241,374,117,133,15561
9458,cr1_1183p_00003.cbf,483,600,240,371,117,131,15327
9459,cr1_1183p_00004.cbf,484,598,240,369,114,129,14706
9460,cr1_1183p_00005.cbf,483,597,238,370,114,132,15048
9461,cr1_1183p_00006.cbf,485,599,237,370,114,133,15162
9462,cr1_1183p_00007.cbf,482,601,240,370,119,130,15470
9463,cr1_1183p_00008.cbf,481,599,240,370,118,130,15340
9464,cr1_1184p_00001.cbf,483,600,240,374,117,134,15678
9465,cr1_1184p_00002.cbf,481,598,240,373,117,133,15561
9466,cr1_1184p_00003.cbf,481,600,241,371,119,130,15470
9467,cr1_1184p_00004.cbf,484,598,238,371,114,133,15162
9468,cr1_1184p_00005.cbf,481,598,238,371,117,133,15561
9469,cr1_1184p_00006.cbf,483,598,239,369,115,130,14950
9470,cr1_1184p_00007.cbf,482,598,240,372,116,132,15312
9471,cr1_1184p_00008.cbf,483,599,239,370,116,131,15196
9472,cr1_1185p_00001.cbf,480,602,238,372,122,134,16348
9473,cr1_1185p_00002.cbf,482,601,240,370,119,130,15470
9474,cr1_1185p_00003.cbf,482,599,241,371,117,130,15210
9475,cr1_1185p_00004.cbf,480,597,239,371,117,132,15444
9476,cr1_1185p_00005.cbf,485,597,239,370,112,131,14672
9477,cr1_1185p_00006.cbf,484,598,239,370,114,131,14934
9478,cr1_1185p_00007.cbf,482,598,238,371,116,133,15428
9479,cr1_1185p_00008.cbf,483,598,239,369,115,130,14950
9480,cr1_1186p_00001.cbf,482,599,240,372,117,132,15444
9481,cr1_1186p_00002.cbf,483,598,240,371,115,131,15065
9482,cr1_1186p_00003.cbf,484,599,241,369,115,128,14720
9483,cr1_1186p_00004.cbf,482,598,240,369,116,129,14964
9484,cr1_1186p_00005.cbf,482,598,238,370,116,132,15312
9485,cr1_1186p_00006.cbf,483,598,236,369,115,133,15295
9486,cr1_1186p_00007.cbf,484,596,237,371,112,134,15008
9487,cr1_1186p_00008.cbf,482,600,240,371,118,131,15458
9488,cr1_1187p_00001.cbf,484,598,238,369,114,131,14934
9489,cr1_1187p_00002.cbf,484,600,241,371,116,130,15080
9490,cr1_1187p_00003.cbf,484,600,240,372,116,132,15312
9491,cr1_1187p_00004.cbf,481,597,239,369,116,130,15080
9492,cr1_1187p_00005.cbf,485,597,236,368,112,132,14784
9493,cr1_1187p_00006.cbf,482,595,240,369,113,129,14577
9494,cr1_1187p_00007.cbf,484,599,237,371,115,134,15410
9495,cr1_1187p_00008.cbf,484,600,238,371,116,133,15428
9496,cr1_1188p_00001.cbf,476,610,227,380,134,153,20502
9497,cr1_1188p_00002.cbf,485,597,241,371,112,130,14560
9498,cr1_1188p_00003.cbf,484,597,240,371,113,131,14803
9499,cr1_1188p_00004.cbf,470,603,226,379,133,153,20349
9500,cr1_1188p_00005.cbf,483,596,237,370,113,133,15029
9501,cr1_1188p_00006.cbf,483,598,237,370,115,133,15295
9502,cr1_1188p_00007.cbf,475,613,228,377,138,149,20562
9503,cr1_1188p_00008.cbf,483,597,238,372,114,134,15276
9504,cr1_1189p_00001.cbf,482,600,239,372,118,133,15694
9505,cr1_1189p_00002.cbf,472,610,230,379,138,149,20562
9506,cr1_1189p_00003.cbf,480,602,238,368,122,130,15860
9507,cr1_1189p_00004.cbf,483,600,239,371,117,132,15444
9508,cr1_1189p_00005.cbf,484,598,238,368,114,130,14820
9509,cr1_1189p_00006.cbf,482,598,237,370,116,133,15428
9510,cr1_1189p_00007.cbf,482,597,238,370,115,132,15180
9511,cr1_1189p_00008.cbf,483,599,239,371,116,132,15312
9512,cr1_1190p_00001.cbf,483,598,240,370,115,130,14950
9513,cr1_1190p_00002.cbf,483,601,240,373,118,133,15694
9514,cr1_1190p_00003.cbf,483,598,238,369,115,131,15065
9515,cr1_1190p_00004.cbf,475,608,228,379,133,151,20083
9516,cr1_1190p_00005.cbf,480,599,240,370,119,130,15470
9517,cr1_1190p_00006.cbf,484,599,238,371,115,133,15295
9518,cr1_1190p_00007.cbf,475,609,233,385,134,152,20368
9519,cr1_1190p_00008.cbf,483,599,237,369,116,132,15312
9520,cr1_1191p_00001.cbf,481,599,240,370,118,130,15340
9521,cr1_1191p_00002.cbf,474,610,228,379,136,151,20536
9522,cr1_1191p_00003.cbf,484,600,241,370,116,129,14964
9523,cr1_1191p_00004.cbf,483,598,238,370,115,132,15180
9524,cr1_1191p_00005.cbf,473,608,227,376,135,149,20115
9525,cr1_1191p_00006.cbf,483,595,237,370,112,133,14896
9526,cr1_1191p_00007.cbf,483,595,238,371,112,133,14896
9527,cr1_1191p_00008.cbf,484,598,239,370,114,131,14934
9528,cr1_1192p_00001.cbf,482,599,240,373,117,133,15561
9529,cr1_1192p_00002.cbf,484,597,239,372,113,133,15029
9530,cr1_1192p_00003.cbf,481,596,239,371,115,132,15180
9531,cr1_1192p_00004.cbf,486,597,239,370,111,131,14541
9532,cr1_1192p_00005.cbf,482,597,237,368,115,131,15065
9533,cr1_1192p_00006.cbf,483,597,239,369,114,130,14820
9534,cr1_1192p_00007.cbf,485,597,240,372,112,132,14784
9535,cr1_1192p_00008.cbf,472,614,232,377,142,145,20590
9536,cr1_1193p_00001.cbf,482,600,239,371,118,132,15576
9537,cr1_1193p_00002.cbf,483,599,240,372,116,132,15312
9538,cr1_1193p_00003.cbf,482,598,240,371,116,131,15196
9539,cr1_1193p_00004.cbf,484,598,242,371,114,129,14706
9540,cr1_1193p_00005.cbf,484,596,239,368,112,129,14448
9541,cr1_1193p_00006.cbf,484,595,240,369,111,129,14319
9542,cr1_1193p_00007.cbf,484,596,241,372,112,131,14672
9543,cr1_1193p_00008.cbf,483,599,239,368,116,129,14964
9544,cr1_1194p_00001.cbf,483,601,241,371,118,130,15340
9545,cr1_1194p_00002.cbf,474,611,235,383,137,148,20276
9546,cr1_1194p_00003.cbf,484,600,239,372,116,133,15428
9547,cr1_1194p_00004.cbf,471,607,231,380,136,149,20264
9548,cr1_1194p_00005.cbf,472,605,227,378,133,151,20083
9549,cr1_1194p_00006.cbf,481,596,237,368,115,131,15065
9550,cr1_1194p_00007.cbf,474,608,230,382,134,152,20368
9551,cr1_1194p_00008.cbf,483,599,239,369,116,130,15080
9552,cr1_1195p_00001.cbf,484,599,239,371,115,132,15180
9553,cr1_1195p_00002.cbf,485,601,238,370,116,132,15312
9554,cr1_1195p_00003.cbf,484,599,239,371,115,132,15180
9555,cr1_1195p_00004.cbf,483,598,239,370,115,131,15065
9556,cr1_1195p_00005.cbf,483,598,239,369,115,130,14950
9557,cr1_1195p_00006.cbf,484,597,239,369,113,130,14690
9558,cr1_1195p_00007.cbf,482,597,239,369,115,130,14950
9559,cr1_1195p_00008.cbf,483,599,241,372,116,131,15196
9560,cr1_1196p_00001.cbf,485,600,240,370,115,130,14950
9561,cr1_1196p_00002.cbf,470,611,235,380,141,145,20445
9562,cr1_1196p_00003.cbf,481,599,240,371,118,131,15458
9563,cr1_1196p_00004.cbf,480,597,240,369,117,129,15093
9564,cr1_1196p_00005.cbf,477,604,229,387,127,158,20066
9565,cr1_1196p_00006.cbf,482,597,239,370,115,131,15065
9566,cr1_1196p_00007.cbf,485,598,240,369,113,129,14577
9567,cr1_1196p_00008.cbf,483,599,241,371,116,130,15080
9568,cr1_1197p_00001.cbf,484,599,241,370,115,129,14835
9569,cr1_1197p_00002.cbf,484,598,241,370,114,129,14706
9570,cr1_1197p_00003.cbf,483,597,239,369,114,130,14820
9571,cr1_1197p_00004.cbf,474,606,229,383,132,154,20328
9572,cr1_1197p_00005.cbf,474,609,230,379,135,149,20115
9573,cr1_1197p_00006.cbf,475,610,232,378,135,146,19710
9574,cr1_1197p_00007.cbf,484,597,239,369,113,130,14690
9575,cr1_1197p_00008.cbf,475,609,234,379,134,145,19430
9576,cr1_1198p_00001.cbf,485,599,240,371,114,131,14934
9577,cr1_1198p_00002.cbf,482,599,241,371,117,130,15210
9578,cr1_1198p_00003.cbf,482,599,241,370,117,129,15093
9579,cr1_1198p_00004.cbf,483,600,239,368,117,129,15093
9580,cr1_1198p_00005.cbf,471,609,230,376,138,146,20148
9581,cr1_1198p_00006.cbf,481,597,237,369,116,132,15312
9582,cr1_1198p_00007.cbf,484,598,240,371,114,131,14934
9583,cr1_1198p_00008.cbf,485,599,242,371,114,129,14706
9584,cr1_1199p_00001.cbf,473,610,231,379,137,148,20276
9585,cr1_1199p_00002.cbf,483,595,241,371,112,130,14560
9586,cr1_1199p_00003.cbf,484,598,241,368,114,127,14478
9587,cr1_1199p_00004.cbf,472,606,231,382,134,151,20234
9588,cr1_1199p_00005.cbf,469,604,230,377,135,147,19845
9589,cr1_1199p_00006.cbf,476,604,226,383,128,157,20096
9590,cr1_1199p_00007.cbf,485,596,240,369,111,129,14319
9591,cr1_1199p_00008.cbf,485,600,241,370,115,129,14835
9592,cr1_1200p_00001.cbf,474,606,233,380,132,147,19404
9593,cr1_1200p_00002.cbf,470,606,232,381,136,149,20264
9594,cr1_1200p_00003.cbf,483,599,240,371,116,131,15196
9595,cr1_1200p_00004.cbf,483,597,239,368,114,129,14706
9596,cr1_1200p_00005.cbf,484,596,238,368,112,130,14560
9597,cr1_1200p_00006.cbf,484,595,237,370,111,133,14763
9598,cr1_1200p_00007.cbf,474,610,232,379,136,147,19992
9599,cr1_1200p_00008.cbf,484,598,240,368,114,128,14592
9600,cr1_1201p_00001.cbf,483,599,242,371,116,129,14964
9601,cr1_1201p_00002.cbf,482,603,240,371,121,131,15851
9602,cr1_1201p_00003.cbf,475,608,232,378,133,146,19418
9603,cr1_1201p_00004.cbf,483,598,239,368,115,129,14835
9604,cr1_1201p_00005.cbf,476,607,227,377,131,150,19650
9605,cr1_1201p_00006.cbf,484,597,238,369,113,131,14803
9606,cr1_1201p_00007.cbf,472,607,227,379,135,152,20520
9607,cr1_1201p_00008.cbf,474,607,232,379,133,147,19551
9608,cr1_1202p_00001.cbf,482,597,241,369,115,128,14720
9609,cr1_1202p_00002.cbf,472,609,234,384,137,150,20550
9610,cr1_1202p_00003.cbf,470,607,234,383,137,149,20413
9611,cr1_1202p_00004.cbf,471,607,229,378,136,149,20264
9612,cr1_1202p_00005.cbf,476,604,229,377,128,148,18944
9613,cr1_1202p_00006.cbf,484,596,240,368,112,128,14336
9614,cr1_1202p_00007.cbf,485,597,240,369,112,129,14448
9615,cr1_1202p_00008.cbf,476,608,229,377,132,148,19536
9616,cr1_1203p_00001.cbf,472,605,232,379,133,147,19551
9617,cr1_1203p_00002.cbf,484,599,240,373,115,133,15295
9618,cr1_1203p_00003.cbf,482,599,239,371,117,132,15444
9619,cr1_1203p_00004.cbf,482,598,241,369,116,128,14848
9620,cr1_1203p_00005.cbf,472,610,230,379,138,149,20562
9621,cr1_1203p_00006.cbf,484,595,240,371,111,131,14541
9622,cr1_1203p_00007.cbf,483,596,239,369,113,130,14690
9623,cr1_1203p_00008.cbf,483,598,241,369,115,128,14720
9624,cr1_1204p_00001.cbf,474,611,233,380,137,147,20139
9625,cr1_1204p_00002.cbf,486,598,238,368,112,130,14560
9626,cr1_1204p_00003.cbf,484,598,240,369,114,129,14706
9627,cr1_1204p_00004.cbf,482,597,240,370,115,130,14950
9628,cr1_1204p_00005.cbf,484,596,236,369,112,133,14896
9629,cr1_1204p_00006.cbf,484,598,239,367,114,128,14592
9630,cr1_1204p_00007.cbf,473,607,235,379,134,144,19296
9631,cr1_1204p_00008.cbf,481,597,240,372,116,132,15312
9632,cr1_1205p_00001.cbf,483,599,240,369,116,129,14964
9633,cr1_1205p_00002.cbf,483,597,241,370,114,129,14706
9634,cr1_1205p_00003.cbf,471,606,234,380,135,146,19710
9635,cr1_1205p_00004.cbf,473,606,231,378,133,147,19551
9636,cr1_1205p_00005.cbf,473,604,229,376,131,147,19257
9637,cr1_1205p_00006.cbf,475,605,227,379,130,152,19760
9638,cr1_1205p_00007.cbf,484,596,241,371,112,130,14560
9639,cr1_1205p_00008.cbf,476,608,233,388,132,155,20460
9640,cr1_1206p_00001.cbf,480,598,241,369,118,128,15104
9641,cr1_1206p_00002.cbf,482,596,241,369,114,128,14592
9642,cr1_1206p_00003.cbf,473,611,233,382,138,149,20562
9643,cr1_1206p_00004.cbf,482,599,240,368,117,128,14976
9644,cr1_1206p_00005.cbf,472,608,230,380,136,150,20400
9645,cr1_1206p_00006.cbf,476,605,227,386,129,159,20511
9646,cr1_1206p_00007.cbf,476,608,232,381,132,149,19668
9647,cr1_1206p_00008.cbf,472,609,230,380,137,150,20550
9648,cr1_1207p_00001.cbf,482,597,242,373,115,131,15065
9649,cr1_1207p_00002.cbf,475,609,234,379,134,145,19430
9650,cr1_1207p_00003.cbf,485,599,240,368,114,128,14592
9651,cr1_1207p_00004.cbf,485,596,241,371,111,130,14430
9652,cr1_1207p_00005.cbf,486,596,238,368,110,130,14300
9653,cr1_1207p_00006.cbf,485,595,239,370,110,131,14410
9654,cr1_1207p_00007.cbf,483,598,239,370,115,131,15065
9655,cr1_1207p_00008.cbf,475,608,234,378,133,144,19152
9656,cr1_1208p_00001.cbf,473,607,232,381,134,149,19966
9657,cr1_1208p_00002.cbf,484,601,241,369,117,128,14976
9658,cr1_1208p_00003.cbf,483,599,241,370,116,129,14964
9659,cr1_1208p_00004.cbf,484,600,238,371,116,133,15428
9660,cr1_1208p_00005.cbf,482,600,238,370,118,132,15576
9661,cr1_1208p_00006.cbf,482,597,237,369,115,132,15180
9662,cr1_1208p_00007.cbf,474,607,231,385,133,154,20482
9663,cr1_1208p_00008.cbf,481,600,238,371,119,133,15827
9664,cr1_1209p_00001.cbf,481,601,239,370,120,131,15720
9665,cr1_1209p_00002.cbf,480,599,240,371,119,131,15589
9666,cr1_1209p_00003.cbf,481,599,239,369,118,130,15340
9667,cr1_1209p_00004.cbf,481,600,239,370,119,131,15589
9668,cr1_1209p_00005.cbf,482,597,238,370,115,132,15180
9669,cr1_1209p_00006.cbf,480,599,237,371,119,134,15946
9670,cr1_1209p_00007.cbf,482,598,236,370,116,134,15544
9671,cr1_1209p_00008.cbf,479,599,238,371,120,133,15960
9672,cr1_1210p_00001.cbf,482,599,240,371,117,131,15327
9673,cr1_1210p_00002.cbf,483,598,241,373,115,132,15180
9674,cr1_1210p_00003.cbf,481,600,241,372,119,131,15589
9675,cr1_1210p_00004.cbf,480,598,238,371,118,133,15694
9676,cr1_1210p_00005.cbf,482,600,237,372,118,135,15930
9677,cr1_1210p_00006.cbf,484,598,239,369,114,130,14820
9678,cr1_1210p_00007.cbf,480,599,240,370,119,130,15470
9679,cr1_1210p_00008.cbf,481,600,237,369,119,132,15708
9680,cr1_1211p_00001.cbf,482,598,238,370,116,132,15312
9681,cr1_1211p_00002.cbf,483,601,240,371,118,131,15458
9682,cr1_1211p_00003.cbf,484,599,238,371,115,133,15295
9683,cr1_1211p_00004.cbf,485,598,238,371,113,133,15029
9684,cr1_1211p_00005.cbf,483,598,238,371,115,133,15295
9685,cr1_1211p_00006.cbf,482,598,239,371,116,132,15312
9686,cr1_1211p_00007.cbf,482,598,236,371,116,135,15660
9687,cr1_1211p_00008.cbf,483,598,240,372,115,132,15180
9688,cr1_1212p_00001.cbf,482,599,241,370,117,129,15093
9689,cr1_1212p_00002.cbf,482,600,240,370,118,130,15340
9690,cr1_1212p_00003.cbf,482,600,239,371,118,132,15576
9691,cr1_1212p_00004.cbf,481,598,239,370,117,131,15327
9692,cr1_1212p_00005.cbf,479,596,237,368,117,131,15327
9693,cr1_1212p_00006.cbf,481,598,235,368,117,133,15561
9694,cr1_1212p_00007.cbf,486,601,238,372,115,134,15410
9695,cr1_1212p_00008.cbf,484,598,238,370,114,132,15048
9696,cr1_1213p_00001.cbf,482,600,239,370,118,131,15458
9697,cr1_1213p_00002.cbf,480,600,239,371,120,132,15840
9698,cr1_1213p_00003.cbf,479,601,242,370,122,128,15616
9699,cr1_1213p_00004.cbf,479,599,238,369,120,131,15720
9700,cr1_1213p_00005.cbf,482,597,238,369,115,131,15065
9701,cr1_1213p_00006.cbf,483,598,239,370,115,131,15065
9702,cr1_1213p_00007.cbf,480,599,241,371,119,130,15470
9703,cr1_1213p_00008.cbf,484,599,240,369,115,129,14835
9704,cr1_1214p_00001.cbf,482,600,239,371,118,132,15576
9705,cr1_1214p_00002.cbf,481,600,240,373,119,133,15827
9706,cr1_1214p_00003.cbf,472,606,233,380,134,147,19698
9707,cr1_1214p_00004.cbf,482,599,238,370,117,132,15444
9708,cr1_1214p_00005.cbf,485,599,237,370,114,133,15162
9709,cr1_1214p_00006.cbf,474,606,231,382,132,151,19932
9710,cr1_1214p_00007.cbf,481,598,238,370,117,132,15444
9711,cr1_1214p_00008.cbf,482,598,239,372,116,133,15428
9712,cr1_1215p_00001.cbf,481,599,239,371,118,132,15576
9713,cr1_1215p_00002.cbf,474,610,233,383,136,150,20400
9714,cr1_1215p_00003.cbf,470,608,232,380,138,148,20424
9715,cr1_1215p_00004.cbf,482,597,239,374,115,135,15525
9716,cr1_1215p_00005.cbf,474,604,230,382,130,152,19760
9717,cr1_1215p_00006.cbf,482,597,237,370,115,133,15295
9718,cr1_1215p_00007.cbf,484,597,238,370,113,132,14916
9719,cr1_1215p_00008.cbf,482,598,238,370,116,132,15312
9720,cr1_1216p_00001.cbf,482,598,239,370,116,131,15196
9721,cr1_1216p_00002.cbf,482,601,238,371,119,133,15827
9722,cr1_1216p_00003.cbf,480,598,240,373,118,133,15694
9723,cr1_1216p_00004.cbf,482,600,239,371,118,132,15576
9724,cr1_1216p_00005.cbf,483,596,239,369,113,130,14690
9725,cr1_1216p_00006.cbf,485,598,237,369,113,132,14916
9726,cr1_1216p_00007.cbf,482,599,241,371,117,130,15210
9727,cr1_1216p_00008.cbf,482,599,239,371,117,132,15444
9728,cr1_1217p_00001.cbf,483,599,241,370,116,129,14964
9729,cr1_1217p_00002.cbf,482,599,240,371,117,131,15327
9730,cr1_1217p_00003.cbf,480,599,241,373,119,132,15708
9731,cr1_1217p_00004.cbf,483,599,238,369,116,131,15196
9732,cr1_1217p_00005.cbf,483,598,239,369,115,130,14950
9733,cr1_1217p_00006.cbf,481,597,239,369,116,130,15080
9734,cr1_1217p_00007.cbf,483,599,239,368,116,129,14964
9735,cr1_1217p_00008.cbf,472,608,229,378,136,149,20264
9736,cr1_1218p_00001.cbf,482,600,239,370,118,131,15458
9737,cr1_1218p_00002.cbf,482,599,240,371,117,131,15327
9738,cr1_1218p_00003.cbf,483,599,240,374,116,134,15544
9739,cr1_1218p_00004.cbf,484,597,239,371,113,132,14916
9740,cr1_1218p_00005.cbf,485,598,237,368,113,131,14803
9741,cr1_1218p_00006.cbf,484,599,237,369,115,132,15180
9742,cr1_1218p_00007.cbf,484,598,239,369,114,130,14820
9743,cr1_1218p_00008.cbf,481,598,238,371,117,133,15561
9744,cr1_1219p_00001.cbf,483,599,240,369,116,129,14964
9745,cr1_1219p_00002.cbf,483,600,239,372,117,133,15561
9746,cr1_1219p_00003.cbf,483,598,238,372,115,134,15410
9747,cr1_1219p_00004.cbf,483,601,239,372,118,133,15694
9748,cr1_1219p_00005.cbf,483,597,238,368,114,130,14820
9749,cr1_1219p_00006.cbf,484,600,238,369,116,131,15196
9750,cr1_1219p_00007.cbf,481,598,239,369,117,130,15210
9751,cr1_1219p_00008.cbf,483,599,240,371,116,131,15196
9752,cr1_1220p_00001.cbf,472,611,233,380,139,147,20433
9753,cr1_1220p_00002.cbf,485,600,238,373,115,135,15525
9754,cr1_1220p_00003.cbf,483,599,240,373,116,133,15428
9755,cr1_1220p_00004.cbf,481,598,240,372,117,132,15444
9756,cr1_1220p_00005.cbf,484,598,239,369,114,130,14820
9757,cr1_1220p_00006.cbf,484,599,236,369,115,133,15295
9758,cr1_1220p_00007.cbf,484,600,238,370,116,132,15312
9759,cr1_1220p_00008.cbf,470,607,232,379,137,147,20139
9760,cr1_1221p_00001.cbf,483,600,240,372,117,132,15444
9761,cr1_1221p_00002.cbf,480,601,240,371,121,131,15851
9762,cr1_1221p_00003.cbf,473,610,231,380,137,149,20413
9763,cr1_1221p_00004.cbf,483,596,239,370,113,131,14803
9764,cr1_1221p_00005.cbf,468,609,231,376,141,145,20445
9765,cr1_1221p_00006.cbf,484,597,237,369,113,132,14916
9766,cr1_1221p_00007.cbf,483,600,238,370,117,132,15444
9767,cr1_1221p_00008.cbf,484,598,240,371,114,131,14934
9768,cr1_1222p_00001.cbf,482,598,240,371,116,131,15196
9769,cr1_1222p_00002.cbf,483,600,241,373,117,132,15444
9770,cr1_1222p_00003.cbf,482,595,239,371,113,132,14916
9771,cr1_1222p_00004.cbf,482,598,239,370,116,131,15196
9772,cr1_1222p_00005.cbf,483,597,237,368,114,131,14934
9773,cr1_1222p_00006.cbf,484,597,238,372,113,134,15142
9774,cr1_1222p_00007.cbf,482,596,239,371,114,132,15048
9775,cr1_1222p_00008.cbf,472,612,233,380,140,147,20580
9776,cr1_1223p_00001.cbf,483,600,241,370,117,129,15093
9777,cr1_1223p_00002.cbf,479,598,240,374,119,134,15946
9778,cr1_1223p_00003.cbf,481,598,241,370,117,129,15093
9779,cr1_1223p_00004.cbf,481,600,239,369,119,130,15470
9780,cr1_1223p_00005.cbf,483,595,236,369,112,133,14896
9781,cr1_1223p_00006.cbf,483,598,237,368,115,131,15065
9782,cr1_1223p_00007.cbf,484,598,238,370,114,132,15048
9783,cr1_1223p_00008.cbf,483,597,239,371,114,132,15048
9784,cr1_1224p_00001.cbf,482,599,240,370,117,130,15210
9785,cr1_1224p_00002.cbf,481,599,239,369,118,130,15340
9786,cr1_1224p_00003.cbf,481,598,239,370,117,131,15327
9787,cr1_1224p_00004.cbf,483,600,238,371,117,133,15561
9788,cr1_1224p_00005.cbf,473,606,228,378,133,150,19950
9789,cr1_1224p_00006.cbf,484,600,238,368,116,130,15080
9790,cr1_1224p_00007.cbf,484,599,237,371,115,134,15410
9791,cr1_1224p_00008.cbf,483,596,239,371,113,132,14916
9792,cr1_1225p_00001.cbf,483,600,240,370,117,130,15210
9793,cr1_1225p_00002.cbf,481,602,240,369,121,129,15609
9794,cr1_1225p_00003.cbf,481,597,239,370,116,131,15196
9795,cr1_1225p_00004.cbf,482,598,237,369,116,132,15312
9796,cr1_1225p_00005.cbf,483,599,237,369,116,132,15312
9797,cr1_1225p_00006.cbf,474,606,230,384,132,154,20328
9798,cr1_1225p_00007.cbf,482,598,239,370,116,131,15196
9799,cr1_1225p_00008.cbf,484,599,240,370,115,130,14950
9800,cr1_1226p_00001.cbf,481,596,240,369,115,129,14835
9801,cr1_1226p_00002.cbf,484,599,238,370,115,132,15180
9802,cr1_1226p_00003.cbf,473,609,232,379,136,147,19992
9803,cr1_1226p_00004.cbf,482,598,240,368,116,128,14848
9804,cr1_1226p_00005.cbf,483,596,237,368,113,131,14803
9805,cr1_1226p_00006.cbf,484,597,238,370,113,132,14916
9806,cr1_1226p_00007.cbf,483,599,241,369,116,128,14848
9807,cr1_1226p_00008.cbf,482,598,239,370,116,131,15196
9808,cr1_1227p_00001.cbf,484,598,240,370,114,130,14820
9809,cr1_1227p_00002.cbf,484,598,240,371,114,131,14934
9810,cr1_1227p_00003.cbf,474,608,229,379,134,150,20100
9811,cr1_1227p_00004.cbf,481,599,240,371,118,131,15458
9812,cr1_1227p_00005.cbf,482,597,235,369,115,134,15410
9813,cr1_1227p_00006.cbf,483,599,239,368,116,129,14964
9814,cr1_1227p_00007.cbf,485,600,238,370,115,132,15180
9815,cr1_1227p_00008.cbf,474,610,230,379,136,149,20264
9816,cr1_1228p_00001.cbf,482,599,239,369,117,130,15210
9817,cr1_1228p_00002.cbf,483,598,242,369,115,127,14605
9818,cr1_1228p_00003.cbf,474,606,230,384,132,154,20328
9819,cr1_1228p_00004.cbf,481,599,239,369,118,130,15340
9820,cr1_1228p_00005.cbf,484,597,238,370,113,132,14916
9821,cr1_1228p_00006.cbf,483,599,239,368,116,129,14964
9822,cr1_1228p_00007.cbf,484,597,241,369,113,128,14464
9823,cr1_1228p_00008.cbf,483,601,239,371,118,132,15576
9824,cr1_1229p_00001.cbf,483,599,241,370,116,129,14964
9825,cr1_1229p_00002.cbf,484,602,241,370,118,129,15222
9826,cr1_1229p_00003.cbf,481,599,241,370,118,129,15222
9827,cr1_1229p_00004.cbf,482,598,239,368,116,129,14964
9828,cr1_1229p_00005.cbf,483,595,238,368,112,130,14560
9829,cr1_1229p_00006.cbf,483,598,239,368,115,129,14835
9830,cr1_1229p_00007.cbf,486,600,239,369,114,130,14820
9831,cr1_1229p_00008.cbf,484,597,237,369,113,132,14916
9832,cr1_1230p_00001.cbf,483,598,241,369,115,128,14720
9833,cr1_1230p_00002.cbf,482,599,242,370,117,128,14976
9834,cr1_1230p_00003.cbf,482,598,240,372,116,132,15312
9835,cr1_1230p_00004.cbf,483,597,240,370,114,130,14820
9836,cr1_1230p_00005.cbf,471,605,228,378,134,150,20100
9837,cr1_1230p_00006.cbf,483,598,238,368,115,130,14950
9838,cr1_1230p_00007.cbf,485,597,239,369,112,130,14560
9839,cr1_1230p_00008.cbf,473,610,230,380,137,150,20550
9840,cr1_1231p_00001.cbf,483,598,241,371,115,130,14950
9841,cr1_1231p_00002.cbf,484,599,240,370,115,130,14950
9842,cr1_1231p_00003.cbf,482,599,241,370,117,129,15093
9843,cr1_1231p_00004.cbf,474,605,225,381,131,156,20436
9844,cr1_1231p_00005.cbf,483,600,237,369,117,132,15444
9845,cr1_1231p_00006.cbf,483,598,237,370,115,133,15295
9846,cr1_1231p_00007.cbf,474,613,232,378,139,146,20294
9847,cr1_1231p_00008.cbf,484,601,237,370,117,133,15561
9848,cr1_1232p_00001.cbf,483,597,240,371,114,131,14934
9849,cr1_1232p_00002.cbf,475,611,232,378,136,146,19856
9850,cr1_1232p_00003.cbf,484,598,242,371,114,129,14706
9851,cr1_1232p_00004.cbf,474,609,231,380,135,149,20115
9852,cr1_1232p_00005.cbf,482,599,235,368,117,133,15561
9853,cr1_1232p_00006.cbf,481,598,237,368,117,131,15327
9854,cr1_1232p_00007.cbf,485,599,241,371,114,130,14820
9855,cr1_1232p_00008.cbf,483,600,241,369,117,128,14976
9856,cr1_1233p_00001.cbf,483,600,241,370,117,129,15093
9857,cr1_1233p_00002.cbf,482,596,241,370,114,129,14706
9858,cr1_1233p_00003.cbf,482,596,240,371,114,131,14934
9859,cr1_1233p_00004.cbf,472,612,230,376,140,146,20440
9860,cr1_1233p_00005.cbf,485,598,240,368,113,128,14464
9861,cr1_1233p_00006.cbf,481,597,237,369,116,132,15312
9862,cr1_1233p_00007.cbf,484,598,239,370,114,131,14934
9863,cr1_1233p_00008.cbf,482,600,238,370,118,132,15576
9864,cr1_1234p_00001.cbf,484,599,238,371,115,133,15295
9865,cr1_1234p_00002.cbf,485,597,238,370,112,132,14784
9866,cr1_1234p_00003.cbf,474,606,232,378,132,146,19272
9867,cr1_1234p_00004.cbf,474,609,225,376,135,151,20385
9868,cr1_1234p_00005.cbf,473,608,228,376,135,148,19980
9869,cr1_1234p_00006.cbf,482,597,241,368,115,127,14605
9870,cr1_1234p_00007.cbf,474,610,232,381,136,149,20264
9871,cr1_1234p_00008.cbf,473,607,232,381,134,149,19966
9872,cr1_1235p_00001.cbf,470,607,232,379,137,147,20139
9873,cr1_1235p_00002.cbf,485,601,239,370,116,131,15196
9874,cr1_1235p_00003.cbf,484,599,241,370,115,129,14835
9875,cr1_1235p_00004.cbf,483,596,239,369,113,130,14690
9876,cr1_1235p_00005.cbf,474,610,230,380,136,150,20400
9877,cr1_1235p_00006.cbf,474,610,231,381,136,150,20400
9878,cr1_1235p_00007.cbf,483,598,240,368,115,128,14720
9879,cr1_1235p_00008.cbf,483,598,239,370,115,131,15065
9880,cr1_1236p_00001.cbf,473,609,233,378,136,145,19720
9881,cr1_1236p_00002.cbf,483,598,241,371,115,130,14950
9882,cr1_1236p_00003.cbf,482,597,240,371,115,131,15065
9883,cr1_1236p_00004.cbf,483,597,236,370,114,134,15276
9884,cr1_1236p_00005.cbf,484,595,236,370,111,134,14874
9885,cr1_1236p_00006.cbf,485,597,239,368,112,129,14448
9886,cr1_1236p_00007.cbf,476,611,230,378,135,148,19980
9887,cr1_1236p_00008.cbf,484,598,240,369,114,129,14706
9888,cr1_1237p_00001.cbf,482,598,241,370,116,129,14964
9889,cr1_1237p_00002.cbf,476,608,234,384,132,150,19800
9890,cr1_1237p_00003.cbf,484,599,241,369,115,128,14720
9891,cr1_1237p_00004.cbf,482,599,238,368,117,130,15210
9892,cr1_1237p_00005.cbf,484,597,238,366,113,128,14464
9893,cr1_1237p_00006.cbf,483,600,239,369,117,130,15210
9894,cr1_1237p_00007.cbf,470,608,231,380,138,149,20562
9895,cr1_1237p_00008.cbf,472,606,229,381,134,152,20368
9896,cr1_1238p_00001.cbf,470,607,231,381,137,150,20550
9897,cr1_1238p_00002.cbf,483,599,241,370,116,129,14964
9898,cr1_1238p_00003.cbf,472,611,233,381,139,148,20572
9899,cr1_1238p_00004.cbf,473,606,231,378,133,147,19551
9900,cr1_1238p_00005.cbf,485,597,236,367,112,131,14672
9901,cr1_1238p_00006.cbf,474,611,231,381,137,150,20550
9902,cr1_1238p_00007.cbf,475,608,232,379,133,147,19551
9903,cr1_1238p_00008.cbf,487,599,241,368,112,127,14224
9904,cr1_1239p_00001.cbf,482,596,241,370,114,129,14706
9905,cr1_1239p_00002.cbf,473,607,232,380,134,148,19832
9906,cr1_1239p_00003.cbf,468,607,231,377,139,146,20294
9907,cr1_1239p_00004.cbf,476,609,231,382,133,151,20083
9908,cr1_1239p_00005.cbf,482,597,236,369,115,133,15295
9909,cr1_1239p_00006.cbf,475,608,230,377,133,147,19551
9910,cr1_1239p_00007.cbf,472,607,232,384,135,152,20520
9911,cr1_1239p_00008.cbf,471,610,233,380,139,147,20433
9912,cr1_1240p_00001.cbf,469,606,234,378,137,144,19728
9913,cr1_1240p_00002.cbf,484,597,240,370,113,130,14690
9914,cr1_1240p_00003.cbf,475,608,233,379,133,146,19418
9915,cr1_1240p_00004.cbf,473,609,232,381,136,149,20264
9916,cr1_1240p_00005.cbf,473,608,234,381,135,147,19845
9917,cr1_1240p_00006.cbf,475,610,230,377,135,147,19845
9918,cr1_1240p_00007.cbf,482,599,241,369,117,128,14976
9919,cr1_1240p_00008.cbf,483,598,240,369,115,129,14835
9920,cr1_1241p_00001.cbf,483,598,240,369,115,129,14835
9921,cr1_1241p_00002.cbf,483,596,240,371,113,131,14803
9922,cr1_1241p_00003.cbf,483,597,241,371,114,130,14820
9923,cr1_1241p_00004.cbf,483,596,239,368,113,129,14577
9924,cr1_1241p_00005.cbf,480,600,239,368,120,129,15480
9925,cr1_1241p_00006.cbf,482,600,236,369,118,133,15694
9926,cr1_1241p_00007.cbf,483,598,239,369,115,130,14950
9927,cr1_1241p_00008.cbf,483,600,241,370,117,129,15093
9928,cr1_1242p_00001.cbf,482,601,240,372,119,132,15708
9929,cr1_1242p_00002.cbf,481,600,240,371,119,131,15589
9930,cr1_1242p_00003.cbf,484,598,240,372,114,132,15048
9931,cr1_1242p_00004.cbf,482,597,239,369,115,130,14950
9932,cr1_1242p_00005.cbf,480,599,239,371,119,132,15708
9933,cr1_1242p_00006.cbf,480,598,237,369,118,132,15576
9934,cr1_1242p_00007.cbf,483,600,238,370,117,132,15444
9935,cr1_1242p_00008.cbf,483,599,239,369,116,130,15080
9936,cr1_1243p_00001.cbf,481,601,239,373,120,134,16080
9937,cr1_1243p_00002.cbf,480,598,240,373,118,133,15694
9938,cr1_1243p_00003.cbf,483,599,240,371,116,131,15196
9939,cr1_1243p_00004.cbf,472,607,230,380,135,150,20250
9940,cr1_1243p_00005.cbf,485,599,237,370,114,133,15162
9941,cr1_1243p_00006.cbf,485,599,234,371,114,137,15618
9942,cr1_1243p_00007.cbf,483,601,238,372,118,134,15812
9943,cr1_1243p_00008.cbf,483,599,238,369,116,131,15196
9944,cr1_1244p_00001.cbf,482,597,239,369,115,130,14950
9945,cr1_1244p_00002.cbf,481,599,238,370,118,132,15576
9946,cr1_1244p_00003.cbf,482,599,240,371,117,131,15327
9947,cr1_1244p_00004.cbf,482,598,239,370,116,131,15196
9948,cr1_1244p_00005.cbf,484,599,236,369,115,133,15295
9949,cr1_1244p_00006.cbf,484,597,237,370,113,133,15029
9950,cr1_1244p_00007.cbf,482,601,237,370,119,133,15827
9951,cr1_1244p_00008.cbf,482,600,239,370,118,131,15458
9952,cr1_1245p_00001.cbf,483,599,239,370,116,131,15196
9953,cr1_1245p_00002.cbf,480,597,239,371,117,132,15444
9954,cr1_1245p_00003.cbf,482,596,239,372,114,133,15162
9955,cr1_1245p_00004.cbf,482,600,238,372,118,134,15812
9956,cr1_1245p_00005.cbf,481,596,238,370,115,132,15180
9957,cr1_1245p_00006.cbf,481,601,239,370,120,131,15720
9958,cr1_1245p_00007.cbf,480,599,237,370,119,133,15827
9959,cr1_1245p_00008.cbf,483,599,239,370,116,131,15196
9960,cr1_1246p_00001.cbf,472,609,230,380,137,150,20550
9961,cr1_1246p_00002.cbf,484,600,240,370,116,130,15080
9962,cr1_1246p_00003.cbf,482,601,241,373,119,132,15708
9963,cr1_1246p_00004.cbf,483,600,238,370,117,132,15444
9964,cr1_1246p_00005.cbf,484,597,236,371,113,135,15255
9965,cr1_1246p_00006.cbf,485,600,238,372,115,134,15410
9966,cr1_1246p_00007.cbf,482,600,239,370,118,131,15458
9967,cr1_1246p_00008.cbf,482,600,241,370,118,129,15222
9968,cr1_1247p_00001.cbf,483,602,238,370,119,132,15708
9969,cr1_1247p_00002.cbf,481,599,240,372,118,132,15576
9970,cr1_1247p_00003.cbf,476,608,233,383,132,150,19800
9971,cr1_1247p_00004.cbf,483,599,240,373,116,133,15428
9972,cr1_1247p_00005.cbf,481,596,238,370,115,132,15180
9973,cr1_1247p_00006.cbf,482,600,239,369,118,130,15340
9974,cr1_1247p_00007.cbf,481,600,239,370,119,131,15589
9975,cr1_1247p_00008.cbf,480,599,239,370,119,131,15589
9976,cr1_1248p_00001.cbf,482,603,239,371,121,132,15972
9977,cr1_1248p_00002.cbf,480,600,240,370,120,130,15600
9978,cr1_1248p_00003.cbf,480,600,236,371,120,135,16200
9979,cr1_1248p_00004.cbf,480,600,241,370,120,129,15480
9980,cr1_1248p_00005.cbf,484,598,240,368,114,128,14592
9981,cr1_1248p_00006.cbf,481,597,238,369,116,131,15196
9982,cr1_1248p_00007.cbf,482,597,238,371,115,133,15295
9983,cr1_1248p_00008.cbf,473,606,231,381,133,150,19950
9984,cr1_1249p_00001.cbf,483,598,239,372,115,133,15295
9985,cr1_1249p_00002.cbf,485,599,239,370,114,131,14934
9986,cr1_1249p_00003.cbf,482,598,239,372,116,133,15428
9987,cr1_1249p_00004.cbf,481,599,239,371,118,132,15576
9988,cr1_1249p_00005.cbf,481,600,238,371,119,133,15827
9989,cr1_1249p_00006.cbf,484,600,239,368,116,129,14964
9990,cr1_1249p_00007.cbf,483,598,239,369,115,130,14950
9991,cr1_1249p_00008.cbf,482,599,238,371,117,133,15561
9992,cr1_1250p_00001.cbf,472,611,232,378,139,146,20294
9993,cr1_1250p_00002.cbf,483,599,240,369,116,129,14964
9994,cr1_1250p_00003.cbf,483,598,240,371,115,131,15065
9995,cr1_1250p_00004.cbf,483,598,240,370,115,130,14950
9996,cr1_1250p_00005.cbf,484,600,235,368,116,133,15428
9997,cr1_1250p_00006.cbf,484,600,238,368,116,130,15080
9998,cr1_1250p_00007.cbf,481,597,240,370,116,130,15080
9999,cr1_1250p_00008.cbf,472,608,229,377,136,148,20128
10000,cr1_1251p_00001.cbf,474,609,228,380,135,152,20520
10001,cr1_1251p_00002.cbf,482,599,240,371,117,131,15327
10002,cr1_1251p_00003.cbf,482,599,240,371,117,131,15327
10003,cr1_1251p_00004.cbf,483,598,238,369,115,131,15065
10004,cr1_1251p_00005.cbf,482,600,237,367,118,130,15340
10005,cr1_1251p_00006.cbf,475,609,231,381,134,150,20100
10006,cr1_1251p_00007.cbf,479,599,240,369,120,129,15480
10007,cr1_1251p_00008.cbf,481,599,240,371,118,131,15458
10008,cr1_1252p_00001.cbf,482,600,239,371,118,132,15576
10009,cr1_1252p_00002.cbf,483,600,239,371,117,132,15444
10010,cr1_1252p_00003.cbf,468,606,231,380,138,149,20562
10011,cr1_1252p_00004.cbf,474,612,234,381,138,147,20286
10012,cr1_1252p_00005.cbf,483,598,237,369,115,132,15180
10013,cr1_1252p_00006.cbf,484,598,237,370,114,133,15162
10014,cr1_1252p_00007.cbf,484,600,238,370,116,132,15312
10015,cr1_1252p_00008.cbf,482,599,241,370,117,129,15093
10016,cr1_1253p_00001.cbf,481,598,241,372,117,131,15327
10017,cr1_1253p_00002.cbf,484,600,241,370,116,129,14964
10018,cr1_1253p_00003.cbf,473,606,230,384,133,154,20482
10019,cr1_1253p_00004.cbf,482,598,237,370,116,133,15428
10020,cr1_1253p_00005.cbf,484,599,238,368,115,130,14950
10021,cr1_1253p_00006.cbf,484,599,236,369,115,133,15295
10022,cr1_1253p_00007.cbf,476,613,228,378,137,150,20550
10023,cr1_1253p_00008.cbf,472,608,232,381,136,149,20264
10024,cr1_1254p_00001.cbf,482,599,239,371,117,132,15444
10025,cr1_1254p_00002.cbf,486,597,240,370,111,130,14430
10026,cr1_1254p_00003.cbf,473,606,235,384,133,149,19817
10027,cr1_1254p_00004.cbf,482,601,240,369,119,129,15351
10028,cr1_1254p_00005.cbf,482,599,236,368,117,132,15444
10029,cr1_1254p_00006.cbf,483,599,239,369,116,130,15080
10030,cr1_1254p_00007.cbf,482,599,240,370,117,130,15210
10031,cr1_1254p_00008.cbf,482,599,239,373,117,134,15678
10032,cr1_1255p_00001.cbf,482,599,240,368,117,128,14976
10033,cr1_1255p_00002.cbf,474,612,232,379,138,147,20286
10034,cr1_1255p_00003.cbf,482,600,241,370,118,129,15222
10035,cr1_1255p_00004.cbf,484,598,241,370,114,129,14706
10036,cr1_1255p_00005.cbf,484,598,238,369,114,131,14934
10037,cr1_1255p_00006.cbf,483,596,239,370,113,131,14803
10038,cr1_1255p_00007.cbf,482,600,240,371,118,131,15458
10039,cr1_1255p_00008.cbf,475,608,231,381,133,150,19950
10040,cr1_1256p_00001.cbf,472,609,229,379,137,150,20550
10041,cr1_1256p_00002.cbf,474,604,234,380,130,146,18980
10042,cr1_1256p_00003.cbf,469,605,236,380,136,144,19584
10043,cr1_1256p_00004.cbf,483,597,239,371,114,132,15048
10044,cr1_1256p_00005.cbf,483,596,239,368,113,129,14577
10045,cr1_1256p_00006.cbf,475,610,230,377,135,147,19845
10046,cr1_1256p_00007.cbf,475,611,228,379,136,151,20536
10047,cr1_1256p_00008.cbf,483,597,240,370,114,130,14820
10048,cr1_1257p_00001.cbf,483,601,240,369,118,129,15222
10049,cr1_1257p_00002.cbf,483,600,239,370,117,131,15327
10050,cr1_1257p_00003.cbf,472,608,230,380,136,150,20400
10051,cr1_1257p_00004.cbf,482,598,239,370,116,131,15196
10052,cr1_1257p_00005.cbf,480,597,239,368,117,129,15093
10053,cr1_1257p_00006.cbf,483,600,237,370,117,133,15561
10054,cr1_1257p_00007.cbf,481,599,240,369,118,129,15222
10055,cr1_1257p_00008.cbf,483,597,240,368,114,128,14592
10056,cr1_1258p_00001.cbf,482,598,240,369,116,129,14964
10057,cr1_1258p_00002.cbf,473,606,233,379,133,146,19418
10058,cr1_1258p_00003.cbf,481,599,240,370,118,130,15340
10059,cr1_1258p_00004.cbf,474,606,231,381,132,150,19800
10060,cr1_1258p_00005.cbf,483,598,237,369,115,132,15180
10061,cr1_1258p_00006.cbf,482,598,239,368,116,129,14964
10062,cr1_1258p_00007.cbf,481,598,238,370,117,132,15444
10063,cr1_1258p_00008.cbf,482,596,240,370,114,130,14820
10064,cr1_1259p_00001.cbf,473,610,234,381,137,147,20139
10065,cr1_1259p_00002.cbf,485,599,240,369,114,129,14706
10066,cr1_1259p_00003.cbf,484,597,238,370,113,132,14916
10067,cr1_1259p_00004.cbf,471,606,232,380,135,148,19980
10068,cr1_1259p_00005.cbf,484,599,238,370,115,132,15180
10069,cr1_1259p_00006.cbf,475,609,230,379,134,149,19966
10070,cr1_1259p_00007.cbf,474,611,231,378,137,147,20139
10071,cr1_1259p_00008.cbf,473,609,231,379,136,148,20128
10072,cr1_1260p_00001.cbf,484,600,241,370,116,129,14964
10073,cr1_1260p_00002.cbf,472,610,235,379,138,144,19872
10074,cr1_1260p_00003.cbf,485,599,240,369,114,129,14706
10075,cr1_1260p_00004.cbf,485,598,238,369,113,131,14803
10076,cr1_1260p_00005.cbf,482,598,239,370,116,131,15196
10077,cr1_1260p_00006.cbf,473,606,230,376,133,146,19418
10078,cr1_1260p_00007.cbf,482,599,236,370,117,134,15678
10079,cr1_1260p_00008.cbf,484,600,240,370,116,130,15080
10080,cr1_1261p_00001.cbf,485,599,241,370,114,129,14706
10081,cr1_1261p_00002.cbf,483,599,240,371,116,131,15196
10082,cr1_1261p_00003.cbf,483,598,241,370,115,129,14835
10083,cr1_1261p_00004.cbf,483,596,239,367,113,128,14464
10084,cr1_1261p_00005.cbf,484,597,238,367,113,129,14577
10085,cr1_1261p_00006.cbf,482,598,239,368,116,129,14964
10086,cr1_1261p_00007.cbf,483,599,239,369,116,130,15080
10087,cr1_1261p_00008.cbf,484,599,240,370,115,130,14950
10088,cr1_1262p_00001.cbf,484,601,240,369,117,129,15093
10089,cr1_1262p_00002.cbf,483,598,241,370,115,129,14835
10090,cr1_1262p_00003.cbf,472,606,233,384,134,151,20234
10091,cr1_1262p_00004.cbf,483,597,240,370,114,130,14820
10092,cr1_1262p_00005.cbf,484,596,239,369,112,130,14560
10093,cr1_1262p_00006.cbf,469,607,233,381,138,148,20424
10094,cr1_1262p_00007.cbf,474,610,230,377,136,147,19992
10095,cr1_1262p_00008.cbf,483,599,239,371,116,132,15312
10096,cr1_1263p_00001.cbf,474,610,233,377,136,144,19584
10097,cr1_1263p_00002.cbf,476,604,236,382,128,146,18688
10098,cr1_1263p_00003.cbf,473,610,234,380,137,146,20002
10099,cr1_1263p_00004.cbf,483,597,240,369,114,129,14706
10100,cr1_1263p_00005.cbf,483,597,239,368,114,129,14706
10101,cr1_1263p_00006.cbf,483,599,240,370,116,130,15080
10102,cr1_1263p_00007.cbf,483,599,237,369,116,132,15312
10103,cr1_1263p_00008.cbf,483,596,239,369,113,130,14690
10104,cr1_1264p_00001.cbf,472,611,235,382,139,147,20433
10105,cr1_1264p_00002.cbf,472,612,235,381,140,146,20440
10106,cr1_1264p_00003.cbf,484,597,241,369,113,128,14464
10107,cr1_1264p_00004.cbf,474,612,235,377,138,142,19596
10108,cr1_1264p_00005.cbf,475,609,227,379,134,152,20368
10109,cr1_1264p_00006.cbf,484,598,238,368,114,130,14820
10110,cr1_1264p_00007.cbf,483,597,241,369,114,128,14592
10111,cr1_1264p_00008.cbf,471,608,231,381,137,150,20550
10112,cr1_1265p_00001.cbf,481,601,241,371,120,130,15600
10113,cr1_1265p_00002.cbf,472,608,233,383,136,150,20400
10114,cr1_1265p_00003.cbf,473,609,234,382,136,148,20128
10115,cr1_1265p_00004.cbf,483,598,241,370,115,129,14835
10116,cr1_1265p_00005.cbf,473,605,229,377,132,148,19536
10117,cr1_1265p_00006.cbf,484,595,239,372,111,133,14763
10118,cr1_1265p_00007.cbf,484,597,238,369,113,131,14803
10119,cr1_1265p_00008.cbf,472,606,232,379,134,147,19698
10120,cr1_1266p_00001.cbf,473,605,228,380,132,152,20064
10121,cr1_1266p_00002.cbf,474,611,234,382,137,148,20276
10122,cr1_1266p_00003.cbf,486,597,242,371,111,129,14319
10123,cr1_1266p_00004.cbf,485,598,240,370,113,130,14690
10124,cr1_1266p_00005.cbf,482,598,239,367,116,128,14848
10125,cr1_1266p_00006.cbf,470,607,231,380,137,149,20413
10126,cr1_1266p_00007.cbf,485,598,240,369,113,129,14577
10127,cr1_1266p_00008.cbf,482,597,241,370,115,129,14835
10128,cr1_1267p_00001.cbf,471,610,233,377,139,144,20016
10129,cr1_1267p_00002.cbf,482,597,239,371,115,132,15180
10130,cr1_1267p_00003.cbf,471,608,234,384,137,150,20550
10131,cr1_1267p_00004.cbf,483,598,238,370,115,132,15180
10132,cr1_1267p_00005.cbf,485,600,237,369,115,132,15180
10133,cr1_1267p_00006.cbf,482,597,239,369,115,130,14950
10134,cr1_1267p_00007.cbf,483,598,239,370,115,131,15065
10135,cr1_1267p_00008.cbf,485,598,241,370,113,129,14577
10136,cr1_1268p_00001.cbf,484,598,239,369,114,130,14820
10137,cr1_1268p_00002.cbf,482,600,239,372,118,133,15694
10138,cr1_1268p_00003.cbf,470,607,234,381,137,147,20139
10139,cr1_1268p_00004.cbf,485,598,239,371,113,132,14916
10140,cr1_1268p_00005.cbf,485,597,239,367,112,128,14336
10141,cr1_1268p_00006.cbf,480,598,240,368,118,128,15104
10142,cr1_1268p_00007.cbf,471,608,232,379,137,147,20139
10143,cr1_1268p_00008.cbf,474,608,229,382,134,153,20502
10144,cr1_1269p_00001.cbf,472,607,231,376,135,145,19575
10145,cr1_1269p_00002.cbf,467,608,233,379,141,146,20586
10146,cr1_1269p_00003.cbf,484,598,241,369,114,128,14592
10147,cr1_1269p_00004.cbf,485,599,239,368,114,129,14706
10148,cr1_1269p_00005.cbf,481,595,240,370,114,130,14820
10149,cr1_1269p_00006.cbf,481,598,240,368,117,128,14976
10150,cr1_1269p_00007.cbf,484,598,240,371,114,131,14934
10151,cr1_1269p_00008.cbf,484,599,241,368,115,127,14605
10152,cr1_1270p_00001.cbf,484,600,240,371,116,131,15196
10153,cr1_1270p_00002.cbf,483,598,241,369,115,128,14720
10154,cr1_1270p_00003.cbf,484,598,238,372,114,134,15276
10155,cr1_1270p_00004.cbf,485,596,240,370,111,130,14430
10156,cr1_1270p_00005.cbf,475,610,229,378,135,149,20115
10157,cr1_1270p_00006.cbf,485,599,239,368,114,129,14706
10158,cr1_1270p_00007.cbf,485,598,238,372,113,134,15142
10159,cr1_1270p_00008.cbf,471,608,235,381,137,146,20002
10160,cr1_1271p_00001.cbf,483,597,242,371,114,129,14706
10161,cr1_1271p_00002.cbf,475,609,234,377,134,143,19162
10162,cr1_1271p_00003.cbf,483,597,242,369,114,127,14478
10163,cr1_1271p_00004.cbf,468,609,233,379,141,146,20586
10164,cr1_1271p_00005.cbf,484,597,239,369,113,130,14690
10165,cr1_1271p_00006.cbf,469,606,229,379,137,150,20550
10166,cr1_1271p_00007.cbf,485,596,241,368,111,127,14097
10167,cr1_1271p_00008.cbf,472,608,234,380,136,146,19856
10168,cr1_1272p_00001.cbf,470,609,232,380,139,148,20572
10169,cr1_1272p_00002.cbf,482,601,240,369,119,129,15351
10170,cr1_1272p_00003.cbf,486,597,241,369,111,128,14208
10171,cr1_1272p_00004.cbf,474,606,228,379,132,151,19932
10172,cr1_1272p_00005.cbf,486,597,239,371,111,132,14652
10173,cr1_1272p_00006.cbf,484,597,239,370,113,131,14803
10174,cr1_1272p_00007.cbf,485,597,240,370,112,130,14560
10175,cr1_1272p_00008.cbf,481,597,241,369,116,128,14848
10176,cr1_1273p_00001.cbf,484,599,241,371,115,130,14950
10177,cr1_1273p_00002.cbf,470,606,230,378,136,148,20128
10178,cr1_1273p_00003.cbf,483,599,241,370,116,129,14964
10179,cr1_1273p_00004.cbf,482,596,239,369,114,130,14820
10180,cr1_1273p_00005.cbf,475,607,229,383,132,154,20328
10181,cr1_1273p_00006.cbf,485,596,239,369,111,130,14430
10182,cr1_1273p_00007.cbf,471,607,231,379,136,148,20128
10183,cr1_1273p_00008.cbf,472,606,234,378,134,144,19296
10184,cr1_1274p_00001.cbf,471,609,232,379,138,147,20286
10185,cr1_1274p_00002.cbf,486,597,242,369,111,127,14097
10186,cr1_1274p_00003.cbf,486,597,241,371,111,130,14430
10187,cr1_1274p_00004.cbf,472,607,231,382,135,151,20385
10188,cr1_1274p_00005.cbf,473,609,231,380,136,149,20264
10189,cr1_1274p_00006.cbf,482,600,237,369,118,132,15576
10190,cr1_1274p_00007.cbf,484,599,240,371,115,131,15065
10191,cr1_1274p_00008.cbf,467,608,234,378,141,144,20304
10192,cr1_1275p_00001.cbf,483,601,239,371,118,132,15576
10193,cr1_1275p_00002.cbf,481,602,240,371,121,131,15851
10194,cr1_1275p_00003.cbf,482,600,240,369,118,129,15222
10195,cr1_1275p_00004.cbf,482,598,239,370,116,131,15196
10196,cr1_1275p_00005.cbf,482,598,237,368,116,131,15196
10197,cr1_1275p_00006.cbf,484,598,237,369,114,132,15048
10198,cr1_1275p_00007.cbf,482,599,238,369,117,131,15327
10199,cr1_1275p_00008.cbf,483,598,237,371,115,134,15410
10200,cr1_1276p_00001.cbf,475,610,232,382,135,150,20250
10201,cr1_1276p_00002.cbf,482,600,239,371,118,132,15576
10202,cr1_1276p_00003.cbf,481,600,238,372,119,134,15946
10203,cr1_1276p_00004.cbf,483,599,238,370,116,132,15312
10204,cr1_1276p_00005.cbf,481,599,238,369,118,131,15458
10205,cr1_1276p_00006.cbf,478,598,240,369,120,129,15480
10206,cr1_1276p_00007.cbf,483,599,240,370,116,130,15080
10207,cr1_1276p_00008.cbf,483,600,239,371,117,132,15444
10208,cr1_1277p_00001.cbf,479,599,239,371,120,132,15840
10209,cr1_1277p_00002.cbf,474,607,234,381,133,147,19551
10210,cr1_1277p_00003.cbf,482,601,239,371,119,132,15708
10211,cr1_1277p_00004.cbf,473,610,232,382,137,150,20550
10212,cr1_1277p_00005.cbf,484,599,238,369,115,131,15065
10213,cr1_1277p_00006.cbf,480,600,237,371,120,134,16080
10214,cr1_1277p_00007.cbf,480,599,238,371,119,133,15827
10215,cr1_1277p_00008.cbf,482,599,241,372,117,131,15327
10216,cr1_1278p_00001.cbf,482,601,239,370,119,131,15589
10217,cr1_1278p_00002.cbf,481,598,240,372,117,132,15444
10218,cr1_1278p_00003.cbf,482,600,240,372,118,132,15576
10219,cr1_1278p_00004.cbf,481,599,238,370,118,132,15576
10220,cr1_1278p_00005.cbf,484,599,237,369,115,132,15180
10221,cr1_1278p_00006.cbf,483,599,237,370,116,133,15428
10222,cr1_1278p_00007.cbf,475,610,227,379,135,152,20520
10223,cr1_1278p_00008.cbf,482,600,239,372,118,133,15694
10224,cr1_1279p_00001.cbf,480,602,237,370,122,133,16226
10225,cr1_1279p_00002.cbf,479,600,236,372,121,136,16456
10226,cr1_1279p_00003.cbf,480,600,239,371,120,132,15840
10227,cr1_1279p_00004.cbf,483,600,238,373,117,135,15795
10228,cr1_1279p_00005.cbf,483,597,236,368,114,132,15048
10229,cr1_1279p_00006.cbf,482,598,239,371,116,132,15312
10230,cr1_1279p_00007.cbf,482,599,238,370,117,132,15444
10231,cr1_1279p_00008.cbf,480,601,237,372,121,135,16335
10232,cr1_1280p_00001.cbf,481,600,240,370,119,130,15470
10233,cr1_1280p_00002.cbf,483,599,240,372,116,132,15312
10234,cr1_1280p_00003.cbf,482,600,240,372,118,132,15576
10235,cr1_1280p_00004.cbf,483,600,239,370,117,131,15327
10236,cr1_1280p_00005.cbf,481,599,239,367,118,128,15104
10237,cr1_1280p_00006.cbf,480,597,235,368,117,133,15561
10238,cr1_1280p_00007.cbf,482,600,237,372,118,135,15930
10239,cr1_1280p_00008.cbf,480,599,239,372,119,133,15827
10240,cr1_1281p_00001.cbf,481,599,238,370,118,132,15576
10241,cr1_1281p_00002.cbf,474,607,230,381,133,151,20083
10242,cr1_1281p_00003.cbf,483,599,240,372,116,132,15312
10243,cr1_1281p_00004.cbf,480,599,239,371,119,132,15708
10244,cr1_1281p_00005.cbf,482,598,237,369,116,132,15312
10245,cr1_1281p_00006.cbf,483,596,236,370,113,134,15142
10246,cr1_1281p_00007.cbf,481,598,238,368,117,130,15210
10247,cr1_1281p_00008.cbf,483,601,240,370,118,130,15340
10248,cr1_1282p_00001.cbf,483,599,238,372,116,134,15544
10249,cr1_1282p_00002.cbf,483,599,240,370,116,130,15080
10250,cr1_1282p_00003.cbf,472,608,230,380,136,150,20400
10251,cr1_1282p_00004.cbf,479,599,240,370,120,130,15600
10252,cr1_1282p_00005.cbf,484,599,236,369,115,133,15295
10253,cr1_1282p_00006.cbf,483,599,239,368,116,129,14964
10254,cr1_1282p_00007.cbf,482,599,239,368,117,129,15093
10255,cr1_1282p_00008.cbf,483,600,238,370,117,132,15444
10256,cr1_1283p_00001.cbf,484,599,239,370,115,131,15065
10257,cr1_1283p_00002.cbf,472,611,233,381,139,148,20572
10258,cr1_1283p_00003.cbf,482,598,240,370,116,130,15080
10259,cr1_1283p_00004.cbf,472,606,228,380,134,152,20368
10260,cr1_1283p_00005.cbf,474,609,230,378,135,148,19980
10261,cr1_1283p_00006.cbf,473,608,229,380,135,151,20385
10262,cr1_1283p_00007.cbf,482,599,238,370,117,132,15444
10263,cr1_1283p_00008.cbf,474,607,232,386,133,154,20482
10264,cr1_1284p_00001.cbf,481,599,239,370,118,131,15458
10265,cr1_1284p_00002.cbf,484,599,238,370,115,132,15180
10266,cr1_1284p_00003.cbf,481,601,238,370,120,132,15840
10267,cr1_1284p_00004.cbf,481,598,240,370,117,130,15210
10268,cr1_1284p_00005.cbf,484,596,237,370,112,133,14896
10269,cr1_1284p_00006.cbf,481,599,238,369,118,131,15458
10270,cr1_1284p_00007.cbf,484,600,238,371,116,133,15428
10271,cr1_1284p_00008.cbf,484,598,240,367,114,127,14478
10272,cr1_1285p_00001.cbf,481,599,240,370,118,130,15340
10273,cr1_1285p_00002.cbf,480,597,239,370,117,131,15327
10274,cr1_1285p_00003.cbf,482,597,239,372,115,133,15295
10275,cr1_1285p_00004.cbf,482,599,240,370,117,130,15210
10276,cr1_1285p_00005.cbf,484,599,234,369,115,135,15525
10277,cr1_1285p_00006.cbf,484,598,237,370,114,133,15162
10278,cr1_1285p_00007.cbf,480,599,237,369,119,132,15708
10279,cr1_1285p_00008.cbf,481,597,240,370,116,130,15080
10280,cr1_1286p_00001.cbf,481,599,239,370,118,131,15458
10281,cr1_1286p_00002.cbf,484,600,240,370,116,130,15080
10282,cr1_1286p_00003.cbf,482,600,239,371,118,132,15576
10283,cr1_1286p_00004.cbf,482,599,238,368,117,130,15210
10284,cr1_1286p_00005.cbf,474,609,226,378,135,152,20520
10285,cr1_1286p_00006.cbf,483,598,235,368,115,133,15295
10286,cr1_1286p_00007.cbf,483,599,241,368,116,127,14732
10287,cr1_1286p_00008.cbf,483,601,239,368,118,129,15222
10288,cr1_1287p_00001.cbf,483,598,239,370,115,131,15065
10289,cr1_1287p_00002.cbf,482,600,241,371,118,130,15340
10290,cr1_1287p_00003.cbf,469,607,231,380,138,149,20562
10291,cr1_1287p_00004.cbf,471,608,230,380,137,150,20550
10292,cr1_1287p_00005.cbf,482,598,238,369,116,131,15196
10293,cr1_1287p_00006.cbf,483,599,238,370,116,132,15312
10294,cr1_1287p_00007.cbf,483,599,238,370,116,132,15312
10295,cr1_1287p_00008.cbf,484,599,241,369,115,128,14720
10296,cr1_1288p_00001.cbf,483,599,240,372,116,132,15312
10297,cr1_1288p_00002.cbf,484,597,240,370,113,130,14690
10298,cr1_1288p_00003.cbf,484,598,241,371,114,130,14820
10299,cr1_1288p_00004.cbf,481,597,238,370,116,132,15312
10300,cr1_1288p_00005.cbf,473,609,229,380,136,151,20536
10301,cr1_1288p_00006.cbf,483,599,238,368,116,130,15080
10302,cr1_1288p_00007.cbf,481,599,238,369,118,131,15458
10303,cr1_1288p_00008.cbf,482,597,240,370,115,130,14950
10304,cr1_1289p_00001.cbf,484,598,240,371,114,131,14934
10305,cr1_1289p_00002.cbf,483,596,239,371,113,132,14916
10306,cr1_1289p_00003.cbf,482,598,240,371,116,131,15196
10307,cr1_1289p_00004.cbf,474,607,232,379,133,147,19551
10308,cr1_1289p_00005.cbf,485,597,240,369,112,129,14448
10309,cr1_1289p_00006.cbf,481,597,237,367,116,130,15080
10310,cr1_1289p_00007.cbf,482,599,239,369,117,130,15210
10311,cr1_1289p_00008.cbf,481,601,238,369,120,131,15720
10312,cr1_1290p_00001.cbf,483,598,240,372,115,132,15180
10313,cr1_1290p_00002.cbf,480,597,237,369,117,132,15444
10314,cr1_1290p_00003.cbf,483,599,240,371,116,131,15196
10315,cr1_1290p_00004.cbf,480,599,240,370,119,130,15470
10316,cr1_1290p_00005.cbf,483,599,237,367,116,130,15080
10317,cr1_1290p_00006.cbf,484,598,238,368,114,130,14820
10318,cr1_1290p_00007.cbf,484,597,237,369,113,132,14916
10319,cr1_1290p_00008.cbf,483,598,240,370,115,130,14950
10320,cr1_1291p_00001.cbf,484,599,239,372,115,133,15295
10321,cr1_1291p_00002.cbf,484,597,241,370,113,129,14577
10322,cr1_1291p_00003.cbf,484,599,241,371,115,130,14950
10323,cr1_1291p_00004.cbf,479,599,238,369,120,131,15720
10324,cr1_1291p_00005.cbf,483,597,237,369,114,132,15048
10325,cr1_1291p_00006.cbf,472,604,228,380,132,152,20064
10326,cr1_1291p_00007.cbf,482,600,239,371,118,132,15576
10327,cr1_1291p_00008.cbf,475,607,229,382,132,153,20196
10328,cr1_1292p_00001.cbf,482,601,237,368,119,131,15589
10329,cr1_1292p_00002.cbf,484,599,241,374,115,133,15295
10330,cr1_1292p_00003.cbf,483,599,241,370,116,129,14964
10331,cr1_1292p_00004.cbf,483,598,240,373,115,133,15295
10332,cr1_1292p_00005.cbf,483,599,239,368,116,129,14964
10333,cr1_1292p_00006.cbf,470,607,229,378,137,149,20413
10334,cr1_1292p_00007.cbf,474,609,227,378,135,151,20385
10335,cr1_1292p_00008.cbf,484,598,238,369,114,131,14934
10336,cr1_1293p_00001.cbf,484,599,239,368,115,129,14835
10337,cr1_1293p_00002.cbf,481,597,240,372,116,132,15312
10338,cr1_1293p_00003.cbf,475,609,231,381,134,150,20100
10339,cr1_1293p_00004.cbf,482,596,237,368,114,131,14934
10340,cr1_1293p_00005.cbf,483,599,237,368,116,131,15196
10341,cr1_1293p_00006.cbf,476,610,229,379,134,150,20100
10342,cr1_1293p_00007.cbf,485,597,239,368,112,129,14448
10343,cr1_1293p_00008.cbf,476,610,233,384,134,151,20234
10344,cr1_1294p_00001.cbf,469,606,231,380,137,149,20413
10345,cr1_1294p_00002.cbf,471,605,228,378,134,150,20100
10346,cr1_1294p_00003.cbf,484,598,240,369,114,129,14706
10347,cr1_1294p_00004.cbf,483,597,240,370,114,130,14820
10348,cr1_1294p_00005.cbf,482,597,239,368,115,129,14835
10349,cr1_1294p_00006.cbf,471,608,230,378,137,148,20276
10350,cr1_1294p_00007.cbf,478,603,229,380,125,151,18875
10351,cr1_1294p_00008.cbf,472,609,229,379,137,150,20550
10352,cr1_1295p_00001.cbf,483,599,241,371,116,130,15080
10353,cr1_1295p_00002.cbf,482,598,240,369,116,129,14964
10354,cr1_1295p_00003.cbf,470,609,231,379,139,148,20572
10355,cr1_1295p_00004.cbf,486,596,240,369,110,129,14190
10356,cr1_1295p_00005.cbf,484,596,237,371,112,134,15008
10357,cr1_1295p_00006.cbf,482,597,238,371,115,133,15295
10358,cr1_1295p_00007.cbf,484,600,239,371,116,132,15312
10359,cr1_1295p_00008.cbf,470,608,229,378,138,149,20562
10360,cr1_1296p_00001.cbf,482,600,241,369,118,128,15104
10361,cr1_1296p_00002.cbf,484,601,242,372,117,130,15210
10362,cr1_1296p_00003.cbf,469,609,232,378,140,146,20440
10363,cr1_1296p_00004.cbf,483,597,239,370,114,131,14934
10364,cr1_1296p_00005.cbf,484,599,237,371,115,134,15410
10365,cr1_1296p_00006.cbf,483,596,240,369,113,129,14577
10366,cr1_1296p_00007.cbf,485,597,238,371,112,133,14896
10367,cr1_1296p_00008.cbf,485,598,240,370,113,130,14690
10368,cr1_1297p_00001.cbf,483,600,240,370,117,130,15210
10369,cr1_1297p_00002.cbf,484,597,241,371,113,130,14690
10370,cr1_1297p_00003.cbf,470,609,233,379,139,146,20294
10371,cr1_1297p_00004.cbf,474,610,232,375,136,143,19448
10372,cr1_1297p_00005.cbf,483,596,238,368,113,130,14690
10373,cr1_1297p_00006.cbf,484,597,239,370,113,131,14803
10374,cr1_1297p_00007.cbf,482,597,239,368,115,129,14835
10375,cr1_1297p_00008.cbf,484,599,239,369,115,130,14950
10376,cr1_1298p_00001.cbf,483,599,242,369,116,127,14732
10377,cr1_1298p_00002.cbf,475,607,232,381,132,149,19668
10378,cr1_1298p_00003.cbf,473,609,229,380,136,151,20536
10379,cr1_1298p_00004.cbf,485,596,238,370,111,132,14652
10380,cr1_1298p_00005.cbf,483,596,237,367,113,130,14690
10381,cr1_1298p_00006.cbf,486,595,238,368,109,130,14170
10382,cr1_1298p_00007.cbf,472,609,231,379,137,148,20276
10383,cr1_1298p_00008.cbf,483,597,241,370,114,129,14706
10384,cr1_1299p_00001.cbf,482,598,241,368,116,127,14732
10385,cr1_1299p_00002.cbf,483,599,239,369,116,130,15080
10386,cr1_1299p_00003.cbf,482,597,237,372,115,135,15525
10387,cr1_1299p_00004.cbf,482,598,241,370,116,129,14964
10388,cr1_1299p_00005.cbf,484,597,238,370,113,132,14916
10389,cr1_1299p_00006.cbf,475,607,230,378,132,148,19536
10390,cr1_1299p_00007.cbf,482,598,241,367,116,126,14616
10391,cr1_1299p_00008.cbf,471,609,231,379,138,148,20424
10392,cr1_1300p_00001.cbf,483,599,240,370,116,130,15080
10393,cr1_1300p_00002.cbf,481,598,240,371,117,131,15327
10394,cr1_1300p_00003.cbf,484,597,240,370,113,130,14690
10395,cr1_1300p_00004.cbf,474,606,229,379,132,150,19800
10396,cr1_1300p_00005.cbf,476,606,231,378,130,147,19110
10397,cr1_1300p_00006.cbf,487,597,238,369,110,131,14410
10398,cr1_1300p_00007.cbf,463,607,235,378,144,143,20592
10399,cr1_1300p_00008.cbf,470,606,231,380,136,149,20264
10400,cr1_1301p_00001.cbf,480,598,240,372,118,132,15576
10401,cr1_1301p_00002.cbf,474,615,235,376,141,141,19881
10402,cr1_1301p_00003.cbf,475,610,234,381,135,147,19845
10403,cr1_1301p_00004.cbf,482,599,240,370,117,130,15210
10404,cr1_1301p_00005.cbf,484,597,238,367,113,129,14577
10405,cr1_1301p_00006.cbf,485,600,239,367,115,128,14720
10406,cr1_1301p_00007.cbf,482,597,239,368,115,129,14835
10407,cr1_1301p_00008.cbf,484,599,240,369,115,129,14835
10408,cr1_1302p_00001.cbf,486,598,240,369,112,129,14448
10409,cr1_1302p_00002.cbf,469,606,233,382,137,149,20413
10410,cr1_1302p_00003.cbf,469,608,235,382,139,147,20433
10411,cr1_1302p_00004.cbf,470,608,230,379,138,149,20562
10412,cr1_1302p_00005.cbf,483,600,240,366,117,126,14742
10413,cr1_1302p_00006.cbf,475,608,230,377,133,147,19551
10414,cr1_1302p_00007.cbf,484,598,241,370,114,129,14706
10415,cr1_1302p_00008.cbf,475,612,234,378,137,144,19728
10416,cr1_1303p_00001.cbf,485,599,240,369,114,129,14706
10417,cr1_1303p_00002.cbf,483,599,240,369,116,129,14964
10418,cr1_1303p_00003.cbf,472,606,233,377,134,144,19296
10419,cr1_1303p_00004.cbf,483,598,239,368,115,129,14835
10420,cr1_1303p_00005.cbf,481,599,239,371,118,132,15576
10421,cr1_1303p_00006.cbf,483,597,240,368,114,128,14592
10422,cr1_1303p_00007.cbf,481,598,239,367,117,128,14976
10423,cr1_1303p_00008.cbf,485,599,240,369,114,129,14706
10424,cr1_1304p_00001.cbf,470,615,234,374,145,140,20300
10425,cr1_1304p_00002.cbf,470,608,231,380,138,149,20562
10426,cr1_1304p_00003.cbf,472,609,229,379,137,150,20550
10427,cr1_1304p_00004.cbf,482,596,241,368,114,127,14478
10428,cr1_1304p_00005.cbf,484,596,238,368,112,130,14560
10429,cr1_1304p_00006.cbf,482,598,239,368,116,129,14964
10430,cr1_1304p_00007.cbf,470,605,229,381,135,152,20520
10431,cr1_1304p_00008.cbf,484,598,241,369,114,128,14592
10432,cr1_1305p_00001.cbf,485,598,240,370,113,130,14690
10433,cr1_1305p_00002.cbf,483,598,241,371,115,130,14950
10434,cr1_1305p_00003.cbf,473,605,230,377,132,147,19404
10435,cr1_1305p_00004.cbf,486,598,238,369,112,131,14672
10436,cr1_1305p_00005.cbf,482,596,238,367,114,129,14706
10437,cr1_1305p_00006.cbf,474,606,227,378,132,151,19932
10438,cr1_1305p_00007.cbf,473,608,229,379,135,150,20250
10439,cr1_1305p_00008.cbf,482,597,240,367,115,127,14605
10440,cr1_1306p_00001.cbf,481,599,241,368,118,127,14986
10441,cr1_1306p_00002.cbf,476,615,230,375,139,145,20155
10442,cr1_1306p_00003.cbf,485,597,240,370,112,130,14560
10443,cr1_1306p_00004.cbf,474,606,233,380,132,147,19404
10444,cr1_1306p_00005.cbf,472,609,228,376,137,148,20276
10445,cr1_1306p_00006.cbf,473,607,229,376,134,147,19698
10446,cr1_1306p_00007.cbf,485,599,241,370,114,129,14706
10447,cr1_1306p_00008.cbf,473,604,228,384,131,156,20436
10448,cr1_1307p_00001.cbf,473,607,229,381,134,152,20368
10449,cr1_1307p_00002.cbf,477,610,233,383,133,150,19950
10450,cr1_1307p_00003.cbf,483,597,241,368,114,127,14478
10451,cr1_1307p_00004.cbf,473,605,228,379,132,151,19932
10452,cr1_1307p_00005.cbf,483,596,238,367,113,129,14577
10453,cr1_1307p_00006.cbf,484,596,238,368,112,130,14560
10454,cr1_1307p_00007.cbf,483,601,239,370,118,131,15458
10455,cr1_1307p_00008.cbf,482,598,240,370,116,130,15080
10456,cr1_1308p_00001.cbf,486,600,238,370,114,132,15048
10457,cr1_1308p_00002.cbf,482,601,239,371,119,132,15708
10458,cr1_1308p_00003.cbf,481,602,239,372,121,133,16093
10459,cr1_1308p_00004.cbf,484,601,239,369,117,130,15210
10460,cr1_1308p_00005.cbf,481,598,235,367,117,132,15444
10461,cr1_1308p_00006.cbf,474,607,228,381,133,153,20349
10462,cr1_1308p_00007.cbf,482,600,239,369,118,130,15340
10463,cr1_1308p_00008.cbf,482,599,238,370,117,132,15444
10464,cr1_1309p_00001.cbf,484,599,239,371,115,132,15180
10465,cr1_1309p_00002.cbf,482,600,239,372,118,133,15694
10466,cr1_1309p_00003.cbf,481,599,240,371,118,131,15458
10467,cr1_1309p_00004.cbf,483,602,238,368,119,130,15470
10468,cr1_1309p_00005.cbf,480,599,236,369,119,133,15827
10469,cr1_1309p_00006.cbf,483,600,236,370,117,134,15678
10470,cr1_1309p_00007.cbf,483,600,238,370,117,132,15444
10471,cr1_1309p_00008.cbf,483,599,240,369,116,129,14964
10472,cr1_1310p_00001.cbf,482,597,240,374,115,134,15410
10473,cr1_1310p_00002.cbf,482,600,239,372,118,133,15694
10474,cr1_1310p_00003.cbf,481,599,239,370,118,131,15458
10475,cr1_1310p_00004.cbf,482,600,238,369,118,131,15458
10476,cr1_1310p_00005.cbf,481,598,238,369,117,131,15327
10477,cr1_1310p_00006.cbf,482,599,238,368,117,130,15210
10478,cr1_1310p_00007.cbf,482,599,240,370,117,130,15210
10479,cr1_1310p_00008.cbf,481,601,240,372,120,132,15840
10480,cr1_1311p_00001.cbf,472,612,233,379,140,146,20440
10481,cr1_1311p_00002.cbf,482,599,239,371,117,132,15444
10482,cr1_1311p_00003.cbf,481,599,237,373,118,136,16048
10483,cr1_1311p_00004.cbf,485,602,237,368,117,131,15327
10484,cr1_1311p_00005.cbf,482,609,232,376,127,144,18288
10485,cr1_1311p_00006.cbf,484,605,239,378,121,139,16819
10486,cr1_1311p_00007.cbf,483,604,236,379,121,143,17303
10487,cr1_1311p_00008.cbf,476,608,231,376,132,145,19140
10488,cr1_1312p_00001.cbf,481,610,235,379,129,144,18576
10489,cr1_1312p_00002.cbf,492,601,247,367,109,120,13080
10490,cr1_1312p_00003.cbf,481,606,238,375,125,137,17125
10491,cr1_1312p_00004.cbf,482,608,235,382,126,147,18522
10492,cr1_1312p_00005.cbf,474,608,235,376,134,141,18894
10493,cr1_1312p_00006.cbf,478,607,237,380,129,143,18447
10494,cr1_1312p_00007.cbf,480,609,239,375,129,136,17544
10495,cr1_1312p_00008.cbf,482,611,240,376,129,136,17544
10496,cr1_1313p_00001.cbf,479,608,234,378,129,144,18576
10497,cr1_1313p_00002.cbf,479,613,231,376,134,145,19430
10498,cr1_1313p_00003.cbf,480,608,237,377,128,140,17920
10499,cr1_1313p_00004.cbf,477,606,234,377,129,143,18447
10500,cr1_1313p_00005.cbf,479,610,235,372,131,137,17947
10501,cr1_1313p_00006.cbf,479,607,232,378,128,146,18688
10502,cr1_1313p_00007.cbf,477,614,231,380,137,149,20413
10503,cr1_1313p_00008.cbf,475,607,231,379,132,148,19536
10504,cr1_1314p_00001.cbf,473,610,234,376,137,142,19454
10505,cr1_1314p_00002.cbf,479,610,235,380,131,145,18995
10506,cr1_1314p_00003.cbf,480,609,234,379,129,145,18705
10507,cr1_1314p_00004.cbf,476,608,230,380,132,150,19800
10508,cr1_1314p_00005.cbf,477,608,230,378,131,148,19388
10509,cr1_1314p_00006.cbf,479,610,232,379,131,147,19257
10510,cr1_1314p_00007.cbf,489,601,244,368,112,124,13888
10511,cr1_1314p_00008.cbf,477,610,235,378,133,143,19019
10512,cr1_1315p_00001.cbf,476,606,238,379,130,141,18330
10513,cr1_1315p_00002.cbf,474,609,234,378,135,144,19440
10514,cr1_1315p_00003.cbf,479,609,234,380,130,146,18980
10515,cr1_1315p_00004.cbf,476,606,235,385,130,150,19500
10516,cr1_1315p_00005.cbf,474,610,227,378,136,151,20536
10517,cr1_1315p_00006.cbf,479,613,230,379,134,149,19966
10518,cr1_1315p_00007.cbf,490,600,241,368,110,127,13970
10519,cr1_1315p_00008.cbf,478,612,235,379,134,144,19296
10520,cr1_1316p_00001.cbf,480,612,231,376,132,145,19140
10521,cr1_1316p_00002.cbf,477,608,235,377,131,142,18602
10522,cr1_1316p_00003.cbf,477,605,232,383,128,151,19328
10523,cr1_1316p_00004.cbf,480,608,231,379,128,148,18944
10524,cr1_1316p_00005.cbf,486,598,242,369,112,127,14224
10525,cr1_1316p_00006.cbf,477,610,233,381,133,148,19684
10526,cr1_1316p_00007.cbf,487,599,241,367,112,126,14112
10527,cr1_1316p_00008.cbf,478,609,232,376,131,144,18864
10528,cr1_1317p_00001.cbf,478,608,231,381,130,150,19500
10529,cr1_1317p_00002.cbf,478,607,230,381,129,151,19479
10530,cr1_1317p_00003.cbf,476,611,235,381,135,146,19710
10531,cr1_1317p_00004.cbf,479,605,233,385,126,152,19152
10532,cr1_1317p_00005.cbf,475,611,238,381,136,143,19448
10533,cr1_1317p_00006.cbf,479,614,231,381,135,150,20250
10534,cr1_1317p_00007.cbf,488,605,241,369,117,128,14976
10535,cr1_1317p_00008.cbf,475,612,235,382,137,147,20139
10536,cr1_1318p_00001.cbf,478,612,229,379,134,150,20100
10537,cr1_1318p_00002.cbf,471,607,230,376,136,146,19856
10538,cr1_1318p_00003.cbf,488,601,243,369,113,126,14238
10539,cr1_1318p_00004.cbf,472,611,233,380,139,147,20433
10540,cr1_1318p_00005.cbf,475,608,234,382,133,148,19684
10541,cr1_1318p_00006.cbf,479,606,232,381,127,149,18923
10542,cr1_1318p_00007.cbf,489,600,242,368,111,126,13986
10543,cr1_1318p_00008.cbf,470,607,232,381,137,149,20413
10544,cr1_1319p_00001.cbf,477,609,232,383,132,151,19932
10545,cr1_1319p_00002.cbf,474,613,230,377,139,147,20433
10546,cr1_1319p_00003.cbf,476,606,232,390,130,158,20540
10547,cr1_1319p_00004.cbf,473,610,230,380,137,150,20550
10548,cr1_1319p_00005.cbf,481,609,229,382,128,153,19584
10549,cr1_1319p_00006.cbf,478,608,231,385,130,154,20020
10550,cr1_1319p_00007.cbf,488,601,242,368,113,126,14238
10551,cr1_1319p_00008.cbf,488,600,241,371,112,130,14560
10552,cr1_1320p_00001.cbf,475,612,231,380,137,149,20413
10553,cr1_1320p_00002.cbf,478,609,233,386,131,153,20043
10554,cr1_1320p_00003.cbf,479,609,234,382,130,148,19240
10555,cr1_1320p_00004.cbf,475,611,234,381,136,147,19992
10556,cr1_1320p_00005.cbf,475,611,231,380,136,149,20264
10557,cr1_1320p_00006.cbf,479,612,232,381,133,149,19817
10558,cr1_1320p_00007.cbf,475,616,233,379,141,146,20586
10559,cr1_1320p_00008.cbf,486,600,241,368,114,127,14478
10560,cr1_1321p_00001.cbf,476,610,231,381,134,150,20100
10561,cr1_1321p_00002.cbf,476,611,236,381,135,145,19575
10562,cr1_1321p_00003.cbf,473,609,234,385,136,151,20536
10563,cr1_1321p_00004.cbf,487,600,242,369,113,127,14351
10564,cr1_1321p_00005.cbf,485,601,240,369,116,129,14964
10565,cr1_1321p_00006.cbf,489,600,241,369,111,128,14208
10566,cr1_1321p_00007.cbf,479,609,232,378,130,146,18980
10567,cr1_1321p_00008.cbf,477,611,228,380,134,152,20368
10568,cr1_1322p_00001.cbf,479,607,227,385,128,158,20224
10569,cr1_1322p_00002.cbf,488,598,245,371,110,126,13860
10570,cr1_1322p_00003.cbf,488,600,241,370,112,129,14448
10571,cr1_1322p_00004.cbf,485,602,242,369,117,127,14859
10572,cr1_1322p_00005.cbf,477,607,229,381,130,152,19760
10573,cr1_1322p_00006.cbf,475,606,234,379,131,145,18995
10574,cr1_1322p_00007.cbf,488,600,241,368,112,127,14224
10575,cr1_1322p_00008.cbf,486,600,242,370,114,128,14592
10576,cr1_1323p_00001.cbf,476,610,231,379,134,148,19832
10577,cr1_1323p_00002.cbf,479,610,233,378,131,145,18995
10578,cr1_1323p_00003.cbf,477,611,231,384,134,153,20502
10579,cr1_1323p_00004.cbf,474,605,233,381,131,148,19388
10580,cr1_1323p_00005.cbf,488,599,240,368,111,128,14208
10581,cr1_1323p_00006.cbf,487,599,241,369,112,128,14336
10582,cr1_1323p_00007.cbf,485,598,241,370,113,129,14577
10583,cr1_1323p_00008.cbf,486,599,240,370,113,130,14690
10584,cr1_1324p_00001.cbf,485,601,240,369,116,129,14964
10585,cr1_1324p_00002.cbf,489,600,241,371,111,130,14430
10586,cr1_1324p_00003.cbf,488,600,242,371,112,129,14448
10587,cr1_1324p_00004.cbf,486,601,241,368,115,127,14605
10588,cr1_1324p_00005.cbf,472,609,232,380,137,148,20276
10589,cr1_1324p_00006.cbf,478,614,230,381,136,151,20536
10590,cr1_1324p_00007.cbf,487,600,240,369,113,129,14577
10591,cr1_1324p_00008.cbf,473,611,234,380,138,146,20148
10592,cr1_1325p_00001.cbf,485,601,240,370,116,130,15080
10593,cr1_1325p_00002.cbf,479,607,230,381,128,151,19328
10594,cr1_1325p_00003.cbf,476,605,233,378,129,145,18705
10595,cr1_1325p_00004.cbf,488,602,242,369,114,127,14478
10596,cr1_1325p_00005.cbf,479,608,233,380,129,147,18963
10597,cr1_1325p_00006.cbf,488,598,240,370,110,130,14300
10598,cr1_1325p_00007.cbf,474,607,233,378,133,145,19285
10599,cr1_1325p_00008.cbf,478,611,231,380,133,149,19817
10600,cr1_1326p_00001.cbf,480,606,236,378,126,142,17892
10601,cr1_1326p_00002.cbf,482,608,236,376,126,140,17640
10602,cr1_1326p_00003.cbf,482,608,235,380,126,145,18270
10603,cr1_1326p_00004.cbf,481,604,231,379,123,148,18204
10604,cr1_1326p_00005.cbf,480,607,236,379,127,143,18161
10605,cr1_1326p_00006.cbf,480,610,234,381,130,147,19110
10606,cr1_1326p_00007.cbf,474,606,231,384,132,153,20196
10607,cr1_1326p_00008.cbf,471,612,235,377,141,142,20022
10608,cr1_1327p_00001.cbf,488,603,242,369,115,127,14605
10609,cr1_1327p_00002.cbf,479,615,234,385,136,151,20536
10610,cr1_1327p_00003.cbf,477,610,233,382,133,149,19817
10611,cr1_1327p_00004.cbf,487,602,242,371,115,129,14835
10612,cr1_1327p_00005.cbf,478,605,230,380,127,150,19050
10613,cr1_1327p_00006.cbf,475,611,237,379,136,142,19312
10614,cr1_1327p_00007.cbf,480,617,235,384,137,149,20413
10615,cr1_1327p_00008.cbf,486,603,241,368,117,127,14859
10616,cr1_1328p_00001.cbf,476,610,231,381,134,150,20100
10617,cr1_1328p_00002.cbf,488,602,242,368,114,126,14364
10618,cr1_1328p_00003.cbf,488,602,244,369,114,125,14250
10619,cr1_1328p_00004.cbf,473,608,230,382,135,152,20520
10620,cr1_1328p_00005.cbf,476,613,237,384,137,147,20139
10621,cr1_1328p_00006.cbf,475,609,235,380,134,145,19430
10622,cr1_1328p_00007.cbf,477,613,237,378,136,141,19176
10623,cr1_1328p_00008.cbf,486,601,242,370,115,128,14720
10624,cr1_1329p_00001.cbf,486,601,242,369,115,127,14605
10625,cr1_1329p_00002.cbf,486,599,244,369,113,125,14125
10626,cr1_1329p_00003.cbf,474,607,235,385,133,150,19950
10627,cr1_1329p_00004.cbf,486,600,242,369,114,127,14478
10628,cr1_1329p_00005.cbf,478,608,237,380,130,143,18590
10629,cr1_1329p_00006.cbf,476,612,231,377,136,146,19856
10630,cr1_1329p_00007.cbf,475,611,228,376,136,148,20128
10631,cr1_1329p_00008.cbf,478,607,228,381,129,153,19737
10632,cr1_1330p_00001.cbf,475,613,237,382,138,145,20010
10633,cr1_1330p_00002.cbf,472,608,231,379,136,148,20128
10634,cr1_1330p_00003.cbf,476,610,235,380,134,145,19430
10635,cr1_1330p_00004.cbf,476,608,232,385,132,153,20196
10636,cr1_1330p_00005.cbf,487,598,241,368,111,127,14097
10637,cr1_1330p_00006.cbf,488,600,240,370,112,130,14560
10638,cr1_1330p_00007.cbf,477,612,231,376,135,145,19575
10639,cr1_1330p_00008.cbf,476,610,233,379,134,146,19564
10640,cr1_1331p_00001.cbf,476,611,237,383,135,146,19710
10641,cr1_1331p_00002.cbf,478,610,233,382,132,149,19668
10642,cr1_1331p_00003.cbf,485,601,241,368,116,127,14732
10643,cr1_1331p_00004.cbf,476,609,233,381,133,148,19684
10644,cr1_1331p_00005.cbf,478,611,233,380,133,147,19551
10645,cr1_1331p_00006.cbf,476,606,230,378,130,148,19240
10646,cr1_1331p_00007.cbf,477,613,234,381,136,147,19992
10647,cr1_1331p_00008.cbf,475,612,236,380,137,144,19728
10648,cr1_1332p_00001.cbf,473,610,234,378,137,144,19728
10649,cr1_1332p_00002.cbf,476,607,236,380,131,144,18864
10650,cr1_1332p_00003.cbf,487,600,241,371,113,130,14690
10651,cr1_1332p_00004.cbf,480,608,228,379,128,151,19328
10652,cr1_1332p_00005.cbf,476,612,231,381,136,150,20400
10653,cr1_1332p_00006.cbf,478,605,227,378,127,151,19177
10654,cr1_1332p_00007.cbf,477,612,232,377,135,145,19575
10655,cr1_1332p_00008.cbf,474,611,229,378,137,149,20413
10656,cr1_1333p_00001.cbf,477,609,236,377,132,141,18612
10657,cr1_1333p_00002.cbf,478,609,237,378,131,141,18471
10658,cr1_1333p_00003.cbf,474,609,237,382,135,145,19575
10659,cr1_1333p_00004.cbf,478,607,233,385,129,152,19608
10660,cr1_1333p_00005.cbf,487,600,240,369,113,129,14577
10661,cr1_1333p_00006.cbf,486,601,241,368,115,127,14605
10662,cr1_1333p_00007.cbf,476,613,230,378,137,148,20276
10663,cr1_1333p_00008.cbf,474,611,234,380,137,146,20002
10664,cr1_1334p_00001.cbf,475,609,235,387,134,152,20368
10665,cr1_1334p_00002.cbf,478,610,231,379,132,148,19536
10666,cr1_1334p_00003.cbf,478,606,232,380,128,148,18944
10667,cr1_1334p_00004.cbf,477,609,232,377,132,145,19140
10668,cr1_1334p_00005.cbf,478,608,225,378,130,153,19890
10669,cr1_1334p_00006.cbf,478,609,234,382,131,148,19388
10670,cr1_1334p_00007.cbf,477,611,233,378,134,145,19430
10671,cr1_1334p_00008.cbf,477,612,234,380,135,146,19710
10672,cr1_1335p_00001.cbf,478,611,228,378,133,150,19950
10673,cr1_1335p_00002.cbf,488,599,242,370,111,128,14208
10674,cr1_1335p_00003.cbf,476,610,231,378,134,147,19698
10675,cr1_1335p_00004.cbf,477,607,231,382,130,151,19630
10676,cr1_1335p_00005.cbf,476,610,229,376,134,147,19698
10677,cr1_1335p_00006.cbf,484,601,241,370,117,129,15093
10678,cr1_1335p_00007.cbf,487,599,240,368,112,128,14336
10679,cr1_1335p_00008.cbf,478,607,233,382,129,149,19221
10680,cr1_1336p_00001.cbf,477,611,235,380,134,145,19430
10681,cr1_1336p_00002.cbf,475,609,237,379,134,142,19028
10682,cr1_1336p_00003.cbf,475,610,236,381,135,145,19575
10683,cr1_1336p_00004.cbf,486,600,243,368,114,125,14250
10684,cr1_1336p_00005.cbf,478,608,234,378,130,144,18720
10685,cr1_1336p_00006.cbf,476,610,230,380,134,150,20100
10686,cr1_1336p_00007.cbf,487,600,242,368,113,126,14238
10687,cr1_1336p_00008.cbf,488,602,243,367,114,124,14136
10688,cr1_1337p_00001.cbf,479,608,234,378,129,144,18576
10689,cr1_1337p_00002.cbf,488,601,242,369,113,127,14351
10690,cr1_1337p_00003.cbf,486,599,246,368,113,122,13786
10691,cr1_1337p_00004.cbf,480,610,235,380,130,145,18850
10692,cr1_1337p_00005.cbf,479,607,235,381,128,146,18688
10693,cr1_1337p_00006.cbf,490,599,241,367,109,126,13734
10694,cr1_1337p_00007.cbf,487,601,243,369,114,126,14364
10695,cr1_1337p_00008.cbf,479,617,234,381,138,147,20286
10696,cr1_1338p_00001.cbf,484,600,240,368,116,128,14848
10697,cr1_1338p_00002.cbf,474,610,236,379,136,143,19448
10698,cr1_1338p_00003.cbf,475,608,237,383,133,146,19418
10699,cr1_1338p_00004.cbf,476,611,237,383,135,146,19710
10700,cr1_1338p_00005.cbf,477,606,234,381,129,147,18963
10701,cr1_1338p_00006.cbf,487,600,242,366,113,124,14012
10702,cr1_1338p_00007.cbf,477,607,232,378,130,146,18980
10703,cr1_1338p_00008.cbf,476,606,230,380,130,150,19500
10704,cr1_1339p_00001.cbf,475,614,235,380,139,145,20155
10705,cr1_1339p_00002.cbf,478,606,234,383,128,149,19072
10706,cr1_1339p_00003.cbf,487,597,242,368,110,126,13860
10707,cr1_1339p_00004.cbf,478,607,234,378,129,144,18576
10708,cr1_1339p_00005.cbf,476,605,232,380,129,148,19092
10709,cr1_1339p_00006.cbf,476,604,232,379,128,147,18816
10710,cr1_1339p_00007.cbf,475,607,236,380,132,144,19008
10711,cr1_1339p_00008.cbf,488,601,245,367,113,122,13786
10712,cr1_1340p_00001.cbf,479,613,234,376,134,142,19028
10713,cr1_1340p_00002.cbf,475,609,235,379,134,144,19296
10714,cr1_1340p_00003.cbf,480,605,235,382,125,147,18375
10715,cr1_1340p_00004.cbf,472,608,237,374,136,137,18632
10716,cr1_1340p_00005.cbf,478,605,233,384,127,151,19177
10717,cr1_1340p_00006.cbf,478,608,233,381,130,148,19240
10718,cr1_1340p_00007.cbf,489,599,242,368,110,126,13860
10719,cr1_1340p_00008.cbf,477,610,233,380,133,147,19551
10720,cr1_1341p_00001.cbf,488,600,245,368,112,123,13776
10721,cr1_1341p_00002.cbf,479,608,234,382,129,148,19092
10722,cr1_1341p_00003.cbf,478,609,233,378,131,145,18995
10723,cr1_1341p_00004.cbf,476,606,233,380,130,147,19110
10724,cr1_1341p_00005.cbf,479,610,230,377,131,147,19257
10725,cr1_1341p_00006.cbf,479,606,233,381,127,148,18796
10726,cr1_1341p_00007.cbf,475,611,234,378,136,144,19584
10727,cr1_1341p_00008.cbf,480,610,233,375,130,142,18460
10728,cr1_1342p_00001.cbf,476,608,234,381,132,147,19404
10729,cr1_1342p_00002.cbf,472,610,231,375,138,144,19872
10730,cr1_1342p_00003.cbf,471,609,235,381,138,146,20148
10731,cr1_1342p_00004.cbf,476,611,234,379,135,145,19575
10732,cr1_1342p_00005.cbf,473,605,231,379,132,148,19536
10733,cr1_1342p_00006.cbf,487,599,243,369,112,126,14112
10734,cr1_1342p_00007.cbf,473,607,238,378,134,140,18760
10735,cr1_1342p_00008.cbf,477,610,237,379,133,142,18886
10736,cr1_1343p_00001.cbf,473,607,235,377,134,142,19028
10737,cr1_1343p_00002.cbf,477,610,232,381,133,149,19817
10738,cr1_1343p_00003.cbf,479,607,237,389,128,152,19456
10739,cr1_1343p_00004.cbf,474,607,237,379,133,142,18886
10740,cr1_1343p_00005.cbf,478,609,229,375,131,146,19126
10741,cr1_1343p_00006.cbf,479,607,230,386,128,156,19968
10742,cr1_1343p_00007.cbf,474,604,233,382,130,149,19370
10743,cr1_1343p_00008.cbf,476,612,240,380,136,140,19040
10744,cr1_1344p_00001.cbf,478,611,234,378,133,144,19152
10745,cr1_1344p_00002.cbf,477,608,236,377,131,141,18471
10746,cr1_1344p_00003.cbf,470,608,236,377,138,141,19458
10747,cr1_1344p_00004.cbf,478,603,235,381,125,146,18250
10748,cr1_1344p_00005.cbf,482,610,234,388,128,154,19712
10749,cr1_1344p_00006.cbf,473,608,230,375,135,145,19575
10750,cr1_1344p_00007.cbf,479,607,234,378,128,144,18432
10751,cr1_1344p_00008.cbf,475,608,233,379,133,146,19418
10752,cr1_1345p_00001.cbf,477,606,232,381,129,149,19221
10753,cr1_1345p_00002.cbf,475,607,235,381,132,146,19272
10754,cr1_1345p_00003.cbf,479,613,229,381,134,152,20368
10755,cr1_1345p_00004.cbf,478,606,234,380,128,146,18688
10756,cr1_1345p_00005.cbf,477,607,235,375,130,140,18200
10757,cr1_1345p_00006.cbf,476,613,235,381,137,146,20002
10758,cr1_1345p_00007.cbf,480,607,235,380,127,145,18415
10759,cr1_1345p_00008.cbf,479,605,232,378,126,146,18396
10760,cr1_1346p_00001.cbf,478,606,238,379,128,141,18048
10761,cr1_1346p_00002.cbf,481,610,232,380,129,148,19092
10762,cr1_1346p_00003.cbf,477,602,234,374,125,140,17500
10763,cr1_1346p_00004.cbf,479,608,230,373,129,143,18447
10764,cr1_1346p_00005.cbf,480,608,232,376,128,144,18432
10765,cr1_1346p_00006.cbf,480,609,234,378,129,144,18576
10766,cr1_1346p_00007.cbf,480,609,236,377,129,141,18189
10767,cr1_1346p_00008.cbf,478,610,229,376,132,147,19404
10768,cr1_1347p_00001.cbf,475,607,230,384,132,154,20328
10769,cr1_1347p_00002.cbf,475,608,233,381,133,148,19684
10770,cr1_1347p_00003.cbf,481,606,232,378,125,146,18250
10771,cr1_1347p_00004.cbf,475,607,236,373,132,137,18084
10772,cr1_1347p_00005.cbf,481,607,231,376,126,145,18270
10773,cr1_1347p_00006.cbf,474,606,231,378,132,147,19404
10774,cr1_1347p_00007.cbf,469,611,235,380,142,145,20590
10775,cr1_1347p_00008.cbf,487,598,244,367,111,123,13653
10776,cr1_1348p_00001.cbf,487,600,241,366,113,125,14125
10777,cr1_1348p_00002.cbf,475,609,235,379,134,144,19296
10778,cr1_1348p_00003.cbf,487,597,244,369,110,125,13750
10779,cr1_1348p_00004.cbf,479,609,236,379,130,143,18590
10780,cr1_1348p_00005.cbf,477,606,229,378,129,149,19221
10781,cr1_1348p_00006.cbf,481,608,232,376,127,144,18288
10782,cr1_1348p_00007.cbf,480,616,236,378,136,142,19312
10783,cr1_1348p_00008.cbf,481,613,237,378,132,141,18612
10784,cr1_1349p_00001.cbf,481,608,236,378,127,142,18034
10785,cr1_1349p_00002.cbf,478,606,234,381,128,147,18816
10786,cr1_1349p_00003.cbf,475,607,235,382,132,147,19404
10787,cr1_1349p_00004.cbf,473,610,238,375,137,137,18769
10788,cr1_1349p_00005.cbf,480,604,233,381,124,148,18352
10789,cr1_1349p_00006.cbf,478,607,236,378,129,142,18318
10790,cr1_1349p_00007.cbf,476,610,227,380,134,153,20502
10791,cr1_1349p_00008.cbf,475,610,236,378,135,142,19170
10792,cr1_1350p_00001.cbf,474,607,233,377,133,144,19152
10793,cr1_1350p_00002.cbf,477,607,236,377,130,141,18330
10794,cr1_1350p_00003.cbf,474,608,231,376,134,145,19430
10795,cr1_1350p_00004.cbf,478,613,232,379,135,147,19845
10796,cr1_1350p_00005.cbf,486,597,242,367,111,125,13875
10797,cr1_1350p_00006.cbf,474,606,235,382,132,147,19404
10798,cr1_1350p_00007.cbf,475,605,232,382,130,150,19500
10799,cr1_1350p_00008.cbf,487,599,241,368,112,127,14224
10800,cr1_1351p_00001.cbf,475,608,231,380,133,149,19817
10801,cr1_1351p_00002.cbf,487,599,244,366,112,122,13664
10802,cr1_1351p_00003.cbf,476,607,232,383,131,151,19781
10803,cr1_1351p_00004.cbf,471,607,237,378,136,141,19176
10804,cr1_1351p_00005.cbf,471,608,235,379,137,144,19728
10805,cr1_1351p_00006.cbf,475,611,235,377,136,142,19312
10806,cr1_1351p_00007.cbf,475,607,233,379,132,146,19272
10807,cr1_1351p_00008.cbf,479,609,235,384,130,149,19370
10808,cr1_1352p_00001.cbf,464,606,237,379,142,142,20164
10809,cr1_1352p_00002.cbf,478,609,232,379,131,147,19257
10810,cr1_1352p_00003.cbf,477,604,237,375,127,138,17526
10811,cr1_1352p_00004.cbf,473,604,232,375,131,143,18733
10812,cr1_1352p_00005.cbf,488,599,244,367,111,123,13653
10813,cr1_1352p_00006.cbf,475,605,232,378,130,146,18980
10814,cr1_1352p_00007.cbf,487,599,243,366,112,123,13776
10815,cr1_1352p_00008.cbf,477,608,235,379,131,144,18864
10816,cr1_1353p_00001.cbf,477,609,231,374,132,143,18876
10817,cr1_1353p_00002.cbf,482,607,236,380,125,144,18000
10818,cr1_1353p_00003.cbf,477,609,236,378,132,142,18744
10819,cr1_1353p_00004.cbf,474,606,233,374,132,141,18612
10820,cr1_1353p_00005.cbf,481,605,232,374,124,142,17608
10821,cr1_1353p_00006.cbf,489,598,243,366,109,123,13407
10822,cr1_1353p_00007.cbf,480,612,232,374,132,142,18744
10823,cr1_1353p_00008.cbf,475,608,233,383,133,150,19950
10824,cr1_1354p_00001.cbf,488,598,243,367,110,124,13640
10825,cr1_1354p_00002.cbf,470,603,234,375,133,141,18753
10826,cr1_1354p_00003.cbf,477,610,238,381,133,143,19019
10827,cr1_1354p_00004.cbf,476,609,233,378,133,145,19285
10828,cr1_1354p_00005.cbf,480,608,231,380,128,149,19072
10829,cr1_1354p_00006.cbf,478,608,234,377,130,143,18590
10830,cr1_1354p_00007.cbf,473,606,233,376,133,143,19019
10831,cr1_1354p_00008.cbf,479,607,235,376,128,141,18048
10832,cr1_1355p_00001.cbf,478,610,231,374,132,143,18876
10833,cr1_1355p_00002.cbf,471,611,236,382,140,146,20440
10834,cr1_1355p_00003.cbf,475,606,236,377,131,141,18471
10835,cr1_1355p_00004.cbf,476,607,234,378,131,144,18864
10836,cr1_1355p_00005.cbf,478,606,231,373,128,142,18176
10837,cr1_1355p_00006.cbf,477,605,231,381,128,150,19200
10838,cr1_1355p_00007.cbf,479,608,238,378,129,140,18060
10839,cr1_1355p_00008.cbf,474,610,233,375,136,142,19312
10840,cr1_1356p_00001.cbf,476,611,235,379,135,144,19440
10841,cr1_1356p_00002.cbf,477,607,234,381,130,147,19110
10842,cr1_1356p_00003.cbf,482,606,237,382,124,145,17980
10843,cr1_1356p_00004.cbf,479,606,234,377,127,143,18161
10844,cr1_1356p_00005.cbf,481,607,228,376,126,148,18648
10845,cr1_1356p_00006.cbf,476,603,236,378,127,142,18034
10846,cr1_1356p_00007.cbf,481,607,236,375,126,139,17514
10847,cr1_1356p_00008.cbf,479,608,234,376,129,142,18318
10848,cr1_1357p_00001.cbf,477,610,229,382,133,153,20349
10849,cr1_1357p_00002.cbf,476,607,235,383,131,148,19388
10850,cr1_1357p_00003.cbf,476,610,233,378,134,145,19430
10851,cr1_1357p_00004.cbf,487,597,242,367,110,125,13750
10852,cr1_1357p_00005.cbf,476,607,233,377,131,144,18864
10853,cr1_1357p_00006.cbf,479,610,235,376,131,141,18471
10854,cr1_1357p_00007.cbf,489,596,242,367,107,125,13375
10855,cr1_1357p_00008.cbf,477,608,234,374,131,140,18340
10856,cr1_1358p_00001.cbf,480,607,234,376,127,142,18034
10857,cr1_1358p_00002.cbf,477,607,233,380,130,147,19110
10858,cr1_1358p_00003.cbf,478,609,228,376,131,148,19388
10859,cr1_1358p_00004.cbf,471,605,230,376,134,146,19564
10860,cr1_1358p_00005.cbf,488,597,240,366,109,126,13734
10861,cr1_1358p_00006.cbf,475,605,232,379,130,147,19110
10862,cr1_1358p_00007.cbf,477,614,233,379,137,146,20002
10863,cr1_1358p_00008.cbf,477,610,231,376,133,145,19285
10864,cr1_1359p_00001.cbf,472,608,234,379,136,145,19720
10865,cr1_1359p_00002.cbf,472,611,229,377,139,148,20572
10866,cr1_1359p_00003.cbf,472,608,231,380,136,149,20264
10867,cr1_1359p_00004.cbf,479,606,232,376,127,144,18288
10868,cr1_1359p_00005.cbf,481,614,228,374,133,146,19418
10869,cr1_1359p_00006.cbf,478,606,227,373,128,146,18688
10870,cr1_1359p_00007.cbf,476,606,235,372,130,137,17810
10871,cr1_1359p_00008.cbf,478,606,239,377,128,138,17664
10872,cr1_1360p_00001.cbf,481,612,230,376,131,146,19126
10873,cr1_1360p_00002.cbf,478,610,236,375,132,139,18348
10874,cr1_1360p_00003.cbf,475,609,235,380,134,145,19430
10875,cr1_1360p_00004.cbf,488,595,241,368,107,127,13589
10876,cr1_1360p_00005.cbf,478,603,230,375,125,145,18125
10877,cr1_1360p_00006.cbf,480,610,234,376,130,142,18460
10878,cr1_1360p_00007.cbf,477,606,234,376,129,142,18318
10879,cr1_1360p_00008.cbf,474,608,234,381,134,147,19698
10880,cr1_1361p_00001.cbf,477,609,235,378,132,143,18876
10881,cr1_1361p_00002.cbf,477,606,233,385,129,152,19608
10882,cr1_1361p_00003.cbf,479,609,234,385,130,151,19630
10883,cr1_1361p_00004.cbf,478,610,235,373,132,138,18216
10884,cr1_1361p_00005.cbf,478,607,233,379,129,146,18834
10885,cr1_1361p_00006.cbf,476,610,234,377,134,143,19162
10886,cr1_1361p_00007.cbf,476,607,234,376,131,142,18602
10887,cr1_1361p_00008.cbf,476,611,231,378,135,147,19845
10888,cr1_1362p_00001.cbf,478,612,235,378,134,143,19162
10889,cr1_1362p_00002.cbf,478,608,230,384,130,154,20020
10890,cr1_1362p_00003.cbf,478,614,237,376,136,139,18904
10891,cr1_1362p_00004.cbf,474,607,236,383,133,147,19551
10892,cr1_1362p_00005.cbf,476,611,234,373,135,139,18765
10893,cr1_1362p_00006.cbf,475,606,233,376,131,143,18733
10894,cr1_1362p_00007.cbf,475,610,227,374,135,147,19845
10895,cr1_1362p_00008.cbf,474,609,232,378,135,146,19710
10896,cr1_1363p_00001.cbf,477,611,228,378,134,150,20100
10897,cr1_1363p_00002.cbf,480,608,235,379,128,144,18432
10898,cr1_1363p_00003.cbf,479,604,229,378,125,149,18625
10899,cr1_1363p_00004.cbf,482,605,236,375,123,139,17097
10900,cr1_1363p_00005.cbf,476,606,234,381,130,147,19110
10901,cr1_1363p_00006.cbf,477,605,234,384,128,150,19200
10902,cr1_1363p_00007.cbf,480,607,233,375,127,142,18034
10903,cr1_1363p_00008.cbf,488,597,244,366,109,122,13298
10904,cr1_1364p_00001.cbf,479,606,237,375,127,138,17526
10905,cr1_1364p_00002.cbf,478,607,232,385,129,153,19737
10906,cr1_1364p_00003.cbf,467,606,236,376,139,140,19460
10907,cr1_1364p_00004.cbf,478,606,233,377,128,144,18432
10908,cr1_1364p_00005.cbf,481,610,231,380,129,149,19221
10909,cr1_1364p_00006.cbf,476,607,234,380,131,146,19126
10910,cr1_1364p_00007.cbf,478,606,234,379,128,145,18560
10911,cr1_1364p_00008.cbf,474,607,235,378,133,143,19019
10912,cr1_1365p_00001.cbf,476,608,232,376,132,144,19008
10913,cr1_1365p_00002.cbf,479,610,236,378,131,142,18602
10914,cr1_1365p_00003.cbf,477,608,236,380,131,144,18864
10915,cr1_1365p_00004.cbf,481,606,236,377,125,141,17625
10916,cr1_1365p_00005.cbf,473,605,230,380,132,150,19800
10917,cr1_1365p_00006.cbf,487,596,241,367,109,126,13734
10918,cr1_1365p_00007.cbf,481,605,230,378,124,148,18352
10919,cr1_1365p_00008.cbf,481,609,234,378,128,144,18432
10920,cr1_1366p_00001.cbf,479,611,231,378,132,147,19404
10921,cr1_1366p_00002.cbf,478,607,235,375,129,140,18060
10922,cr1_1366p_00003.cbf,477,607,229,379,130,150,19500
10923,cr1_1366p_00004.cbf,476,603,230,374,127,144,18288
10924,cr1_1366p_00005.cbf,474,605,228,379,131,151,19781
10925,cr1_1366p_00006.cbf,476,608,232,379,132,147,19404
10926,cr1_1366p_00007.cbf,479,609,231,381,130,150,19500
10927,cr1_1366p_00008.cbf,474,609,230,379,135,149,20115
10928,cr1_1367p_00001.cbf,473,611,232,379,138,147,20286
10929,cr1_1367p_00002.cbf,474,611,234,380,137,146,20002
10930,cr1_1367p_00003.cbf,473,610,234,378,137,144,19728
10931,cr1_1367p_00004.cbf,486,597,241,367,111,126,13986
10932,cr1_1367p_00005.cbf,475,609,232,380,134,148,19832
10933,cr1_1367p_00006.cbf,487,599,239,368,112,129,14448
10934,cr1_1367p_00007.cbf,477,609,231,381,132,150,19800
10935,cr1_1367p_00008.cbf,475,611,231,379,136,148,20128
10936,cr1_1368p_00001.cbf,487,600,239,368,113,129,14577
10937,cr1_1368p_00002.cbf,486,599,239,369,113,130,14690
10938,cr1_1368p_00003.cbf,486,598,242,368,112,126,14112
10939,cr1_1368p_00004.cbf,478,608,233,379,130,146,18980
10940,cr1_1368p_00005.cbf,487,599,239,368,112,129,14448
10941,cr1_1368p_00006.cbf,477,611,228,380,134,152,20368
10942,cr1_1368p_00007.cbf,486,598,239,369,112,130,14560
10943,cr1_1368p_00008.cbf,489,600,242,368,111,126,13986
10944,cr1_1369p_00001.cbf,477,609,229,384,132,155,20460
10945,cr1_1369p_00002.cbf,471,610,234,379,139,145,20155
10946,cr1_1369p_00003.cbf,471,613,234,375,142,141,20022
10947,cr1_1369p_00004.cbf,474,607,231,378,133,147,19551
10948,cr1_1369p_00005.cbf,473,608,231,379,135,148,19980
10949,cr1_1369p_00006.cbf,486,599,239,367,113,128,14464
10950,cr1_1369p_00007.cbf,479,612,227,379,133,152,20216
10951,cr1_1369p_00008.cbf,485,599,241,369,114,128,14592
10952,cr1_1370p_00001.cbf,477,611,228,377,134,149,19966
10953,cr1_1370p_00002.cbf,484,600,242,369,116,127,14732
10954,cr1_1370p_00003.cbf,476,610,231,382,134,151,20234
10955,cr1_1370p_00004.cbf,473,606,226,376,133,150,19950
10956,cr1_1370p_00005.cbf,472,608,228,376,136,148,20128
10957,cr1_1370p_00006.cbf,486,599,240,369,113,129,14577
10958,cr1_1370p_00007.cbf,487,598,241,368,111,127,14097
10959,cr1_1370p_00008.cbf,478,612,232,379,134,147,19698
10960,cr1_1371p_00001.cbf,474,609,231,378,135,147,19845
10961,cr1_1371p_00002.cbf,477,611,232,379,134,147,19698
10962,cr1_1371p_00003.cbf,476,613,235,384,137,149,20413
10963,cr1_1371p_00004.cbf,475,609,232,377,134,145,19430
10964,cr1_1371p_00005.cbf,476,607,229,375,131,146,19126
10965,cr1_1371p_00006.cbf,471,611,230,377,140,147,20580
10966,cr1_1371p_00007.cbf,478,607,229,381,129,152,19608
10967,cr1_1371p_00008.cbf,474,608,233,378,134,145,19430
10968,cr1_1372p_00001.cbf,475,609,235,377,134,142,19028
10969,cr1_1372p_00002.cbf,478,607,233,380,129,147,18963
10970,cr1_1372p_00003.cbf,476,609,233,386,133,153,20349
10971,cr1_1372p_00004.cbf,476,612,231,376,136,145,19720
10972,cr1_1372p_00005.cbf,478,607,230,379,129,149,19221
10973,cr1_1372p_00006.cbf,475,606,232,375,131,143,18733
10974,cr1_1372p_00007.cbf,473,613,229,375,140,146,20440
10975,cr1_1372p_00008.cbf,488,598,240,367,110,127,13970
10976,cr1_1373p_00001.cbf,473,612,232,379,139,147,20433
10977,cr1_1373p_00002.cbf,477,613,234,379,136,145,19720
10978,cr1_1373p_00003.cbf,477,611,231,380,134,149,19966
10979,cr1_1373p_00004.cbf,473,613,232,379,140,147,20580
10980,cr1_1373p_00005.cbf,480,610,231,377,130,146,18980
10981,cr1_1373p_00006.cbf,472,606,227,376,134,149,19966
10982,cr1_1373p_00007.cbf,487,598,240,369,111,129,14319
10983,cr1_1373p_00008.cbf,473,610,230,379,137,149,20413
10984,cr1_1374p_00001.cbf,478,612,232,380,134,148,19832
10985,cr1_1374p_00002.cbf,474,614,233,379,140,146,20440
10986,cr1_1374p_00003.cbf,474,609,232,380,135,148,19980
10987,cr1_1374p_00004.cbf,473,612,233,379,139,146,20294
10988,cr1_1374p_00005.cbf,477,609,228,383,132,155,20460
10989,cr1_1374p_00006.cbf,486,599,238,367,113,129,14577
10990,cr1_1374p_00007.cbf,474,613,229,375,139,146,20294
10991,cr1_1374p_00008.cbf,475,607,232,380,132,148,19536
10992,cr1_1375p_00001.cbf,477,610,233,383,133,150,19950
10993,cr1_1375p_00002.cbf,478,608,235,381,130,146,18980
10994,cr1_1375p_00003.cbf,476,609,235,379,133,144,19152
10995,cr1_1375p_00004.cbf,472,609,228,377,137,149,20413
10996,cr1_1375p_00005.cbf,477,605,231,380,128,149,19072
10997,cr1_1375p_00006.cbf,488,600,239,366,112,127,14224
10998,cr1_1375p_00007.cbf,484,597,241,368,113,127,14351
10999,cr1_1375p_00008.cbf,475,611,234,380,136,146,19856
11000,cr1_1376p_00001.cbf,485,599,242,368,114,126,14364
11001,cr1_1376p_00002.cbf,476,609,232,380,133,148,19684
11002,cr1_1376p_00003.cbf,478,608,230,380,130,150,19500
11003,cr1_1376p_00004.cbf,484,597,240,368,113,128,14464
11004,cr1_1376p_00005.cbf,472,608,228,378,136,150,20400
11005,cr1_1376p_00006.cbf,469,607,233,376,138,143,19734
11006,cr1_1376p_00007.cbf,474,608,230,383,134,153,20502
11007,cr1_1376p_00008.cbf,474,609,234,382,135,148,19980
11008,cr1_1377p_00001.cbf,477,606,235,377,129,142,18318
11009,cr1_1377p_00002.cbf,473,614,234,379,141,145,20445
11010,cr1_1377p_00003.cbf,473,609,236,381,136,145,19720
11011,cr1_1377p_00004.cbf,476,606,234,376,130,142,18460
11012,cr1_1377p_00005.cbf,478,608,225,377,130,152,19760
11013,cr1_1377p_00006.cbf,473,605,226,375,132,149,19668
11014,cr1_1377p_00007.cbf,476,608,233,380,132,147,19404
11015,cr1_1377p_00008.cbf,476,611,230,379,135,149,20115
11016,cr1_1378p_00001.cbf,479,605,231,375,126,144,18144
11017,cr1_1378p_00002.cbf,479,611,230,383,132,153,20196
11018,cr1_1378p_00003.cbf,477,605,231,377,128,146,18688
11019,cr1_1378p_00004.cbf,484,599,241,367,115,126,14490
11020,cr1_1378p_00005.cbf,486,598,240,366,112,126,14112
11021,cr1_1378p_00006.cbf,479,613,229,380,134,151,20234
11022,cr1_1378p_00007.cbf,489,597,240,368,108,128,13824
11023,cr1_1378p_00008.cbf,479,608,234,376,129,142,18318
11024,cr1_1379p_00001.cbf,477,611,230,375,134,145,19430
11025,cr1_1379p_00002.cbf,485,600,243,371,115,128,14720
11026,cr1_1379p_00003.cbf,476,608,235,380,132,145,19140
11027,cr1_1379p_00004.cbf,487,598,241,368,111,127,14097
11028,cr1_1379p_00005.cbf,485,598,239,369,113,130,14690
11029,cr1_1379p_00006.cbf,485,595,238,367,110,129,14190
11030,cr1_1379p_00007.cbf,476,612,226,377,136,151,20536
11031,cr1_1379p_00008.cbf,475,609,229,382,134,153,20502
11032,cr1_1380p_00001.cbf,484,598,241,367,114,126,14364
11033,cr1_1380p_00002.cbf,475,612,234,382,137,148,20276
11034,cr1_1380p_00003.cbf,488,598,240,369,110,129,14190
11035,cr1_1380p_00004.cbf,476,606,234,379,130,145,18850
11036,cr1_1380p_00005.cbf,484,599,239,367,115,128,14720
11037,cr1_1380p_00006.cbf,478,606,232,378,128,146,18688
11038,cr1_1380p_00007.cbf,478,611,232,380,133,148,19684
11039,cr1_1380p_00008.cbf,486,598,241,369,112,128,14336
11040,cr1_1381p_00001.cbf,487,600,242,367,113,125,14125
11041,cr1_1381p_00002.cbf,475,607,234,378,132,144,19008
11042,cr1_1381p_00003.cbf,478,608,232,377,130,145,18850
11043,cr1_1381p_00004.cbf,484,598,241,367,114,126,14364
11044,cr1_1381p_00005.cbf,472,607,231,375,135,144,19440
11045,cr1_1381p_00006.cbf,474,608,234,379,134,145,19430
11046,cr1_1381p_00007.cbf,477,609,232,380,132,148,19536
11047,cr1_1381p_00008.cbf,479,606,231,386,127,155,19685
11048,cr1_1382p_00001.cbf,487,600,242,370,113,128,14464
11049,cr1_1382p_00002.cbf,478,609,233,379,131,146,19126
11050,cr1_1382p_00003.cbf,488,598,242,369,110,127,13970
11051,cr1_1382p_00004.cbf,479,607,226,385,128,159,20352
11052,cr1_1382p_00005.cbf,481,614,231,376,133,145,19285
11053,cr1_1382p_00006.cbf,480,606,230,378,126,148,18648
11054,cr1_1382p_00007.cbf,473,611,232,378,138,146,20148
11055,cr1_1382p_00008.cbf,470,609,231,377,139,146,20294
11056,cr1_1383p_00001.cbf,476,609,234,384,133,150,19950
11057,cr1_1383p_00002.cbf,476,609,233,378,133,145,19285
11058,cr1_1383p_00003.cbf,471,611,235,380,140,145,20300
11059,cr1_1383p_00004.cbf,486,598,241,366,112,125,14000
11060,cr1_1383p_00005.cbf,476,607,224,380,131,156,20436
11061,cr1_1383p_00006.cbf,472,608,232,380,136,148,20128
11062,cr1_1383p_00007.cbf,476,611,232,378,135,146,19710
11063,cr1_1383p_00008.cbf,474,610,229,378,136,149,20264
11064,cr1_1384p_00001.cbf,476,609,232,383,133,151,20083
11065,cr1_1384p_00002.cbf,474,610,235,380,136,145,19720
11066,cr1_1384p_00003.cbf,474,612,232,381,138,149,20562
11067,cr1_1384p_00004.cbf,478,610,232,378,132,146,19272
11068,cr1_1384p_00005.cbf,477,607,233,377,130,144,18720
11069,cr1_1384p_00006.cbf,473,611,232,375,138,143,19734
11070,cr1_1384p_00007.cbf,474,607,231,380,133,149,19817
11071,cr1_1384p_00008.cbf,474,610,233,380,136,147,19992
11072,cr1_1385p_00001.cbf,487,600,241,367,113,126,14238
11073,cr1_1385p_00002.cbf,475,609,235,380,134,145,19430
11074,cr1_1385p_00003.cbf,469,608,232,375,139,143,19877
11075,cr1_1385p_00004.cbf,474,609,230,380,135,150,20250
11076,cr1_1385p_00005.cbf,476,605,228,380,129,152,19608
11077,cr1_1385p_00006.cbf,476,609,230,379,133,149,19817
11078,cr1_1385p_00007.cbf,478,610,231,379,132,148,19536
11079,cr1_1385p_00008.cbf,477,608,232,378,131,146,19126
11080,cr1_1386p_00001.cbf,474,606,235,376,132,141,18612
11081,cr1_1386p_00002.cbf,470,609,234,380,139,146,20294
11082,cr1_1386p_00003.cbf,476,607,231,376,131,145,18995
11083,cr1_1386p_00004.cbf,470,610,230,377,140,147,20580
11084,cr1_1386p_00005.cbf,488,599,239,367,111,128,14208
11085,cr1_1386p_00006.cbf,477,606,229,378,129,149,19221
11086,cr1_1386p_00007.cbf,477,612,229,380,135,151,20385
11087,cr1_1386p_00008.cbf,486,600,240,369,114,129,14706
11088,cr1_1387p_00001.cbf,486,601,243,368,115,125,14375
11089,cr1_1387p_00002.cbf,485,597,242,367,112,125,14000
11090,cr1_1387p_00003.cbf,477,607,231,389,130,158,20540
11091,cr1_1387p_00004.cbf,473,608,234,375,135,141,19035
11092,cr1_1387p_00005.cbf,474,608,230,373,134,143,19162
11093,cr1_1387p_00006.cbf,485,599,240,369,114,129,14706
11094,cr1_1387p_00007.cbf,472,610,235,376,138,141,19458
11095,cr1_1387p_00008.cbf,473,606,233,376,133,143,19019
11096,cr1_1388p_00001.cbf,473,606,230,377,133,147,19551
11097,cr1_1388p_00002.cbf,476,610,232,380,134,148,19832
11098,cr1_1388p_00003.cbf,472,611,233,381,139,148,20572
11099,cr1_1388p_00004.cbf,487,599,241,368,112,127,14224
11100,cr1_1388p_00005.cbf,483,599,239,365,116,126,14616
11101,cr1_1388p_00006.cbf,485,600,241,369,115,128,14720
11102,cr1_1388p_00007.cbf,476,613,236,383,137,147,20139
11103,cr1_1388p_00008.cbf,475,608,232,377,133,145,19285
11104,cr1_1389p_00001.cbf,474,609,232,375,135,143,19305
11105,cr1_1389p_00002.cbf,478,610,233,381,132,148,19536
11106,cr1_1389p_00003.cbf,477,611,232,379,134,147,19698
11107,cr1_1389p_00004.cbf,477,610,226,377,133,151,20083
11108,cr1_1389p_00005.cbf,477,606,230,382,129,152,19608
11109,cr1_1389p_00006.cbf,477,607,232,378,130,146,18980
11110,cr1_1389p_00007.cbf,479,610,233,385,131,152,19912
11111,cr1_1389p_00008.cbf,473,608,236,384,135,148,19980
11112,cr1_1390p_00001.cbf,476,608,231,375,132,144,19008
11113,cr1_1390p_00002.cbf,476,606,231,383,130,152,19760
11114,cr1_1390p_00003.cbf,475,610,226,377,135,151,20385
11115,cr1_1390p_00004.cbf,478,606,229,376,128,147,18816
11116,cr1_1390p_00005.cbf,477,610,230,380,133,150,19950
11117,cr1_1390p_00006.cbf,477,610,231,376,133,145,19285
11118,cr1_1390p_00007.cbf,473,609,233,376,136,143,19448
11119,cr1_1390p_00008.cbf,475,608,233,377,133,144,19152
11120,cr1_1391p_00001.cbf,475,613,234,382,138,148,20424
11121,cr1_1391p_00002.cbf,475,607,229,378,132,149,19668
11122,cr1_1391p_00003.cbf,477,612,233,379,135,146,19710
11123,cr1_1391p_00004.cbf,478,607,231,378,129,147,18963
11124,cr1_1391p_00005.cbf,487,600,239,365,113,126,14238
11125,cr1_1391p_00006.cbf,477,610,231,380,133,149,19817
11126,cr1_1391p_00007.cbf,470,608,234,377,138,143,19734
11127,cr1_1391p_00008.cbf,475,610,233,378,135,145,19575
11128,cr1_1392p_00001.cbf,474,610,234,378,136,144,19584
11129,cr1_1392p_00002.cbf,479,615,235,377,136,142,19312
11130,cr1_1392p_00003.cbf,476,609,226,377,133,151,20083
11131,cr1_1392p_00004.cbf,475,607,232,381,132,149,19668
11132,cr1_1392p_00005.cbf,476,605,231,379,129,148,19092
11133,cr1_1392p_00006.cbf,477,611,229,375,134,146,19564
11134,cr1_1392p_00007.cbf,474,609,234,380,135,146,19710
11135,cr1_1392p_00008.cbf,476,607,234,380,131,146,19126
11136,cr1_1393p_00001.cbf,475,615,233,379,140,146,20440
11137,cr1_1393p_00002.cbf,476,612,233,378,136,145,19720
11138,cr1_1393p_00003.cbf,475,606,234,381,131,147,19257
11139,cr1_1393p_00004.cbf,488,597,239,368,109,129,14061
11140,cr1_1393p_00005.cbf,481,608,232,375,127,143,18161
11141,cr1_1393p_00006.cbf,478,610,230,376,132,146,19272
11142,cr1_1393p_00007.cbf,474,606,232,376,132,144,19008
11143,cr1_1393p_00008.cbf,486,599,241,366,113,125,14125
11144,cr1_1394p_00001.cbf,478,610,234,379,132,145,19140
11145,cr1_1394p_00002.cbf,477,606,232,378,129,146,18834
11146,cr1_1394p_00003.cbf,475,608,232,380,133,148,19684
11147,cr1_1394p_00004.cbf,478,606,228,381,128,153,19584
11148,cr1_1394p_00005.cbf,477,604,228,376,127,148,18796
11149,cr1_1394p_00006.cbf,480,608,230,378,128,148,18944
11150,cr1_1394p_00007.cbf,475,607,232,378,132,146,19272
11151,cr1_1394p_00008.cbf,475,613,234,375,138,141,19458
11152,cr1_1395p_00001.cbf,475,607,232,382,132,150,19800
11153,cr1_1395p_00002.cbf,488,598,241,368,110,127,13970
11154,cr1_1395p_00003.cbf,488,599,242,370,111,128,14208
11155,cr1_1395p_00004.cbf,475,608,232,376,133,144,19152
11156,cr1_1395p_00005.cbf,476,609,227,379,133,152,20216
11157,cr1_1395p_00006.cbf,487,598,240,367,111,127,14097
11158,cr1_1395p_00007.cbf,474,607,235,389,133,154,20482
11159,cr1_1395p_00008.cbf,478,612,230,377,134,147,19698
11160,cr1_1396p_00001.cbf,478,608,229,381,130,152,19760
11161,cr1_1396p_00002.cbf,477,608,233,377,131,144,18864
11162,cr1_1396p_00003.cbf,475,614,234,381,139,147,20433
11163,cr1_1396p_00004.cbf,476,607,231,378,131,147,19257
11164,cr1_1396p_00005.cbf,475,609,233,378,134,145,19430
11165,cr1_1396p_00006.cbf,485,598,239,366,113,127,14351
11166,cr1_1396p_00007.cbf,475,610,232,374,135,142,19170
11167,cr1_1396p_00008.cbf,472,608,233,377,136,144,19584
11168,cr1_1397p_00001.cbf,468,609,234,380,141,146,20586
11169,cr1_1397p_00002.cbf,475,612,235,379,137,144,19728
11170,cr1_1397p_00003.cbf,478,606,233,378,128,145,18560
11171,cr1_1397p_00004.cbf,478,609,227,380,131,153,20043
11172,cr1_1397p_00005.cbf,476,608,224,375,132,151,19932
11173,cr1_1397p_00006.cbf,477,604,232,377,127,145,18415
11174,cr1_1397p_00007.cbf,477,611,229,379,134,150,20100
11175,cr1_1397p_00008.cbf,478,610,234,377,132,143,18876
11176,cr1_1398p_00001.cbf,479,612,233,381,133,148,19684
11177,cr1_1398p_00002.cbf,480,610,231,378,130,147,19110
11178,cr1_1398p_00003.cbf,476,607,232,377,131,145,18995
11179,cr1_1398p_00004.cbf,487,600,243,367,113,124,14012
11180,cr1_1398p_00005.cbf,479,608,232,375,129,143,18447
11181,cr1_1398p_00006.cbf,475,604,233,376,129,143,18447
11182,cr1_1398p_00007.cbf,480,605,235,385,125,150,18750
11183,cr1_1398p_00008.cbf,477,609,229,381,132,152,20064
11184,cr1_1399p_00001.cbf,476,609,231,381,133,150,19950
11185,cr1_1399p_00002.cbf,472,608,231,380,136,149,20264
11186,cr1_1399p_00003.cbf,465,606,234,378,141,144,20304
11187,cr1_1399p_00004.cbf,476,611,231,381,135,150,20250
11188,cr1_1399p_00005.cbf,475,607,231,383,132,152,20064
11189,cr1_1399p_00006.cbf,473,607,229,377,134,148,19832
11190,cr1_1399p_00007.cbf,472,606,231,378,134,147,19698
11191,cr1_1399p_00008.cbf,474,611,233,382,137,149,20413
11192,cr1_1400p_00001.cbf,485,598,240,370,113,130,14690
11193,cr1_1400p_00002.cbf,474,608,228,378,134,150,20100
11194,cr1_1400p_00003.cbf,482,598,240,368,116,128,14848
11195,cr1_1400p_00004.cbf,475,607,230,382,132,152,20064
11196,cr1_1400p_00005.cbf,485,599,235,367,114,132,15048
11197,cr1_1400p_00006.cbf,486,598,239,369,112,130,14560
11198,cr1_1400p_00007.cbf,488,598,241,370,110,129,14190
11199,cr1_1400p_00008.cbf,486,602,238,368,116,130,15080
11200,cr1_1401p_00001.cbf,485,601,241,370,116,129,14964
11201,cr1_1401p_00002.cbf,484,601,242,368,117,126,14742
11202,cr1_1401p_00003.cbf,473,607,234,382,134,148,19832
11203,cr1_1401p_00004.cbf,485,598,240,368,113,128,14464
11204,cr1_1401p_00005.cbf,477,613,229,377,136,148,20128
11205,cr1_1401p_00006.cbf,474,608,229,382,134,153,20502
11206,cr1_1401p_00007.cbf,473,607,227,378,134,151,20234
11207,cr1_1401p_00008.cbf,478,609,228,383,131,155,20305
11208,cr1_1402p_00001.cbf,476,606,229,381,130,152,19760
11209,cr1_1402p_00002.cbf,486,601,240,369,115,129,14835
11210,cr1_1402p_00003.cbf,485,600,238,370,115,132,15180
11211,cr1_1402p_00004.cbf,485,599,240,369,114,129,14706
11212,cr1_1402p_00005.cbf,476,606,227,378,130,151,19630
11213,cr1_1402p_00006.cbf,484,597,240,368,113,128,14464
11214,cr1_1402p_00007.cbf,475,607,225,378,132,153,20196
11215,cr1_1402p_00008.cbf,476,611,234,379,135,145,19575
11216,cr1_1403p_00001.cbf,487,599,239,367,112,128,14336
11217,cr1_1403p_00002.cbf,483,599,241,371,116,130,15080
11218,cr1_1403p_00003.cbf,483,602,241,371,119,130,15470
11219,cr1_1403p_00004.cbf,474,609,229,380,135,151,20385
11220,cr1_1403p_00005.cbf,484,600,240,369,116,129,14964
11221,cr1_1403p_00006.cbf,487,600,241,367,113,126,14238
11222,cr1_1403p_00007.cbf,476,611,225,376,135,151,20385
11223,cr1_1403p_00008.cbf,475,610,230,378,135,148,19980
11224,cr1_1404p_00001.cbf,486,600,241,371,114,130,14820
11225,cr1_1404p_00002.cbf,476,614,230,378,138,148,20424
11226,cr1_1404p_00003.cbf,487,600,241,371,113,130,14690
11227,cr1_1404p_00004.cbf,475,612,228,378,137,150,20550
11228,cr1_1404p_00005.cbf,485,598,238,367,113,129,14577
11229,cr1_1404p_00006.cbf,486,601,238,369,115,131,15065
11230,cr1_1404p_00007.cbf,488,600,241,369,112,128,14336
11231,cr1_1404p_00008.cbf,473,611,231,379,138,148,20424
11232,cr1_1405p_00001.cbf,484,599,241,370,115,129,14835
11233,cr1_1405p_00002.cbf,473,611,230,378,138,148,20424
11234,cr1_1405p_00003.cbf,485,599,241,369,114,128,14592
11235,cr1_1405p_00004.cbf,471,612,233,378,141,145,20445
11236,cr1_1405p_00005.cbf,486,599,238,367,113,129,14577
11237,cr1_1405p_00006.cbf,477,611,229,375,134,146,19564
11238,cr1_1405p_00007.cbf,486,599,240,368,113,128,14464
11239,cr1_1405p_00008.cbf,480,606,229,386,126,157,19782
11240,cr1_1406p_00001.cbf,477,611,232,378,134,146,19564
11241,cr1_1406p_00002.cbf,483,600,241,369,117,128,14976
11242,cr1_1406p_00003.cbf,486,600,240,370,114,130,14820
11243,cr1_1406p_00004.cbf,486,599,241,368,113,127,14351
11244,cr1_1406p_00005.cbf,486,600,239,368,114,129,14706
11245,cr1_1406p_00006.cbf,474,612,228,377,138,149,20562
11246,cr1_1406p_00007.cbf,487,601,241,369,114,128,14592
11247,cr1_1406p_00008.cbf,477,615,233,380,138,147,20286
11248,cr1_1407p_00001.cbf,485,600,239,370,115,131,15065
11249,cr1_1407p_00002.cbf,487,600,241,369,113,128,14464
11250,cr1_1407p_00003.cbf,473,609,231,377,136,146,19856
11251,cr1_1407p_00004.cbf,486,598,239,368,112,129,14448
11252,cr1_1407p_00005.cbf,484,597,239,368,113,129,14577
11253,cr1_1407p_00006.cbf,485,601,238,367,116,129,14964
11254,cr1_1407p_00007.cbf,484,599,239,367,115,128,14720
11255,cr1_1407p_00008.cbf,476,609,233,378,133,145,19285
11256,cr1_1408p_00001.cbf,486,602,241,369,116,128,14848
11257,cr1_1408p_00002.cbf,486,602,240,370,116,130,15080
11258,cr1_1408p_00003.cbf,473,612,232,379,139,147,20433
11259,cr1_1408p_00004.cbf,471,611,235,380,140,145,20300
11260,cr1_1408p_00005.cbf,486,601,239,367,115,128,14720
11261,cr1_1408p_00006.cbf,485,598,238,367,113,129,14577
11262,cr1_1408p_00007.cbf,471,609,233,382,138,149,20562
11263,cr1_1408p_00008.cbf,471,611,231,377,140,146,20440
11264,cr1_1409p_00001.cbf,486,600,240,369,114,129,14706
11265,cr1_1409p_00002.cbf,472,607,231,380,135,149,20115
11266,cr1_1409p_00003.cbf,487,599,241,369,112,128,14336
11267,cr1_1409p_00004.cbf,484,600,238,368,116,130,15080
11268,cr1_1409p_00005.cbf,477,609,230,377,132,147,19404
11269,cr1_1409p_00006.cbf,486,600,239,367,114,128,14592
11270,cr1_1409p_00007.cbf,476,607,233,377,131,144,18864
11271,cr1_1409p_00008.cbf,468,607,234,378,139,144,20016
11272,cr1_1410p_00001.cbf,473,611,234,377,138,143,19734
11273,cr1_1410p_00002.cbf,485,600,241,370,115,129,14835
11274,cr1_1410p_00003.cbf,476,609,228,379,133,151,20083
11275,cr1_1410p_00004.cbf,485,598,241,368,113,127,14351
11276,cr1_1410p_00005.cbf,476,613,225,375,137,150,20550
11277,cr1_1410p_00006.cbf,485,601,240,372,116,132,15312
11278,cr1_1410p_00007.cbf,469,611,232,377,142,145,20590
11279,cr1_1410p_00008.cbf,479,608,232,377,129,145,18705
11280,cr1_1411p_00001.cbf,475,612,234,381,137,147,20139
11281,cr1_1411p_00002.cbf,486,599,241,369,113,128,14464
11282,cr1_1411p_00003.cbf,477,614,232,381,137,149,20413
11283,cr1_1411p_00004.cbf,486,599,241,368,113,127,14351
11284,cr1_1411p_00005.cbf,475,609,229,380,134,151,20234
11285,cr1_1411p_00006.cbf,485,598,240,367,113,127,14351
11286,cr1_1411p_00007.cbf,485,599,239,369,114,130,14820
11287,cr1_1411p_00008.cbf,475,613,233,376,138,143,19734
11288,cr1_1412p_00001.cbf,487,600,239,368,113,129,14577
11289,cr1_1412p_00002.cbf,474,607,233,384,133,151,20083
11290,cr1_1412p_00003.cbf,476,607,230,381,131,151,19781
11291,cr1_1412p_00004.cbf,475,609,226,378,134,152,20368
11292,cr1_1412p_00005.cbf,483,599,238,367,116,129,14964
11293,cr1_1412p_00006.cbf,474,607,229,378,133,149,19817
11294,cr1_1412p_00007.cbf,474,610,234,380,136,146,19856
11295,cr1_1412p_00008.cbf,475,608,225,379,133,154,20482
11296,cr1_1413p_00001.cbf,479,613,231,381,134,150,20100
11297,cr1_1413p_00002.cbf,487,598,242,367,111,125,13875
11298,cr1_1413p_00003.cbf,470,608,231,378,138,147,20286
11299,cr1_1413p_00004.cbf,488,600,239,367,112,128,14336
11300,cr1_1413p_00005.cbf,486,599,239,368,113,129,14577
11301,cr1_1413p_00006.cbf,477,609,229,379,132,150,19800
11302,cr1_1413p_00007.cbf,475,611,225,376,136,151,20536
11303,cr1_1413p_00008.cbf,484,599,239,369,115,130,14950
11304,cr1_1414p_00001.cbf,478,610,231,379,132,148,19536
11305,cr1_1414p_00002.cbf,472,606,231,384,134,153,20502
11306,cr1_1414p_00003.cbf,476,605,237,377,129,140,18060
11307,cr1_1414p_00004.cbf,487,599,239,367,112,128,14336
11308,cr1_1414p_00005.cbf,477,609,231,385,132,154,20328
11309,cr1_1414p_00006.cbf,486,598,240,368,112,128,14336
11310,cr1_1414p_00007.cbf,477,608,233,381,131,148,19388
11311,cr1_1414p_00008.cbf,473,606,235,384,133,149,19817
11312,cr1_1415p_00001.cbf,476,608,232,382,132,150,19800
11313,cr1_1415p_00002.cbf,485,599,241,368,114,127,14478
11314,cr1_1415p_00003.cbf,476,608,235,380,132,145,19140
11315,cr1_1415p_00004.cbf,473,612,234,378,139,144,20016
11316,cr1_1415p_00005.cbf,476,608,227,374,132,147,19404
11317,cr1_1415p_00006.cbf,478,612,231,378,134,147,19698
11318,cr1_1415p_00007.cbf,474,608,232,379,134,147,19698
11319,cr1_1415p_00008.cbf,478,609,232,380,131,148,19388
11320,cr1_1416p_00001.cbf,475,612,233,378,137,145,19865
11321,cr1_1416p_00002.cbf,488,600,240,368,112,128,14336
11322,cr1_1416p_00003.cbf,486,598,242,370,112,128,14336
11323,cr1_1416p_00004.cbf,475,611,233,374,136,141,19176
11324,cr1_1416p_00005.cbf,487,599,238,367,112,129,14448
11325,cr1_1416p_00006.cbf,476,612,232,380,136,148,20128
11326,cr1_1416p_00007.cbf,473,607,227,378,134,151,20234
11327,cr1_1416p_00008.cbf,477,610,232,376,133,144,19152
11328,cr1_1417p_00001.cbf,474,611,232,382,137,150,20550
11329,cr1_1417p_00002.cbf,475,608,232,379,133,147,19551
11330,cr1_1417p_00003.cbf,488,600,241,370,112,129,14448
11331,cr1_1417p_00004.cbf,475,610,232,381,135,149,20115
11332,cr1_1417p_00005.cbf,487,599,241,367,112,126,14112
11333,cr1_1417p_00006.cbf,485,599,241,369,114,128,14592
11334,cr1_1417p_00007.cbf,485,602,239,368,117,129,15093
11335,cr1_1417p_00008.cbf,486,599,241,367,113,126,14238
11336,cr1_1418p_00001.cbf,486,600,241,368,114,127,14478
11337,cr1_1418p_00002.cbf,475,614,235,382,139,147,20433
11338,cr1_1418p_00003.cbf,473,610,232,380,137,148,20276
11339,cr1_1418p_00004.cbf,488,601,241,367,113,126,14238
11340,cr1_1418p_00005.cbf,477,612,232,378,135,146,19710
11341,cr1_1418p_00006.cbf,477,606,227,381,129,154,19866
11342,cr1_1418p_00007.cbf,474,607,227,377,133,150,19950
11343,cr1_1418p_00008.cbf,479,611,232,378,132,146,19272
11344,cr1_1419p_00001.cbf,475,607,232,381,132,149,19668
11345,cr1_1419p_00002.cbf,487,600,242,368,113,126,14238
11346,cr1_1419p_00003.cbf,487,599,240,369,112,129,14448
11347,cr1_1419p_00004.cbf,477,609,229,376,132,147,19404
11348,cr1_1419p_00005.cbf,483,598,239,366,115,127,14605
11349,cr1_1419p_00006.cbf,487,599,241,367,112,126,14112
11350,cr1_1419p_00007.cbf,477,609,233,379,132,146,19272
11351,cr1_1419p_00008.cbf,475,606,231,379,131,148,19388
11352,cr1_1420p_00001.cbf,474,612,231,378,138,147,20286
11353,cr1_1420p_00002.cbf,484,599,241,368,115,127,14605
11354,cr1_1420p_00003.cbf,473,610,234,382,137,148,20276
11355,cr1_1420p_00004.cbf,476,606,230,379,130,149,19370
11356,cr1_1420p_00005.cbf,473,607,231,378,134,147,19698
11357,cr1_1420p_00006.cbf,486,598,241,367,112,126,14112
11358,cr1_1420p_00007.cbf,468,610,233,378,142,145,20590
11359,cr1_1420p_00008.cbf,486,601,241,369,115,128,14720
11360,cr1_1421p_00001.cbf,473,610,237,379,137,142,19454
11361,cr1_1421p_00002.cbf,485,599,240,369,114,129,14706
11362,cr1_1421p_00003.cbf,487,600,241,370,113,129,14577
11363,cr1_1421p_00004.cbf,473,607,229,378,134,149,19966
11364,cr1_1421p_00005.cbf,487,598,237,367,111,130,14430
11365,cr1_1421p_00006.cbf,476,611,232,382,135,150,20250
11366,cr1_1421p_00007.cbf,487,601,241,368,114,127,14478
11367,cr1_1421p_00008.cbf,476,610,233,380,134,147,19698
11368,cr1_1422p_00001.cbf,476,609,231,381,133,150,19950
11369,cr1_1422p_00002.cbf,472,607,229,378,135,149,20115
11370,cr1_1422p_00003.cbf,475,610,234,385,135,151,20385
11371,cr1_1422p_00004.cbf,473,610,232,378,137,146,20002
11372,cr1_1422p_00005.cbf,474,607,228,378,133,150,19950
11373,cr1_1422p_00006.cbf,475,612,233,380,137,147,20139
11374,cr1_1422p_00007.cbf,475,608,231,379,133,148,19684
11375,cr1_1422p_00008.cbf,475,607,230,381,132,151,19932
11376,cr1_1423p_00001.cbf,485,598,241,370,113,129,14577
11377,cr1_1423p_00002.cbf,476,610,234,382,134,148,19832
11378,cr1_1423p_00003.cbf,476,611,234,377,135,143,19305
11379,cr1_1423p_00004.cbf,476,609,233,377,133,144,19152
11380,cr1_1423p_00005.cbf,488,599,240,366,111,126,13986
11381,cr1_1423p_00006.cbf,478,610,231,377,132,146,19272
11382,cr1_1423p_00007.cbf,478,606,231,377,128,146,18688
11383,cr1_1423p_00008.cbf,473,607,233,379,134,146,19564
11384,cr1_1424p_00001.cbf,486,598,243,368,112,125,14000
11385,cr1_1424p_00002.cbf,478,610,232,379,132,147,19404
11386,cr1_1424p_00003.cbf,468,608,233,379,140,146,20440
11387,cr1_1424p_00004.cbf,469,607,233,382,138,149,20562
11388,cr1_1424p_00005.cbf,478,610,234,379,132,145,19140
11389,cr1_1424p_00006.cbf,471,608,232,382,137,150,20550
11390,cr1_1424p_00007.cbf,486,598,239,371,112,132,14784
11391,cr1_1424p_00008.cbf,473,608,236,380,135,144,19440
11392,cr1_1425p_00001.cbf,488,598,241,368,110,127,13970
11393,cr1_1425p_00002.cbf,484,599,242,370,115,128,14720
11394,cr1_1425p_00003.cbf,487,599,243,369,112,126,14112
11395,cr1_1425p_00004.cbf,479,609,230,379,130,149,19370
11396,cr1_1425p_00005.cbf,473,609,229,380,136,151,20536
11397,cr1_1425p_00006.cbf,485,597,240,367,112,127,14224
11398,cr1_1425p_00007.cbf,478,608,230,380,130,150,19500
11399,cr1_1425p_00008.cbf,475,609,234,378,134,144,19296
11400,cr1_1426p_00001.cbf,465,608,232,376,143,144,20592
11401,cr1_1426p_00002.cbf,475,606,233,376,131,143,18733
11402,cr1_1426p_00003.cbf,486,598,240,368,112,128,14336
11403,cr1_1426p_00004.cbf,470,610,232,377,140,145,20300
11404,cr1_1426p_00005.cbf,476,608,221,376,132,155,20460
11405,cr1_1426p_00006.cbf,474,613,229,376,139,147,20433
11406,cr1_1426p_00007.cbf,474,609,234,379,135,145,19575
11407,cr1_1426p_00008.cbf,475,608,236,378,133,142,18886
11408,cr1_1427p_00001.cbf,477,611,231,378,134,147,19698
11409,cr1_1427p_00002.cbf,484,598,242,368,114,126,14364
11410,cr1_1427p_00003.cbf,478,607,233,378,129,145,18705
11411,cr1_1427p_00004.cbf,477,609,230,377,132,147,19404
11412,cr1_1427p_00005.cbf,476,609,232,379,133,147,19551
11413,cr1_1427p_00006.cbf,472,614,234,374,142,140,19880
11414,cr1_1427p_00007.cbf,478,608,229,380,130,151,19630
11415,cr1_1427p_00008.cbf,471,607,235,379,136,144,19584
11416,cr1_1428p_00001.cbf,471,609,230,379,138,149,20562
11417,cr1_1428p_00002.cbf,485,598,242,368,113,126,14238
11418,cr1_1428p_00003.cbf,473,609,233,377,136,144,19584
11419,cr1_1428p_00004.cbf,476,612,226,377,136,151,20536
11420,cr1_1428p_00005.cbf,476,610,228,376,134,148,19832
11421,cr1_1428p_00006.cbf,476,609,227,380,133,153,20349
11422,cr1_1428p_00007.cbf,470,607,230,379,137,149,20413
11423,cr1_1428p_00008.cbf,475,609,233,376,134,143,19162
11424,cr1_1429p_00001.cbf,486,598,239,368,112,129,14448
11425,cr1_1429p_00002.cbf,472,611,233,379,139,146,20294
11426,cr1_1429p_00003.cbf,473,607,235,383,134,148,19832
11427,cr1_1429p_00004.cbf,472,605,233,381,133,148,19684
11428,cr1_1429p_00005.cbf,486,596,238,369,110,131,14410
11429,cr1_1429p_00006.cbf,487,601,239,367,114,128,14592
11430,cr1_1429p_00007.cbf,477,610,229,376,133,147,19551
11431,cr1_1429p_00008.cbf,473,609,226,375,136,149,20264
11432,cr1_1430p_00001.cbf,473,611,234,376,138,142,19596
11433,cr1_1430p_00002.cbf,479,614,234,379,135,145,19575
11434,cr1_1430p_00003.cbf,485,597,242,368,112,126,14112
11435,cr1_1430p_00004.cbf,477,610,229,379,133,150,19950
11436,cr1_1430p_00005.cbf,474,609,228,380,135,152,20520
11437,cr1_1430p_00006.cbf,476,609,228,379,133,151,20083
11438,cr1_1430p_00007.cbf,487,599,242,367,112,125,14000
11439,cr1_1430p_00008.cbf,487,600,242,367,113,125,14125
11440,cr1_1431p_00001.cbf,471,608,235,380,137,145,19865
11441,cr1_1431p_00002.cbf,486,600,242,368,114,126,14364
11442,cr1_1431p_00003.cbf,473,610,231,375,137,144,19728
11443,cr1_1431p_00004.cbf,476,608,233,377,132,144,19008
11444,cr1_1431p_00005.cbf,487,598,240,367,111,127,14097
11445,cr1_1431p_00006.cbf,474,609,230,377,135,147,19845
11446,cr1_1431p_00007.cbf,476,610,234,377,134,143,19162
11447,cr1_1431p_00008.cbf,487,599,241,370,112,129,14448
11448,cr1_1432p_00001.cbf,477,607,234,377,130,143,18590
11449,cr1_1432p_00002.cbf,476,609,228,377,133,149,19817
11450,cr1_1432p_00003.cbf,475,604,237,383,129,146,18834
11451,cr1_1432p_00004.cbf,478,608,233,376,130,143,18590
11452,cr1_1432p_00005.cbf,475,609,231,376,134,145,19430
11453,cr1_1432p_00006.cbf,488,597,241,367,109,126,13734
11454,cr1_1432p_00007.cbf,488,600,240,367,112,127,14224
11455,cr1_1432p_00008.cbf,485,599,241,368,114,127,14478
11456,cr1_1433p_00001.cbf,474,611,231,381,137,150,20550
11457,cr1_1433p_00002.cbf,486,600,242,370,114,128,14592
11458,cr1_1433p_00003.cbf,484,599,240,371,115,131,15065
11459,cr1_1433p_00004.cbf,484,601,241,369,117,128,14976
11460,cr1_1433p_00005.cbf,482,600,240,369,118,129,15222
11461,cr1_1433p_00006.cbf,475,612,231,380,137,149,20413
11462,cr1_1433p_00007.cbf,486,601,242,369,115,127,14605
11463,cr1_1433p_00008.cbf,482,601,240,370,119,130,15470
11464,cr1_1434p_00001.cbf,475,608,229,378,133,149,19817
11465,cr1_1434p_00002.cbf,472,609,228,377,137,149,20413
11466,cr1_1434p_00003.cbf,470,609,231,378,139,147,20433
11467,cr1_1434p_00004.cbf,484,599,239,368,115,129,14835
11468,cr1_1434p_00005.cbf,486,600,238,369,114,131,14934
11469,cr1_1434p_00006.cbf,483,598,237,369,115,132,15180
11470,cr1_1434p_00007.cbf,484,600,240,369,116,129,14964
11471,cr1_1434p_00008.cbf,485,603,242,370,118,128,15104
11472,cr1_1435p_00001.cbf,476,609,232,379,133,147,19551
11473,cr1_1435p_00002.cbf,477,608,224,379,131,155,20305
11474,cr1_1435p_00003.cbf,486,599,239,370,113,131,14803
11475,cr1_1435p_00004.cbf,485,599,239,371,114,132,15048
11476,cr1_1435p_00005.cbf,484,600,238,370,116,132,15312
11477,cr1_1435p_00006.cbf,484,600,239,369,116,130,15080
11478,cr1_1435p_00007.cbf,484,600,240,369,116,129,14964
11479,cr1_1435p_00008.cbf,470,607,232,381,137,149,20413
11480,cr1_1436p_00001.cbf,485,600,242,369,115,127,14605
11481,cr1_1436p_00002.cbf,485,600,240,369,115,129,14835
11482,cr1_1436p_00003.cbf,484,602,241,370,118,129,15222
11483,cr1_1436p_00004.cbf,473,611,228,377,138,149,20562
11484,cr1_1436p_00005.cbf,474,610,228,379,136,151,20536
11485,cr1_1436p_00006.cbf,482,599,241,370,117,129,15093
11486,cr1_1436p_00007.cbf,486,598,239,367,112,128,14336
11487,cr1_1436p_00008.cbf,484,600,241,369,116,128,14848
11488,cr1_1437p_00001.cbf,476,610,234,382,134,148,19832
11489,cr1_1437p_00002.cbf,475,612,232,381,137,149,20413
11490,cr1_1437p_00003.cbf,486,600,240,369,114,129,14706
11491,cr1_1437p_00004.cbf,473,610,230,378,137,148,20276
11492,cr1_1437p_00005.cbf,484,598,238,368,114,130,14820
11493,cr1_1437p_00006.cbf,484,599,239,369,115,130,14950
11494,cr1_1437p_00007.cbf,486,599,240,369,113,129,14577
11495,cr1_1437p_00008.cbf,485,600,239,370,115,131,15065
11496,cr1_1438p_00001.cbf,474,611,233,381,137,148,20276
11497,cr1_1438p_00002.cbf,483,600,241,370,117,129,15093
11498,cr1_1438p_00003.cbf,485,599,241,369,114,128,14592
11499,cr1_1438p_00004.cbf,486,598,241,368,112,127,14224
11500,cr1_1438p_00005.cbf,483,601,238,368,118,130,15340
11501,cr1_1438p_00006.cbf,477,610,227,379,133,152,20216
11502,cr1_1438p_00007.cbf,485,599,240,369,114,129,14706
11503,cr1_1438p_00008.cbf,471,610,229,377,139,148,20572
11504,cr1_1439p_00001.cbf,475,609,232,381,134,149,19966
11505,cr1_1439p_00002.cbf,486,601,242,368,115,126,14490
11506,cr1_1439p_00003.cbf,478,609,229,380,131,151,19781
11507,cr1_1439p_00004.cbf,486,599,239,367,113,128,14464
11508,cr1_1439p_00005.cbf,477,608,227,379,131,152,19912
11509,cr1_1439p_00006.cbf,474,606,226,376,132,150,19800
11510,cr1_1439p_00007.cbf,485,599,239,368,114,129,14706
11511,cr1_1439p_00008.cbf,483,601,241,369,118,128,15104
11512,cr1_1440p_00001.cbf,484,600,241,369,116,128,14848
11513,cr1_1440p_00002.cbf,468,608,234,381,140,147,20580
11514,cr1_1440p_00003.cbf,485,600,242,369,115,127,14605
11515,cr1_1440p_00004.cbf,474,608,233,385,134,152,20368
11516,cr1_1440p_00005.cbf,484,598,239,369,114,130,14820
11517,cr1_1440p_00006.cbf,477,606,228,386,129,158,20382
11518,cr1_1440p_00007.cbf,484,600,241,368,116,127,14732
11519,cr1_1440p_00008.cbf,475,609,231,381,134,150,20100
11520,cr1_1441p_00001.cbf,477,608,227,382,131,155,20305
11521,cr1_1441p_00002.cbf,485,600,241,369,115,128,14720
11522,cr1_1441p_00003.cbf,476,610,233,386,134,153,20502
11523,cr1_1441p_00004.cbf,484,599,240,367,115,127,14605
11524,cr1_1441p_00005.cbf,473,611,231,380,138,149,20562
11525,cr1_1441p_00006.cbf,483,599,239,368,116,129,14964
11526,cr1_1441p_00007.cbf,472,607,229,377,135,148,19980
11527,cr1_1441p_00008.cbf,487,604,241,369,117,128,14976
11528,cr1_1442p_00001.cbf,487,599,241,371,112,130,14560
11529,cr1_1442p_00002.cbf,477,613,230,380,136,150,20400
11530,cr1_1442p_00003.cbf,488,600,240,368,112,128,14336
11531,cr1_1442p_00004.cbf,486,597,239,368,111,129,14319
11532,cr1_1442p_00005.cbf,475,607,231,378,132,147,19404
11533,cr1_1442p_00006.cbf,485,598,240,369,113,129,14577
11534,cr1_1442p_00007.cbf,486,599,240,369,113,129,14577
11535,cr1_1442p_00008.cbf,486,601,241,369,115,128,14720
11536,cr1_1443p_00001.cbf,486,600,241,369,114,128,14592
11537,cr1_1443p_00002.cbf,477,608,232,386,131,154,20174
11538,cr1_1443p_00003.cbf,470,612,234,379,142,145,20590
11539,cr1_1443p_00004.cbf,487,603,239,368,116,129,14964
11540,cr1_1443p_00005.cbf,486,599,240,367,113,127,14351
11541,cr1_1443p_00006.cbf,486,598,239,369,112,130,14560
11542,cr1_1443p_00007.cbf,475,607,234,386,132,152,20064
11543,cr1_1443p_00008.cbf,484,601,241,368,117,127,14859
11544,cr1_1444p_00001.cbf,487,599,241,368,112,127,14224
11545,cr1_1444p_00002.cbf,485,600,241,371,115,130,14950
11546,cr1_1444p_00003.cbf,478,607,232,381,129,149,19221
11547,cr1_1444p_00004.cbf,472,609,232,381,137,149,20413
11548,cr1_1444p_00005.cbf,484,599,240,368,115,128,14720
11549,cr1_1444p_00006.cbf,485,598,240,367,113,127,14351
11550,cr1_1444p_00007.cbf,477,611,229,382,134,153,20502
11551,cr1_1444p_00008.cbf,486,599,240,370,113,130,14690
11552,cr1_1445p_00001.cbf,475,609,232,384,134,152,20368
11553,cr1_1445p_00002.cbf,474,613,234,380,139,146,20294
11554,cr1_1445p_00003.cbf,486,598,241,368,112,127,14224
11555,cr1_1445p_00004.cbf,484,600,238,369,116,131,15196
11556,cr1_1445p_00005.cbf,471,607,232,382,136,150,20400
11557,cr1_1445p_00006.cbf,476,612,232,381,136,149,20264
11558,cr1_1445p_00007.cbf,484,599,241,369,115,128,14720
11559,cr1_1445p_00008.cbf,485,601,241,372,116,131,15196
11560,cr1_1446p_00001.cbf,486,599,241,368,113,127,14351
11561,cr1_1446p_00002.cbf,487,599,241,368,112,127,14224
11562,cr1_1446p_00003.cbf,488,599,240,369,111,129,14319
11563,cr1_1446p_00004.cbf,487,598,239,368,111,129,14319
11564,cr1_1446p_00005.cbf,473,606,226,376,133,150,19950
11565,cr1_1446p_00006.cbf,476,615,233,380,139,147,20433
11566,cr1_1446p_00007.cbf,473,608,229,381,135,152,20520
11567,cr1_1446p_00008.cbf,474,610,233,380,136,147,19992
11568,cr1_1447p_00001.cbf,479,613,231,382,134,151,20234
11569,cr1_1447p_00002.cbf,474,609,231,377,135,146,19710
11570,cr1_1447p_00003.cbf,486,598,241,370,112,129,14448
11571,cr1_1447p_00004.cbf,475,614,233,377,139,144,20016
11572,cr1_1447p_00005.cbf,485,599,241,368,114,127,14478
11573,cr1_1447p_00006.cbf,473,609,232,379,136,147,19992
11574,cr1_1447p_00007.cbf,476,617,235,379,141,144,20304
11575,cr1_1447p_00008.cbf,486,599,241,368,113,127,14351
11576,cr1_1448p_00001.cbf,472,609,234,381,137,147,20139
11577,cr1_1448p_00002.cbf,486,599,240,368,113,128,14464
11578,cr1_1448p_00003.cbf,476,611,233,381,135,148,19980
11579,cr1_1448p_00004.cbf,484,601,239,368,117,129,15093
11580,cr1_1448p_00005.cbf,471,610,229,376,139,147,20433
11581,cr1_1448p_00006.cbf,475,609,233,380,134,147,19698
11582,cr1_1448p_00007.cbf,484,599,240,370,115,130,14950
11583,cr1_1448p_00008.cbf,475,608,229,379,133,150,19950
11584,cr1_1449p_00001.cbf,470,607,234,379,137,145,19865
11585,cr1_1449p_00002.cbf,474,608,232,377,134,145,19430
11586,cr1_1449p_00003.cbf,474,608,232,379,134,147,19698
11587,cr1_1449p_00004.cbf,476,608,227,376,132,149,19668
11588,cr1_1449p_00005.cbf,474,610,233,377,136,144,19584
11589,cr1_1449p_00006.cbf,486,599,240,368,113,128,14464
11590,cr1_1449p_00007.cbf,477,610,233,383,133,150,19950
11591,cr1_1449p_00008.cbf,484,599,240,369,115,129,14835
11592,cr1_1450p_00001.cbf,474,612,229,377,138,148,20424
11593,cr1_1450p_00002.cbf,476,611,229,375,135,146,19710
11594,cr1_1450p_00003.cbf,484,601,241,369,117,128,14976
11595,cr1_1450p_00004.cbf,473,608,232,383,135,151,20385
11596,cr1_1450p_00005.cbf,485,597,240,369,112,129,14448
11597,cr1_1450p_00006.cbf,472,607,231,381,135,150,20250
11598,cr1_1450p_00007.cbf,474,607,228,379,133,151,20083
11599,cr1_1450p_00008.cbf,486,599,241,370,113,129,14577
11600,cr1_1451p_00001.cbf,478,609,234,379,131,145,18995
11601,cr1_1451p_00002.cbf,472,605,235,382,133,147,19551
11602,cr1_1451p_00003.cbf,469,608,232,379,139,147,20433
11603,cr1_1451p_00004.cbf,486,598,240,368,112,128,14336
11604,cr1_1451p_00005.cbf,479,612,232,381,133,149,19817
11605,cr1_1451p_00006.cbf,487,599,239,368,112,129,14448
11606,cr1_1451p_00007.cbf,484,599,241,369,115,128,14720
11607,cr1_1451p_00008.cbf,477,612,234,380,135,146,19710
11608,cr1_1452p_00001.cbf,477,609,230,381,132,151,19932
11609,cr1_1452p_00002.cbf,485,598,243,368,113,125,14125
11610,cr1_1452p_00003.cbf,470,605,231,378,135,147,19845
11611,cr1_1452p_00004.cbf,487,600,240,368,113,128,14464
11612,cr1_1452p_00005.cbf,472,607,231,381,135,150,20250
11613,cr1_1452p_00006.cbf,485,597,242,367,112,125,14000
11614,cr1_1452p_00007.cbf,484,597,241,367,113,126,14238
11615,cr1_1452p_00008.cbf,486,599,240,368,113,128,14464
11616,cr1_1453p_00001.cbf,477,613,232,382,136,150,20400
11617,cr1_1453p_00002.cbf,486,599,242,367,113,125,14125
11618,cr1_1453p_00003.cbf,485,599,241,371,114,130,14820
11619,cr1_1453p_00004.cbf,485,599,238,367,114,129,14706
11620,cr1_1453p_00005.cbf,475,609,230,377,134,147,19698
11621,cr1_1453p_00006.cbf,477,609,229,382,132,153,20196
11622,cr1_1453p_00007.cbf,473,606,227,380,133,153,20349
11623,cr1_1453p_00008.cbf,476,610,225,377,134,152,20368
11624,cr1_1454p_00001.cbf,475,609,232,380,134,148,19832
11625,cr1_1454p_00002.cbf,476,609,230,378,133,148,19684
11626,cr1_1454p_00003.cbf,479,609,229,380,130,151,19630
11627,cr1_1454p_00004.cbf,484,598,240,366,114,126,14364
11628,cr1_1454p_00005.cbf,473,609,230,376,136,146,19856
11629,cr1_1454p_00006.cbf,488,598,240,370,110,130,14300
11630,cr1_1454p_00007.cbf,476,611,233,378,135,145,19575
11631,cr1_1454p_00008.cbf,473,610,231,378,137,147,20139
11632,cr1_1455p_00001.cbf,470,606,233,378,136,145,19720
11633,cr1_1455p_00002.cbf,474,610,234,381,136,147,19992
11634,cr1_1455p_00003.cbf,470,607,231,381,137,150,20550
11635,cr1_1455p_00004.cbf,478,609,223,379,131,156,20436
11636,cr1_1455p_00005.cbf,476,607,229,376,131,147,19257
11637,cr1_1455p_00006.cbf,484,598,241,367,114,126,14364
11638,cr1_1455p_00007.cbf,486,598,240,367,112,127,14224
11639,cr1_1455p_00008.cbf,485,600,241,368,115,127,14605
11640,cr1_1456p_00001.cbf,474,611,233,373,137,140,19180
11641,cr1_1456p_00002.cbf,484,599,242,370,115,128,14720
11642,cr1_1456p_00003.cbf,476,610,233,385,134,152,20368
11643,cr1_1456p_00004.cbf,476,608,230,378,132,148,19536
11644,cr1_1456p_00005.cbf,484,597,240,366,113,126,14238
11645,cr1_1456p_00006.cbf,481,598,239,368,117,129,15093
11646,cr1_1456p_00007.cbf,487,598,239,367,111,128,14208
11647,cr1_1456p_00008.cbf,486,598,240,369,112,129,14448
11648,cr1_1457p_00001.cbf,475,610,233,382,135,149,20115
11649,cr1_1457p_00002.cbf,485,598,241,366,113,125,14125
11650,cr1_1457p_00003.cbf,477,612,234,378,135,144,19440
11651,cr1_1457p_00004.cbf,475,608,234,377,133,143,19019
11652,cr1_1457p_00005.cbf,477,607,230,377,130,147,19110
11653,cr1_1457p_00006.cbf,486,599,239,367,113,128,14464
11654,cr1_1457p_00007.cbf,484,597,241,368,113,127,14351
11655,cr1_1457p_00008.cbf,486,601,241,368,115,127,14605
11656,cr1_1458p_00001.cbf,487,600,239,367,113,128,14464
11657,cr1_1458p_00002.cbf,474,606,232,378,132,146,19272
11658,cr1_1458p_00003.cbf,475,603,228,379,128,151,19328
11659,cr1_1458p_00004.cbf,470,609,232,378,139,146,20294
11660,cr1_1458p_00005.cbf,476,606,231,379,130,148,19240
11661,cr1_1458p_00006.cbf,487,596,239,368,109,129,14061
11662,cr1_1458p_00007.cbf,485,598,240,367,113,127,14351
11663,cr1_1458p_00008.cbf,473,610,231,374,137,143,19591
11664,cr1_1459p_00001.cbf,476,608,230,378,132,148,19536
11665,cr1_1459p_00002.cbf,474,612,234,382,138,148,20424
11666,cr1_1459p_00003.cbf,468,613,232,374,145,142,20590
11667,cr1_1459p_00004.cbf,487,598,241,367,111,126,13986
11668,cr1_1459p_00005.cbf,478,613,234,379,135,145,19575
11669,cr1_1459p_00006.cbf,474,608,230,382,134,152,20368
11670,cr1_1459p_00007.cbf,474,612,229,378,138,149,20562
11671,cr1_1459p_00008.cbf,478,606,233,380,128,147,18816
11672,cr1_1460p_00001.cbf,486,596,239,368,110,129,14190
11673,cr1_1460p_00002.cbf,484,599,240,368,115,128,14720
11674,cr1_1460p_00003.cbf,473,609,233,380,136,147,19992
11675,cr1_1460p_00004.cbf,471,611,232,375,140,143,20020
11676,cr1_1460p_00005.cbf,476,605,230,377,129,147,18963
11677,cr1_1460p_00006.cbf,471,604,231,379,133,148,19684
11678,cr1_1460p_00007.cbf,473,613,231,378,140,147,20580
11679,cr1_1460p_00008.cbf,472,607,232,377,135,145,19575
11680,cr1_1461p_00001.cbf,483,598,241,368,115,127,14605
11681,cr1_1461p_00002.cbf,474,608,234,385,134,151,20234
11682,cr1_1461p_00003.cbf,473,608,232,378,135,146,19710
11683,cr1_1461p_00004.cbf,475,605,228,377,130,149,19370
11684,cr1_1461p_00005.cbf,476,605,232,380,129,148,19092
11685,cr1_1461p_00006.cbf,477,608,231,384,131,153,20043
11686,cr1_1461p_00007.cbf,487,597,240,367,110,127,13970
11687,cr1_1461p_00008.cbf,471,607,232,378,136,146,19856
11688,cr1_1462p_00001.cbf,470,611,231,377,141,146,20586
11689,cr1_1462p_00002.cbf,473,615,233,377,142,144,20448
11690,cr1_1462p_00003.cbf,475,604,234,376,129,142,18318
11691,cr1_1462p_00004.cbf,476,609,231,374,133,143,19019
11692,cr1_1462p_00005.cbf,477,607,234,379,130,145,18850
11693,cr1_1462p_00006.cbf,472,606,231,376,134,145,19430
11694,cr1_1462p_00007.cbf,477,607,233,377,130,144,18720
11695,cr1_1462p_00008.cbf,477,609,228,381,132,153,20196
11696,cr1_1463p_00001.cbf,485,598,241,369,113,128,14464
11697,cr1_1463p_00002.cbf,476,608,234,378,132,144,19008
11698,cr1_1463p_00003.cbf,474,610,232,379,136,147,19992
11699,cr1_1463p_00004.cbf,475,607,224,377,132,153,20196
11700,cr1_1463p_00005.cbf,475,606,234,380,131,146,19126
11701,cr1_1463p_00006.cbf,486,596,241,367,110,126,13860
11702,cr1_1463p_00007.cbf,475,610,234,376,135,142,19170
11703,cr1_1463p_00008.cbf,473,607,232,379,134,147,19698
11704,cr1_1464p_00001.cbf,484,598,240,368,114,128,14592
11705,cr1_1464p_00002.cbf,478,611,235,384,133,149,19817
11706,cr1_1464p_00003.cbf,475,606,233,379,131,146,19126
11707,cr1_1464p_00004.cbf,473,609,231,378,136,147,19992
11708,cr1_1464p_00005.cbf,486,597,238,367,111,129,14319
11709,cr1_1464p_00006.cbf,474,607,232,385,133,153,20349
11710,cr1_1464p_00007.cbf,479,612,230,378,133,148,19684
11711,cr1_1464p_00008.cbf,475,611,233,383,136,150,20400
11712,cr1_1465p_00001.cbf,476,607,230,377,131,147,19257
11713,cr1_1465p_00002.cbf,475,606,230,381,131,151,19781
11714,cr1_1465p_00003.cbf,470,606,232,380,136,148,20128
11715,cr1_1465p_00004.cbf,470,610,231,378,140,147,20580
11716,cr1_1465p_00005.cbf,471,608,235,374,137,139,19043
11717,cr1_1465p_00006.cbf,484,599,240,368,115,128,14720
11718,cr1_1465p_00007.cbf,473,607,234,377,134,143,19162
11719,cr1_1465p_00008.cbf,475,608,230,380,133,150,19950
11720,cr1_1466p_00001.cbf,474,611,234,377,137,143,19591
11721,cr1_1466p_00002.cbf,483,599,240,369,116,129,14964
11722,cr1_1466p_00003.cbf,473,607,228,378,134,150,20100
11723,cr1_1466p_00004.cbf,480,598,238,367,118,129,15222
11724,cr1_1466p_00005.cbf,475,607,226,382,132,156,20592
11725,cr1_1466p_00006.cbf,481,599,237,369,118,132,15576
11726,cr1_1466p_00007.cbf,484,601,238,368,117,130,15210
11727,cr1_1466p_00008.cbf,483,600,237,371,117,134,15678
11728,cr1_1467p_00001.cbf,484,600,240,370,116,130,15080
11729,cr1_1467p_00002.cbf,483,599,239,369,116,130,15080
11730,cr1_1467p_00003.cbf,483,599,240,372,116,132,15312
11731,cr1_1467p_00004.cbf,472,607,229,378,135,149,20115
11732,cr1_1467p_00005.cbf,481,598,238,369,117,131,15327
11733,cr1_1467p_00006.cbf,480,598,239,369,118,130,15340
11734,cr1_1467p_00007.cbf,483,603,239,369,120,130,15600
11735,cr1_1467p_00008.cbf,483,600,240,368,117,128,14976
11736,cr1_1468p_00001.cbf,484,601,239,368,117,129,15093
11737,cr1_1468p_00002.cbf,483,601,237,371,118,134,15812
11738,cr1_1468p_00003.cbf,482,600,240,371,118,131,15458
11739,cr1_1468p_00004.cbf,472,611,234,378,139,144,20016
11740,cr1_1468p_00005.cbf,471,609,230,379,138,149,20562
11741,cr1_1468p_00006.cbf,471,607,232,375,136,143,19448
11742,cr1_1468p_00007.cbf,482,599,238,370,117,132,15444
11743,cr1_1468p_00008.cbf,483,598,239,369,115,130,14950
11744,cr1_1469p_00001.cbf,476,609,230,378,133,148,19684
11745,cr1_1469p_00002.cbf,481,602,238,370,121,132,15972
11746,cr1_1469p_00003.cbf,470,609,232,378,139,146,20294
11747,cr1_1469p_00004.cbf,484,599,240,369,115,129,14835
11748,cr1_1469p_00005.cbf,485,598,237,368,113,131,14803
11749,cr1_1469p_00006.cbf,483,597,238,370,114,132,15048
11750,cr1_1469p_00007.cbf,470,607,231,378,137,147,20139
11751,cr1_1469p_00008.cbf,484,599,240,370,115,130,14950
11752,cr1_1470p_00001.cbf,484,600,239,369,116,130,15080
11753,cr1_1470p_00002.cbf,482,598,239,372,116,133,15428
11754,cr1_1470p_00003.cbf,483,599,241,369,116,128,14848
11755,cr1_1470p_00004.cbf,484,600,239,368,116,129,14964
11756,cr1_1470p_00005.cbf,484,596,238,368,112,130,14560
11757,cr1_1470p_00006.cbf,484,602,237,369,118,132,15576
11758,cr1_1470p_00007.cbf,482,599,240,370,117,130,15210
11759,cr1_1470p_00008.cbf,484,599,240,371,115,131,15065
11760,cr1_1471p_00001.cbf,471,607,234,382,136,148,20128
11761,cr1_1471p_00002.cbf,482,598,240,368,116,128,14848
11762,cr1_1471p_00003.cbf,473,609,229,380,136,151,20536
11763,cr1_1471p_00004.cbf,483,598,240,370,115,130,14950
11764,cr1_1471p_00005.cbf,485,598,240,368,113,128,14464
11765,cr1_1471p_00006.cbf,471,608,229,376,137,147,20139
11766,cr1_1471p_00007.cbf,485,598,239,370,113,131,14803
11767,cr1_1471p_00008.cbf,483,598,239,368,115,129,14835
11768,cr1_1472p_00001.cbf,476,608,230,380,132,150,19800
11769,cr1_1472p_00002.cbf,484,599,239,369,115,130,14950
11770,cr1_1472p_00003.cbf,475,609,234,379,134,145,19430
11771,cr1_1472p_00004.cbf,484,597,238,370,113,132,14916
11772,cr1_1472p_00005.cbf,484,600,238,370,116,132,15312
11773,cr1_1472p_00006.cbf,474,612,233,377,138,144,19872
11774,cr1_1472p_00007.cbf,483,599,240,370,116,130,15080
11775,cr1_1472p_00008.cbf,484,598,240,369,114,129,14706
11776,cr1_1473p_00001.cbf,485,599,240,369,114,129,14706
11777,cr1_1473p_00002.cbf,470,608,232,377,138,145,20010
11778,cr1_1473p_00003.cbf,486,601,239,369,115,130,14950
11779,cr1_1473p_00004.cbf,471,608,231,377,137,146,20002
11780,cr1_1473p_00005.cbf,474,608,230,380,134,150,20100
11781,cr1_1473p_00006.cbf,484,597,237,367,113,130,14690
11782,cr1_1473p_00007.cbf,482,600,240,368,118,128,15104
11783,cr1_1473p_00008.cbf,481,600,240,370,119,130,15470
11784,cr1_1474p_00001.cbf,482,599,239,370,117,131,15327
11785,cr1_1474p_00002.cbf,485,599,241,370,114,129,14706
11786,cr1_1474p_00003.cbf,485,597,241,368,112,127,14224
11787,cr1_1474p_00004.cbf,474,607,232,376,133,144,19152
11788,cr1_1474p_00005.cbf,483,597,237,368,114,131,14934
11789,cr1_1474p_00006.cbf,471,609,230,378,138,148,20424
11790,cr1_1474p_00007.cbf,472,607,229,380,135,151,20385
11791,cr1_1474p_00008.cbf,484,599,237,368,115,131,15065
11792,cr1_1475p_00001.cbf,476,611,232,379,135,147,19845
11793,cr1_1475p_00002.cbf,483,600,240,368,117,128,14976
11794,cr1_1475p_00003.cbf,484,599,240,369,115,129,14835
11795,cr1_1475p_00004.cbf,481,598,240,368,117,128,14976
11796,cr1_1475p_00005.cbf,483,598,239,368,115,129,14835
11797,cr1_1475p_00006.cbf,471,604,228,377,133,149,19817
11798,cr1_1475p_00007.cbf,467,607,231,378,140,147,20580
11799,cr1_1475p_00008.cbf,485,599,241,368,114,127,14478
11800,cr1_1476p_00001.cbf,473,610,231,379,137,148,20276
11801,cr1_1476p_00002.cbf,482,598,241,369,116,128,14848
11802,cr1_1476p_00003.cbf,483,599,240,370,116,130,15080
11803,cr1_1476p_00004.cbf,483,600,239,368,117,129,15093
11804,cr1_1476p_00005.cbf,471,607,231,378,136,147,19992
11805,cr1_1476p_00006.cbf,484,596,239,369,112,130,14560
11806,cr1_1476p_00007.cbf,469,606,232,376,137,144,19728
11807,cr1_1476p_00008.cbf,485,601,239,370,116,131,15196
11808,cr1_1477p_00001.cbf,483,599,241,367,116,126,14616
11809,cr1_1477p_00002.cbf,481,599,240,370,118,130,15340
11810,cr1_1477p_00003.cbf,472,605,227,378,133,151,20083
11811,cr1_1477p_00004.cbf,476,607,228,378,131,150,19650
11812,cr1_1477p_00005.cbf,483,596,239,368,113,129,14577
11813,cr1_1477p_00006.cbf,484,598,240,369,114,129,14706
11814,cr1_1477p_00007.cbf,471,610,229,377,139,148,20572
11815,cr1_1477p_00008.cbf,473,611,232,378,138,146,20148
11816,cr1_1478p_00001.cbf,484,601,240,370,117,130,15210
11817,cr1_1478p_00002.cbf,484,600,240,369,116,129,14964
11818,cr1_1478p_00003.cbf,484,599,240,370,115,130,14950
11819,cr1_1478p_00004.cbf,485,597,239,370,112,131,14672
11820,cr1_1478p_00005.cbf,474,609,227,377,135,150,20250
11821,cr1_1478p_00006.cbf,476,604,227,381,128,154,19712
11822,cr1_1478p_00007.cbf,484,598,241,368,114,127,14478
11823,cr1_1478p_00008.cbf,485,599,240,369,114,129,14706
11824,cr1_1479p_00001.cbf,473,610,233,380,137,147,20139
11825,cr1_1479p_00002.cbf,484,600,239,370,116,131,15196
11826,cr1_1479p_00003.cbf,485,601,242,369,116,127,14732
11827,cr1_1479p_00004.cbf,483,600,240,369,117,129,15093
11828,cr1_1479p_00005.cbf,483,596,237,368,113,131,14803
11829,cr1_1479p_00006.cbf,472,607,229,377,135,148,19980
11830,cr1_1479p_00007.cbf,482,600,240,369,118,129,15222
11831,cr1_1479p_00008.cbf,472,611,231,378,139,147,20433
11832,cr1_1480p_00001.cbf,484,597,239,369,113,130,14690
11833,cr1_1480p_00002.cbf,484,599,240,369,115,129,14835
11834,cr1_1480p_00003.cbf,472,611,234,380,139,146,20294
11835,cr1_1480p_00004.cbf,472,608,226,376,136,150,20400
11836,cr1_1480p_00005.cbf,481,597,239,368,116,129,14964
11837,cr1_1480p_00006.cbf,484,597,240,368,113,128,14464
11838,cr1_1480p_00007.cbf,471,607,228,378,136,150,20400
11839,cr1_1480p_00008.cbf,484,599,239,367,115,128,14720
11840,cr1_1481p_00001.cbf,476,610,231,381,134,150,20100
11841,cr1_1481p_00002.cbf,484,599,240,369,115,129,14835
11842,cr1_1481p_00003.cbf,476,608,228,378,132,150,19800
11843,cr1_1481p_00004.cbf,484,598,238,371,114,133,15162
11844,cr1_1481p_00005.cbf,483,597,240,367,114,127,14478
11845,cr1_1481p_00006.cbf,472,608,228,378,136,150,20400
11846,cr1_1481p_00007.cbf,484,599,240,368,115,128,14720
11847,cr1_1481p_00008.cbf,484,598,239,368,114,129,14706
11848,cr1_1482p_00001.cbf,484,601,237,368,117,131,15327
11849,cr1_1482p_00002.cbf,484,599,240,369,115,129,14835
11850,cr1_1482p_00003.cbf,474,607,233,382,133,149,19817
11851,cr1_1482p_00004.cbf,486,597,239,369,111,130,14430
11852,cr1_1482p_00005.cbf,477,611,233,378,134,145,19430
11853,cr1_1482p_00006.cbf,486,596,237,366,110,129,14190
11854,cr1_1482p_00007.cbf,483,598,240,369,115,129,14835
11855,cr1_1482p_00008.cbf,469,608,232,377,139,145,20155
11856,cr1_1483p_00001.cbf,471,612,233,377,141,144,20304
11857,cr1_1483p_00002.cbf,482,598,240,370,116,130,15080
11858,cr1_1483p_00003.cbf,483,597,240,368,114,128,14592
11859,cr1_1483p_00004.cbf,484,599,238,368,115,130,14950
11860,cr1_1483p_00005.cbf,471,609,231,378,138,147,20286
11861,cr1_1483p_00006.cbf,474,609,230,378,135,148,19980
11862,cr1_1483p_00007.cbf,485,600,238,367,115,129,14835
11863,cr1_1483p_00008.cbf,483,598,239,368,115,129,14835
11864,cr1_1484p_00001.cbf,475,612,232,378,137,146,20002
11865,cr1_1484p_00002.cbf,483,599,239,368,116,129,14964
11866,cr1_1484p_00003.cbf,484,598,240,368,114,128,14592
11867,cr1_1484p_00004.cbf,473,608,231,377,135,146,19710
11868,cr1_1484p_00005.cbf,486,597,240,367,111,127,14097
11869,cr1_1484p_00006.cbf,475,606,229,379,131,150,19650
11870,cr1_1484p_00007.cbf,476,608,229,381,132,152,20064
11871,cr1_1484p_00008.cbf,483,599,240,369,116,129,14964
11872,cr1_1485p_00001.cbf,484,600,239,368,116,129,14964
11873,cr1_1485p_00002.cbf,472,607,231,378,135,147,19845
11874,cr1_1485p_00003.cbf,474,605,227,383,131,156,20436
11875,cr1_1485p_00004.cbf,475,606,230,383,131,153,20043
11876,cr1_1485p_00005.cbf,485,597,240,368,112,128,14336
11877,cr1_1485p_00006.cbf,473,606,228,378,133,150,19950
11878,cr1_1485p_00007.cbf,482,599,240,370,117,130,15210
11879,cr1_1485p_00008.cbf,484,598,241,368,114,127,14478
11880,cr1_1486p_00001.cbf,471,609,230,379,138,149,20562
11881,cr1_1486p_00002.cbf,486,600,239,370,114,131,14934
11882,cr1_1486p_00003.cbf,484,599,240,369,115,129,14835
11883,cr1_1486p_00004.cbf,475,605,222,379,130,157,20410
11884,cr1_1486p_00005.cbf,483,597,238,368,114,130,14820
11885,cr1_1486p_00006.cbf,483,596,238,367,113,129,14577
11886,cr1_1486p_00007.cbf,483,601,240,368,118,128,15104
11887,cr1_1486p_00008.cbf,483,598,239,368,115,129,14835
11888,cr1_1487p_00001.cbf,483,598,240,367,115,127,14605
11889,cr1_1487p_00002.cbf,472,608,235,375,136,140,19040
11890,cr1_1487p_00003.cbf,475,609,232,378,134,146,19564
11891,cr1_1487p_00004.cbf,485,598,238,368,113,130,14690
11892,cr1_1487p_00005.cbf,473,606,229,382,133,153,20349
11893,cr1_1487p_00006.cbf,470,608,233,377,138,144,19872
11894,cr1_1487p_00007.cbf,476,608,231,383,132,152,20064
11895,cr1_1487p_00008.cbf,474,609,231,381,135,150,20250
11896,cr1_1488p_00001.cbf,472,609,233,375,137,142,19454
11897,cr1_1488p_00002.cbf,484,599,240,369,115,129,14835
11898,cr1_1488p_00003.cbf,483,598,238,369,115,131,15065
11899,cr1_1488p_00004.cbf,484,597,238,368,113,130,14690
11900,cr1_1488p_00005.cbf,472,608,232,380,136,148,20128
11901,cr1_1488p_00006.cbf,475,611,231,380,136,149,20264
11902,cr1_1488p_00007.cbf,484,599,239,367,115,128,14720
11903,cr1_1488p_00008.cbf,485,601,238,368,116,130,15080
11904,cr1_1489p_00001.cbf,485,598,239,366,113,127,14351
11905,cr1_1489p_00002.cbf,483,602,241,369,119,128,15232
11906,cr1_1489p_00003.cbf,474,610,230,381,136,151,20536
11907,cr1_1489p_00004.cbf,472,608,233,382,136,149,20264
11908,cr1_1489p_00005.cbf,485,596,240,369,111,129,14319
11909,cr1_1489p_00006.cbf,485,599,240,366,114,126,14364
11910,cr1_1489p_00007.cbf,483,598,240,368,115,128,14720
11911,cr1_1489p_00008.cbf,474,610,230,377,136,147,19992
11912,cr1_1490p_00001.cbf,476,611,232,380,135,148,19980
11913,cr1_1490p_00002.cbf,485,599,241,368,114,127,14478
11914,cr1_1490p_00003.cbf,486,598,238,368,112,130,14560
11915,cr1_1490p_00004.cbf,485,599,240,368,114,128,14592
11916,cr1_1490p_00005.cbf,472,607,229,377,135,148,19980
11917,cr1_1490p_00006.cbf,472,605,229,378,133,149,19817
11918,cr1_1490p_00007.cbf,485,598,240,367,113,127,14351
11919,cr1_1490p_00008.cbf,483,600,241,370,117,129,15093
11920,cr1_1491p_00001.cbf,484,599,239,368,115,129,14835
11921,cr1_1491p_00002.cbf,471,608,231,377,137,146,20002
11922,cr1_1491p_00003.cbf,476,608,229,384,132,155,20460
11923,cr1_1491p_00004.cbf,484,598,240,367,114,127,14478
11924,cr1_1491p_00005.cbf,475,604,228,386,129,158,20382
11925,cr1_1491p_00006.cbf,484,596,239,369,112,130,14560
11926,cr1_1491p_00007.cbf,482,599,240,368,117,128,14976
11927,cr1_1491p_00008.cbf,473,611,232,381,138,149,20562
11928,cr1_1492p_00001.cbf,484,600,239,367,116,128,14848
11929,cr1_1492p_00002.cbf,472,608,231,379,136,148,20128
11930,cr1_1492p_00003.cbf,483,599,239,369,116,130,15080
11931,cr1_1492p_00004.cbf,486,597,238,369,111,131,14541
11932,cr1_1492p_00005.cbf,474,610,228,379,136,151,20536
11933,cr1_1492p_00006.cbf,481,598,239,370,117,131,15327
11934,cr1_1492p_00007.cbf,473,605,231,379,132,148,19536
11935,cr1_1492p_00008.cbf,483,599,239,368,116,129,14964
11936,cr1_1493p_00001.cbf,482,599,240,366,117,126,14742
11937,cr1_1493p_00002.cbf,483,599,241,369,116,128,14848
11938,cr1_1493p_00003.cbf,483,597,239,368,114,129,14706
11939,cr1_1493p_00004.cbf,475,610,227,379,135,152,20520
11940,cr1_1493p_00005.cbf,484,597,240,368,113,128,14464
11941,cr1_1493p_00006.cbf,476,611,225,377,135,152,20520
11942,cr1_1493p_00007.cbf,479,608,228,379,129,151,19479
11943,cr1_1493p_00008.cbf,472,611,231,377,139,146,20294
11944,cr1_1494p_00001.cbf,484,599,240,367,115,127,14605
11945,cr1_1494p_00002.cbf,483,598,239,370,115,131,15065
11946,cr1_1494p_00003.cbf,486,599,238,367,113,129,14577
11947,cr1_1494p_00004.cbf,483,599,240,367,116,127,14732
11948,cr1_1494p_00005.cbf,473,608,230,382,135,152,20520
11949,cr1_1494p_00006.cbf,485,598,240,367,113,127,14351
11950,cr1_1494p_00007.cbf,471,608,228,378,137,150,20550
11951,cr1_1494p_00008.cbf,485,598,239,367,113,128,14464
11952,cr1_1495p_00001.cbf,483,600,239,368,117,129,15093
11953,cr1_1495p_00002.cbf,473,611,235,383,138,148,20424
11954,cr1_1495p_00003.cbf,484,598,239,368,114,129,14706
11955,cr1_1495p_00004.cbf,483,598,239,368,115,129,14835
11956,cr1_1495p_00005.cbf,483,597,239,367,114,128,14592
11957,cr1_1495p_00006.cbf,476,603,230,382,127,152,19304
11958,cr1_1495p_00007.cbf,487,598,239,368,111,129,14319
11959,cr1_1495p_00008.cbf,473,611,234,379,138,145,20010
11960,cr1_1496p_00001.cbf,477,609,232,373,132,141,18612
11961,cr1_1496p_00002.cbf,485,600,241,368,115,127,14605
11962,cr1_1496p_00003.cbf,475,612,231,381,137,150,20550
11963,cr1_1496p_00004.cbf,485,597,240,370,112,130,14560
11964,cr1_1496p_00005.cbf,485,596,238,368,111,130,14430
11965,cr1_1496p_00006.cbf,484,597,240,367,113,127,14351
11966,cr1_1496p_00007.cbf,478,607,228,377,129,149,19221
11967,cr1_1496p_00008.cbf,477,615,231,378,138,147,20286
11968,cr1_1497p_00001.cbf,475,608,233,381,133,148,19684
11969,cr1_1497p_00002.cbf,474,611,231,377,137,146,20002
11970,cr1_1497p_00003.cbf,477,607,226,377,130,151,19630
11971,cr1_1497p_00004.cbf,482,597,239,368,115,129,14835
11972,cr1_1497p_00005.cbf,485,597,236,369,112,133,14896
11973,cr1_1497p_00006.cbf,485,599,240,367,114,127,14478
11974,cr1_1497p_00007.cbf,470,606,227,378,136,151,20536
11975,cr1_1497p_00008.cbf,484,597,237,367,113,130,14690
11976,cr1_1498p_00001.cbf,475,605,234,376,130,142,18460
11977,cr1_1498p_00002.cbf,474,606,233,378,132,145,19140
11978,cr1_1498p_00003.cbf,485,600,240,369,115,129,14835
11979,cr1_1498p_00004.cbf,472,611,230,375,139,145,20155
11980,cr1_1498p_00005.cbf,482,597,238,365,115,127,14605
11981,cr1_1498p_00006.cbf,485,595,239,366,110,127,13970
11982,cr1_1498p_00007.cbf,473,607,230,379,134,149,19966
11983,cr1_1498p_00008.cbf,483,598,238,372,115,134,15410
11984,cr1_1499p_00001.cbf,473,610,232,379,137,147,20139
11985,cr1_1499p_00002.cbf,470,609,234,381,139,147,20433
11986,cr1_1499p_00003.cbf,483,598,239,370,115,131,15065
11987,cr1_1499p_00004.cbf,479,600,235,369,121,134,16214
11988,cr1_1499p_00005.cbf,483,599,238,368,116,130,15080
11989,cr1_1499p_00006.cbf,482,601,237,367,119,130,15470
11990,cr1_1499p_00007.cbf,481,597,239,370,116,131,15196
11991,cr1_1499p_00008.cbf,483,601,239,368,118,129,15222
11992,cr1_1500p_00001.cbf,482,599,239,369,117,130,15210
11993,cr1_1500p_00002.cbf,484,602,240,369,118,129,15222
11994,cr1_1500p_00003.cbf,484,600,237,369,116,132,15312
11995,cr1_1500p_00004.cbf,468,607,230,377,139,147,20433
11996,cr1_1500p_00005.cbf,480,601,238,369,121,131,15851
11997,cr1_1500p_00006.cbf,484,599,237,368,115,131,15065
11998,cr1_1500p_00007.cbf,482,600,238,368,118,130,15340
11999,cr1_1500p_00008.cbf,475,611,231,380,136,149,20264
12000,cr1_1501p_00001.cbf,472,609,231,381,137,150,20550
12001,cr1_1501p_00002.cbf,483,601,238,370,118,132,15576
12002,cr1_1501p_00003.cbf,479,600,240,370,121,130,15730
12003,cr1_1501p_00004.cbf,483,599,238,368,116,130,15080
12004,cr1_1501p_00005.cbf,483,598,235,369,115,134,15410
12005,cr1_1501p_00006.cbf,483,597,238,369,114,131,14934
12006,cr1_1501p_00007.cbf,485,600,238,370,115,132,15180
12007,cr1_1501p_00008.cbf,482,597,238,367,115,129,14835
12008,cr1_1502p_00001.cbf,484,599,239,369,115,130,14950
12009,cr1_1502p_00002.cbf,483,599,241,369,116,128,14848
12010,cr1_1502p_00003.cbf,484,600,241,371,116,130,15080
12011,cr1_1502p_00004.cbf,482,600,238,370,118,132,15576
12012,cr1_1502p_00005.cbf,482,597,236,369,115,133,15295
12013,cr1_1502p_00006.cbf,484,602,238,370,118,132,15576
12014,cr1_1502p_00007.cbf,483,598,239,369,115,130,14950
12015,cr1_1502p_00008.cbf,482,599,239,368,117,129,15093
12016,cr1_1503p_00001.cbf,483,600,239,370,117,131,15327
12017,cr1_1503p_00002.cbf,484,602,240,369,118,129,15222
12018,cr1_1503p_00003.cbf,484,598,239,368,114,129,14706
12019,cr1_1503p_00004.cbf,483,601,238,368,118,130,15340
12020,cr1_1503p_00005.cbf,470,607,227,377,137,150,20550
12021,cr1_1503p_00006.cbf,484,598,238,370,114,132,15048
12022,cr1_1503p_00007.cbf,483,599,238,368,116,130,15080
12023,cr1_1503p_00008.cbf,473,609,230,381,136,151,20536
12024,cr1_1504p_00001.cbf,485,599,238,369,114,131,14934
12025,cr1_1504p_00002.cbf,472,612,233,379,140,146,20440
12026,cr1_1504p_00003.cbf,483,600,241,368,117,127,14859
12027,cr1_1504p_00004.cbf,485,601,237,368,116,131,15196
12028,cr1_1504p_00005.cbf,484,598,237,368,114,131,14934
12029,cr1_1504p_00006.cbf,483,601,237,368,118,131,15458
12030,cr1_1504p_00007.cbf,475,609,228,380,134,152,20368
12031,cr1_1504p_00008.cbf,484,599,240,371,115,131,15065
12032,cr1_1505p_00001.cbf,474,608,232,384,134,152,20368
12033,cr1_1505p_00002.cbf,486,602,241,370,116,129,14964
12034,cr1_1505p_00003.cbf,482,600,239,369,118,130,15340
12035,cr1_1505p_00004.cbf,483,598,239,368,115,129,14835
12036,cr1_1505p_00005.cbf,483,599,236,367,116,131,15196
12037,cr1_1505p_00006.cbf,484,599,239,370,115,131,15065
12038,cr1_1505p_00007.cbf,484,599,239,368,115,129,14835
12039,cr1_1505p_00008.cbf,473,607,232,382,134,150,20100
12040,cr1_1506p_00001.cbf,483,600,239,371,117,132,15444
12041,cr1_1506p_00002.cbf,476,613,230,379,137,149,20413
12042,cr1_1506p_00003.cbf,482,600,240,370,118,130,15340
12043,cr1_1506p_00004.cbf,481,599,241,368,118,127,14986
12044,cr1_1506p_00005.cbf,482,597,237,370,115,133,15295
12045,cr1_1506p_00006.cbf,472,610,231,378,138,147,20286
12046,cr1_1506p_00007.cbf,483,599,238,368,116,130,15080
12047,cr1_1506p_00008.cbf,477,612,229,380,135,151,20385
12048,cr1_1507p_00001.cbf,484,600,238,368,116,130,15080
12049,cr1_1507p_00002.cbf,484,598,238,369,114,131,14934
12050,cr1_1507p_00003.cbf,482,601,240,368,119,128,15232
12051,cr1_1507p_00004.cbf,473,615,234,378,142,144,20448
12052,cr1_1507p_00005.cbf,482,600,239,366,118,127,14986
12053,cr1_1507p_00006.cbf,484,598,238,367,114,129,14706
12054,cr1_1507p_00007.cbf,484,597,241,372,113,131,14803
12055,cr1_1507p_00008.cbf,484,599,239,368,115,129,14835
12056,cr1_1508p_00001.cbf,471,612,234,378,141,144,20304
12057,cr1_1508p_00002.cbf,472,607,232,381,135,149,20115
12058,cr1_1508p_00003.cbf,483,599,239,370,116,131,15196
12059,cr1_1508p_00004.cbf,485,602,237,369,117,132,15444
12060,cr1_1508p_00005.cbf,482,600,234,367,118,133,15694
12061,cr1_1508p_00006.cbf,485,598,235,371,113,136,15368
12062,cr1_1508p_00007.cbf,482,600,238,369,118,131,15458
12063,cr1_1508p_00008.cbf,473,608,230,382,135,152,20520
12064,cr1_1509p_00001.cbf,482,602,239,368,120,129,15480
12065,cr1_1509p_00002.cbf,484,599,240,370,115,130,14950
12066,cr1_1509p_00003.cbf,484,599,240,370,115,130,14950
12067,cr1_1509p_00004.cbf,483,597,239,369,114,130,14820
12068,cr1_1509p_00005.cbf,484,598,239,367,114,128,14592
12069,cr1_1509p_00006.cbf,485,599,238,368,114,130,14820
12070,cr1_1509p_00007.cbf,476,611,229,380,135,151,20385
12071,cr1_1509p_00008.cbf,472,612,232,378,140,146,20440
12072,cr1_1510p_00001.cbf,479,601,237,369,122,132,16104
12073,cr1_1510p_00002.cbf,474,606,232,384,132,152,20064
12074,cr1_1510p_00003.cbf,483,599,241,368,116,127,14732
12075,cr1_1510p_00004.cbf,472,609,229,379,137,150,20550
12076,cr1_1510p_00005.cbf,477,610,228,379,133,151,20083
12077,cr1_1510p_00006.cbf,476,609,227,381,133,154,20482
12078,cr1_1510p_00007.cbf,482,601,238,370,119,132,15708
12079,cr1_1510p_00008.cbf,483,600,240,370,117,130,15210
12080,cr1_1511p_00001.cbf,481,598,239,369,117,130,15210
12081,cr1_1511p_00002.cbf,483,600,240,369,117,129,15093
12082,cr1_1511p_00003.cbf,484,598,241,371,114,130,14820
12083,cr1_1511p_00004.cbf,483,599,237,369,116,132,15312
12084,cr1_1511p_00005.cbf,486,600,236,367,114,131,14934
12085,cr1_1511p_00006.cbf,485,601,239,368,116,129,14964
12086,cr1_1511p_00007.cbf,483,600,238,369,117,131,15327
12087,cr1_1511p_00008.cbf,485,601,242,371,116,129,14964
12088,cr1_1512p_00001.cbf,483,599,240,369,116,129,14964
12089,cr1_1512p_00002.cbf,485,599,240,370,114,130,14820
12090,cr1_1512p_00003.cbf,470,607,232,382,137,150,20550
12091,cr1_1512p_00004.cbf,470,607,231,380,137,149,20413
12092,cr1_1512p_00005.cbf,487,599,238,367,112,129,14448
12093,cr1_1512p_00006.cbf,475,613,229,377,138,148,20424
12094,cr1_1512p_00007.cbf,473,609,231,381,136,150,20400
12095,cr1_1512p_00008.cbf,476,612,234,380,136,146,19856
12096,cr1_1513p_00001.cbf,473,610,235,383,137,148,20276
12097,cr1_1513p_00002.cbf,483,599,239,369,116,130,15080
12098,cr1_1513p_00003.cbf,483,601,240,368,118,128,15104
12099,cr1_1513p_00004.cbf,482,599,240,369,117,129,15093
12100,cr1_1513p_00005.cbf,472,608,229,379,136,150,20400
12101,cr1_1513p_00006.cbf,484,597,235,368,113,133,15029
12102,cr1_1513p_00007.cbf,474,609,230,381,135,151,20385
12103,cr1_1513p_00008.cbf,472,613,235,378,141,143,20163
12104,cr1_1514p_00001.cbf,472,609,229,375,137,146,20002
12105,cr1_1514p_00002.cbf,484,600,240,367,116,127,14732
12106,cr1_1514p_00003.cbf,484,599,239,369,115,130,14950
12107,cr1_1514p_00004.cbf,473,607,228,377,134,149,19966
12108,cr1_1514p_00005.cbf,485,601,240,366,116,126,14616
12109,cr1_1514p_00006.cbf,484,598,238,369,114,131,14934
12110,cr1_1514p_00007.cbf,476,608,232,381,132,149,19668
12111,cr1_1514p_00008.cbf,485,599,239,369,114,130,14820
12112,cr1_1515p_00001.cbf,472,609,231,379,137,148,20276
12113,cr1_1515p_00002.cbf,483,602,241,372,119,131,15589
12114,cr1_1515p_00003.cbf,485,599,241,371,114,130,14820
12115,cr1_1515p_00004.cbf,482,599,240,369,117,129,15093
12116,cr1_1515p_00005.cbf,477,610,230,383,133,153,20349
12117,cr1_1515p_00006.cbf,483,599,240,367,116,127,14732
12118,cr1_1515p_00007.cbf,483,599,240,369,116,129,14964
12119,cr1_1515p_00008.cbf,484,598,239,368,114,129,14706
12120,cr1_1516p_00001.cbf,483,599,241,369,116,128,14848
12121,cr1_1516p_00002.cbf,483,599,242,370,116,128,14848
12122,cr1_1516p_00003.cbf,482,599,240,367,117,127,14859
12123,cr1_1516p_00004.cbf,485,598,239,368,113,129,14577
12124,cr1_1516p_00005.cbf,484,597,239,368,113,129,14577
12125,cr1_1516p_00006.cbf,473,610,230,380,137,150,20550
12126,cr1_1516p_00007.cbf,475,608,230,379,133,149,19817
12127,cr1_1516p_00008.cbf,475,611,229,378,136,149,20264
12128,cr1_1517p_00001.cbf,485,600,241,370,115,129,14835
12129,cr1_1517p_00002.cbf,482,599,241,369,117,128,14976
12130,cr1_1517p_00003.cbf,484,600,240,369,116,129,14964
12131,cr1_1517p_00004.cbf,485,600,239,369,115,130,14950
12132,cr1_1517p_00005.cbf,482,598,237,367,116,130,15080
12133,cr1_1517p_00006.cbf,485,599,238,369,114,131,14934
12134,cr1_1517p_00007.cbf,482,600,240,367,118,127,14986
12135,cr1_1517p_00008.cbf,472,607,226,378,135,152,20520
12136,cr1_1518p_00001.cbf,484,599,241,370,115,129,14835
12137,cr1_1518p_00002.cbf,482,598,241,368,116,127,14732
12138,cr1_1518p_00003.cbf,484,600,242,368,116,126,14616
12139,cr1_1518p_00004.cbf,469,608,229,377,139,148,20572
12140,cr1_1518p_00005.cbf,485,598,239,368,113,129,14577
12141,cr1_1518p_00006.cbf,485,597,240,368,112,128,14336
12142,cr1_1518p_00007.cbf,484,597,241,369,113,128,14464
12143,cr1_1518p_00008.cbf,485,598,240,370,113,130,14690
12144,cr1_1519p_00001.cbf,474,611,232,382,137,150,20550
12145,cr1_1519p_00002.cbf,482,599,242,369,117,127,14859
12146,cr1_1519p_00003.cbf,475,609,229,381,134,152,20368
12147,cr1_1519p_00004.cbf,474,611,229,376,137,147,20139
12148,cr1_1519p_00005.cbf,484,598,239,368,114,129,14706
12149,cr1_1519p_00006.cbf,485,599,238,367,114,129,14706
12150,cr1_1519p_00007.cbf,474,610,231,380,136,149,20264
12151,cr1_1519p_00008.cbf,474,612,229,378,138,149,20562
12152,cr1_1520p_00001.cbf,484,601,242,369,117,127,14859
12153,cr1_1520p_00002.cbf,475,607,232,384,132,152,20064
12154,cr1_1520p_00003.cbf,475,610,230,377,135,147,19845
12155,cr1_1520p_00004.cbf,483,598,240,369,115,129,14835
12156,cr1_1520p_00005.cbf,483,597,239,367,114,128,14592
12157,cr1_1520p_00006.cbf,476,611,230,381,135,151,20385
12158,cr1_1520p_00007.cbf,484,598,241,368,114,127,14478
12159,cr1_1520p_00008.cbf,484,599,240,369,115,129,14835
12160,cr1_1521p_00001.cbf,476,609,230,380,133,150,19950
12161,cr1_1521p_00002.cbf,473,609,235,379,136,144,19584
12162,cr1_1521p_00003.cbf,473,610,233,379,137,146,20002
12163,cr1_1521p_00004.cbf,484,598,239,368,114,129,14706
12164,cr1_1521p_00005.cbf,487,600,239,367,113,128,14464
12165,cr1_1521p_00006.cbf,486,599,240,368,113,128,14464
12166,cr1_1521p_00007.cbf,475,608,229,377,133,148,19684
12167,cr1_1521p_00008.cbf,483,598,240,368,115,128,14720
12168,cr1_1522p_00001.cbf,474,609,231,376,135,145,19575
12169,cr1_1522p_00002.cbf,477,610,232,378,133,146,19418
12170,cr1_1522p_00003.cbf,476,608,233,382,132,149,19668
12171,cr1_1522p_00004.cbf,474,608,225,377,134,152,20368
12172,cr1_1522p_00005.cbf,482,599,239,367,117,128,14976
12173,cr1_1522p_00006.cbf,486,599,236,367,113,131,14803
12174,cr1_1522p_00007.cbf,486,598,238,370,112,132,14784
12175,cr1_1522p_00008.cbf,472,608,230,379,136,149,20264
12176,cr1_1523p_00001.cbf,472,612,232,379,140,147,20580
12177,cr1_1523p_00002.cbf,470,609,233,379,139,146,20294
12178,cr1_1523p_00003.cbf,484,599,241,371,115,130,14950
12179,cr1_1523p_00004.cbf,473,607,229,376,134,147,19698
12180,cr1_1523p_00005.cbf,469,607,229,377,138,148,20424
12181,cr1_1523p_00006.cbf,476,611,232,377,135,145,19575
12182,cr1_1523p_00007.cbf,484,598,240,368,114,128,14592
12183,cr1_1523p_00008.cbf,483,599,239,369,116,130,15080
12184,cr1_1524p_00001.cbf,484,600,239,370,116,131,15196
12185,cr1_1524p_00002.cbf,483,600,241,368,117,127,14859
12186,cr1_1524p_00003.cbf,484,599,239,369,115,130,14950
12187,cr1_1524p_00004.cbf,476,608,234,376,132,142,18744
12188,cr1_1524p_00005.cbf,486,599,236,367,113,131,14803
12189,cr1_1524p_00006.cbf,486,600,239,368,114,129,14706
12190,cr1_1524p_00007.cbf,474,610,233,382,136,149,20264
12191,cr1_1524p_00008.cbf,482,600,241,369,118,128,15104
12192,cr1_1525p_00001.cbf,473,611,233,380,138,147,20286
12193,cr1_1525p_00002.cbf,473,612,236,381,139,145,20155
12194,cr1_1525p_00003.cbf,482,599,240,372,117,132,15444
12195,cr1_1525p_00004.cbf,485,598,240,367,113,127,14351
12196,cr1_1525p_00005.cbf,485,598,237,367,113,130,14690
12197,cr1_1525p_00006.cbf,474,607,229,383,133,154,20482
12198,cr1_1525p_00007.cbf,472,610,232,377,138,145,20010
12199,cr1_1525p_00008.cbf,483,601,240,368,118,128,15104
12200,cr1_1526p_00001.cbf,485,600,240,368,115,128,14720
12201,cr1_1526p_00002.cbf,484,597,241,369,113,128,14464
12202,cr1_1526p_00003.cbf,486,598,242,370,112,128,14336
12203,cr1_1526p_00004.cbf,473,607,226,378,134,152,20368
12204,cr1_1526p_00005.cbf,474,611,228,375,137,147,20139
12205,cr1_1526p_00006.cbf,476,609,228,382,133,154,20482
12206,cr1_1526p_00007.cbf,486,598,240,368,112,128,14336
12207,cr1_1526p_00008.cbf,476,613,233,377,137,144,19728
12208,cr1_1527p_00001.cbf,483,598,242,369,115,127,14605
12209,cr1_1527p_00002.cbf,485,598,242,370,113,128,14464
12210,cr1_1527p_00003.cbf,484,599,242,370,115,128,14720
12211,cr1_1527p_00004.cbf,474,608,230,379,134,149,19966
12212,cr1_1527p_00005.cbf,472,605,227,376,133,149,19817
12213,cr1_1527p_00006.cbf,475,607,230,375,132,145,19140
12214,cr1_1527p_00007.cbf,486,598,238,367,112,129,14448
12215,cr1_1527p_00008.cbf,483,598,240,369,115,129,14835
12216,cr1_1528p_00001.cbf,486,597,241,367,111,126,13986
12217,cr1_1528p_00002.cbf,475,610,233,380,135,147,19845
12218,cr1_1528p_00003.cbf,473,608,232,375,135,143,19305
12219,cr1_1528p_00004.cbf,476,611,233,380,135,147,19845
12220,cr1_1528p_00005.cbf,473,611,227,376,138,149,20562
12221,cr1_1528p_00006.cbf,474,612,229,377,138,148,20424
12222,cr1_1528p_00007.cbf,485,596,236,368,111,132,14652
12223,cr1_1528p_00008.cbf,483,598,241,368,115,127,14605
12224,cr1_1529p_00001.cbf,475,606,231,381,131,150,19650
12225,cr1_1529p_00002.cbf,475,615,234,379,140,145,20300
12226,cr1_1529p_00003.cbf,483,597,240,368,114,128,14592
12227,cr1_1529p_00004.cbf,484,599,240,367,115,127,14605
12228,cr1_1529p_00005.cbf,474,606,229,377,132,148,19536
12229,cr1_1529p_00006.cbf,473,607,228,377,134,149,19966
12230,cr1_1529p_00007.cbf,486,597,242,367,111,125,13875
12231,cr1_1529p_00008.cbf,483,598,242,371,115,129,14835
12232,cr1_1530p_00001.cbf,471,610,230,378,139,148,20572
12233,cr1_1530p_00002.cbf,474,611,233,380,137,147,20139
12234,cr1_1530p_00003.cbf,473,607,234,383,134,149,19966
12235,cr1_1530p_00004.cbf,485,597,240,369,112,129,14448
12236,cr1_1530p_00005.cbf,474,607,229,378,133,149,19817
12237,cr1_1530p_00006.cbf,470,606,232,381,136,149,20264
12238,cr1_1530p_00007.cbf,484,598,241,369,114,128,14592
12239,cr1_1530p_00008.cbf,473,607,232,379,134,147,19698
12240,cr1_1531p_00001.cbf,471,609,230,379,138,149,20562
12241,cr1_1531p_00002.cbf,485,598,239,369,113,130,14690
12242,cr1_1531p_00003.cbf,484,598,241,368,114,127,14478
12243,cr1_1531p_00004.cbf,475,609,231,376,134,145,19430
12244,cr1_1531p_00005.cbf,488,597,240,367,109,127,13843
12245,cr1_1531p_00006.cbf,485,598,238,367,113,129,14577
12246,cr1_1531p_00007.cbf,484,598,241,369,114,128,14592
12247,cr1_1531p_00008.cbf,476,615,235,379,139,144,20016
12248,cr1_1532p_00001.cbf,485,599,242,369,114,127,14478
12249,cr1_1532p_00002.cbf,475,607,229,381,132,152,20064
12250,cr1_1532p_00003.cbf,472,614,235,380,142,145,20590
12251,cr1_1532p_00004.cbf,473,609,228,378,136,150,20400
12252,cr1_1532p_00005.cbf,472,610,231,380,138,149,20562
12253,cr1_1532p_00006.cbf,483,600,236,368,117,132,15444
12254,cr1_1532p_00007.cbf,485,598,239,370,113,131,14803
12255,cr1_1532p_00008.cbf,481,598,240,369,117,129,15093
12256,cr1_1533p_00001.cbf,483,601,239,371,118,132,15576
12257,cr1_1533p_00002.cbf,474,612,231,380,138,149,20562
12258,cr1_1533p_00003.cbf,483,601,240,372,118,132,15576
12259,cr1_1533p_00004.cbf,483,598,240,369,115,129,14835
12260,cr1_1533p_00005.cbf,483,598,238,368,115,130,14950
12261,cr1_1533p_00006.cbf,485,600,238,371,115,133,15295
12262,cr1_1533p_00007.cbf,483,600,239,369,117,130,15210
12263,cr1_1533p_00008.cbf,472,613,232,378,141,146,20586
12264,cr1_1534p_00001.cbf,483,600,240,371,117,131,15327
12265,cr1_1534p_00002.cbf,481,600,240,370,119,130,15470
12266,cr1_1534p_00003.cbf,482,598,239,372,116,133,15428
12267,cr1_1534p_00004.cbf,483,599,238,368,116,130,15080
12268,cr1_1534p_00005.cbf,483,600,238,369,117,131,15327
12269,cr1_1534p_00006.cbf,485,598,238,369,113,131,14803
12270,cr1_1534p_00007.cbf,485,602,239,369,117,130,15210
12271,cr1_1534p_00008.cbf,482,599,240,372,117,132,15444
12272,cr1_1535p_00001.cbf,485,602,240,370,117,130,15210
12273,cr1_1535p_00002.cbf,483,599,241,370,116,129,14964
12274,cr1_1535p_00003.cbf,473,609,232,382,136,150,20400
12275,cr1_1535p_00004.cbf,481,598,238,369,117,131,15327
12276,cr1_1535p_00005.cbf,483,599,236,367,116,131,15196
12277,cr1_1535p_00006.cbf,484,600,239,370,116,131,15196
12278,cr1_1535p_00007.cbf,485,600,239,372,115,133,15295
12279,cr1_1535p_00008.cbf,483,601,239,369,118,130,15340
12280,cr1_1536p_00001.cbf,475,609,231,382,134,151,20234
12281,cr1_1536p_00002.cbf,484,601,241,369,117,128,14976
12282,cr1_1536p_00003.cbf,483,598,240,370,115,130,14950
12283,cr1_1536p_00004.cbf,482,597,238,371,115,133,15295
12284,cr1_1536p_00005.cbf,482,600,238,367,118,129,15222
12285,cr1_1536p_00006.cbf,481,600,239,371,119,132,15708
12286,cr1_1536p_00007.cbf,470,606,232,380,136,148,20128
12287,cr1_1536p_00008.cbf,481,602,238,369,121,131,15851
12288,cr1_1537p_00001.cbf,485,600,240,371,115,131,15065
12289,cr1_1537p_00002.cbf,483,601,240,370,118,130,15340
12290,cr1_1537p_00003.cbf,484,600,241,369,116,128,14848
12291,cr1_1537p_00004.cbf,481,599,236,370,118,134,15812
12292,cr1_1537p_00005.cbf,482,599,237,368,117,131,15327
12293,cr1_1537p_00006.cbf,482,600,240,368,118,128,15104
12294,cr1_1537p_00007.cbf,481,600,240,369,119,129,15351
12295,cr1_1537p_00008.cbf,469,609,234,378,140,144,20160
12296,cr1_1538p_00001.cbf,481,600,238,369,119,131,15589
12297,cr1_1538p_00002.cbf,469,609,230,377,140,147,20580
12298,cr1_1538p_00003.cbf,482,599,240,369,117,129,15093
12299,cr1_1538p_00004.cbf,482,598,238,370,116,132,15312
12300,cr1_1538p_00005.cbf,484,598,238,367,114,129,14706
12301,cr1_1538p_00006.cbf,481,599,239,371,118,132,15576
12302,cr1_1538p_00007.cbf,483,600,240,370,117,130,15210
12303,cr1_1538p_00008.cbf,484,601,239,370,117,131,15327
12304,cr1_1539p_00001.cbf,473,610,232,381,137,149,20413
12305,cr1_1539p_00002.cbf,483,599,239,371,116,132,15312
12306,cr1_1539p_00003.cbf,483,599,240,369,116,129,14964
12307,cr1_1539p_00004.cbf,484,599,239,369,115,130,14950
12308,cr1_1539p_00005.cbf,483,600,238,370,117,132,15444
12309,cr1_1539p_00006.cbf,485,599,236,368,114,132,15048
12310,cr1_1539p_00007.cbf,486,597,241,371,111,130,14430
12311,cr1_1539p_00008.cbf,485,599,240,368,114,128,14592
12312,cr1_1540p_00001.cbf,483,599,240,370,116,130,15080
12313,cr1_1540p_00002.cbf,477,610,233,382,133,149,19817
12314,cr1_1540p_00003.cbf,484,598,240,371,114,131,14934
12315,cr1_1540p_00004.cbf,483,598,240,369,115,129,14835
12316,cr1_1540p_00005.cbf,484,598,238,369,114,131,14934
12317,cr1_1540p_00006.cbf,483,597,237,368,114,131,14934
12318,cr1_1540p_00007.cbf,482,599,238,368,117,130,15210
12319,cr1_1540p_00008.cbf,484,602,241,370,118,129,15222
12320,cr1_1541p_00001.cbf,482,599,239,370,117,131,15327
12321,cr1_1541p_00002.cbf,484,601,242,370,117,128,14976
12322,cr1_1541p_00003.cbf,473,610,233,382,137,149,20413
12323,cr1_1541p_00004.cbf,483,599,237,368,116,131,15196
12324,cr1_1541p_00005.cbf,485,600,237,369,115,132,15180
12325,cr1_1541p_00006.cbf,485,601,239,368,116,129,14964
12326,cr1_1541p_00007.cbf,485,599,238,371,114,133,15162
12327,cr1_1541p_00008.cbf,483,601,239,370,118,131,15458
12328,cr1_1542p_00001.cbf,483,598,240,372,115,132,15180
12329,cr1_1542p_00002.cbf,472,609,231,380,137,149,20413
12330,cr1_1542p_00003.cbf,481,598,239,370,117,131,15327
12331,cr1_1542p_00004.cbf,482,600,239,368,118,129,15222
12332,cr1_1542p_00005.cbf,476,612,228,379,136,151,20536
12333,cr1_1542p_00006.cbf,474,609,228,378,135,150,20250
12334,cr1_1542p_00007.cbf,483,598,238,368,115,130,14950
12335,cr1_1542p_00008.cbf,484,598,240,369,114,129,14706
12336,cr1_1543p_00001.cbf,484,600,241,368,116,127,14732
12337,cr1_1543p_00002.cbf,482,599,241,369,117,128,14976
12338,cr1_1543p_00003.cbf,483,601,239,370,118,131,15458
12339,cr1_1543p_00004.cbf,485,599,240,369,114,129,14706
12340,cr1_1543p_00005.cbf,482,598,237,369,116,132,15312
12341,cr1_1543p_00006.cbf,485,600,238,369,115,131,15065
12342,cr1_1543p_00007.cbf,483,601,239,368,118,129,15222
12343,cr1_1543p_00008.cbf,485,599,240,368,114,128,14592
12344,cr1_1544p_00001.cbf,486,600,239,371,114,132,15048
12345,cr1_1544p_00002.cbf,480,600,238,370,120,132,15840
12346,cr1_1544p_00003.cbf,474,610,231,382,136,151,20536
12347,cr1_1544p_00004.cbf,483,598,239,367,115,128,14720
12348,cr1_1544p_00005.cbf,485,599,238,370,114,132,15048
12349,cr1_1544p_00006.cbf,483,600,238,368,117,130,15210
12350,cr1_1544p_00007.cbf,484,600,239,369,116,130,15080
12351,cr1_1544p_00008.cbf,485,599,240,371,114,131,14934
12352,cr1_1545p_00001.cbf,475,609,227,380,134,153,20502
12353,cr1_1545p_00002.cbf,475,608,232,386,133,154,20482
12354,cr1_1545p_00003.cbf,483,599,240,370,116,130,15080
12355,cr1_1545p_00004.cbf,483,599,239,370,116,131,15196
12356,cr1_1545p_00005.cbf,484,600,237,367,116,130,15080
12357,cr1_1545p_00006.cbf,485,598,239,369,113,130,14690
12358,cr1_1545p_00007.cbf,484,599,239,368,115,129,14835
12359,cr1_1545p_00008.cbf,485,599,240,370,114,130,14820
12360,cr1_1546p_00001.cbf,482,600,238,368,118,130,15340
12361,cr1_1546p_00002.cbf,484,599,242,370,115,128,14720
12362,cr1_1546p_00003.cbf,484,600,240,369,116,129,14964
12363,cr1_1546p_00004.cbf,486,601,240,369,115,129,14835
12364,cr1_1546p_00005.cbf,485,599,238,369,114,131,14934
12365,cr1_1546p_00006.cbf,483,599,239,368,116,129,14964
12366,cr1_1546p_00007.cbf,474,610,229,379,136,150,20400
12367,cr1_1546p_00008.cbf,483,600,241,370,117,129,15093
12368,cr1_1547p_00001.cbf,477,608,230,378,131,148,19388
12369,cr1_1547p_00002.cbf,477,611,230,383,134,153,20502
12370,cr1_1547p_00003.cbf,484,597,241,372,113,131,14803
12371,cr1_1547p_00004.cbf,475,606,226,376,131,150,19650
12372,cr1_1547p_00005.cbf,485,598,237,367,113,130,14690
12373,cr1_1547p_00006.cbf,476,613,228,377,137,149,20413
12374,cr1_1547p_00007.cbf,472,610,232,379,138,147,20286
12375,cr1_1547p_00008.cbf,485,601,239,369,116,130,15080
12376,cr1_1548p_00001.cbf,472,607,231,378,135,147,19845
12377,cr1_1548p_00002.cbf,484,598,242,371,114,129,14706
12378,cr1_1548p_00003.cbf,475,611,230,378,136,148,20128
12379,cr1_1548p_00004.cbf,483,600,240,371,117,131,15327
12380,cr1_1548p_00005.cbf,476,613,229,379,137,150,20550
12381,cr1_1548p_00006.cbf,485,599,240,368,114,128,14592
12382,cr1_1548p_00007.cbf,482,602,241,371,120,130,15600
12383,cr1_1548p_00008.cbf,483,599,239,370,116,131,15196
12384,cr1_1549p_00001.cbf,483,601,240,370,118,130,15340
12385,cr1_1549p_00002.cbf,484,598,241,370,114,129,14706
12386,cr1_1549p_00003.cbf,471,606,229,377,135,148,19980
12387,cr1_1549p_00004.cbf,482,599,238,369,117,131,15327
12388,cr1_1549p_00005.cbf,484,599,238,367,115,129,14835
12389,cr1_1549p_00006.cbf,483,597,237,369,114,132,15048
12390,cr1_1549p_00007.cbf,484,599,239,369,115,130,14950
12391,cr1_1549p_00008.cbf,473,608,234,381,135,147,19845
12392,cr1_1550p_00001.cbf,483,600,241,372,117,131,15327
12393,cr1_1550p_00002.cbf,484,601,241,370,117,129,15093
12394,cr1_1550p_00003.cbf,483,600,241,369,117,128,14976
12395,cr1_1550p_00004.cbf,484,598,240,367,114,127,14478
12396,cr1_1550p_00005.cbf,484,598,234,368,114,134,15276
12397,cr1_1550p_00006.cbf,484,600,240,368,116,128,14848
12398,cr1_1550p_00007.cbf,485,599,240,369,114,129,14706
12399,cr1_1550p_00008.cbf,485,600,239,368,115,129,14835
12400,cr1_1551p_00001.cbf,472,611,234,376,139,142,19738
12401,cr1_1551p_00002.cbf,476,611,233,379,135,146,19710
12402,cr1_1551p_00003.cbf,475,608,233,379,133,146,19418
12403,cr1_1551p_00004.cbf,486,599,240,368,113,128,14464
12404,cr1_1551p_00005.cbf,478,613,232,379,135,147,19845
12405,cr1_1551p_00006.cbf,485,599,239,369,114,130,14820
12406,cr1_1551p_00007.cbf,484,602,240,368,118,128,15104
12407,cr1_1551p_00008.cbf,475,613,233,377,138,144,19872
12408,cr1_1552p_00001.cbf,472,610,232,380,138,148,20424
12409,cr1_1552p_00002.cbf,475,610,234,382,135,148,19980
12410,cr1_1552p_00003.cbf,482,596,241,370,114,129,14706
12411,cr1_1552p_00004.cbf,485,598,241,367,113,126,14238
12412,cr1_1552p_00005.cbf,485,600,239,368,115,129,14835
12413,cr1_1552p_00006.cbf,485,597,239,367,112,128,14336
12414,cr1_1552p_00007.cbf,485,598,240,368,113,128,14464
12415,cr1_1552p_00008.cbf,486,597,241,368,111,127,14097
12416,cr1_1553p_00001.cbf,486,600,241,369,114,128,14592
12417,cr1_1553p_00002.cbf,474,609,235,382,135,147,19845
12418,cr1_1553p_00003.cbf,475,612,236,381,137,145,19865
12419,cr1_1553p_00004.cbf,484,600,240,368,116,128,14848
12420,cr1_1553p_00005.cbf,483,599,238,370,116,132,15312
12421,cr1_1553p_00006.cbf,485,599,240,368,114,128,14592
12422,cr1_1553p_00007.cbf,482,598,238,367,116,129,14964
12423,cr1_1553p_00008.cbf,476,607,229,386,131,157,20567
12424,cr1_1554p_00001.cbf,469,610,234,378,141,144,20304
12425,cr1_1554p_00002.cbf,474,613,236,380,139,144,20016
12426,cr1_1554p_00003.cbf,473,606,232,380,133,148,19684
12427,cr1_1554p_00004.cbf,483,600,240,370,117,130,15210
12428,cr1_1554p_00005.cbf,474,608,227,378,134,151,20234
12429,cr1_1554p_00006.cbf,475,607,226,382,132,156,20592
12430,cr1_1554p_00007.cbf,484,598,239,370,114,131,14934
12431,cr1_1554p_00008.cbf,484,599,241,368,115,127,14605
12432,cr1_1555p_00001.cbf,484,600,241,370,116,129,14964
12433,cr1_1555p_00002.cbf,477,610,230,380,133,150,19950
12434,cr1_1555p_00003.cbf,486,598,242,371,112,129,14448
12435,cr1_1555p_00004.cbf,474,614,231,378,140,147,20580
12436,cr1_1555p_00005.cbf,473,610,226,376,137,150,20550
12437,cr1_1555p_00006.cbf,476,610,229,377,134,148,19832
12438,cr1_1555p_00007.cbf,474,612,231,377,138,146,20148
12439,cr1_1555p_00008.cbf,473,607,233,385,134,152,20368
12440,cr1_1556p_00001.cbf,485,599,241,369,114,128,14592
12441,cr1_1556p_00002.cbf,484,598,242,370,114,128,14592
12442,cr1_1556p_00003.cbf,477,612,236,378,135,142,19170
12443,cr1_1556p_00004.cbf,474,609,229,380,135,151,20385
12444,cr1_1556p_00005.cbf,475,609,232,379,134,147,19698
12445,cr1_1556p_00006.cbf,484,598,239,369,114,130,14820
12446,cr1_1556p_00007.cbf,484,599,237,369,115,132,15180
12447,cr1_1556p_00008.cbf,484,599,241,368,115,127,14605
12448,cr1_1557p_00001.cbf,482,598,240,369,116,129,14964
12449,cr1_1557p_00002.cbf,475,610,232,378,135,146,19710
12450,cr1_1557p_00003.cbf,476,608,231,383,132,152,20064
12451,cr1_1557p_00004.cbf,486,598,240,368,112,128,14336
12452,cr1_1557p_00005.cbf,470,609,231,376,139,145,20155
12453,cr1_1557p_00006.cbf,482,597,240,367,115,127,14605
12454,cr1_1557p_00007.cbf,485,598,240,371,113,131,14803
12455,cr1_1557p_00008.cbf,477,611,232,380,134,148,19832
12456,cr1_1558p_00001.cbf,487,599,242,370,112,128,14336
12457,cr1_1558p_00002.cbf,476,610,234,382,134,148,19832
12458,cr1_1558p_00003.cbf,483,599,240,371,116,131,15196
12459,cr1_1558p_00004.cbf,485,599,242,370,114,128,14592
12460,cr1_1558p_00005.cbf,483,598,239,368,115,129,14835
12461,cr1_1558p_00006.cbf,474,607,234,382,133,148,19684
12462,cr1_1558p_00007.cbf,474,612,235,381,138,146,20148
12463,cr1_1558p_00008.cbf,482,601,242,368,119,126,14994
12464,cr1_1559p_00001.cbf,485,599,239,368,114,129,14706
12465,cr1_1559p_00002.cbf,485,599,241,368,114,127,14478
12466,cr1_1559p_00003.cbf,475,612,235,378,137,143,19591
12467,cr1_1559p_00004.cbf,476,616,233,376,140,143,20020
12468,cr1_1559p_00005.cbf,485,599,240,367,114,127,14478
12469,cr1_1559p_00006.cbf,474,608,232,381,134,149,19966
12470,cr1_1559p_00007.cbf,485,599,240,370,114,130,14820
12471,cr1_1559p_00008.cbf,475,608,234,383,133,149,19817
12472,cr1_1560p_00001.cbf,475,609,235,379,134,144,19296
12473,cr1_1560p_00002.cbf,475,607,228,379,132,151,19932
12474,cr1_1560p_00003.cbf,483,597,240,371,114,131,14934
12475,cr1_1560p_00004.cbf,474,606,234,379,132,145,19140
12476,cr1_1560p_00005.cbf,487,597,239,369,110,130,14300
12477,cr1_1560p_00006.cbf,482,598,239,368,116,129,14964
12478,cr1_1560p_00007.cbf,475,611,230,377,136,147,19992
12479,cr1_1560p_00008.cbf,484,600,241,368,116,127,14732
12480,cr1_1561p_00001.cbf,486,598,241,370,112,129,14448
12481,cr1_1561p_00002.cbf,484,599,242,370,115,128,14720
12482,cr1_1561p_00003.cbf,484,600,240,370,116,130,15080
12483,cr1_1561p_00004.cbf,484,597,239,369,113,130,14690
12484,cr1_1561p_00005.cbf,484,600,240,366,116,126,14616
12485,cr1_1561p_00006.cbf,484,598,240,368,114,128,14592
12486,cr1_1561p_00007.cbf,483,600,241,370,117,129,15093
12487,cr1_1561p_00008.cbf,487,598,241,369,111,128,14208
12488,cr1_1562p_00001.cbf,482,598,241,367,116,126,14616
12489,cr1_1562p_00002.cbf,478,608,222,379,130,157,20410
12490,cr1_1562p_00003.cbf,483,598,241,368,115,127,14605
12491,cr1_1562p_00004.cbf,472,608,232,379,136,147,19992
12492,cr1_1562p_00005.cbf,483,598,238,368,115,130,14950
12493,cr1_1562p_00006.cbf,473,611,230,376,138,146,20148
12494,cr1_1562p_00007.cbf,471,607,231,377,136,146,19856
12495,cr1_1562p_00008.cbf,474,614,235,381,140,146,20440
12496,cr1_1563p_00001.cbf,472,608,230,378,136,148,20128
12497,cr1_1563p_00002.cbf,485,599,242,370,114,128,14592
12498,cr1_1563p_00003.cbf,474,611,230,380,137,150,20550
12499,cr1_1563p_00004.cbf,483,596,240,368,113,128,14464
12500,cr1_1563p_00005.cbf,484,597,239,367,113,128,14464
12501,cr1_1563p_00006.cbf,483,598,239,368,115,129,14835
12502,cr1_1563p_00007.cbf,484,600,241,368,116,127,14732
12503,cr1_1563p_00008.cbf,485,599,242,368,114,126,14364
12504,cr1_1564p_00001.cbf,486,600,242,368,114,126,14364
12505,cr1_1564p_00002.cbf,484,602,241,368,118,127,14986
12506,cr1_1564p_00003.cbf,484,599,241,368,115,127,14605
12507,cr1_1564p_00004.cbf,472,609,233,379,137,146,20002
12508,cr1_1564p_00005.cbf,473,607,229,382,134,153,20502
12509,cr1_1564p_00006.cbf,476,610,226,379,134,153,20502
12510,cr1_1564p_00007.cbf,485,598,242,366,113,124,14012
12511,cr1_1564p_00008.cbf,474,609,229,378,135,149,20115
12512,cr1_1565p_00001.cbf,470,611,233,379,141,146,20586
12513,cr1_1565p_00002.cbf,474,613,236,377,139,141,19599
12514,cr1_1565p_00003.cbf,471,608,232,378,137,146,20002
12515,cr1_1565p_00004.cbf,485,598,240,369,113,129,14577
12516,cr1_1565p_00005.cbf,471,609,233,380,138,147,20286
12517,cr1_1565p_00006.cbf,486,600,238,368,114,130,14820
12518,cr1_1565p_00007.cbf,484,598,239,369,114,130,14820
12519,cr1_1565p_00008.cbf,474,610,232,379,136,147,19992
12520,cr1_1566p_00001.cbf,484,601,237,369,117,132,15444
12521,cr1_1566p_00002.cbf,483,600,241,372,117,131,15327
12522,cr1_1566p_00003.cbf,483,599,241,370,116,129,14964
12523,cr1_1566p_00004.cbf,484,599,239,370,115,131,15065
12524,cr1_1566p_00005.cbf,481,601,238,369,120,131,15720
12525,cr1_1566p_00006.cbf,484,600,238,369,116,131,15196
12526,cr1_1566p_00007.cbf,485,602,240,370,117,130,15210
12527,cr1_1566p_00008.cbf,479,600,237,371,121,134,16214
12528,cr1_1567p_00001.cbf,484,601,240,371,117,131,15327
12529,cr1_1567p_00002.cbf,479,600,240,369,121,129,15609
12530,cr1_1567p_00003.cbf,482,601,240,372,119,132,15708
12531,cr1_1567p_00004.cbf,481,602,239,370,121,131,15851
12532,cr1_1567p_00005.cbf,483,599,237,370,116,133,15428
12533,cr1_1567p_00006.cbf,483,600,237,369,117,132,15444
12534,cr1_1567p_00007.cbf,483,599,239,371,116,132,15312
12535,cr1_1567p_00008.cbf,472,608,230,379,136,149,20264
12536,cr1_1568p_00001.cbf,483,600,240,370,117,130,15210
12537,cr1_1568p_00002.cbf,482,600,240,372,118,132,15576
12538,cr1_1568p_00003.cbf,479,601,240,370,122,130,15860
12539,cr1_1568p_00004.cbf,482,600,241,368,118,127,14986
12540,cr1_1568p_00005.cbf,484,600,237,368,116,131,15196
12541,cr1_1568p_00006.cbf,483,601,237,369,118,132,15576
12542,cr1_1568p_00007.cbf,481,600,239,369,119,130,15470
12543,cr1_1568p_00008.cbf,479,600,239,370,121,131,15851
12544,cr1_1569p_00001.cbf,484,600,239,370,116,131,15196
12545,cr1_1569p_00002.cbf,473,609,230,379,136,149,20264
12546,cr1_1569p_00003.cbf,485,598,240,370,113,130,14690
12547,cr1_1569p_00004.cbf,483,599,238,370,116,132,15312
12548,cr1_1569p_00005.cbf,482,603,237,368,121,131,15851
12549,cr1_1569p_00006.cbf,482,601,238,367,119,129,15351
12550,cr1_1569p_00007.cbf,473,611,232,381,138,149,20562
12551,cr1_1569p_00008.cbf,481,600,240,369,119,129,15351
12552,cr1_1570p_00001.cbf,482,599,240,371,117,131,15327
12553,cr1_1570p_00002.cbf,483,600,241,370,117,129,15093
12554,cr1_1570p_00003.cbf,482,601,240,370,119,130,15470
12555,cr1_1570p_00004.cbf,485,599,239,368,114,129,14706
12556,cr1_1570p_00005.cbf,473,608,228,379,135,151,20385
12557,cr1_1570p_00006.cbf,483,598,240,368,115,128,14720
12558,cr1_1570p_00007.cbf,485,602,241,368,117,127,14859
12559,cr1_1570p_00008.cbf,475,611,232,381,136,149,20264
12560,cr1_1571p_00001.cbf,482,599,241,370,117,129,15093
12561,cr1_1571p_00002.cbf,484,600,241,369,116,128,14848
12562,cr1_1571p_00003.cbf,483,597,239,371,114,132,15048
12563,cr1_1571p_00004.cbf,482,601,238,370,119,132,15708
12564,cr1_1571p_00005.cbf,483,597,235,368,114,133,15162
12565,cr1_1571p_00006.cbf,483,599,240,370,116,130,15080
12566,cr1_1571p_00007.cbf,484,602,239,368,118,129,15222
12567,cr1_1571p_00008.cbf,483,601,240,369,118,129,15222
12568,cr1_1572p_00001.cbf,487,600,240,371,113,131,14803
12569,cr1_1572p_00002.cbf,486,602,239,370,116,131,15196
12570,cr1_1572p_00003.cbf,486,600,241,367,114,126,14364
12571,cr1_1572p_00004.cbf,482,599,239,370,117,131,15327
12572,cr1_1572p_00005.cbf,482,599,237,368,117,131,15327
12573,cr1_1572p_00006.cbf,486,600,239,370,114,131,14934
12574,cr1_1572p_00007.cbf,485,598,240,371,113,131,14803
12575,cr1_1572p_00008.cbf,483,599,239,370,116,131,15196
12576,cr1_1573p_00001.cbf,485,601,239,369,116,130,15080
12577,cr1_1573p_00002.cbf,481,600,240,368,119,128,15232
12578,cr1_1573p_00003.cbf,483,598,240,369,115,129,14835
12579,cr1_1573p_00004.cbf,475,608,228,382,133,154,20482
12580,cr1_1573p_00005.cbf,485,599,239,367,114,128,14592
12581,cr1_1573p_00006.cbf,483,599,238,370,116,132,15312
12582,cr1_1573p_00007.cbf,475,607,233,382,132,149,19668
12583,cr1_1573p_00008.cbf,485,598,239,371,113,132,14916
12584,cr1_1574p_00001.cbf,482,600,241,370,118,129,15222
12585,cr1_1574p_00002.cbf,473,611,234,381,138,147,20286
12586,cr1_1574p_00003.cbf,474,608,234,381,134,147,19698
12587,cr1_1574p_00004.cbf,475,609,226,379,134,153,20502
12588,cr1_1574p_00005.cbf,485,599,238,369,114,131,14934
12589,cr1_1574p_00006.cbf,484,599,238,368,115,130,14950
12590,cr1_1574p_00007.cbf,483,599,240,371,116,131,15196
12591,cr1_1574p_00008.cbf,473,609,232,380,136,148,20128
12592,cr1_1575p_00001.cbf,485,601,242,371,116,129,14964
12593,cr1_1575p_00002.cbf,484,599,238,368,115,130,14950
12594,cr1_1575p_00003.cbf,486,599,241,371,113,130,14690
12595,cr1_1575p_00004.cbf,482,599,239,370,117,131,15327
12596,cr1_1575p_00005.cbf,483,602,238,367,119,129,15351
12597,cr1_1575p_00006.cbf,473,607,233,378,134,145,19430
12598,cr1_1575p_00007.cbf,470,610,234,381,140,147,20580
12599,cr1_1575p_00008.cbf,483,599,240,369,116,129,14964
12600,cr1_1576p_00001.cbf,484,599,240,371,115,131,15065
12601,cr1_1576p_00002.cbf,474,609,233,381,135,148,19980
12602,cr1_1576p_00003.cbf,482,600,241,370,118,129,15222
12603,cr1_1576p_00004.cbf,485,603,240,369,118,129,15222
12604,cr1_1576p_00005.cbf,482,598,236,369,116,133,15428
12605,cr1_1576p_00006.cbf,482,599,239,369,117,130,15210
12606,cr1_1576p_00007.cbf,484,600,240,368,116,128,14848
12607,cr1_1576p_00008.cbf,476,607,228,381,131,153,20043
12608,cr1_1577p_00001.cbf,484,600,240,370,116,130,15080
12609,cr1_1577p_00002.cbf,482,600,239,371,118,132,15576
12610,cr1_1577p_00003.cbf,484,601,240,370,117,130,15210
12611,cr1_1577p_00004.cbf,484,599,240,368,115,128,14720
12612,cr1_1577p_00005.cbf,483,599,238,369,116,131,15196
12613,cr1_1577p_00006.cbf,483,598,238,369,115,131,15065
12614,cr1_1577p_00007.cbf,485,598,240,368,113,128,14464
12615,cr1_1577p_00008.cbf,485,598,239,370,113,131,14803
12616,cr1_1578p_00001.cbf,483,600,239,370,117,131,15327
12617,cr1_1578p_00002.cbf,475,614,232,378,139,146,20294
12618,cr1_1578p_00003.cbf,472,610,233,380,138,147,20286
12619,cr1_1578p_00004.cbf,485,600,239,370,115,131,15065
12620,cr1_1578p_00005.cbf,481,600,237,367,119,130,15470
12621,cr1_1578p_00006.cbf,483,598,238,368,115,130,14950
12622,cr1_1578p_00007.cbf,484,600,242,369,116,127,14732
12623,cr1_1578p_00008.cbf,482,600,242,368,118,126,14868
12624,cr1_1579p_00001.cbf,483,602,239,370,119,131,15589
12625,cr1_1579p_00002.cbf,483,600,239,370,117,131,15327
12626,cr1_1579p_00003.cbf,486,599,240,370,113,130,14690
12627,cr1_1579p_00004.cbf,484,600,239,368,116,129,14964
12628,cr1_1579p_00005.cbf,484,598,236,368,114,132,15048
12629,cr1_1579p_00006.cbf,483,600,241,369,117,128,14976
12630,cr1_1579p_00007.cbf,484,599,240,369,115,129,14835
12631,cr1_1579p_00008.cbf,484,600,241,368,116,127,14732
12632,cr1_1580p_00001.cbf,482,600,240,370,118,130,15340
12633,cr1_1580p_00002.cbf,484,597,241,371,113,130,14690
12634,cr1_1580p_00003.cbf,482,601,239,370,119,131,15589
12635,cr1_1580p_00004.cbf,480,599,237,369,119,132,15708
12636,cr1_1580p_00005.cbf,484,600,237,369,116,132,15312
12637,cr1_1580p_00006.cbf,474,610,229,377,136,148,20128
12638,cr1_1580p_00007.cbf,485,598,238,368,113,130,14690
12639,cr1_1580p_00008.cbf,474,608,232,383,134,151,20234
12640,cr1_1581p_00001.cbf,484,600,242,369,116,127,14732
12641,cr1_1581p_00002.cbf,483,600,240,371,117,131,15327
12642,cr1_1581p_00003.cbf,472,607,228,379,135,151,20385
12643,cr1_1581p_00004.cbf,485,599,241,369,114,128,14592
12644,cr1_1581p_00005.cbf,485,598,236,368,113,132,14916
12645,cr1_1581p_00006.cbf,484,597,239,368,113,129,14577
12646,cr1_1581p_00007.cbf,483,598,240,368,115,128,14720
12647,cr1_1581p_00008.cbf,476,610,230,380,134,150,20100
12648,cr1_1582p_00001.cbf,483,601,240,368,118,128,15104
12649,cr1_1582p_00002.cbf,473,607,228,379,134,151,20234
12650,cr1_1582p_00003.cbf,473,613,232,377,140,145,20300
12651,cr1_1582p_00004.cbf,484,598,237,368,114,131,14934
12652,cr1_1582p_00005.cbf,484,599,238,368,115,130,14950
12653,cr1_1582p_00006.cbf,485,598,240,368,113,128,14464
12654,cr1_1582p_00007.cbf,483,599,239,371,116,132,15312
12655,cr1_1582p_00008.cbf,484,599,240,368,115,128,14720
12656,cr1_1583p_00001.cbf,484,600,240,368,116,128,14848
12657,cr1_1583p_00002.cbf,473,608,231,379,135,148,19980
12658,cr1_1583p_00003.cbf,483,598,240,370,115,130,14950
12659,cr1_1583p_00004.cbf,481,599,240,369,118,129,15222
12660,cr1_1583p_00005.cbf,485,597,239,370,112,131,14672
12661,cr1_1583p_00006.cbf,484,600,239,368,116,129,14964
12662,cr1_1583p_00007.cbf,474,615,233,378,141,145,20445
12663,cr1_1583p_00008.cbf,475,612,231,378,137,147,20139
12664,cr1_1584p_00001.cbf,475,610,230,377,135,147,19845
12665,cr1_1584p_00002.cbf,483,598,241,369,115,128,14720
12666,cr1_1584p_00003.cbf,483,599,240,369,116,129,14964
12667,cr1_1584p_00004.cbf,483,597,240,367,114,127,14478
12668,cr1_1584p_00005.cbf,485,600,238,368,115,130,14950
12669,cr1_1584p_00006.cbf,475,612,229,378,137,149,20413
12670,cr1_1584p_00007.cbf,476,609,228,379,133,151,20083
12671,cr1_1584p_00008.cbf,472,608,233,379,136,146,19856
12672,cr1_1585p_00001.cbf,486,599,241,371,113,130,14690
12673,cr1_1585p_00002.cbf,486,598,240,369,112,129,14448
12674,cr1_1585p_00003.cbf,483,599,241,370,116,129,14964
12675,cr1_1585p_00004.cbf,483,598,240,368,115,128,14720
12676,cr1_1585p_00005.cbf,486,598,236,368,112,132,14784
12677,cr1_1585p_00006.cbf,470,608,231,380,138,149,20562
12678,cr1_1585p_00007.cbf,485,598,238,369,113,131,14803
12679,cr1_1585p_00008.cbf,473,610,231,381,137,150,20550
12680,cr1_1586p_00001.cbf,485,600,239,370,115,131,15065
12681,cr1_1586p_00002.cbf,474,609,233,382,135,149,20115
12682,cr1_1586p_00003.cbf,482,598,241,370,116,129,14964
12683,cr1_1586p_00004.cbf,474,612,231,377,138,146,20148
12684,cr1_1586p_00005.cbf,484,598,238,369,114,131,14934
12685,cr1_1586p_00006.cbf,484,598,236,367,114,131,14934
12686,cr1_1586p_00007.cbf,484,600,239,369,116,130,15080
12687,cr1_1586p_00008.cbf,483,599,240,369,116,129,14964
12688,cr1_1587p_00001.cbf,485,598,240,369,113,129,14577
12689,cr1_1587p_00002.cbf,485,600,241,369,115,128,14720
12690,cr1_1587p_00003.cbf,481,601,240,370,120,130,15600
12691,cr1_1587p_00004.cbf,484,598,239,368,114,129,14706
12692,cr1_1587p_00005.cbf,484,597,239,369,113,130,14690
12693,cr1_1587p_00006.cbf,474,611,230,377,137,147,20139
12694,cr1_1587p_00007.cbf,482,600,240,367,118,127,14986
12695,cr1_1587p_00008.cbf,479,614,231,378,135,147,19845
12696,cr1_1588p_00001.cbf,486,598,240,369,112,129,14448
12697,cr1_1588p_00002.cbf,470,611,234,380,141,146,20586
12698,cr1_1588p_00003.cbf,472,608,229,379,136,150,20400
12699,cr1_1588p_00004.cbf,483,601,240,370,118,130,15340
12700,cr1_1588p_00005.cbf,486,602,239,369,116,130,15080
12701,cr1_1588p_00006.cbf,474,611,228,378,137,150,20550
12702,cr1_1588p_00007.cbf,485,600,239,368,115,129,14835
12703,cr1_1588p_00008.cbf,473,607,232,379,134,147,19698
12704,cr1_1589p_00001.cbf,475,612,232,379,137,147,20139
12705,cr1_1589p_00002.cbf,485,599,240,369,114,129,14706
12706,cr1_1589p_00003.cbf,475,613,230,378,138,148,20424
12707,cr1_1589p_00004.cbf,470,609,231,378,139,147,20433
12708,cr1_1589p_00005.cbf,474,607,224,377,133,153,20349
12709,cr1_1589p_00006.cbf,485,599,239,368,114,129,14706
12710,cr1_1589p_00007.cbf,483,598,238,368,115,130,14950
12711,cr1_1589p_00008.cbf,485,599,241,369,114,128,14592
12712,cr1_1590p_00001.cbf,485,598,240,368,113,128,14464
12713,cr1_1590p_00002.cbf,480,598,242,369,118,127,14986
12714,cr1_1590p_00003.cbf,487,600,240,370,113,130,14690
12715,cr1_1590p_00004.cbf,484,599,239,368,115,129,14835
12716,cr1_1590p_00005.cbf,473,609,229,378,136,149,20264
12717,cr1_1590p_00006.cbf,482,599,239,368,117,129,15093
12718,cr1_1590p_00007.cbf,473,610,229,379,137,150,20550
12719,cr1_1590p_00008.cbf,473,610,233,383,137,150,20550
12720,cr1_1591p_00001.cbf,484,598,242,369,114,127,14478
12721,cr1_1591p_00002.cbf,484,599,241,370,115,129,14835
12722,cr1_1591p_00003.cbf,485,600,240,369,115,129,14835
12723,cr1_1591p_00004.cbf,469,609,232,379,140,147,20580
12724,cr1_1591p_00005.cbf,485,598,236,367,113,131,14803
12725,cr1_1591p_00006.cbf,484,599,237,368,115,131,15065
12726,cr1_1591p_00007.cbf,487,598,240,369,111,129,14319
12727,cr1_1591p_00008.cbf,476,617,232,377,141,145,20445
12728,cr1_1592p_00001.cbf,483,601,241,370,118,129,15222
12729,cr1_1592p_00002.cbf,476,607,234,383,131,149,19519
12730,cr1_1592p_00003.cbf,467,607,232,379,140,147,20580
12731,cr1_1592p_00004.cbf,476,606,230,383,130,153,19890
12732,cr1_1592p_00005.cbf,475,607,228,377,132,149,19668
12733,cr1_1592p_00006.cbf,472,612,229,375,140,146,20440
12734,cr1_1592p_00007.cbf,475,610,233,383,135,150,20250
12735,cr1_1592p_00008.cbf,482,602,241,372,120,131,15720
12736,cr1_1593p_00001.cbf,471,612,234,376,141,142,20022
12737,cr1_1593p_00002.cbf,468,608,232,377,140,145,20300
12738,cr1_1593p_00003.cbf,484,598,241,370,114,129,14706
12739,cr1_1593p_00004.cbf,477,613,226,376,136,150,20400
12740,cr1_1593p_00005.cbf,484,599,239,368,115,129,14835
12741,cr1_1593p_00006.cbf,486,598,240,367,112,127,14224
12742,cr1_1593p_00007.cbf,485,600,239,370,115,131,15065
12743,cr1_1593p_00008.cbf,469,608,232,379,139,147,20433
12744,cr1_1594p_00001.cbf,485,599,241,370,114,129,14706
12745,cr1_1594p_00002.cbf,485,601,242,369,116,127,14732
12746,cr1_1594p_00003.cbf,473,612,230,376,139,146,20294
12747,cr1_1594p_00004.cbf,472,613,233,379,141,146,20586
12748,cr1_1594p_00005.cbf,486,598,238,368,112,130,14560
12749,cr1_1594p_00006.cbf,472,608,231,376,136,145,19720
12750,cr1_1594p_00007.cbf,470,605,233,378,135,145,19575
12751,cr1_1594p_00008.cbf,484,597,241,367,113,126,14238
12752,cr1_1595p_00001.cbf,483,597,242,369,114,127,14478
12753,cr1_1595p_00002.cbf,486,599,240,371,113,131,14803
12754,cr1_1595p_00003.cbf,473,609,233,377,136,144,19584
12755,cr1_1595p_00004.cbf,475,605,229,381,130,152,19760
12756,cr1_1595p_00005.cbf,476,609,227,380,133,153,20349
12757,cr1_1595p_00006.cbf,485,598,239,367,113,128,14464
12758,cr1_1595p_00007.cbf,486,598,239,368,112,129,14448
12759,cr1_1595p_00008.cbf,485,600,241,370,115,129,14835
12760,cr1_1596p_00001.cbf,474,607,233,377,133,144,19152
12761,cr1_1596p_00002.cbf,485,598,239,367,113,128,14464
12762,cr1_1596p_00003.cbf,485,599,240,367,114,127,14478
12763,cr1_1596p_00004.cbf,474,605,230,378,131,148,19388
12764,cr1_1596p_00005.cbf,476,610,229,378,134,149,19966
12765,cr1_1596p_00006.cbf,471,608,233,379,137,146,20002
12766,cr1_1596p_00007.cbf,484,598,241,371,114,130,14820
12767,cr1_1596p_00008.cbf,471,609,231,378,138,147,20286
12768,cr1_1597p_00001.cbf,470,608,232,381,138,149,20562
12769,cr1_1597p_00002.cbf,471,608,235,379,137,144,19728
12770,cr1_1597p_00003.cbf,486,599,242,370,113,128,14464
12771,cr1_1597p_00004.cbf,474,610,231,378,136,147,19992
12772,cr1_1597p_00005.cbf,482,598,238,370,116,132,15312
12773,cr1_1597p_00006.cbf,477,609,227,380,132,153,20196
12774,cr1_1597p_00007.cbf,472,609,231,376,137,145,19865
12775,cr1_1597p_00008.cbf,486,597,237,367,111,130,14430
12776,cr1_1598p_00001.cbf,469,608,236,377,139,141,19599
12777,cr1_1598p_00002.cbf,471,610,233,377,139,144,20016
12778,cr1_1598p_00003.cbf,473,612,233,380,139,147,20433
12779,cr1_1598p_00004.cbf,484,598,240,367,114,127,14478
12780,cr1_1598p_00005.cbf,476,612,232,379,136,147,19992
12781,cr1_1598p_00006.cbf,484,599,238,370,115,132,15180
12782,cr1_1598p_00007.cbf,480,602,238,369,122,131,15982
12783,cr1_1598p_00008.cbf,485,599,240,369,114,129,14706
12784,cr1_1599p_00001.cbf,480,600,238,370,120,132,15840
12785,cr1_1599p_00002.cbf,482,602,240,373,120,133,15960
12786,cr1_1599p_00003.cbf,484,602,240,370,118,130,15340
12787,cr1_1599p_00004.cbf,483,599,238,369,116,131,15196
12788,cr1_1599p_00005.cbf,482,598,237,369,116,132,15312
12789,cr1_1599p_00006.cbf,482,601,236,369,119,133,15827
12790,cr1_1599p_00007.cbf,484,600,238,372,116,134,15544
12791,cr1_1599p_00008.cbf,483,601,241,372,118,131,15458
12792,cr1_1600p_00001.cbf,483,601,240,371,118,131,15458
12793,cr1_1600p_00002.cbf,483,600,241,370,117,129,15093
12794,cr1_1600p_00003.cbf,475,611,231,380,136,149,20264
12795,cr1_1600p_00004.cbf,484,600,238,368,116,130,15080
12796,cr1_1600p_00005.cbf,484,600,238,369,116,131,15196
12797,cr1_1600p_00006.cbf,471,608,229,379,137,150,20550
12798,cr1_1600p_00007.cbf,481,598,240,369,117,129,15093
12799,cr1_1600p_00008.cbf,482,600,239,373,118,134,15812
12800,cr1_1601p_00001.cbf,474,610,232,380,136,148,20128
12801,cr1_1601p_00002.cbf,483,600,238,370,117,132,15444
12802,cr1_1601p_00003.cbf,482,599,240,371,117,131,15327
12803,cr1_1601p_00004.cbf,483,601,238,370,118,132,15576
12804,cr1_1601p_00005.cbf,483,599,237,368,116,131,15196
12805,cr1_1601p_00006.cbf,483,599,239,370,116,131,15196
12806,cr1_1601p_00007.cbf,482,600,237,372,118,135,15930
12807,cr1_1601p_00008.cbf,483,600,240,372,117,132,15444
12808,cr1_1602p_00001.cbf,473,609,232,383,136,151,20536
12809,cr1_1602p_00002.cbf,482,601,240,368,119,128,15232
12810,cr1_1602p_00003.cbf,482,599,240,371,117,131,15327
12811,cr1_1602p_00004.cbf,484,599,238,368,115,130,14950
12812,cr1_1602p_00005.cbf,485,600,238,369,115,131,15065
12813,cr1_1602p_00006.cbf,484,599,238,369,115,131,15065
12814,cr1_1602p_00007.cbf,482,599,240,369,117,129,15093
12815,cr1_1602p_00008.cbf,485,600,239,370,115,131,15065
12816,cr1_1603p_00001.cbf,484,600,238,370,116,132,15312
12817,cr1_1603p_00002.cbf,484,601,239,370,117,131,15327
12818,cr1_1603p_00003.cbf,483,601,239,371,118,132,15576
12819,cr1_1603p_00004.cbf,484,600,240,369,116,129,14964
12820,cr1_1603p_00005.cbf,485,598,237,367,113,130,14690
12821,cr1_1603p_00006.cbf,477,609,229,380,132,151,19932
12822,cr1_1603p_00007.cbf,484,600,240,369,116,129,14964
12823,cr1_1603p_00008.cbf,485,602,237,369,117,132,15444
12824,cr1_1604p_00001.cbf,472,612,232,379,140,147,20580
12825,cr1_1604p_00002.cbf,483,600,240,372,117,132,15444
12826,cr1_1604p_00003.cbf,485,600,238,371,115,133,15295
12827,cr1_1604p_00004.cbf,484,602,237,371,118,134,15812
12828,cr1_1604p_00005.cbf,483,599,237,370,116,133,15428
12829,cr1_1604p_00006.cbf,482,597,237,369,115,132,15180
12830,cr1_1604p_00007.cbf,476,613,233,381,137,148,20276
12831,cr1_1604p_00008.cbf,484,599,239,369,115,130,14950
12832,cr1_1605p_00001.cbf,475,610,233,380,135,147,19845
12833,cr1_1605p_00002.cbf,485,598,239,370,113,131,14803
12834,cr1_1605p_00003.cbf,483,598,241,370,115,129,14835
12835,cr1_1605p_00004.cbf,481,597,239,370,116,131,15196
12836,cr1_1605p_00005.cbf,483,599,236,369,116,133,15428
12837,cr1_1605p_00006.cbf,476,615,230,378,139,148,20572
12838,cr1_1605p_00007.cbf,481,599,239,370,118,131,15458
12839,cr1_1605p_00008.cbf,485,599,240,368,114,128,14592
12840,cr1_1606p_00001.cbf,482,602,239,371,120,132,15840
12841,cr1_1606p_00002.cbf,483,601,239,372,118,133,15694
12842,cr1_1606p_00003.cbf,483,601,240,370,118,130,15340
12843,cr1_1606p_00004.cbf,482,599,238,370,117,132,15444
12844,cr1_1606p_00005.cbf,484,598,236,369,114,133,15162
12845,cr1_1606p_00006.cbf,481,599,238,368,118,130,15340
12846,cr1_1606p_00007.cbf,483,599,240,371,116,131,15196
12847,cr1_1606p_00008.cbf,472,607,231,382,135,151,20385
12848,cr1_1607p_00001.cbf,485,598,240,371,113,131,14803
12849,cr1_1607p_00002.cbf,474,608,227,379,134,152,20368
12850,cr1_1607p_00003.cbf,482,598,241,372,116,131,15196
12851,cr1_1607p_00004.cbf,474,608,228,378,134,150,20100
12852,cr1_1607p_00005.cbf,482,600,236,368,118,132,15576
12853,cr1_1607p_00006.cbf,482,597,238,369,115,131,15065
12854,cr1_1607p_00007.cbf,483,599,239,371,116,132,15312
12855,cr1_1607p_00008.cbf,475,609,229,381,134,152,20368
12856,cr1_1608p_00001.cbf,484,599,239,369,115,130,14950
12857,cr1_1608p_00002.cbf,482,600,240,369,118,129,15222
12858,cr1_1608p_00003.cbf,485,599,240,368,114,128,14592
12859,cr1_1608p_00004.cbf,484,597,238,368,113,130,14690
12860,cr1_1608p_00005.cbf,483,597,237,369,114,132,15048
12861,cr1_1608p_00006.cbf,471,610,230,378,139,148,20572
12862,cr1_1608p_00007.cbf,483,599,240,369,116,129,14964
12863,cr1_1608p_00008.cbf,474,610,231,379,136,148,20128
12864,cr1_1609p_00001.cbf,484,603,238,369,119,131,15589
12865,cr1_1609p_00002.cbf,483,601,241,372,118,131,15458
12866,cr1_1609p_00003.cbf,469,609,234,381,140,147,20580
12867,cr1_1609p_00004.cbf,482,599,237,370,117,133,15561
12868,cr1_1609p_00005.cbf,484,599,239,370,115,131,15065
12869,cr1_1609p_00006.cbf,485,600,238,368,115,130,14950
12870,cr1_1609p_00007.cbf,483,600,239,368,117,129,15093
12871,cr1_1609p_00008.cbf,484,600,240,371,116,131,15196
12872,cr1_1610p_00001.cbf,485,601,242,369,116,127,14732
12873,cr1_1610p_00002.cbf,482,599,241,370,117,129,15093
12874,cr1_1610p_00003.cbf,485,599,237,370,114,133,15162
12875,cr1_1610p_00004.cbf,484,598,238,368,114,130,14820
12876,cr1_1610p_00005.cbf,482,599,237,368,117,131,15327
12877,cr1_1610p_00006.cbf,483,602,238,369,119,131,15589
12878,cr1_1610p_00007.cbf,483,601,240,369,118,129,15222
12879,cr1_1610p_00008.cbf,475,610,233,385,135,152,20520
12880,cr1_1611p_00001.cbf,486,600,241,369,114,128,14592
12881,cr1_1611p_00002.cbf,474,612,231,379,138,148,20424
12882,cr1_1611p_00003.cbf,484,600,239,369,116,130,15080
12883,cr1_1611p_00004.cbf,482,599,238,369,117,131,15327
12884,cr1_1611p_00005.cbf,483,599,237,367,116,130,15080
12885,cr1_1611p_00006.cbf,481,599,238,368,118,130,15340
12886,cr1_1611p_00007.cbf,484,599,240,369,115,129,14835
12887,cr1_1611p_00008.cbf,483,601,241,370,118,129,15222
12888,cr1_1612p_00001.cbf,483,599,240,369,116,129,14964
12889,cr1_1612p_00002.cbf,483,602,242,369,119,127,15113
12890,cr1_1612p_00003.cbf,472,608,230,380,136,150,20400
12891,cr1_1612p_00004.cbf,483,599,241,369,116,128,14848
12892,cr1_1612p_00005.cbf,483,599,238,369,116,131,15196
12893,cr1_1612p_00006.cbf,483,598,238,370,115,132,15180
12894,cr1_1612p_00007.cbf,485,600,238,369,115,131,15065
12895,cr1_1612p_00008.cbf,470,608,231,380,138,149,20562
12896,cr1_1613p_00001.cbf,472,609,231,379,137,148,20276
12897,cr1_1613p_00002.cbf,484,599,239,370,115,131,15065
12898,cr1_1613p_00003.cbf,484,598,240,371,114,131,14934
12899,cr1_1613p_00004.cbf,484,599,239,369,115,130,14950
12900,cr1_1613p_00005.cbf,478,609,224,378,131,154,20174
12901,cr1_1613p_00006.cbf,483,599,239,369,116,130,15080
12902,cr1_1613p_00007.cbf,484,602,239,370,118,131,15458
12903,cr1_1613p_00008.cbf,482,600,239,370,118,131,15458
12904,cr1_1614p_00001.cbf,483,600,238,370,117,132,15444
12905,cr1_1614p_00002.cbf,476,608,233,381,132,148,19536
12906,cr1_1614p_00003.cbf,483,601,242,369,118,127,14986
12907,cr1_1614p_00004.cbf,482,599,239,370,117,131,15327
12908,cr1_1614p_00005.cbf,483,599,240,368,116,128,14848
12909,cr1_1614p_00006.cbf,484,596,238,369,112,131,14672
12910,cr1_1614p_00007.cbf,482,599,239,370,117,131,15327
12911,cr1_1614p_00008.cbf,481,599,240,370,118,130,15340
12912,cr1_1615p_00001.cbf,483,599,239,370,116,131,15196
12913,cr1_1615p_00002.cbf,484,599,241,369,115,128,14720
12914,cr1_1615p_00003.cbf,484,598,240,369,114,129,14706
12915,cr1_1615p_00004.cbf,482,598,238,369,116,131,15196
12916,cr1_1615p_00005.cbf,473,608,228,380,135,152,20520
12917,cr1_1615p_00006.cbf,482,600,239,368,118,129,15222
12918,cr1_1615p_00007.cbf,486,600,238,370,114,132,15048
12919,cr1_1615p_00008.cbf,484,601,241,370,117,129,15093
12920,cr1_1616p_00001.cbf,484,601,239,369,117,130,15210
12921,cr1_1616p_00002.cbf,476,611,233,380,135,147,19845
12922,cr1_1616p_00003.cbf,483,600,241,369,117,128,14976
12923,cr1_1616p_00004.cbf,472,607,231,380,135,149,20115
12924,cr1_1616p_00005.cbf,484,599,237,367,115,130,14950
12925,cr1_1616p_00006.cbf,483,600,240,369,117,129,15093
12926,cr1_1616p_00007.cbf,485,599,239,368,114,129,14706
12927,cr1_1616p_00008.cbf,484,599,239,369,115,130,14950
12928,cr1_1617p_00001.cbf,484,599,241,371,115,130,14950
12929,cr1_1617p_00002.cbf,474,611,229,378,137,149,20413
12930,cr1_1617p_00003.cbf,484,599,241,369,115,128,14720
12931,cr1_1617p_00004.cbf,482,598,238,369,116,131,15196
12932,cr1_1617p_00005.cbf,485,597,240,368,112,128,14336
12933,cr1_1617p_00006.cbf,484,599,238,367,115,129,14835
12934,cr1_1617p_00007.cbf,483,600,239,369,117,130,15210
12935,cr1_1617p_00008.cbf,486,599,241,370,113,129,14577
12936,cr1_1618p_00001.cbf,485,600,236,370,115,134,15410
12937,cr1_1618p_00002.cbf,481,602,240,369,121,129,15609
12938,cr1_1618p_00003.cbf,475,608,232,381,133,149,19817
12939,cr1_1618p_00004.cbf,483,599,239,370,116,131,15196
12940,cr1_1618p_00005.cbf,484,598,239,369,114,130,14820
12941,cr1_1618p_00006.cbf,484,600,238,368,116,130,15080
12942,cr1_1618p_00007.cbf,484,599,238,368,115,130,14950
12943,cr1_1618p_00008.cbf,484,601,241,368,117,127,14859
12944,cr1_1619p_00001.cbf,475,608,228,382,133,154,20482
12945,cr1_1619p_00002.cbf,472,610,232,380,138,148,20424
12946,cr1_1619p_00003.cbf,482,600,241,369,118,128,15104
12947,cr1_1619p_00004.cbf,483,599,239,372,116,133,15428
12948,cr1_1619p_00005.cbf,485,598,238,368,113,130,14690
12949,cr1_1619p_00006.cbf,484,599,239,368,115,129,14835
12950,cr1_1619p_00007.cbf,483,599,241,369,116,128,14848
12951,cr1_1619p_00008.cbf,485,599,240,369,114,129,14706
12952,cr1_1620p_00001.cbf,483,598,239,369,115,130,14950
12953,cr1_1620p_00002.cbf,476,616,234,381,140,147,20580
12954,cr1_1620p_00003.cbf,475,609,232,383,134,151,20234
12955,cr1_1620p_00004.cbf,475,611,231,382,136,151,20536
12956,cr1_1620p_00005.cbf,484,600,236,368,116,132,15312
12957,cr1_1620p_00006.cbf,473,609,230,380,136,150,20400
12958,cr1_1620p_00007.cbf,477,610,231,384,133,153,20349
12959,cr1_1620p_00008.cbf,485,600,242,369,115,127,14605
12960,cr1_1621p_00001.cbf,483,599,240,370,116,130,15080
12961,cr1_1621p_00002.cbf,482,599,241,369,117,128,14976
12962,cr1_1621p_00003.cbf,484,599,239,371,115,132,15180
12963,cr1_1621p_00004.cbf,485,599,240,370,114,130,14820
12964,cr1_1621p_00005.cbf,483,598,238,369,115,131,15065
12965,cr1_1621p_00006.cbf,484,598,238,368,114,130,14820
12966,cr1_1621p_00007.cbf,473,610,232,382,137,150,20550
12967,cr1_1621p_00008.cbf,485,597,241,371,112,130,14560
12968,cr1_1622p_00001.cbf,487,599,242,369,112,127,14224
12969,cr1_1622p_00002.cbf,475,612,230,380,137,150,20550
12970,cr1_1622p_00003.cbf,473,607,230,381,134,151,20234
12971,cr1_1622p_00004.cbf,485,599,240,369,114,129,14706
12972,cr1_1622p_00005.cbf,485,597,239,368,112,129,14448
12973,cr1_1622p_00006.cbf,474,612,229,378,138,149,20562
12974,cr1_1622p_00007.cbf,484,599,240,369,115,129,14835
12975,cr1_1622p_00008.cbf,477,610,235,383,133,148,19684
12976,cr1_1623p_00001.cbf,476,612,231,379,136,148,20128
12977,cr1_1623p_00002.cbf,482,600,240,369,118,129,15222
12978,cr1_1623p_00003.cbf,470,607,234,384,137,150,20550
12979,cr1_1623p_00004.cbf,486,600,240,369,114,129,14706
12980,cr1_1623p_00005.cbf,472,608,227,378,136,151,20536
12981,cr1_1623p_00006.cbf,473,608,230,378,135,148,19980
12982,cr1_1623p_00007.cbf,475,608,226,380,133,154,20482
12983,cr1_1623p_00008.cbf,474,608,230,380,134,150,20100
12984,cr1_1624p_00001.cbf,485,600,240,369,115,129,14835
12985,cr1_1624p_00002.cbf,484,598,241,369,114,128,14592
12986,cr1_1624p_00003.cbf,475,610,228,376,135,148,19980
12987,cr1_1624p_00004.cbf,483,598,240,369,115,129,14835
12988,cr1_1624p_00005.cbf,484,598,236,367,114,131,14934
12989,cr1_1624p_00006.cbf,478,610,232,380,132,148,19536
12990,cr1_1624p_00007.cbf,482,600,241,369,118,128,15104
12991,cr1_1624p_00008.cbf,484,598,241,368,114,127,14478
12992,cr1_1625p_00001.cbf,485,596,238,368,111,130,14430
12993,cr1_1625p_00002.cbf,484,598,241,371,114,130,14820
12994,cr1_1625p_00003.cbf,483,599,241,369,116,128,14848
12995,cr1_1625p_00004.cbf,473,610,231,379,137,148,20276
12996,cr1_1625p_00005.cbf,485,598,237,367,113,130,14690
12997,cr1_1625p_00006.cbf,471,607,229,377,136,148,20128
12998,cr1_1625p_00007.cbf,476,609,230,378,133,148,19684
12999,cr1_1625p_00008.cbf,485,600,241,368,115,127,14605
13000,cr1_1626p_00001.cbf,483,598,239,370,115,131,15065
13001,cr1_1626p_00002.cbf,474,610,230,381,136,151,20536
13002,cr1_1626p_00003.cbf,485,599,242,368,114,126,14364
13003,cr1_1626p_00004.cbf,473,609,226,377,136,151,20536
13004,cr1_1626p_00005.cbf,476,610,227,378,134,151,20234
13005,cr1_1626p_00006.cbf,485,597,241,368,112,127,14224
13006,cr1_1626p_00007.cbf,486,597,241,369,111,128,14208
13007,cr1_1626p_00008.cbf,484,597,241,368,113,127,14351
13008,cr1_1627p_00001.cbf,474,612,232,380,138,148,20424
13009,cr1_1627p_00002.cbf,474,609,234,380,135,146,19710
13010,cr1_1627p_00003.cbf,485,599,240,369,114,129,14706
13011,cr1_1627p_00004.cbf,474,611,229,379,137,150,20550
13012,cr1_1627p_00005.cbf,487,598,240,367,111,127,14097
13013,cr1_1627p_00006.cbf,484,598,238,367,114,129,14706
13014,cr1_1627p_00007.cbf,473,608,229,380,135,151,20385
13015,cr1_1627p_00008.cbf,483,599,242,368,116,126,14616
13016,cr1_1628p_00001.cbf,483,598,242,369,115,127,14605
13017,cr1_1628p_00002.cbf,473,608,229,378,135,149,20115
13018,cr1_1628p_00003.cbf,486,598,241,369,112,128,14336
13019,cr1_1628p_00004.cbf,477,606,230,377,129,147,18963
13020,cr1_1628p_00005.cbf,483,601,240,368,118,128,15104
13021,cr1_1628p_00006.cbf,483,597,237,369,114,132,15048
13022,cr1_1628p_00007.cbf,485,598,238,371,113,133,15029
13023,cr1_1628p_00008.cbf,484,599,239,369,115,130,14950
13024,cr1_1629p_00001.cbf,485,600,241,367,115,126,14490
13025,cr1_1629p_00002.cbf,476,608,229,384,132,155,20460
13026,cr1_1629p_00003.cbf,485,598,240,371,113,131,14803
13027,cr1_1629p_00004.cbf,473,607,233,381,134,148,19832
13028,cr1_1629p_00005.cbf,475,610,226,378,135,152,20520
13029,cr1_1629p_00006.cbf,484,600,239,368,116,129,14964
13030,cr1_1629p_00007.cbf,485,599,241,370,114,129,14706
13031,cr1_1629p_00008.cbf,484,598,239,369,114,130,14820
13032,cr1_1630p_00001.cbf,470,609,236,381,139,145,20155
13033,cr1_1630p_00002.cbf,474,608,228,378,134,150,20100
13034,cr1_1630p_00003.cbf,484,597,241,371,113,130,14690
13035,cr1_1630p_00004.cbf,475,611,230,377,136,147,19992
13036,cr1_1630p_00005.cbf,485,596,241,367,111,126,13986
13037,cr1_1630p_00006.cbf,474,607,232,381,133,149,19817
13038,cr1_1630p_00007.cbf,484,598,240,368,114,128,14592
13039,cr1_1630p_00008.cbf,485,598,241,369,113,128,14464
13040,cr1_1631p_00001.cbf,475,612,233,378,137,145,19865
13041,cr1_1631p_00002.cbf,471,609,235,382,138,147,20286
13042,cr1_1631p_00003.cbf,475,607,232,378,132,146,19272
13043,cr1_1631p_00004.cbf,486,597,238,367,111,129,14319
13044,cr1_1631p_00005.cbf,476,610,228,379,134,151,20234
13045,cr1_1631p_00006.cbf,486,598,239,368,112,129,14448
13046,cr1_1631p_00007.cbf,473,612,232,379,139,147,20433
13047,cr1_1631p_00008.cbf,484,601,240,371,117,131,15327
13048,cr1_1632p_00001.cbf,483,600,238,369,117,131,15327
13049,cr1_1632p_00002.cbf,482,599,241,369,117,128,14976
13050,cr1_1632p_00003.cbf,481,601,239,370,120,131,15720
13051,cr1_1632p_00004.cbf,482,601,238,370,119,132,15708
13052,cr1_1632p_00005.cbf,483,599,239,369,116,130,15080
13053,cr1_1632p_00006.cbf,482,602,237,368,120,131,15720
13054,cr1_1632p_00007.cbf,483,601,238,368,118,130,15340
13055,cr1_1632p_00008.cbf,481,600,239,371,119,132,15708
13056,cr1_1633p_00001.cbf,482,600,239,369,118,130,15340
13057,cr1_1633p_00002.cbf,485,601,238,371,116,133,15428
13058,cr1_1633p_00003.cbf,483,600,241,373,117,132,15444
13059,cr1_1633p_00004.cbf,481,599,239,370,118,131,15458
13060,cr1_1633p_00005.cbf,482,601,237,368,119,131,15589
13061,cr1_1633p_00006.cbf,483,599,237,370,116,133,15428
13062,cr1_1633p_00007.cbf,483,599,240,369,116,129,14964
13063,cr1_1633p_00008.cbf,479,600,239,373,121,134,16214
13064,cr1_1634p_00001.cbf,484,599,241,371,115,130,14950
13065,cr1_1634p_00002.cbf,482,599,242,371,117,129,15093
13066,cr1_1634p_00003.cbf,483,601,238,369,118,131,15458
13067,cr1_1634p_00004.cbf,472,608,231,380,136,149,20264
13068,cr1_1634p_00005.cbf,483,599,237,370,116,133,15428
13069,cr1_1634p_00006.cbf,480,600,238,370,120,132,15840
13070,cr1_1634p_00007.cbf,485,601,239,371,116,132,15312
13071,cr1_1634p_00008.cbf,484,601,240,371,117,131,15327
13072,cr1_1635p_00001.cbf,484,601,238,370,117,132,15444
13073,cr1_1635p_00002.cbf,482,600,240,371,118,131,15458
13074,cr1_1635p_00003.cbf,485,602,240,370,117,130,15210
13075,cr1_1635p_00004.cbf,483,598,238,369,115,131,15065
13076,cr1_1635p_00005.cbf,483,599,240,370,116,130,15080
13077,cr1_1635p_00006.cbf,485,601,237,369,116,132,15312
13078,cr1_1635p_00007.cbf,481,598,240,371,117,131,15327
13079,cr1_1635p_00008.cbf,483,600,237,370,117,133,15561
13080,cr1_1636p_00001.cbf,474,613,235,383,139,148,20572
13081,cr1_1636p_00002.cbf,483,599,240,370,116,130,15080
13082,cr1_1636p_00003.cbf,485,600,240,371,115,131,15065
13083,cr1_1636p_00004.cbf,483,601,240,369,118,129,15222
13084,cr1_1636p_00005.cbf,484,601,238,368,117,130,15210
13085,cr1_1636p_00006.cbf,485,600,238,369,115,131,15065
13086,cr1_1636p_00007.cbf,482,601,239,370,119,131,15589
13087,cr1_1636p_00008.cbf,482,602,239,370,120,131,15720
13088,cr1_1637p_00001.cbf,482,603,242,372,121,130,15730
13089,cr1_1637p_00002.cbf,484,598,241,371,114,130,14820
13090,cr1_1637p_00003.cbf,482,600,239,371,118,132,15576
13091,cr1_1637p_00004.cbf,483,600,240,370,117,130,15210
13092,cr1_1637p_00005.cbf,480,599,240,369,119,129,15351
13093,cr1_1637p_00006.cbf,469,609,231,378,140,147,20580
13094,cr1_1637p_00007.cbf,483,601,240,370,118,130,15340
13095,cr1_1637p_00008.cbf,483,601,239,370,118,131,15458
13096,cr1_1638p_00001.cbf,483,603,239,371,120,132,15840
13097,cr1_1638p_00002.cbf,483,600,240,371,117,131,15327
13098,cr1_1638p_00003.cbf,483,600,238,370,117,132,15444
13099,cr1_1638p_00004.cbf,483,601,240,370,118,130,15340
13100,cr1_1638p_00005.cbf,482,598,239,369,116,130,15080
13101,cr1_1638p_00006.cbf,485,601,237,372,116,135,15660
13102,cr1_1638p_00007.cbf,485,599,239,369,114,130,14820
13103,cr1_1638p_00008.cbf,485,600,240,372,115,132,15180
13104,cr1_1639p_00001.cbf,469,610,235,380,141,145,20445
13105,cr1_1639p_00002.cbf,481,599,242,370,118,128,15104
13106,cr1_1639p_00003.cbf,484,601,237,371,117,134,15678
13107,cr1_1639p_00004.cbf,486,598,240,369,112,129,14448
13108,cr1_1639p_00005.cbf,483,597,237,370,114,133,15162
13109,cr1_1639p_00006.cbf,483,599,240,369,116,129,14964
13110,cr1_1639p_00007.cbf,483,598,240,369,115,129,14835
13111,cr1_1639p_00008.cbf,483,598,239,373,115,134,15410
13112,cr1_1640p_00001.cbf,485,602,240,369,117,129,15093
13113,cr1_1640p_00002.cbf,483,600,241,372,117,131,15327
13114,cr1_1640p_00003.cbf,485,599,240,372,114,132,15048
13115,cr1_1640p_00004.cbf,482,598,238,370,116,132,15312
13116,cr1_1640p_00005.cbf,485,600,238,370,115,132,15180
13117,cr1_1640p_00006.cbf,480,598,238,370,118,132,15576
13118,cr1_1640p_00007.cbf,480,600,239,370,120,131,15720
13119,cr1_1640p_00008.cbf,483,600,240,370,117,130,15210
13120,cr1_1641p_00001.cbf,484,599,240,368,115,128,14720
13121,cr1_1641p_00002.cbf,482,599,241,370,117,129,15093
13122,cr1_1641p_00003.cbf,483,598,239,368,115,129,14835
13123,cr1_1641p_00004.cbf,482,599,238,370,117,132,15444
13124,cr1_1641p_00005.cbf,484,599,239,371,115,132,15180
13125,cr1_1641p_00006.cbf,482,599,240,371,117,131,15327
13126,cr1_1641p_00007.cbf,485,598,239,370,113,131,14803
13127,cr1_1641p_00008.cbf,483,599,241,370,116,129,14964
13128,cr1_1642p_00001.cbf,483,601,241,371,118,130,15340
13129,cr1_1642p_00002.cbf,481,600,240,371,119,131,15589
13130,cr1_1642p_00003.cbf,483,601,240,373,118,133,15694
13131,cr1_1642p_00004.cbf,484,601,239,369,117,130,15210
13132,cr1_1642p_00005.cbf,482,599,238,368,117,130,15210
13133,cr1_1642p_00006.cbf,484,598,239,369,114,130,14820
13134,cr1_1642p_00007.cbf,480,600,241,369,120,128,15360
13135,cr1_1642p_00008.cbf,484,601,241,370,117,129,15093
13136,cr1_1643p_00001.cbf,481,601,238,369,120,131,15720
13137,cr1_1643p_00002.cbf,481,599,241,371,118,130,15340
13138,cr1_1643p_00003.cbf,483,599,240,373,116,133,15428
13139,cr1_1643p_00004.cbf,484,598,239,368,114,129,14706
13140,cr1_1643p_00005.cbf,480,598,239,370,118,131,15458
13141,cr1_1643p_00006.cbf,474,612,231,379,138,148,20424
13142,cr1_1643p_00007.cbf,483,600,241,369,117,128,14976
13143,cr1_1643p_00008.cbf,476,609,227,381,133,154,20482
13144,cr1_1644p_00001.cbf,482,599,240,372,117,132,15444
13145,cr1_1644p_00002.cbf,486,600,241,370,114,129,14706
13146,cr1_1644p_00003.cbf,483,599,240,369,116,129,14964
13147,cr1_1644p_00004.cbf,474,608,228,378,134,150,20100
13148,cr1_1644p_00005.cbf,483,596,239,369,113,130,14690
13149,cr1_1644p_00006.cbf,484,599,239,367,115,128,14720
13150,cr1_1644p_00007.cbf,484,598,240,373,114,133,15162
13151,cr1_1644p_00008.cbf,470,607,233,380,137,147,20139
13152,cr1_1645p_00001.cbf,483,601,241,370,118,129,15222
13153,cr1_1645p_00002.cbf,485,598,241,368,113,127,14351
13154,cr1_1645p_00003.cbf,484,602,241,369,118,128,15104
13155,cr1_1645p_00004.cbf,483,599,240,369,116,129,14964
13156,cr1_1645p_00005.cbf,484,598,239,367,114,128,14592
13157,cr1_1645p_00006.cbf,483,600,240,369,117,129,15093
13158,cr1_1645p_00007.cbf,483,597,240,369,114,129,14706
13159,cr1_1645p_00008.cbf,475,613,232,380,138,148,20424
13160,cr1_1646p_00001.cbf,483,601,241,369,118,128,15104
13161,cr1_1646p_00002.cbf,482,599,242,369,117,127,14859
13162,cr1_1646p_00003.cbf,484,600,238,371,116,133,15428
13163,cr1_1646p_00004.cbf,484,598,239,368,114,129,14706
13164,cr1_1646p_00005.cbf,484,599,241,372,115,131,15065
13165,cr1_1646p_00006.cbf,484,600,240,368,116,128,14848
13166,cr1_1646p_00007.cbf,485,599,241,368,114,127,14478
13167,cr1_1646p_00008.cbf,473,609,232,382,136,150,20400
13168,cr1_1647p_00001.cbf,482,601,240,368,119,128,15232
13169,cr1_1647p_00002.cbf,482,602,241,372,120,131,15720
13170,cr1_1647p_00003.cbf,484,599,241,370,115,129,14835
13171,cr1_1647p_00004.cbf,481,598,239,369,117,130,15210
13172,cr1_1647p_00005.cbf,483,598,237,369,115,132,15180
13173,cr1_1647p_00006.cbf,478,613,229,377,135,148,19980
13174,cr1_1647p_00007.cbf,484,601,240,371,117,131,15327
13175,cr1_1647p_00008.cbf,483,599,239,369,116,130,15080
13176,cr1_1648p_00001.cbf,485,598,241,369,113,128,14464
13177,cr1_1648p_00002.cbf,476,611,233,384,135,151,20385
13178,cr1_1648p_00003.cbf,483,600,240,370,117,130,15210
13179,cr1_1648p_00004.cbf,472,607,232,383,135,151,20385
13180,cr1_1648p_00005.cbf,484,599,238,370,115,132,15180
13181,cr1_1648p_00006.cbf,477,613,228,376,136,148,20128
13182,cr1_1648p_00007.cbf,474,607,233,377,133,144,19152
13183,cr1_1648p_00008.cbf,474,611,233,382,137,149,20413
13184,cr1_1649p_00001.cbf,476,614,231,379,138,148,20424
13185,cr1_1649p_00002.cbf,481,603,240,369,122,129,15738
13186,cr1_1649p_00003.cbf,474,613,234,380,139,146,20294
13187,cr1_1649p_00004.cbf,468,606,233,379,138,146,20148
13188,cr1_1649p_00005.cbf,474,606,228,383,132,155,20460
13189,cr1_1649p_00006.cbf,484,601,239,367,117,128,14976
13190,cr1_1649p_00007.cbf,483,601,240,369,118,129,15222
13191,cr1_1649p_00008.cbf,485,601,240,369,116,129,14964
13192,cr1_1650p_00001.cbf,474,611,231,380,137,149,20413
13193,cr1_1650p_00002.cbf,484,599,241,370,115,129,14835
13194,cr1_1650p_00003.cbf,486,600,240,369,114,129,14706
13195,cr1_1650p_00004.cbf,484,600,241,370,116,129,14964
13196,cr1_1650p_00005.cbf,485,599,239,370,114,131,14934
13197,cr1_1650p_00006.cbf,483,600,240,368,117,128,14976
13198,cr1_1650p_00007.cbf,483,599,241,368,116,127,14732
13199,cr1_1650p_00008.cbf,484,600,242,372,116,130,15080
13200,cr1_1651p_00001.cbf,483,600,241,371,117,130,15210
13201,cr1_1651p_00002.cbf,484,603,239,369,119,130,15470
13202,cr1_1651p_00003.cbf,481,599,241,371,118,130,15340
13203,cr1_1651p_00004.cbf,482,599,238,369,117,131,15327
13204,cr1_1651p_00005.cbf,483,598,238,369,115,131,15065
13205,cr1_1651p_00006.cbf,485,598,240,369,113,129,14577
13206,cr1_1651p_00007.cbf,482,600,240,371,118,131,15458
13207,cr1_1651p_00008.cbf,485,600,242,372,115,130,14950
13208,cr1_1652p_00001.cbf,483,601,240,369,118,129,15222
13209,cr1_1652p_00002.cbf,484,599,242,370,115,128,14720
13210,cr1_1652p_00003.cbf,483,599,241,370,116,129,14964
13211,cr1_1652p_00004.cbf,483,597,242,367,114,125,14250
13212,cr1_1652p_00005.cbf,483,597,240,369,114,129,14706
13213,cr1_1652p_00006.cbf,475,609,231,379,134,148,19832
13214,cr1_1652p_00007.cbf,482,599,240,369,117,129,15093
13215,cr1_1652p_00008.cbf,484,601,240,370,117,130,15210
13216,cr1_1653p_00001.cbf,480,601,240,370,121,130,15730
13217,cr1_1653p_00002.cbf,474,611,234,379,137,145,19865
13218,cr1_1653p_00003.cbf,472,609,234,379,137,145,19865
13219,cr1_1653p_00004.cbf,485,599,241,370,114,129,14706
13220,cr1_1653p_00005.cbf,473,610,229,378,137,149,20413
13221,cr1_1653p_00006.cbf,481,599,241,367,118,126,14868
13222,cr1_1653p_00007.cbf,475,607,235,380,132,145,19140
13223,cr1_1653p_00008.cbf,484,601,240,368,117,128,14976
13224,cr1_1654p_00001.cbf,468,608,235,374,140,139,19460
13225,cr1_1654p_00002.cbf,468,608,234,379,140,145,20300
13226,cr1_1654p_00003.cbf,485,598,241,372,113,131,14803
13227,cr1_1654p_00004.cbf,482,599,240,370,117,130,15210
13228,cr1_1654p_00005.cbf,486,598,241,367,112,126,14112
13229,cr1_1654p_00006.cbf,484,601,240,369,117,129,15093
13230,cr1_1654p_00007.cbf,484,599,239,369,115,130,14950
13231,cr1_1654p_00008.cbf,476,608,235,378,132,143,18876
13232,cr1_1655p_00001.cbf,475,614,233,378,139,145,20155
13233,cr1_1655p_00002.cbf,478,609,232,386,131,154,20174
13234,cr1_1655p_00003.cbf,484,600,240,371,116,131,15196
13235,cr1_1655p_00004.cbf,484,600,240,369,116,129,14964
13236,cr1_1655p_00005.cbf,485,598,239,367,113,128,14464
13237,cr1_1655p_00006.cbf,475,610,230,379,135,149,20115
13238,cr1_1655p_00007.cbf,474,613,234,381,139,147,20433
13239,cr1_1655p_00008.cbf,475,611,232,378,136,146,19856
13240,cr1_1656p_00001.cbf,482,602,240,369,120,129,15480
13241,cr1_1656p_00002.cbf,484,600,241,369,116,128,14848
13242,cr1_1656p_00003.cbf,486,599,241,370,113,129,14577
13243,cr1_1656p_00004.cbf,486,598,241,368,112,127,14224
13244,cr1_1656p_00005.cbf,483,598,240,368,115,128,14720
13245,cr1_1656p_00006.cbf,486,600,239,370,114,131,14934
13246,cr1_1656p_00007.cbf,476,611,231,379,135,148,19980
13247,cr1_1656p_00008.cbf,473,614,235,379,141,144,20304
13248,cr1_1657p_00001.cbf,473,611,230,378,138,148,20424
13249,cr1_1657p_00002.cbf,471,611,235,377,140,142,19880
13250,cr1_1657p_00003.cbf,474,614,231,378,140,147,20580
13251,cr1_1657p_00004.cbf,475,608,231,378,133,147,19551
13252,cr1_1657p_00005.cbf,475,614,231,379,139,148,20572
13253,cr1_1657p_00006.cbf,470,609,230,378,139,148,20572
13254,cr1_1657p_00007.cbf,485,599,240,370,114,130,14820
13255,cr1_1657p_00008.cbf,485,599,242,370,114,128,14592
13256,cr1_1658p_00001.cbf,474,609,237,386,135,149,20115
13257,cr1_1658p_00002.cbf,468,608,234,379,140,145,20300
13258,cr1_1658p_00003.cbf,483,599,242,369,116,127,14732
13259,cr1_1658p_00004.cbf,470,610,233,376,140,143,20020
13260,cr1_1658p_00005.cbf,485,599,239,369,114,130,14820
13261,cr1_1658p_00006.cbf,475,610,231,380,135,149,20115
13262,cr1_1658p_00007.cbf,487,598,241,369,111,128,14208
13263,cr1_1658p_00008.cbf,484,600,240,368,116,128,14848
13264,cr1_1659p_00001.cbf,475,612,235,382,137,147,20139
13265,cr1_1659p_00002.cbf,475,612,235,379,137,144,19728
13266,cr1_1659p_00003.cbf,485,599,242,370,114,128,14592
13267,cr1_1659p_00004.cbf,472,606,236,381,134,145,19430
13268,cr1_1659p_00005.cbf,471,607,230,378,136,148,20128
13269,cr1_1659p_00006.cbf,484,601,239,368,117,129,15093
13270,cr1_1659p_00007.cbf,474,609,231,383,135,152,20520
13271,cr1_1659p_00008.cbf,482,600,241,370,118,129,15222
13272,cr1_1660p_00001.cbf,485,600,241,370,115,129,14835
13273,cr1_1660p_00002.cbf,474,609,234,380,135,146,19710
13274,cr1_1660p_00003.cbf,485,598,241,370,113,129,14577
13275,cr1_1660p_00004.cbf,483,601,241,368,118,127,14986
13276,cr1_1660p_00005.cbf,486,600,240,368,114,128,14592
13277,cr1_1660p_00006.cbf,485,599,239,367,114,128,14592
13278,cr1_1660p_00007.cbf,484,597,241,368,113,127,14351
13279,cr1_1660p_00008.cbf,486,602,242,370,116,128,14848
13280,cr1_1661p_00001.cbf,478,608,230,380,130,150,19500
13281,cr1_1661p_00002.cbf,470,607,235,378,137,143,19591
13282,cr1_1661p_00003.cbf,474,610,235,382,136,147,19992
13283,cr1_1661p_00004.cbf,484,599,240,369,115,129,14835
13284,cr1_1661p_00005.cbf,474,608,231,379,134,148,19832
13285,cr1_1661p_00006.cbf,484,598,241,368,114,127,14478
13286,cr1_1661p_00007.cbf,475,609,233,378,134,145,19430
13287,cr1_1661p_00008.cbf,485,598,239,369,113,130,14690
13288,cr1_1662p_00001.cbf,484,599,242,368,115,126,14490
13289,cr1_1662p_00002.cbf,485,598,242,368,113,126,14238
13290,cr1_1662p_00003.cbf,484,599,241,371,115,130,14950
13291,cr1_1662p_00004.cbf,486,598,240,368,112,128,14336
13292,cr1_1662p_00005.cbf,475,607,227,380,132,153,20196
13293,cr1_1662p_00006.cbf,485,600,241,368,115,127,14605
13294,cr1_1662p_00007.cbf,482,597,242,369,115,127,14605
13295,cr1_1662p_00008.cbf,470,610,231,378,140,147,20580
13296,cr1_1663p_00001.cbf,483,599,242,370,116,128,14848
13297,cr1_1663p_00002.cbf,475,608,233,380,133,147,19551
13298,cr1_1663p_00003.cbf,472,610,233,381,138,148,20424
13299,cr1_1663p_00004.cbf,482,598,241,368,116,127,14732
13300,cr1_1663p_00005.cbf,475,607,228,380,132,152,20064
13301,cr1_1663p_00006.cbf,485,598,240,369,113,129,14577
13302,cr1_1663p_00007.cbf,470,608,230,378,138,148,20424
13303,cr1_1663p_00008.cbf,476,610,231,380,134,149,19966
13304,cr1_1664p_00001.cbf,483,601,240,369,118,129,15222
13305,cr1_1664p_00002.cbf,483,600,242,369,117,127,14859
13306,cr1_1664p_00003.cbf,474,607,232,381,133,149,19817
13307,cr1_1664p_00004.cbf,486,599,240,370,113,130,14690
13308,cr1_1664p_00005.cbf,475,609,232,378,134,146,19564
13309,cr1_1664p_00006.cbf,482,599,241,370,117,129,15093
13310,cr1_1664p_00007.cbf,473,605,233,378,132,145,19140
13311,cr1_1664p_00008.cbf,485,602,241,369,117,128,14976
13312,cr1_1665p_00001.cbf,482,602,242,371,120,129,15480
13313,cr1_1665p_00002.cbf,482,602,240,371,120,131,15720
13314,cr1_1665p_00003.cbf,481,598,241,371,117,130,15210
13315,cr1_1665p_00004.cbf,483,600,239,370,117,131,15327
13316,cr1_1665p_00005.cbf,468,608,232,379,140,147,20580
13317,cr1_1665p_00006.cbf,484,599,239,371,115,132,15180
13318,cr1_1665p_00007.cbf,483,601,240,371,118,131,15458
13319,cr1_1665p_00008.cbf,484,602,240,371,118,131,15458
13320,cr1_1666p_00001.cbf,481,602,239,370,121,131,15851
13321,cr1_1666p_00002.cbf,484,600,239,370,116,131,15196
13322,cr1_1666p_00003.cbf,484,599,238,370,115,132,15180
13323,cr1_1666p_00004.cbf,474,613,230,378,139,148,20572
13324,cr1_1666p_00005.cbf,483,601,239,369,118,130,15340
13325,cr1_1666p_00006.cbf,483,600,239,370,117,131,15327
13326,cr1_1666p_00007.cbf,481,601,240,369,120,129,15480
13327,cr1_1666p_00008.cbf,483,600,239,370,117,131,15327
13328,cr1_1667p_00001.cbf,482,600,242,370,118,128,15104
13329,cr1_1667p_00002.cbf,483,600,241,372,117,131,15327
13330,cr1_1667p_00003.cbf,484,602,238,371,118,133,15694
13331,cr1_1667p_00004.cbf,483,601,239,370,118,131,15458
13332,cr1_1667p_00005.cbf,484,601,240,370,117,130,15210
13333,cr1_1667p_00006.cbf,484,601,239,369,117,130,15210
13334,cr1_1667p_00007.cbf,481,602,240,370,121,130,15730
13335,cr1_1667p_00008.cbf,482,602,239,369,120,130,15600
13336,cr1_1668p_00001.cbf,483,601,239,370,118,131,15458
13337,cr1_1668p_00002.cbf,473,614,234,377,141,143,20163
13338,cr1_1668p_00003.cbf,481,600,240,371,119,131,15589
13339,cr1_1668p_00004.cbf,481,601,238,370,120,132,15840
13340,cr1_1668p_00005.cbf,484,599,239,368,115,129,14835
13341,cr1_1668p_00006.cbf,484,601,239,368,117,129,15093
13342,cr1_1668p_00007.cbf,483,601,239,369,118,130,15340
13343,cr1_1668p_00008.cbf,483,600,240,371,117,131,15327
13344,cr1_1669p_00001.cbf,483,600,240,370,117,130,15210
13345,cr1_1669p_00002.cbf,484,600,241,370,116,129,14964
13346,cr1_1669p_00003.cbf,483,599,240,370,116,130,15080
13347,cr1_1669p_00004.cbf,483,599,238,369,116,131,15196
13348,cr1_1669p_00005.cbf,481,602,239,371,121,132,15972
13349,cr1_1669p_00006.cbf,482,601,240,369,119,129,15351
13350,cr1_1669p_00007.cbf,483,600,240,370,117,130,15210
13351,cr1_1669p_00008.cbf,484,600,241,372,116,131,15196
13352,cr1_1670p_00001.cbf,483,601,239,369,118,130,15340
13353,cr1_1670p_00002.cbf,484,602,240,370,118,130,15340
13354,cr1_1670p_00003.cbf,481,599,242,372,118,130,15340
13355,cr1_1670p_00004.cbf,481,599,239,370,118,131,15458
13356,cr1_1670p_00005.cbf,473,614,232,378,141,146,20586
13357,cr1_1670p_00006.cbf,471,608,231,379,137,148,20276
13358,cr1_1670p_00007.cbf,482,600,243,371,118,128,15104
13359,cr1_1670p_00008.cbf,483,601,241,370,118,129,15222
13360,cr1_1671p_00001.cbf,481,600,240,369,119,129,15351
13361,cr1_1671p_00002.cbf,483,600,242,370,117,128,14976
13362,cr1_1671p_00003.cbf,483,600,241,371,117,130,15210
13363,cr1_1671p_00004.cbf,483,597,237,371,114,134,15276
13364,cr1_1671p_00005.cbf,483,600,240,368,117,128,14976
13365,cr1_1671p_00006.cbf,484,600,241,369,116,128,14848
13366,cr1_1671p_00007.cbf,482,601,240,373,119,133,15827
13367,cr1_1671p_00008.cbf,483,602,241,369,119,128,15232
13368,cr1_1672p_00001.cbf,482,602,241,370,120,129,15480
13369,cr1_1672p_00002.cbf,472,611,233,381,139,148,20572
13370,cr1_1672p_00003.cbf,481,601,241,369,120,128,15360
13371,cr1_1672p_00004.cbf,486,599,239,370,113,131,14803
13372,cr1_1672p_00005.cbf,484,597,239,370,113,131,14803
13373,cr1_1672p_00006.cbf,483,599,239,368,116,129,14964
13374,cr1_1672p_00007.cbf,482,602,240,372,120,132,15840
13375,cr1_1672p_00008.cbf,482,599,242,369,117,127,14859
13376,cr1_1673p_00001.cbf,481,601,242,369,120,127,15240
13377,cr1_1673p_00002.cbf,481,601,241,369,120,128,15360
13378,cr1_1673p_00003.cbf,483,599,242,372,116,130,15080
13379,cr1_1673p_00004.cbf,476,610,231,382,134,151,20234
13380,cr1_1673p_00005.cbf,485,599,237,367,114,130,14820
13381,cr1_1673p_00006.cbf,483,599,241,369,116,128,14848
13382,cr1_1673p_00007.cbf,480,601,240,370,121,130,15730
13383,cr1_1673p_00008.cbf,482,599,240,369,117,129,15093
13384,cr1_1674p_00001.cbf,481,602,240,372,121,132,15972
13385,cr1_1674p_00002.cbf,480,602,242,371,122,129,15738
13386,cr1_1674p_00003.cbf,475,614,234,382,139,148,20572
13387,cr1_1674p_00004.cbf,482,598,238,370,116,132,15312
13388,cr1_1674p_00005.cbf,472,610,231,379,138,148,20424
13389,cr1_1674p_00006.cbf,483,599,240,368,116,128,14848
13390,cr1_1674p_00007.cbf,482,600,241,369,118,128,15104
13391,cr1_1674p_00008.cbf,481,602,240,370,121,130,15730
13392,cr1_1675p_00001.cbf,483,601,240,371,118,131,15458
13393,cr1_1675p_00002.cbf,483,601,242,369,118,127,14986
13394,cr1_1675p_00003.cbf,481,600,240,370,119,130,15470
13395,cr1_1675p_00004.cbf,484,598,241,371,114,130,14820
13396,cr1_1675p_00005.cbf,484,599,239,371,115,132,15180
13397,cr1_1675p_00006.cbf,485,600,239,368,115,129,14835
13398,cr1_1675p_00007.cbf,482,600,240,369,118,129,15222
13399,cr1_1675p_00008.cbf,484,601,242,369,117,127,14859
13400,cr1_1676p_00001.cbf,484,599,241,368,115,127,14605
13401,cr1_1676p_00002.cbf,483,602,239,371,119,132,15708
13402,cr1_1676p_00003.cbf,484,602,239,370,118,131,15458
13403,cr1_1676p_00004.cbf,482,597,239,370,115,131,15065
13404,cr1_1676p_00005.cbf,484,596,241,369,112,128,14336
13405,cr1_1676p_00006.cbf,469,609,232,377,140,145,20300
13406,cr1_1676p_00007.cbf,482,600,240,370,118,130,15340
13407,cr1_1676p_00008.cbf,481,605,240,369,124,129,15996
13408,cr1_1677p_00001.cbf,484,600,240,369,116,129,14964
13409,cr1_1677p_00002.cbf,481,600,241,370,119,129,15351
13410,cr1_1677p_00003.cbf,481,598,242,369,117,127,14859
13411,cr1_1677p_00004.cbf,483,601,239,369,118,130,15340
13412,cr1_1677p_00005.cbf,482,599,239,369,117,130,15210
13413,cr1_1677p_00006.cbf,481,599,239,370,118,131,15458
13414,cr1_1677p_00007.cbf,482,600,240,369,118,129,15222
13415,cr1_1677p_00008.cbf,485,600,240,368,115,128,14720
13416,cr1_1678p_00001.cbf,481,600,241,371,119,130,15470
13417,cr1_1678p_00002.cbf,484,602,241,371,118,130,15340
13418,cr1_1678p_00003.cbf,482,600,240,368,118,128,15104
13419,cr1_1678p_00004.cbf,484,599,242,368,115,126,14490
13420,cr1_1678p_00005.cbf,483,598,240,370,115,130,14950
13421,cr1_1678p_00006.cbf,482,600,241,368,118,127,14986
13422,cr1_1678p_00007.cbf,482,599,240,370,117,130,15210
13423,cr1_1678p_00008.cbf,483,601,242,371,118,129,15222
13424,cr1_1679p_00001.cbf,473,610,232,377,137,145,19865
13425,cr1_1679p_00002.cbf,484,600,242,372,116,130,15080
13426,cr1_1679p_00003.cbf,485,602,242,369,117,127,14859
13427,cr1_1679p_00004.cbf,485,597,239,369,112,130,14560
13428,cr1_1679p_00005.cbf,483,597,240,367,114,127,14478
13429,cr1_1679p_00006.cbf,482,597,241,367,115,126,14490
13430,cr1_1679p_00007.cbf,484,599,241,368,115,127,14605
13431,cr1_1679p_00008.cbf,481,599,239,370,118,131,15458
13432,cr1_1680p_00001.cbf,481,602,241,369,121,128,15488
13433,cr1_1680p_00002.cbf,481,599,240,372,118,132,15576
13434,cr1_1680p_00003.cbf,484,600,239,372,116,133,15428
13435,cr1_1680p_00004.cbf,483,598,239,369,115,130,14950
13436,cr1_1680p_00005.cbf,477,600,239,370,123,131,16113
13437,cr1_1680p_00006.cbf,470,610,232,376,140,144,20160
13438,cr1_1680p_00007.cbf,484,602,241,370,118,129,15222
13439,cr1_1680p_00008.cbf,482,600,241,368,118,127,14986
13440,cr1_1681p_00001.cbf,483,600,241,368,117,127,14859
13441,cr1_1681p_00002.cbf,481,602,240,369,121,129,15609
13442,cr1_1681p_00003.cbf,474,610,233,381,136,148,20128
13443,cr1_1681p_00004.cbf,473,606,233,379,133,146,19418
13444,cr1_1681p_00005.cbf,482,598,238,369,116,131,15196
13445,cr1_1681p_00006.cbf,472,607,228,380,135,152,20520
13446,cr1_1681p_00007.cbf,483,600,239,370,117,131,15327
13447,cr1_1681p_00008.cbf,482,601,242,369,119,127,15113
13448,cr1_1682p_00001.cbf,481,599,241,368,118,127,14986
13449,cr1_1682p_00002.cbf,484,601,240,369,117,129,15093
13450,cr1_1682p_00003.cbf,484,603,242,370,119,128,15232
13451,cr1_1682p_00004.cbf,475,610,229,380,135,151,20385
13452,cr1_1682p_00005.cbf,484,596,238,368,112,130,14560
13453,cr1_1682p_00006.cbf,481,598,240,370,117,130,15210
13454,cr1_1682p_00007.cbf,483,602,239,369,119,130,15470
13455,cr1_1682p_00008.cbf,483,601,241,370,118,129,15222
13456,cr1_1683p_00001.cbf,482,601,240,370,119,130,15470
13457,cr1_1683p_00002.cbf,484,599,241,371,115,130,14950
13458,cr1_1683p_00003.cbf,471,609,236,382,138,146,20148
13459,cr1_1683p_00004.cbf,483,598,240,368,115,128,14720
13460,cr1_1683p_00005.cbf,473,606,229,382,133,153,20349
13461,cr1_1683p_00006.cbf,484,598,240,371,114,131,14934
13462,cr1_1683p_00007.cbf,472,608,231,377,136,146,19856
13463,cr1_1683p_00008.cbf,484,599,240,369,115,129,14835
13464,cr1_1684p_00001.cbf,483,605,241,369,122,128,15616
13465,cr1_1684p_00002.cbf,484,601,241,369,117,128,14976
13466,cr1_1684p_00003.cbf,484,602,242,370,118,128,15104
13467,cr1_1684p_00004.cbf,485,600,240,371,115,131,15065
13468,cr1_1684p_00005.cbf,473,610,234,381,137,147,20139
13469,cr1_1684p_00006.cbf,470,611,232,376,141,144,20304
13470,cr1_1684p_00007.cbf,474,610,234,382,136,148,20128
13471,cr1_1684p_00008.cbf,481,602,240,368,121,128,15488
13472,cr1_1685p_00001.cbf,472,610,233,377,138,144,19872
13473,cr1_1685p_00002.cbf,484,600,241,369,116,128,14848
13474,cr1_1685p_00003.cbf,474,609,234,378,135,144,19440
13475,cr1_1685p_00004.cbf,485,597,241,370,112,129,14448
13476,cr1_1685p_00005.cbf,484,598,239,368,114,129,14706
13477,cr1_1685p_00006.cbf,483,600,240,368,117,128,14976
13478,cr1_1685p_00007.cbf,483,600,240,367,117,127,14859
13479,cr1_1685p_00008.cbf,470,611,234,377,141,143,20163
13480,cr1_1686p_00001.cbf,483,601,241,368,118,127,14986
13481,cr1_1686p_00002.cbf,482,601,240,368,119,128,15232
13482,cr1_1686p_00003.cbf,483,604,242,371,121,129,15609
13483,cr1_1686p_00004.cbf,482,600,240,369,118,129,15222
13484,cr1_1686p_00005.cbf,483,598,241,369,115,128,14720
13485,cr1_1686p_00006.cbf,483,598,239,370,115,131,15065
13486,cr1_1686p_00007.cbf,472,609,234,382,137,148,20276
13487,cr1_1686p_00008.cbf,475,611,230,378,136,148,20128
13488,cr1_1687p_00001.cbf,474,613,235,377,139,142,19738
13489,cr1_1687p_00002.cbf,483,599,241,369,116,128,14848
13490,cr1_1687p_00003.cbf,482,599,241,371,117,130,15210
13491,cr1_1687p_00004.cbf,484,599,241,369,115,128,14720
13492,cr1_1687p_00005.cbf,483,598,240,368,115,128,14720
13493,cr1_1687p_00006.cbf,473,611,229,377,138,148,20424
13494,cr1_1687p_00007.cbf,474,612,231,380,138,149,20562
13495,cr1_1687p_00008.cbf,484,601,241,367,117,126,14742
13496,cr1_1688p_00001.cbf,484,600,240,368,116,128,14848
13497,cr1_1688p_00002.cbf,474,611,232,379,137,147,20139
13498,cr1_1688p_00003.cbf,484,600,241,370,116,129,14964
13499,cr1_1688p_00004.cbf,476,610,234,380,134,146,19564
13500,cr1_1688p_00005.cbf,485,598,240,370,113,130,14690
13501,cr1_1688p_00006.cbf,483,600,239,368,117,129,15093
13502,cr1_1688p_00007.cbf,472,606,235,383,134,148,19832
13503,cr1_1688p_00008.cbf,485,603,240,369,118,129,15222
13504,cr1_1689p_00001.cbf,484,601,241,369,117,128,14976
13505,cr1_1689p_00002.cbf,472,611,233,379,139,146,20294
13506,cr1_1689p_00003.cbf,484,601,242,372,117,130,15210
13507,cr1_1689p_00004.cbf,483,603,240,368,120,128,15360
13508,cr1_1689p_00005.cbf,474,607,231,377,133,146,19418
13509,cr1_1689p_00006.cbf,484,598,240,367,114,127,14478
13510,cr1_1689p_00007.cbf,485,598,241,369,113,128,14464
13511,cr1_1689p_00008.cbf,481,601,242,370,120,128,15360
13512,cr1_1690p_00001.cbf,484,598,241,369,114,128,14592
13513,cr1_1690p_00002.cbf,482,599,241,368,117,127,14859
13514,cr1_1690p_00003.cbf,482,598,241,369,116,128,14848
13515,cr1_1690p_00004.cbf,466,607,235,381,141,146,20586
13516,cr1_1690p_00005.cbf,470,607,230,377,137,147,20139
13517,cr1_1690p_00006.cbf,483,598,241,367,115,126,14490
13518,cr1_1690p_00007.cbf,484,600,242,369,116,127,14732
13519,cr1_1690p_00008.cbf,476,611,233,380,135,147,19845
13520,cr1_1691p_00001.cbf,473,613,233,378,140,145,20300
13521,cr1_1691p_00002.cbf,472,613,234,376,141,142,20022
13522,cr1_1691p_00003.cbf,473,614,234,379,141,145,20445
13523,cr1_1691p_00004.cbf,471,609,231,376,138,145,20010
13524,cr1_1691p_00005.cbf,485,599,241,367,114,126,14364
13525,cr1_1691p_00006.cbf,484,598,241,368,114,127,14478
13526,cr1_1691p_00007.cbf,482,599,239,370,117,131,15327
13527,cr1_1691p_00008.cbf,485,599,241,366,114,125,14250
13528,cr1_1692p_00001.cbf,475,610,231,378,135,147,19845
13529,cr1_1692p_00002.cbf,485,602,241,370,117,129,15093
13530,cr1_1692p_00003.cbf,484,600,241,370,116,129,14964
13531,cr1_1692p_00004.cbf,472,609,233,382,137,149,20413
13532,cr1_1692p_00005.cbf,481,599,239,369,118,130,15340
13533,cr1_1692p_00006.cbf,484,599,240,368,115,128,14720
13534,cr1_1692p_00007.cbf,484,600,241,368,116,127,14732
13535,cr1_1692p_00008.cbf,475,611,233,381,136,148,20128
13536,cr1_1693p_00001.cbf,486,600,241,368,114,127,14478
13537,cr1_1693p_00002.cbf,474,608,231,381,134,150,20100
13538,cr1_1693p_00003.cbf,486,601,242,369,115,127,14605
13539,cr1_1693p_00004.cbf,484,597,238,369,113,131,14803
13540,cr1_1693p_00005.cbf,471,607,229,376,136,147,19992
13541,cr1_1693p_00006.cbf,485,598,239,367,113,128,14464
13542,cr1_1693p_00007.cbf,483,604,241,368,121,127,15367
13543,cr1_1693p_00008.cbf,475,612,232,381,137,149,20413
13544,cr1_1694p_00001.cbf,472,611,231,379,139,148,20572
13545,cr1_1694p_00002.cbf,482,599,242,369,117,127,14859
13546,cr1_1694p_00003.cbf,481,600,241,367,119,126,14994
13547,cr1_1694p_00004.cbf,484,598,241,366,114,125,14250
13548,cr1_1694p_00005.cbf,485,598,241,367,113,126,14238
13549,cr1_1694p_00006.cbf,476,609,233,379,133,146,19418
13550,cr1_1694p_00007.cbf,483,598,239,370,115,131,15065
13551,cr1_1694p_00008.cbf,486,599,241,368,113,127,14351
13552,cr1_1695p_00001.cbf,473,609,232,378,136,146,19856
13553,cr1_1695p_00002.cbf,483,598,240,369,115,129,14835
13554,cr1_1695p_00003.cbf,483,599,241,371,116,130,15080
13555,cr1_1695p_00004.cbf,471,609,229,377,138,148,20424
13556,cr1_1695p_00005.cbf,472,607,229,378,135,149,20115
13557,cr1_1695p_00006.cbf,482,601,240,367,119,127,15113
13558,cr1_1695p_00007.cbf,471,610,230,378,139,148,20572
13559,cr1_1695p_00008.cbf,482,599,243,369,117,126,14742
13560,cr1_1696p_00001.cbf,484,600,242,368,116,126,14616
13561,cr1_1696p_00002.cbf,476,609,233,378,133,145,19285
13562,cr1_1696p_00003.cbf,484,599,242,368,115,126,14490
13563,cr1_1696p_00004.cbf,468,608,233,378,140,145,20300
13564,cr1_1696p_00005.cbf,484,599,241,367,115,126,14490
13565,cr1_1696p_00006.cbf,485,597,240,369,112,129,14448
13566,cr1_1696p_00007.cbf,484,599,241,368,115,127,14605
13567,cr1_1696p_00008.cbf,476,609,232,381,133,149,19817
13568,cr1_1697p_00001.cbf,483,598,241,368,115,127,14605
13569,cr1_1697p_00002.cbf,484,600,242,368,116,126,14616
13570,cr1_1697p_00003.cbf,484,600,241,370,116,129,14964
13571,cr1_1697p_00004.cbf,485,599,241,368,114,127,14478
13572,cr1_1697p_00005.cbf,484,599,240,368,115,128,14720
13573,cr1_1697p_00006.cbf,484,597,240,369,113,129,14577
13574,cr1_1697p_00007.cbf,472,612,234,379,140,145,20300
13575,cr1_1697p_00008.cbf,473,608,232,383,135,151,20385
13576,cr1_1698p_00001.cbf,477,608,233,382,131,149,19519
13577,cr1_1698p_00002.cbf,475,609,235,381,134,146,19564
13578,cr1_1698p_00003.cbf,483,600,238,373,117,135,15795
13579,cr1_1698p_00004.cbf,483,598,240,372,115,132,15180
13580,cr1_1698p_00005.cbf,483,600,236,371,117,135,15795
13581,cr1_1698p_00006.cbf,482,600,239,367,118,128,15104
13582,cr1_1698p_00007.cbf,480,602,240,369,122,129,15738
13583,cr1_1698p_00008.cbf,482,601,239,371,119,132,15708
13584,cr1_1699p_00001.cbf,482,603,241,369,121,128,15488
13585,cr1_1699p_00002.cbf,480,601,239,370,121,131,15851
13586,cr1_1699p_00003.cbf,471,612,233,379,141,146,20586
13587,cr1_1699p_00004.cbf,480,601,237,369,121,132,15972
13588,cr1_1699p_00005.cbf,472,609,231,380,137,149,20413
13589,cr1_1699p_00006.cbf,482,601,239,369,119,130,15470
13590,cr1_1699p_00007.cbf,482,602,239,369,120,130,15600
13591,cr1_1699p_00008.cbf,481,605,241,370,124,129,15996
13592,cr1_1700p_00001.cbf,483,603,241,370,120,129,15480
13593,cr1_1700p_00002.cbf,478,604,240,369,126,129,16254
13594,cr1_1700p_00003.cbf,487,600,239,369,113,130,14690
13595,cr1_1700p_00004.cbf,482,600,238,369,118,131,15458
13596,cr1_1700p_00005.cbf,482,598,239,368,116,129,14964
13597,cr1_1700p_00006.cbf,482,600,238,367,118,129,15222
13598,cr1_1700p_00007.cbf,479,601,238,369,122,131,15982
13599,cr1_1700p_00008.cbf,481,602,241,370,121,129,15609
13600,cr1_1701p_00001.cbf,471,611,232,379,140,147,20580
13601,cr1_1701p_00002.cbf,484,601,241,368,117,127,14859
13602,cr1_1701p_00003.cbf,483,603,241,371,120,130,15600
13603,cr1_1701p_00004.cbf,475,612,231,378,137,147,20139
13604,cr1_1701p_00005.cbf,481,598,238,368,117,130,15210
13605,cr1_1701p_00006.cbf,483,599,240,369,116,129,14964
13606,cr1_1701p_00007.cbf,483,603,239,368,120,129,15480
13607,cr1_1701p_00008.cbf,483,601,239,371,118,132,15576
13608,cr1_1702p_00001.cbf,482,604,242,371,122,129,15738
13609,cr1_1702p_00002.cbf,482,599,240,371,117,131,15327
13610,cr1_1702p_00003.cbf,483,600,240,371,117,131,15327
13611,cr1_1702p_00004.cbf,482,603,238,369,121,131,15851
13612,cr1_1702p_00005.cbf,482,598,238,372,116,134,15544
13613,cr1_1702p_00006.cbf,482,599,239,369,117,130,15210
13614,cr1_1702p_00007.cbf,473,611,234,378,138,144,19872
13615,cr1_1702p_00008.cbf,482,601,239,371,119,132,15708
13616,cr1_1703p_00001.cbf,484,600,241,369,116,128,14848
13617,cr1_1703p_00002.cbf,483,601,240,369,118,129,15222
13618,cr1_1703p_00003.cbf,483,600,240,372,117,132,15444
13619,cr1_1703p_00004.cbf,486,598,239,369,112,130,14560
13620,cr1_1703p_00005.cbf,482,600,238,370,118,132,15576
13621,cr1_1703p_00006.cbf,483,600,239,369,117,130,15210
13622,cr1_1703p_00007.cbf,482,601,240,370,119,130,15470
13623,cr1_1703p_00008.cbf,482,601,240,370,119,130,15470
13624,cr1_1704p_00001.cbf,483,605,239,370,122,131,15982
13625,cr1_1704p_00002.cbf,481,602,241,371,121,130,15730
13626,cr1_1704p_00003.cbf,473,609,233,378,136,145,19720
13627,cr1_1704p_00004.cbf,483,600,241,371,117,130,15210
13628,cr1_1704p_00005.cbf,483,598,237,369,115,132,15180
13629,cr1_1704p_00006.cbf,483,599,240,369,116,129,14964
13630,cr1_1704p_00007.cbf,483,602,239,369,119,130,15470
13631,cr1_1704p_00008.cbf,482,604,238,370,122,132,16104
13632,cr1_1705p_00001.cbf,483,602,240,370,119,130,15470
13633,cr1_1705p_00002.cbf,472,610,231,379,138,148,20424
13634,cr1_1705p_00003.cbf,484,600,240,370,116,130,15080
13635,cr1_1705p_00004.cbf,485,600,239,370,115,131,15065
13636,cr1_1705p_00005.cbf,480,603,238,372,123,134,16482
13637,cr1_1705p_00006.cbf,482,601,240,370,119,130,15470
13638,cr1_1705p_00007.cbf,484,603,239,369,119,130,15470
13639,cr1_1705p_00008.cbf,481,605,241,368,124,127,15748
13640,cr1_1706p_00001.cbf,472,610,233,380,138,147,20286
13641,cr1_1706p_00002.cbf,475,611,231,379,136,148,20128
13642,cr1_1706p_00003.cbf,481,603,239,369,122,130,15860
13643,cr1_1706p_00004.cbf,482,600,240,367,118,127,14986
13644,cr1_1706p_00005.cbf,482,598,236,369,116,133,15428
13645,cr1_1706p_00006.cbf,481,598,239,369,117,130,15210
13646,cr1_1706p_00007.cbf,483,602,241,371,119,130,15470
13647,cr1_1706p_00008.cbf,470,609,231,377,139,146,20294
13648,cr1_1707p_00001.cbf,484,602,242,369,118,127,14986
13649,cr1_1707p_00002.cbf,481,601,241,370,120,129,15480
13650,cr1_1707p_00003.cbf,483,599,240,369,116,129,14964
13651,cr1_1707p_00004.cbf,480,601,240,367,121,127,15367
13652,cr1_1707p_00005.cbf,482,600,239,370,118,131,15458
13653,cr1_1707p_00006.cbf,483,602,240,371,119,131,15589
13654,cr1_1707p_00007.cbf,479,600,240,368,121,128,15488
13655,cr1_1707p_00008.cbf,484,599,241,370,115,129,14835
13656,cr1_1708p_00001.cbf,483,603,242,373,120,131,15720
13657,cr1_1708p_00002.cbf,483,601,241,370,118,129,15222
13658,cr1_1708p_00003.cbf,484,600,239,369,116,130,15080
13659,cr1_1708p_00004.cbf,483,598,240,369,115,129,14835
13660,cr1_1708p_00005.cbf,484,599,240,370,115,130,14950
13661,cr1_1708p_00006.cbf,484,599,238,368,115,130,14950
13662,cr1_1708p_00007.cbf,483,601,239,368,118,129,15222
13663,cr1_1708p_00008.cbf,485,602,239,368,117,129,15093
13664,cr1_1709p_00001.cbf,484,602,241,369,118,128,15104
13665,cr1_1709p_00002.cbf,485,602,239,370,117,131,15327
13666,cr1_1709p_00003.cbf,483,603,238,369,120,131,15720
13667,cr1_1709p_00004.cbf,483,598,241,371,115,130,14950
13668,cr1_1709p_00005.cbf,482,598,238,370,116,132,15312
13669,cr1_1709p_00006.cbf,483,600,240,371,117,131,15327
13670,cr1_1709p_00007.cbf,485,601,240,368,116,128,14848
13671,cr1_1709p_00008.cbf,484,602,241,368,118,127,14986
13672,cr1_1710p_00001.cbf,476,613,234,378,137,144,19728
13673,cr1_1710p_00002.cbf,483,602,240,369,119,129,15351
13674,cr1_1710p_00003.cbf,483,601,238,369,118,131,15458
13675,cr1_1710p_00004.cbf,483,599,240,370,116,130,15080
13676,cr1_1710p_00005.cbf,485,599,239,368,114,129,14706
13677,cr1_1710p_00006.cbf,472,611,232,377,139,145,20155
13678,cr1_1710p_00007.cbf,485,601,239,369,116,130,15080
13679,cr1_1710p_00008.cbf,482,600,239,369,118,130,15340
13680,cr1_1711p_00001.cbf,482,602,242,368,120,126,15120
13681,cr1_1711p_00002.cbf,484,603,239,370,119,131,15589
13682,cr1_1711p_00003.cbf,473,609,230,379,136,149,20264
13683,cr1_1711p_00004.cbf,485,600,240,369,115,129,14835
13684,cr1_1711p_00005.cbf,483,601,239,369,118,130,15340
13685,cr1_1711p_00006.cbf,484,599,239,370,115,131,15065
13686,cr1_1711p_00007.cbf,482,602,241,370,120,129,15480
13687,cr1_1711p_00008.cbf,482,606,241,369,124,128,15872
13688,cr1_1712p_00001.cbf,485,601,241,368,116,127,14732
13689,cr1_1712p_00002.cbf,483,600,242,369,117,127,14859
13690,cr1_1712p_00003.cbf,482,600,241,369,118,128,15104
13691,cr1_1712p_00004.cbf,484,600,241,369,116,128,14848
13692,cr1_1712p_00005.cbf,484,600,238,369,116,131,15196
13693,cr1_1712p_00006.cbf,483,601,240,371,118,131,15458
13694,cr1_1712p_00007.cbf,469,609,234,379,140,145,20300
13695,cr1_1712p_00008.cbf,473,612,232,379,139,147,20433
13696,cr1_1713p_00001.cbf,481,601,241,370,120,129,15480
13697,cr1_1713p_00002.cbf,484,600,241,370,116,129,14964
13698,cr1_1713p_00003.cbf,480,601,241,370,121,129,15609
13699,cr1_1713p_00004.cbf,484,600,238,370,116,132,15312
13700,cr1_1713p_00005.cbf,483,600,238,370,117,132,15444
13701,cr1_1713p_00006.cbf,477,615,229,378,138,149,20562
13702,cr1_1713p_00007.cbf,482,602,242,371,120,129,15480
13703,cr1_1713p_00008.cbf,483,601,240,370,118,130,15340
13704,cr1_1714p_00001.cbf,481,600,240,369,119,129,15351
13705,cr1_1714p_00002.cbf,484,600,241,370,116,129,14964
13706,cr1_1714p_00003.cbf,485,599,240,369,114,129,14706
13707,cr1_1714p_00004.cbf,487,600,241,369,113,128,14464
13708,cr1_1714p_00005.cbf,474,614,232,379,140,147,20580
13709,cr1_1714p_00006.cbf,484,600,241,369,116,128,14848
13710,cr1_1714p_00007.cbf,483,599,240,372,116,132,15312
13711,cr1_1714p_00008.cbf,484,601,240,371,117,131,15327
13712,cr1_1715p_00001.cbf,484,604,242,369,120,127,15240
13713,cr1_1715p_00002.cbf,483,598,242,369,115,127,14605
13714,cr1_1715p_00003.cbf,482,600,241,369,118,128,15104
13715,cr1_1715p_00004.cbf,482,599,239,370,117,131,15327
13716,cr1_1715p_00005.cbf,484,599,241,369,115,128,14720
13717,cr1_1715p_00006.cbf,486,598,241,368,112,127,14224
13718,cr1_1715p_00007.cbf,483,599,240,369,116,129,14964
13719,cr1_1715p_00008.cbf,484,600,240,370,116,130,15080
13720,cr1_1716p_00001.cbf,469,609,235,380,140,145,20300
13721,cr1_1716p_00002.cbf,485,601,240,370,116,130,15080
13722,cr1_1716p_00003.cbf,479,611,232,379,132,147,19404
13723,cr1_1716p_00004.cbf,485,602,239,368,117,129,15093
13724,cr1_1716p_00005.cbf,484,599,239,369,115,130,14950
13725,cr1_1716p_00006.cbf,471,610,226,374,139,148,20572
13726,cr1_1716p_00007.cbf,471,610,232,380,139,148,20572
13727,cr1_1716p_00008.cbf,478,603,240,369,125,129,16125
13728,cr1_1717p_00001.cbf,485,601,240,369,116,129,14964
13729,cr1_1717p_00002.cbf,485,601,241,369,116,128,14848
13730,cr1_1717p_00003.cbf,472,611,234,382,139,148,20572
13731,cr1_1717p_00004.cbf,483,598,239,370,115,131,15065
13732,cr1_1717p_00005.cbf,487,598,238,369,111,131,14541
13733,cr1_1717p_00006.cbf,486,599,239,368,113,129,14577
13734,cr1_1717p_00007.cbf,484,601,240,369,117,129,15093
13735,cr1_1717p_00008.cbf,485,600,241,370,115,129,14835
13736,cr1_1718p_00001.cbf,483,601,240,368,118,128,15104
13737,cr1_1718p_00002.cbf,482,601,240,369,119,129,15351
13738,cr1_1718p_00003.cbf,473,609,231,382,136,151,20536
13739,cr1_1718p_00004.cbf,483,598,240,368,115,128,14720
13740,cr1_1718p_00005.cbf,484,598,242,369,114,127,14478
13741,cr1_1718p_00006.cbf,482,599,238,367,117,129,15093
13742,cr1_1718p_00007.cbf,484,600,239,369,116,130,15080
13743,cr1_1718p_00008.cbf,475,613,231,380,138,149,20562
13744,cr1_1719p_00001.cbf,482,601,241,369,119,128,15232
13745,cr1_1719p_00002.cbf,483,599,241,370,116,129,14964
13746,cr1_1719p_00003.cbf,483,600,241,372,117,131,15327
13747,cr1_1719p_00004.cbf,480,599,241,369,119,128,15232
13748,cr1_1719p_00005.cbf,485,596,239,370,111,131,14541
13749,cr1_1719p_00006.cbf,483,600,241,368,117,127,14859
13750,cr1_1719p_00007.cbf,485,598,242,367,113,125,14125
13751,cr1_1719p_00008.cbf,483,602,241,368,119,127,15113
13752,cr1_1720p_00001.cbf,484,602,241,368,118,127,14986
13753,cr1_1720p_00002.cbf,477,612,234,384,135,150,20250
13754,cr1_1720p_00003.cbf,473,612,235,379,139,144,20016
13755,cr1_1720p_00004.cbf,484,599,239,371,115,132,15180
13756,cr1_1720p_00005.cbf,483,598,239,371,115,132,15180
13757,cr1_1720p_00006.cbf,482,599,239,368,117,129,15093
13758,cr1_1720p_00007.cbf,486,598,241,369,112,128,14336
13759,cr1_1720p_00008.cbf,483,600,240,369,117,129,15093
13760,cr1_1721p_00001.cbf,481,599,241,368,118,127,14986
13761,cr1_1721p_00002.cbf,484,600,242,369,116,127,14732
13762,cr1_1721p_00003.cbf,479,601,240,370,122,130,15860
13763,cr1_1721p_00004.cbf,483,599,238,368,116,130,15080
13764,cr1_1721p_00005.cbf,482,600,239,368,118,129,15222
13765,cr1_1721p_00006.cbf,486,600,241,367,114,126,14364
13766,cr1_1721p_00007.cbf,482,599,242,369,117,127,14859
13767,cr1_1721p_00008.cbf,473,614,237,383,141,146,20586
13768,cr1_1722p_00001.cbf,484,599,239,372,115,133,15295
13769,cr1_1722p_00002.cbf,482,599,241,368,117,127,14859
13770,cr1_1722p_00003.cbf,482,603,241,371,121,130,15730
13771,cr1_1722p_00004.cbf,484,600,240,369,116,129,14964
13772,cr1_1722p_00005.cbf,482,598,241,369,116,128,14848
13773,cr1_1722p_00006.cbf,485,600,239,367,115,128,14720
13774,cr1_1722p_00007.cbf,473,609,235,383,136,148,20128
13775,cr1_1722p_00008.cbf,477,613,232,379,136,147,19992
13776,cr1_1723p_00001.cbf,482,603,240,369,121,129,15609
13777,cr1_1723p_00002.cbf,474,611,234,380,137,146,20002
13778,cr1_1723p_00003.cbf,484,599,241,369,115,128,14720
13779,cr1_1723p_00004.cbf,475,606,231,382,131,151,19781
13780,cr1_1723p_00005.cbf,476,608,229,377,132,148,19536
13781,cr1_1723p_00006.cbf,472,609,231,379,137,148,20276
13782,cr1_1723p_00007.cbf,483,602,240,370,119,130,15470
13783,cr1_1723p_00008.cbf,475,610,235,376,135,141,19035
13784,cr1_1724p_00001.cbf,484,603,240,369,119,129,15351
13785,cr1_1724p_00002.cbf,485,600,242,368,115,126,14490
13786,cr1_1724p_00003.cbf,482,599,239,368,117,129,15093
13787,cr1_1724p_00004.cbf,486,599,241,368,113,127,14351
13788,cr1_1724p_00005.cbf,482,598,238,368,116,130,15080
13789,cr1_1724p_00006.cbf,483,597,240,368,114,128,14592
13790,cr1_1724p_00007.cbf,480,599,241,371,119,130,15470
13791,cr1_1724p_00008.cbf,471,609,232,377,138,145,20010
13792,cr1_1725p_00001.cbf,475,614,235,380,139,145,20155
13793,cr1_1725p_00002.cbf,475,610,229,381,135,152,20520
13794,cr1_1725p_00003.cbf,482,599,240,368,117,128,14976
13795,cr1_1725p_00004.cbf,469,611,234,376,142,142,20164
13796,cr1_1725p_00005.cbf,472,607,232,383,135,151,20385
13797,cr1_1725p_00006.cbf,474,610,233,380,136,147,19992
13798,cr1_1725p_00007.cbf,473,609,232,378,136,146,19856
13799,cr1_1725p_00008.cbf,472,611,234,380,139,146,20294
13800,cr1_1726p_00001.cbf,484,599,241,370,115,129,14835
13801,cr1_1726p_00002.cbf,484,601,242,369,117,127,14859
13802,cr1_1726p_00003.cbf,483,600,241,368,117,127,14859
13803,cr1_1726p_00004.cbf,475,613,231,377,138,146,20148
13804,cr1_1726p_00005.cbf,475,605,229,377,130,148,19240
13805,cr1_1726p_00006.cbf,477,608,229,379,131,150,19650
13806,cr1_1726p_00007.cbf,474,608,232,380,134,148,19832
13807,cr1_1726p_00008.cbf,483,602,239,370,119,131,15589
13808,cr1_1727p_00001.cbf,483,600,241,368,117,127,14859
13809,cr1_1727p_00002.cbf,473,607,233,381,134,148,19832
13810,cr1_1727p_00003.cbf,474,607,234,385,133,151,20083
13811,cr1_1727p_00004.cbf,477,612,230,378,135,148,19980
13812,cr1_1727p_00005.cbf,485,598,240,369,113,129,14577
13813,cr1_1727p_00006.cbf,484,600,240,368,116,128,14848
13814,cr1_1727p_00007.cbf,475,611,231,378,136,147,19992
13815,cr1_1727p_00008.cbf,484,600,240,369,116,129,14964
13816,cr1_1728p_00001.cbf,473,610,231,380,137,149,20413
13817,cr1_1728p_00002.cbf,475,607,233,382,132,149,19668
13818,cr1_1728p_00003.cbf,474,613,234,382,139,148,20572
13819,cr1_1728p_00004.cbf,478,608,233,378,130,145,18850
13820,cr1_1728p_00005.cbf,466,607,233,379,141,146,20586
13821,cr1_1728p_00006.cbf,478,612,231,384,134,153,20502
13822,cr1_1728p_00007.cbf,474,610,232,378,136,146,19856
13823,cr1_1728p_00008.cbf,484,600,241,368,116,127,14732
13824,cr1_1729p_00001.cbf,486,601,241,369,115,128,14720
13825,cr1_1729p_00002.cbf,483,600,242,370,117,128,14976
13826,cr1_1729p_00003.cbf,484,600,241,369,116,128,14848
13827,cr1_1729p_00004.cbf,484,602,240,371,118,131,15458
13828,cr1_1729p_00005.cbf,474,606,226,379,132,153,20196
13829,cr1_1729p_00006.cbf,482,599,240,373,117,133,15561
13830,cr1_1729p_00007.cbf,485,599,240,370,114,130,14820
13831,cr1_1729p_00008.cbf,471,608,232,380,137,148,20276
13832,cr1_1730p_00001.cbf,475,612,228,378,137,150,20550
13833,cr1_1730p_00002.cbf,484,600,242,370,116,128,14848
13834,cr1_1730p_00003.cbf,475,614,230,377,139,147,20433
13835,cr1_1730p_00004.cbf,476,609,227,377,133,150,19950
13836,cr1_1730p_00005.cbf,478,612,225,376,134,151,20234
13837,cr1_1730p_00006.cbf,482,600,241,368,118,127,14986
13838,cr1_1730p_00007.cbf,482,600,242,369,118,127,14986
13839,cr1_1730p_00008.cbf,483,598,239,368,115,129,14835
13840,cr1_1731p_00001.cbf,473,610,234,378,137,144,19728
13841,cr1_1731p_00002.cbf,483,598,241,368,115,127,14605
13842,cr1_1731p_00003.cbf,475,613,235,380,138,145,20010
13843,cr1_1731p_00004.cbf,483,600,239,369,117,130,15210
13844,cr1_1731p_00005.cbf,481,600,237,371,119,134,15946
13845,cr1_1731p_00006.cbf,484,604,238,370,120,132,15840
13846,cr1_1731p_00007.cbf,481,601,241,371,120,130,15600
13847,cr1_1731p_00008.cbf,482,604,240,372,122,132,16104
13848,cr1_1732p_00001.cbf,480,603,241,373,123,132,16236
13849,cr1_1732p_00002.cbf,485,600,240,371,115,131,15065
13850,cr1_1732p_00003.cbf,481,599,240,371,118,131,15458
13851,cr1_1732p_00004.cbf,483,600,240,369,117,129,15093
13852,cr1_1732p_00005.cbf,484,601,237,369,117,132,15444
13853,cr1_1732p_00006.cbf,484,599,239,366,115,127,14605
13854,cr1_1732p_00007.cbf,482,599,239,369,117,130,15210
13855,cr1_1732p_00008.cbf,482,600,242,371,118,129,15222
13856,cr1_1733p_00001.cbf,481,599,237,371,118,134,15812
13857,cr1_1733p_00002.cbf,473,611,233,380,138,147,20286
13858,cr1_1733p_00003.cbf,481,603,240,371,122,131,15982
13859,cr1_1733p_00004.cbf,483,602,240,372,119,132,15708
13860,cr1_1733p_00005.cbf,482,602,239,369,120,130,15600
13861,cr1_1733p_00006.cbf,482,602,238,368,120,130,15600
13862,cr1_1733p_00007.cbf,482,601,238,369,119,131,15589
13863,cr1_1733p_00008.cbf,483,600,237,371,117,134,15678
13864,cr1_1734p_00001.cbf,482,601,240,369,119,129,15351
13865,cr1_1734p_00002.cbf,483,602,238,370,119,132,15708
13866,cr1_1734p_00003.cbf,483,598,240,373,115,133,15295
13867,cr1_1734p_00004.cbf,483,600,240,371,117,131,15327
13868,cr1_1734p_00005.cbf,480,602,240,372,122,132,16104
13869,cr1_1734p_00006.cbf,485,600,238,369,115,131,15065
13870,cr1_1734p_00007.cbf,483,600,240,371,117,131,15327
13871,cr1_1734p_00008.cbf,483,602,241,370,119,129,15351
13872,cr1_1735p_00001.cbf,482,603,239,371,121,132,15972
13873,cr1_1735p_00002.cbf,482,601,241,370,119,129,15351
13874,cr1_1735p_00003.cbf,484,601,239,371,117,132,15444
13875,cr1_1735p_00004.cbf,483,601,240,370,118,130,15340
13876,cr1_1735p_00005.cbf,473,609,231,381,136,150,20400
13877,cr1_1735p_00006.cbf,480,601,239,369,121,130,15730
13878,cr1_1735p_00007.cbf,482,600,240,370,118,130,15340
13879,cr1_1735p_00008.cbf,481,601,239,369,120,130,15600
13880,cr1_1736p_00001.cbf,481,600,241,370,119,129,15351
13881,cr1_1736p_00002.cbf,481,600,240,371,119,131,15589
13882,cr1_1736p_00003.cbf,472,611,233,381,139,148,20572
13883,cr1_1736p_00004.cbf,483,599,238,368,116,130,15080
13884,cr1_1736p_00005.cbf,483,599,240,369,116,129,14964
13885,cr1_1736p_00006.cbf,485,598,239,369,113,130,14690
13886,cr1_1736p_00007.cbf,484,601,238,370,117,132,15444
13887,cr1_1736p_00008.cbf,483,600,236,369,117,133,15561
13888,cr1_1737p_00001.cbf,476,611,236,382,135,146,19710
13889,cr1_1737p_00002.cbf,485,599,238,372,114,134,15276
13890,cr1_1737p_00003.cbf,486,600,241,372,114,131,14934
13891,cr1_1737p_00004.cbf,484,603,238,368,119,130,15470
13892,cr1_1737p_00005.cbf,483,601,239,371,118,132,15576
13893,cr1_1737p_00006.cbf,484,599,240,371,115,131,15065
13894,cr1_1737p_00007.cbf,481,600,238,372,119,134,15946
13895,cr1_1737p_00008.cbf,473,611,231,379,138,148,20424
13896,cr1_1738p_00001.cbf,482,601,241,368,119,127,15113
13897,cr1_1738p_00002.cbf,481,601,240,372,120,132,15840
13898,cr1_1738p_00003.cbf,485,600,240,372,115,132,15180
13899,cr1_1738p_00004.cbf,484,601,239,369,117,130,15210
13900,cr1_1738p_00005.cbf,485,599,239,369,114,130,14820
13901,cr1_1738p_00006.cbf,484,598,236,370,114,134,15276
13902,cr1_1738p_00007.cbf,482,599,238,372,117,134,15678
13903,cr1_1738p_00008.cbf,480,600,241,370,120,129,15480
13904,cr1_1739p_00001.cbf,484,599,240,371,115,131,15065
13905,cr1_1739p_00002.cbf,480,600,241,371,120,130,15600
13906,cr1_1739p_00003.cbf,474,612,233,381,138,148,20424
13907,cr1_1739p_00004.cbf,481,601,240,370,120,130,15600
13908,cr1_1739p_00005.cbf,483,599,236,368,116,132,15312
13909,cr1_1739p_00006.cbf,483,601,238,369,118,131,15458
13910,cr1_1739p_00007.cbf,474,607,228,379,133,151,20083
13911,cr1_1739p_00008.cbf,483,601,240,372,118,132,15576
13912,cr1_1740p_00001.cbf,471,609,234,378,138,144,19872
13913,cr1_1740p_00002.cbf,484,600,240,369,116,129,14964
13914,cr1_1740p_00003.cbf,483,598,241,370,115,129,14835
13915,cr1_1740p_00004.cbf,484,599,239,369,115,130,14950
13916,cr1_1740p_00005.cbf,486,602,239,370,116,131,15196
13917,cr1_1740p_00006.cbf,482,600,238,369,118,131,15458
13918,cr1_1740p_00007.cbf,484,601,239,369,117,130,15210
13919,cr1_1740p_00008.cbf,483,601,240,370,118,130,15340
13920,cr1_1741p_00001.cbf,484,599,240,369,115,129,14835
13921,cr1_1741p_00002.cbf,473,613,234,380,140,146,20440
13922,cr1_1741p_00003.cbf,485,601,239,371,116,132,15312
13923,cr1_1741p_00004.cbf,485,600,239,368,115,129,14835
13924,cr1_1741p_00005.cbf,483,601,240,369,118,129,15222
13925,cr1_1741p_00006.cbf,484,601,238,368,117,130,15210
13926,cr1_1741p_00007.cbf,485,601,240,371,116,131,15196
13927,cr1_1741p_00008.cbf,480,601,241,370,121,129,15609
13928,cr1_1742p_00001.cbf,484,599,240,370,115,130,14950
13929,cr1_1742p_00002.cbf,483,601,241,370,118,129,15222
13930,cr1_1742p_00003.cbf,470,607,231,381,137,150,20550
13931,cr1_1742p_00004.cbf,483,601,238,368,118,130,15340
13932,cr1_1742p_00005.cbf,481,599,239,369,118,130,15340
13933,cr1_1742p_00006.cbf,483,601,240,369,118,129,15222
13934,cr1_1742p_00007.cbf,473,610,232,380,137,148,20276
13935,cr1_1742p_00008.cbf,487,600,240,370,113,130,14690
13936,cr1_1743p_00001.cbf,474,608,232,381,134,149,19966
13937,cr1_1743p_00002.cbf,475,610,231,383,135,152,20520
13938,cr1_1743p_00003.cbf,483,601,241,370,118,129,15222
13939,cr1_1743p_00004.cbf,483,600,239,368,117,129,15093
13940,cr1_1743p_00005.cbf,485,599,240,371,114,131,14934
13941,cr1_1743p_00006.cbf,484,599,238,369,115,131,15065
13942,cr1_1743p_00007.cbf,484,601,240,371,117,131,15327
13943,cr1_1743p_00008.cbf,482,600,239,371,118,132,15576
13944,cr1_1744p_00001.cbf,483,600,240,370,117,130,15210
13945,cr1_1744p_00002.cbf,485,602,242,371,117,129,15093
13946,cr1_1744p_00003.cbf,483,600,240,371,117,131,15327
13947,cr1_1744p_00004.cbf,484,601,239,369,117,130,15210
13948,cr1_1744p_00005.cbf,484,599,240,370,115,130,14950
13949,cr1_1744p_00006.cbf,473,606,227,378,133,151,20083
13950,cr1_1744p_00007.cbf,483,599,240,370,116,130,15080
13951,cr1_1744p_00008.cbf,484,600,241,369,116,128,14848
13952,cr1_1745p_00001.cbf,481,599,239,370,118,131,15458
13953,cr1_1745p_00002.cbf,482,600,239,370,118,131,15458
13954,cr1_1745p_00003.cbf,471,609,232,380,138,148,20424
13955,cr1_1745p_00004.cbf,484,599,240,370,115,130,14950
13956,cr1_1745p_00005.cbf,483,601,238,367,118,129,15222
13957,cr1_1745p_00006.cbf,475,609,227,379,134,152,20368
13958,cr1_1745p_00007.cbf,482,600,239,369,118,130,15340
13959,cr1_1745p_00008.cbf,482,600,241,369,118,128,15104
13960,cr1_1746p_00001.cbf,484,600,240,371,116,131,15196
13961,cr1_1746p_00002.cbf,484,601,241,371,117,130,15210
13962,cr1_1746p_00003.cbf,484,599,238,372,115,134,15410
13963,cr1_1746p_00004.cbf,472,610,232,381,138,149,20562
13964,cr1_1746p_00005.cbf,482,601,241,368,119,127,15113
13965,cr1_1746p_00006.cbf,485,600,239,367,115,128,14720
13966,cr1_1746p_00007.cbf,480,602,240,370,122,130,15860
13967,cr1_1746p_00008.cbf,483,600,241,370,117,129,15093
13968,cr1_1747p_00001.cbf,471,613,234,378,142,144,20448
13969,cr1_1747p_00002.cbf,484,600,241,371,116,130,15080
13970,cr1_1747p_00003.cbf,485,599,241,371,114,130,14820
13971,cr1_1747p_00004.cbf,484,601,240,370,117,130,15210
13972,cr1_1747p_00005.cbf,482,599,239,368,117,129,15093
13973,cr1_1747p_00006.cbf,485,600,238,369,115,131,15065
13974,cr1_1747p_00007.cbf,483,599,241,370,116,129,14964
13975,cr1_1747p_00008.cbf,484,602,241,370,118,129,15222
13976,cr1_1748p_00001.cbf,483,600,240,370,117,130,15210
13977,cr1_1748p_00002.cbf,479,600,240,369,121,129,15609
13978,cr1_1748p_00003.cbf,483,599,240,370,116,130,15080
13979,cr1_1748p_00004.cbf,486,600,239,370,114,131,14934
13980,cr1_1748p_00005.cbf,485,598,239,369,113,130,14690
13981,cr1_1748p_00006.cbf,485,599,241,367,114,126,14364
13982,cr1_1748p_00007.cbf,484,598,239,369,114,130,14820
13983,cr1_1748p_00008.cbf,484,599,241,370,115,129,14835
13984,cr1_1749p_00001.cbf,485,601,241,369,116,128,14848
13985,cr1_1749p_00002.cbf,485,600,240,370,115,130,14950
13986,cr1_1749p_00003.cbf,485,598,240,369,113,129,14577
13987,cr1_1749p_00004.cbf,482,599,236,369,117,133,15561
13988,cr1_1749p_00005.cbf,473,609,231,378,136,147,19992
13989,cr1_1749p_00006.cbf,486,600,238,370,114,132,15048
13990,cr1_1749p_00007.cbf,483,598,240,367,115,127,14605
13991,cr1_1749p_00008.cbf,484,600,240,369,116,129,14964
13992,cr1_1750p_00001.cbf,483,599,239,370,116,131,15196
13993,cr1_1750p_00002.cbf,484,599,240,370,115,130,14950
13994,cr1_1750p_00003.cbf,473,609,235,382,136,147,19992
13995,cr1_1750p_00004.cbf,483,599,240,368,116,128,14848
13996,cr1_1750p_00005.cbf,473,606,226,380,133,154,20482
13997,cr1_1750p_00006.cbf,486,599,239,368,113,129,14577
13998,cr1_1750p_00007.cbf,484,599,240,371,115,131,15065
13999,cr1_1750p_00008.cbf,484,598,241,369,114,128,14592
14000,cr1_1751p_00001.cbf,485,599,237,369,114,132,15048
14001,cr1_1751p_00002.cbf,484,599,241,371,115,130,14950
14002,cr1_1751p_00003.cbf,470,608,233,380,138,147,20286
14003,cr1_1751p_00004.cbf,481,599,240,370,118,130,15340
14004,cr1_1751p_00005.cbf,483,598,239,368,115,129,14835
14005,cr1_1751p_00006.cbf,486,600,241,368,114,127,14478
14006,cr1_1751p_00007.cbf,484,600,239,370,116,131,15196
14007,cr1_1751p_00008.cbf,485,601,241,370,116,129,14964
14008,cr1_1752p_00001.cbf,485,599,241,370,114,129,14706
14009,cr1_1752p_00002.cbf,473,611,233,379,138,146,20148
14010,cr1_1752p_00003.cbf,473,611,230,379,138,149,20562
14011,cr1_1752p_00004.cbf,483,599,238,369,116,131,15196
14012,cr1_1752p_00005.cbf,485,599,239,369,114,130,14820
14013,cr1_1752p_00006.cbf,486,599,238,368,113,130,14690
14014,cr1_1752p_00007.cbf,484,600,240,368,116,128,14848
14015,cr1_1752p_00008.cbf,484,599,241,368,115,127,14605
14016,cr1_1753p_00001.cbf,473,608,229,380,135,151,20385
14017,cr1_1753p_00002.cbf,475,609,233,378,134,145,19430
14018,cr1_1753p_00003.cbf,486,599,240,368,113,128,14464
14019,cr1_1753p_00004.cbf,472,608,231,379,136,148,20128
14020,cr1_1753p_00005.cbf,484,599,240,370,115,130,14950
14021,cr1_1753p_00006.cbf,481,600,239,370,119,131,15589
14022,cr1_1753p_00007.cbf,485,600,242,369,115,127,14605
14023,cr1_1753p_00008.cbf,482,598,240,370,116,130,15080
14024,cr1_1754p_00001.cbf,485,601,241,370,116,129,14964
14025,cr1_1754p_00002.cbf,484,599,241,371,115,130,14950
14026,cr1_1754p_00003.cbf,485,601,241,369,116,128,14848
14027,cr1_1754p_00004.cbf,472,609,232,382,137,150,20550
14028,cr1_1754p_00005.cbf,485,598,239,370,113,131,14803
14029,cr1_1754p_00006.cbf,477,613,233,380,136,147,19992
14030,cr1_1754p_00007.cbf,475,612,232,382,137,150,20550
14031,cr1_1754p_00008.cbf,473,609,230,380,136,150,20400
14032,cr1_1755p_00001.cbf,485,600,241,370,115,129,14835
14033,cr1_1755p_00002.cbf,474,608,234,385,134,151,20234
14034,cr1_1755p_00003.cbf,481,600,240,370,119,130,15470
14035,cr1_1755p_00004.cbf,485,599,240,367,114,127,14478
14036,cr1_1755p_00005.cbf,485,597,239,367,112,128,14336
14037,cr1_1755p_00006.cbf,483,598,240,368,115,128,14720
14038,cr1_1755p_00007.cbf,484,600,241,368,116,127,14732
14039,cr1_1755p_00008.cbf,486,599,242,369,113,127,14351
14040,cr1_1756p_00001.cbf,475,609,231,381,134,150,20100
14041,cr1_1756p_00002.cbf,475,614,231,378,139,147,20433
14042,cr1_1756p_00003.cbf,484,599,240,370,115,130,14950
14043,cr1_1756p_00004.cbf,483,598,240,371,115,131,15065
14044,cr1_1756p_00005.cbf,485,600,238,370,115,132,15180
14045,cr1_1756p_00006.cbf,486,597,238,367,111,129,14319
14046,cr1_1756p_00007.cbf,483,599,237,369,116,132,15312
14047,cr1_1756p_00008.cbf,483,599,242,370,116,128,14848
14048,cr1_1757p_00001.cbf,483,601,239,369,118,130,15340
14049,cr1_1757p_00002.cbf,485,600,240,370,115,130,14950
14050,cr1_1757p_00003.cbf,474,608,230,379,134,149,19966
14051,cr1_1757p_00004.cbf,473,610,229,379,137,150,20550
14052,cr1_1757p_00005.cbf,485,599,237,369,114,132,15048
14053,cr1_1757p_00006.cbf,485,599,240,368,114,128,14592
14054,cr1_1757p_00007.cbf,485,600,240,370,115,130,14950
14055,cr1_1757p_00008.cbf,483,601,241,373,118,132,15576
14056,cr1_1758p_00001.cbf,483,599,241,368,116,127,14732
14057,cr1_1758p_00002.cbf,483,599,241,370,116,129,14964
14058,cr1_1758p_00003.cbf,484,599,241,370,115,129,14835
14059,cr1_1758p_00004.cbf,484,601,241,369,117,128,14976
14060,cr1_1758p_00005.cbf,485,599,239,367,114,128,14592
14061,cr1_1758p_00006.cbf,486,599,237,369,113,132,14916
14062,cr1_1758p_00007.cbf,485,601,241,369,116,128,14848
14063,cr1_1758p_00008.cbf,483,600,242,372,117,130,15210
14064,cr1_1759p_00001.cbf,484,599,241,369,115,128,14720
14065,cr1_1759p_00002.cbf,486,600,243,370,114,127,14478
14066,cr1_1759p_00003.cbf,483,601,241,368,118,127,14986
14067,cr1_1759p_00004.cbf,475,605,231,389,130,158,20540
14068,cr1_1759p_00005.cbf,485,598,240,368,113,128,14464
14069,cr1_1759p_00006.cbf,484,598,242,370,114,128,14592
14070,cr1_1759p_00007.cbf,484,597,239,369,113,130,14690
14071,cr1_1759p_00008.cbf,484,599,240,369,115,129,14835
14072,cr1_1760p_00001.cbf,485,599,240,368,114,128,14592
14073,cr1_1760p_00002.cbf,483,601,241,369,118,128,15104
14074,cr1_1760p_00003.cbf,483,598,241,371,115,130,14950
14075,cr1_1760p_00004.cbf,484,598,239,368,114,129,14706
14076,cr1_1760p_00005.cbf,484,599,240,369,115,129,14835
14077,cr1_1760p_00006.cbf,474,610,234,383,136,149,20264
14078,cr1_1760p_00007.cbf,469,608,233,381,139,148,20572
14079,cr1_1760p_00008.cbf,475,609,229,381,134,152,20368
14080,cr1_1761p_00001.cbf,485,599,242,369,114,127,14478
14081,cr1_1761p_00002.cbf,479,615,233,381,136,148,20128
14082,cr1_1761p_00003.cbf,484,600,238,369,116,131,15196
14083,cr1_1761p_00004.cbf,485,599,241,369,114,128,14592
14084,cr1_1761p_00005.cbf,484,598,239,368,114,129,14706
14085,cr1_1761p_00006.cbf,482,599,240,368,117,128,14976
14086,cr1_1761p_00007.cbf,484,600,239,370,116,131,15196
14087,cr1_1761p_00008.cbf,476,611,232,380,135,148,19980
14088,cr1_1762p_00001.cbf,475,609,236,388,134,152,20368
14089,cr1_1762p_00002.cbf,476,613,232,378,137,146,20002
14090,cr1_1762p_00003.cbf,482,599,242,369,117,127,14859
14091,cr1_1762p_00004.cbf,472,607,229,381,135,152,20520
14092,cr1_1762p_00005.cbf,480,600,240,367,120,127,15240
14093,cr1_1762p_00006.cbf,485,599,241,370,114,129,14706
14094,cr1_1762p_00007.cbf,474,608,231,378,134,147,19698
14095,cr1_1762p_00008.cbf,474,607,231,380,133,149,19817
14096,cr1_1763p_00001.cbf,483,597,241,370,114,129,14706
14097,cr1_1763p_00002.cbf,474,611,233,380,137,147,20139
14098,cr1_1763p_00003.cbf,473,606,234,380,133,146,19418
14099,cr1_1763p_00004.cbf,485,599,241,369,114,128,14592
14100,cr1_1763p_00005.cbf,474,608,230,380,134,150,20100
14101,cr1_1763p_00006.cbf,476,609,226,378,133,152,20216
14102,cr1_1763p_00007.cbf,485,600,242,369,115,127,14605
14103,cr1_1763p_00008.cbf,485,599,239,368,114,129,14706
14104,cr1_1764p_00001.cbf,475,610,230,382,135,152,20520
14105,cr1_1764p_00002.cbf,486,598,241,370,112,129,14448
14106,cr1_1764p_00003.cbf,483,597,241,369,114,128,14592
14107,cr1_1764p_00004.cbf,472,609,229,378,137,149,20413
14108,cr1_1764p_00005.cbf,472,610,228,377,138,149,20562
14109,cr1_1764p_00006.cbf,483,601,239,368,118,129,15222
14110,cr1_1764p_00007.cbf,482,602,240,371,120,131,15720
14111,cr1_1764p_00008.cbf,483,601,238,371,118,133,15694
14112,cr1_1765p_00001.cbf,483,601,240,371,118,131,15458
14113,cr1_1765p_00002.cbf,483,601,241,373,118,132,15576
14114,cr1_1765p_00003.cbf,481,601,240,371,120,131,15720
14115,cr1_1765p_00004.cbf,483,599,239,371,116,132,15312
14116,cr1_1765p_00005.cbf,484,602,237,369,118,132,15576
14117,cr1_1765p_00006.cbf,484,599,239,372,115,133,15295
14118,cr1_1765p_00007.cbf,485,600,239,371,115,132,15180
14119,cr1_1765p_00008.cbf,483,601,239,371,118,132,15576
14120,cr1_1766p_00001.cbf,483,600,240,372,117,132,15444
14121,cr1_1766p_00002.cbf,482,599,240,372,117,132,15444
14122,cr1_1766p_00003.cbf,483,599,239,371,116,132,15312
14123,cr1_1766p_00004.cbf,480,600,239,373,120,134,16080
14124,cr1_1766p_00005.cbf,482,601,238,370,119,132,15708
14125,cr1_1766p_00006.cbf,481,602,238,370,121,132,15972
14126,cr1_1766p_00007.cbf,483,603,239,369,120,130,15600
14127,cr1_1766p_00008.cbf,485,599,240,371,114,131,14934
14128,cr1_1767p_00001.cbf,483,600,241,369,117,128,14976
14129,cr1_1767p_00002.cbf,484,601,239,369,117,130,15210
14130,cr1_1767p_00003.cbf,484,600,240,370,116,130,15080
14131,cr1_1767p_00004.cbf,482,599,239,371,117,132,15444
14132,cr1_1767p_00005.cbf,484,599,239,370,115,131,15065
14133,cr1_1767p_00006.cbf,480,601,239,369,121,130,15730
14134,cr1_1767p_00007.cbf,481,602,240,370,121,130,15730
14135,cr1_1767p_00008.cbf,485,603,241,370,118,129,15222
14136,cr1_1768p_00001.cbf,482,601,240,369,119,129,15351
14137,cr1_1768p_00002.cbf,480,601,240,370,121,130,15730
14138,cr1_1768p_00003.cbf,480,600,241,371,120,130,15600
14139,cr1_1768p_00004.cbf,473,608,230,382,135,152,20520
14140,cr1_1768p_00005.cbf,481,598,238,371,117,133,15561
14141,cr1_1768p_00006.cbf,482,598,241,370,116,129,14964
14142,cr1_1768p_00007.cbf,484,600,240,371,116,131,15196
14143,cr1_1768p_00008.cbf,483,601,240,370,118,130,15340
14144,cr1_1769p_00001.cbf,482,602,241,370,120,129,15480
14145,cr1_1769p_00002.cbf,483,601,238,370,118,132,15576
14146,cr1_1769p_00003.cbf,484,600,240,370,116,130,15080
14147,cr1_1769p_00004.cbf,483,602,240,371,119,131,15589
14148,cr1_1769p_00005.cbf,483,601,238,370,118,132,15576
14149,cr1_1769p_00006.cbf,484,600,239,372,116,133,15428
14150,cr1_1769p_00007.cbf,484,601,240,369,117,129,15093
14151,cr1_1769p_00008.cbf,482,601,240,369,119,129,15351
14152,cr1_1770p_00001.cbf,483,603,237,370,120,133,15960
14153,cr1_1770p_00002.cbf,484,604,239,369,120,130,15600
14154,cr1_1770p_00003.cbf,483,600,240,370,117,130,15210
14155,cr1_1770p_00004.cbf,483,599,240,369,116,129,14964
14156,cr1_1770p_00005.cbf,483,597,240,369,114,129,14706
14157,cr1_1770p_00006.cbf,480,600,239,367,120,128,15360
14158,cr1_1770p_00007.cbf,481,601,240,370,120,130,15600
14159,cr1_1770p_00008.cbf,483,602,238,371,119,133,15827
14160,cr1_1771p_00001.cbf,483,601,241,371,118,130,15340
14161,cr1_1771p_00002.cbf,472,612,232,378,140,146,20440
14162,cr1_1771p_00003.cbf,474,608,230,379,134,149,19966
14163,cr1_1771p_00004.cbf,484,599,239,370,115,131,15065
14164,cr1_1771p_00005.cbf,485,599,239,370,114,131,14934
14165,cr1_1771p_00006.cbf,472,607,230,382,135,152,20520
14166,cr1_1771p_00007.cbf,483,603,240,370,120,130,15600
14167,cr1_1771p_00008.cbf,483,605,239,372,122,133,16226
14168,cr1_1772p_00001.cbf,483,602,239,369,119,130,15470
14169,cr1_1772p_00002.cbf,482,604,241,372,122,131,15982
14170,cr1_1772p_00003.cbf,484,599,240,371,115,131,15065
14171,cr1_1772p_00004.cbf,480,599,241,370,119,129,15351
14172,cr1_1772p_00005.cbf,482,598,239,368,116,129,14964
14173,cr1_1772p_00006.cbf,473,610,231,379,137,148,20276
14174,cr1_1772p_00007.cbf,482,599,240,370,117,130,15210
14175,cr1_1772p_00008.cbf,480,600,239,371,120,132,15840
14176,cr1_1773p_00001.cbf,482,601,238,374,119,136,16184
14177,cr1_1773p_00002.cbf,484,600,241,369,116,128,14848
14178,cr1_1773p_00003.cbf,481,601,238,372,120,134,16080
14179,cr1_1773p_00004.cbf,483,599,238,371,116,133,15428
14180,cr1_1773p_00005.cbf,484,602,240,371,118,131,15458
14181,cr1_1773p_00006.cbf,482,597,239,370,115,131,15065
14182,cr1_1773p_00007.cbf,483,600,240,367,117,127,14859
14183,cr1_1773p_00008.cbf,483,603,240,371,120,131,15720
14184,cr1_1774p_00001.cbf,472,612,230,377,140,147,20580
14185,cr1_1774p_00002.cbf,482,600,240,370,118,130,15340
14186,cr1_1774p_00003.cbf,483,601,239,370,118,131,15458
14187,cr1_1774p_00004.cbf,483,600,239,369,117,130,15210
14188,cr1_1774p_00005.cbf,480,600,240,369,120,129,15480
14189,cr1_1774p_00006.cbf,483,600,238,369,117,131,15327
14190,cr1_1774p_00007.cbf,483,601,240,369,118,129,15222
14191,cr1_1774p_00008.cbf,482,600,239,369,118,130,15340
14192,cr1_1775p_00001.cbf,484,603,238,370,119,132,15708
14193,cr1_1775p_00002.cbf,483,601,241,368,118,127,14986
14194,cr1_1775p_00003.cbf,482,600,238,369,118,131,15458
14195,cr1_1775p_00004.cbf,484,598,239,370,114,131,14934
14196,cr1_1775p_00005.cbf,483,600,238,368,117,130,15210
14197,cr1_1775p_00006.cbf,485,599,238,368,114,130,14820
14198,cr1_1775p_00007.cbf,470,610,231,377,140,146,20440
14199,cr1_1775p_00008.cbf,482,602,240,370,120,130,15600
14200,cr1_1776p_00001.cbf,481,601,239,367,120,128,15360
14201,cr1_1776p_00002.cbf,484,601,240,368,117,128,14976
14202,cr1_1776p_00003.cbf,480,600,240,371,120,131,15720
14203,cr1_1776p_00004.cbf,483,601,239,369,118,130,15340
14204,cr1_1776p_00005.cbf,483,600,240,370,117,130,15210
14205,cr1_1776p_00006.cbf,481,602,241,369,121,128,15488
14206,cr1_1776p_00007.cbf,482,603,238,368,121,130,15730
14207,cr1_1776p_00008.cbf,483,603,238,369,120,131,15720
14208,cr1_1777p_00001.cbf,484,600,239,370,116,131,15196
14209,cr1_1777p_00002.cbf,481,601,239,371,120,132,15840
14210,cr1_1777p_00003.cbf,483,598,237,370,115,133,15295
14211,cr1_1777p_00004.cbf,482,597,238,369,115,131,15065
14212,cr1_1777p_00005.cbf,483,600,239,370,117,131,15327
14213,cr1_1777p_00006.cbf,468,606,232,380,138,148,20424
14214,cr1_1777p_00007.cbf,484,603,240,370,119,130,15470
14215,cr1_1777p_00008.cbf,480,601,239,368,121,129,15609
14216,cr1_1778p_00001.cbf,482,601,240,371,119,131,15589
14217,cr1_1778p_00002.cbf,483,604,240,370,121,130,15730
14218,cr1_1778p_00003.cbf,479,600,238,368,121,130,15730
14219,cr1_1778p_00004.cbf,482,602,239,369,120,130,15600
14220,cr1_1778p_00005.cbf,473,608,233,379,135,146,19710
14221,cr1_1778p_00006.cbf,484,600,239,368,116,129,14964
14222,cr1_1778p_00007.cbf,479,601,237,369,122,132,16104
14223,cr1_1778p_00008.cbf,482,601,239,370,119,131,15589
14224,cr1_1779p_00001.cbf,483,603,238,368,120,130,15600
14225,cr1_1779p_00002.cbf,481,602,240,368,121,128,15488
14226,cr1_1779p_00003.cbf,482,599,236,369,117,133,15561
14227,cr1_1779p_00004.cbf,484,597,238,369,113,131,14803
14228,cr1_1779p_00005.cbf,482,597,241,368,115,127,14605
14229,cr1_1779p_00006.cbf,480,600,239,369,120,130,15600
14230,cr1_1779p_00007.cbf,483,601,239,370,118,131,15458
14231,cr1_1779p_00008.cbf,483,604,241,370,121,129,15609
14232,cr1_1780p_00001.cbf,484,601,238,369,117,131,15327
14233,cr1_1780p_00002.cbf,471,611,234,377,140,143,20020
14234,cr1_1780p_00003.cbf,482,600,241,371,118,130,15340
14235,cr1_1780p_00004.cbf,483,600,240,368,117,128,14976
14236,cr1_1780p_00005.cbf,482,600,240,368,118,128,15104
14237,cr1_1780p_00006.cbf,471,609,230,375,138,145,20010
14238,cr1_1780p_00007.cbf,484,602,241,367,118,126,14868
14239,cr1_1780p_00008.cbf,482,603,241,368,121,127,15367
14240,cr1_1781p_00001.cbf,483,603,241,372,120,131,15720
14241,cr1_1781p_00002.cbf,483,601,240,369,118,129,15222
14242,cr1_1781p_00003.cbf,484,601,241,369,117,128,14976
14243,cr1_1781p_00004.cbf,482,601,240,369,119,129,15351
14244,cr1_1781p_00005.cbf,475,611,230,379,136,149,20264
14245,cr1_1781p_00006.cbf,483,600,240,370,117,130,15210
14246,cr1_1781p_00007.cbf,483,598,240,369,115,129,14835
14247,cr1_1781p_00008.cbf,474,607,233,383,133,150,19950
14248,cr1_1782p_00001.cbf,483,600,240,370,117,130,15210
14249,cr1_1782p_00002.cbf,483,601,241,369,118,128,15104
14250,cr1_1782p_00003.cbf,484,600,241,372,116,131,15196
14251,cr1_1782p_00004.cbf,483,602,240,369,119,129,15351
14252,cr1_1782p_00005.cbf,484,599,241,368,115,127,14605
14253,cr1_1782p_00006.cbf,485,601,240,369,116,129,14964
14254,cr1_1782p_00007.cbf,484,600,241,369,116,128,14848
14255,cr1_1782p_00008.cbf,483,603,240,368,120,128,15360
14256,cr1_1783p_00001.cbf,481,603,239,369,122,130,15860
14257,cr1_1783p_00002.cbf,483,600,241,369,117,128,14976
14258,cr1_1783p_00003.cbf,483,601,241,369,118,128,15104
14259,cr1_1783p_00004.cbf,476,610,229,379,134,150,20100
14260,cr1_1783p_00005.cbf,483,602,239,368,119,129,15351
14261,cr1_1783p_00006.cbf,484,600,239,368,116,129,14964
14262,cr1_1783p_00007.cbf,483,601,238,368,118,130,15340
14263,cr1_1783p_00008.cbf,484,602,241,370,118,129,15222
14264,cr1_1784p_00001.cbf,481,602,242,370,121,128,15488
14265,cr1_1784p_00002.cbf,483,603,240,370,120,130,15600
14266,cr1_1784p_00003.cbf,482,602,240,368,120,128,15360
14267,cr1_1784p_00004.cbf,484,602,241,369,118,128,15104
14268,cr1_1784p_00005.cbf,484,597,239,368,113,129,14577
14269,cr1_1784p_00006.cbf,483,599,241,366,116,125,14500
14270,cr1_1784p_00007.cbf,483,600,240,370,117,130,15210
14271,cr1_1784p_00008.cbf,482,601,241,368,119,127,15113
14272,cr1_1785p_00001.cbf,484,604,240,369,120,129,15480
14273,cr1_1785p_00002.cbf,484,601,237,370,117,133,15561
14274,cr1_1785p_00003.cbf,471,609,233,382,138,149,20562
14275,cr1_1785p_00004.cbf,474,611,234,380,137,146,20002
14276,cr1_1785p_00005.cbf,483,597,239,368,114,129,14706
14277,cr1_1785p_00006.cbf,480,600,240,371,120,131,15720
14278,cr1_1785p_00007.cbf,483,604,240,368,121,128,15488
14279,cr1_1785p_00008.cbf,482,601,237,367,119,130,15470
14280,cr1_1786p_00001.cbf,482,601,239,369,119,130,15470
14281,cr1_1786p_00002.cbf,483,603,241,369,120,128,15360
14282,cr1_1786p_00003.cbf,476,614,231,379,138,148,20424
14283,cr1_1786p_00004.cbf,484,599,240,369,115,129,14835
14284,cr1_1786p_00005.cbf,482,602,240,369,120,129,15480
14285,cr1_1786p_00006.cbf,483,600,239,371,117,132,15444
14286,cr1_1786p_00007.cbf,476,615,232,380,139,148,20572
14287,cr1_1786p_00008.cbf,476,609,231,379,133,148,19684
14288,cr1_1787p_00001.cbf,470,610,228,374,140,146,20440
14289,cr1_1787p_00002.cbf,472,611,232,379,139,147,20433
14290,cr1_1787p_00003.cbf,484,600,240,370,116,130,15080
14291,cr1_1787p_00004.cbf,472,609,233,379,137,146,20002
14292,cr1_1787p_00005.cbf,483,599,242,369,116,127,14732
14293,cr1_1787p_00006.cbf,472,612,232,379,140,147,20580
14294,cr1_1787p_00007.cbf,474,609,231,378,135,147,19845
14295,cr1_1787p_00008.cbf,482,600,239,368,118,129,15222
14296,cr1_1788p_00001.cbf,482,601,240,370,119,130,15470
14297,cr1_1788p_00002.cbf,484,601,240,369,117,129,15093
14298,cr1_1788p_00003.cbf,484,598,240,367,114,127,14478
14299,cr1_1788p_00004.cbf,485,600,238,368,115,130,14950
14300,cr1_1788p_00005.cbf,484,599,240,369,115,129,14835
14301,cr1_1788p_00006.cbf,480,598,242,369,118,127,14986
14302,cr1_1788p_00007.cbf,484,599,241,371,115,130,14950
14303,cr1_1788p_00008.cbf,473,613,229,376,140,147,20580
14304,cr1_1789p_00001.cbf,481,602,241,369,121,128,15488
14305,cr1_1789p_00002.cbf,482,601,240,368,119,128,15232
14306,cr1_1789p_00003.cbf,481,600,238,368,119,130,15470
14307,cr1_1789p_00004.cbf,482,599,239,368,117,129,15093
14308,cr1_1789p_00005.cbf,483,598,239,368,115,129,14835
14309,cr1_1789p_00006.cbf,483,599,240,367,116,127,14732
14310,cr1_1789p_00007.cbf,483,601,238,368,118,130,15340
14311,cr1_1789p_00008.cbf,484,600,241,367,116,126,14616
14312,cr1_1790p_00001.cbf,482,602,239,368,120,129,15480
14313,cr1_1790p_00002.cbf,475,614,232,379,139,147,20433
14314,cr1_1790p_00003.cbf,484,600,241,368,116,127,14732
14315,cr1_1790p_00004.cbf,473,611,231,378,138,147,20286
14316,cr1_1790p_00005.cbf,474,608,231,379,134,148,19832
14317,cr1_1790p_00006.cbf,469,606,235,380,137,145,19865
14318,cr1_1790p_00007.cbf,484,604,238,368,120,130,15600
14319,cr1_1790p_00008.cbf,475,614,235,376,139,141,19599
14320,cr1_1791p_00001.cbf,482,601,241,367,119,126,14994
14321,cr1_1791p_00002.cbf,481,602,240,367,121,127,15367
14322,cr1_1791p_00003.cbf,471,611,233,377,140,144,20160
14323,cr1_1791p_00004.cbf,482,601,240,368,119,128,15232
14324,cr1_1791p_00005.cbf,483,599,239,367,116,128,14848
14325,cr1_1791p_00006.cbf,470,607,229,377,137,148,20276
14326,cr1_1791p_00007.cbf,473,610,232,379,137,147,20139
14327,cr1_1791p_00008.cbf,484,600,241,369,116,128,14848
14328,cr1_1792p_00001.cbf,483,601,242,371,118,129,15222
14329,cr1_1792p_00002.cbf,484,601,240,368,117,128,14976
14330,cr1_1792p_00003.cbf,483,600,238,369,117,131,15327
14331,cr1_1792p_00004.cbf,483,600,239,369,117,130,15210
14332,cr1_1792p_00005.cbf,483,599,240,370,116,130,15080
14333,cr1_1792p_00006.cbf,481,599,239,368,118,129,15222
14334,cr1_1792p_00007.cbf,485,600,240,372,115,132,15180
14335,cr1_1792p_00008.cbf,475,615,231,378,140,147,20580
14336,cr1_1793p_00001.cbf,471,610,231,379,139,148,20572
14337,cr1_1793p_00002.cbf,482,599,239,370,117,131,15327
14338,cr1_1793p_00003.cbf,483,602,241,368,119,127,15113
14339,cr1_1793p_00004.cbf,483,598,239,369,115,130,14950
14340,cr1_1793p_00005.cbf,484,599,238,367,115,129,14835
14341,cr1_1793p_00006.cbf,477,615,230,379,138,149,20562
14342,cr1_1793p_00007.cbf,484,599,239,368,115,129,14835
14343,cr1_1793p_00008.cbf,474,615,233,377,141,144,20304
14344,cr1_1794p_00001.cbf,483,600,241,369,117,128,14976
14345,cr1_1794p_00002.cbf,484,600,242,370,116,128,14848
14346,cr1_1794p_00003.cbf,472,611,230,377,139,147,20433
14347,cr1_1794p_00004.cbf,473,610,231,381,137,150,20550
14348,cr1_1794p_00005.cbf,475,610,229,375,135,146,19710
14349,cr1_1794p_00006.cbf,474,607,232,386,133,154,20482
14350,cr1_1794p_00007.cbf,483,597,240,369,114,129,14706
14351,cr1_1794p_00008.cbf,474,613,232,380,139,148,20572
14352,cr1_1795p_00001.cbf,474,614,232,378,140,146,20440
14353,cr1_1795p_00002.cbf,485,600,242,369,115,127,14605
14354,cr1_1795p_00003.cbf,473,611,229,376,138,147,20286
14355,cr1_1795p_00004.cbf,485,598,238,369,113,131,14803
14356,cr1_1795p_00005.cbf,485,598,239,368,113,129,14577
14357,cr1_1795p_00006.cbf,478,607,228,379,129,151,19479
14358,cr1_1795p_00007.cbf,485,601,240,371,116,131,15196
14359,cr1_1795p_00008.cbf,484,601,240,368,117,128,14976
14360,cr1_1796p_00001.cbf,474,609,229,377,135,148,19980
14361,cr1_1796p_00002.cbf,475,610,231,383,135,152,20520
14362,cr1_1796p_00003.cbf,482,599,240,370,117,130,15210
14363,cr1_1796p_00004.cbf,484,599,240,368,115,128,14720
14364,cr1_1796p_00005.cbf,484,598,240,369,114,129,14706
14365,cr1_1796p_00006.cbf,483,598,239,373,115,134,15410
14366,cr1_1796p_00007.cbf,486,602,241,369,116,128,14848
14367,cr1_1796p_00008.cbf,473,607,231,379,134,148,19832
14368,cr1_1797p_00001.cbf,485,600,241,369,115,128,14720
14369,cr1_1797p_00002.cbf,484,599,240,370,115,130,14950
14370,cr1_1797p_00003.cbf,475,614,231,379,139,148,20572
14371,cr1_1797p_00004.cbf,486,598,240,369,112,129,14448
14372,cr1_1797p_00005.cbf,476,609,232,380,133,148,19684
14373,cr1_1797p_00006.cbf,483,599,238,370,116,132,15312
14374,cr1_1797p_00007.cbf,483,600,240,371,117,131,15327
14375,cr1_1797p_00008.cbf,482,600,239,370,118,131,15458
14376,cr1_1798p_00001.cbf,482,602,239,371,120,132,15840
14377,cr1_1798p_00002.cbf,483,605,241,369,122,128,15616
14378,cr1_1798p_00003.cbf,482,601,239,369,119,130,15470
14379,cr1_1798p_00004.cbf,482,602,239,370,120,131,15720
14380,cr1_1798p_00005.cbf,482,601,236,372,119,136,16184
14381,cr1_1798p_00006.cbf,482,598,239,370,116,131,15196
14382,cr1_1798p_00007.cbf,482,602,239,371,120,132,15840
14383,cr1_1798p_00008.cbf,482,599,239,371,117,132,15444
14384,cr1_1799p_00001.cbf,482,602,240,370,120,130,15600
14385,cr1_1799p_00002.cbf,482,600,239,370,118,131,15458
14386,cr1_1799p_00003.cbf,484,600,240,369,116,129,14964
14387,cr1_1799p_00004.cbf,481,600,239,370,119,131,15589
14388,cr1_1799p_00005.cbf,481,601,240,370,120,130,15600
14389,cr1_1799p_00006.cbf,482,597,238,370,115,132,15180
14390,cr1_1799p_00007.cbf,484,602,239,369,118,130,15340
14391,cr1_1799p_00008.cbf,483,601,240,369,118,129,15222
14392,cr1_1800p_00001.cbf,481,601,238,371,120,133,15960
14393,cr1_1800p_00002.cbf,483,601,238,372,118,134,15812
14394,cr1_1800p_00003.cbf,483,601,240,369,118,129,15222
14395,cr1_1800p_00004.cbf,482,599,239,370,117,131,15327
14396,cr1_1800p_00005.cbf,481,599,235,367,118,132,15576
14397,cr1_1800p_00006.cbf,486,601,238,369,115,131,15065
14398,cr1_1800p_00007.cbf,482,601,239,369,119,130,15470
14399,cr1_1800p_00008.cbf,483,600,241,370,117,129,15093
14400,cr1_1801p_00001.cbf,482,599,241,371,117,130,15210
14401,cr1_1801p_00002.cbf,481,601,241,370,120,129,15480
14402,cr1_1801p_00003.cbf,481,599,238,371,118,133,15694
14403,cr1_1801p_00004.cbf,483,600,239,370,117,131,15327
14404,cr1_1801p_00005.cbf,482,600,240,370,118,130,15340
14405,cr1_1801p_00006.cbf,484,599,237,370,115,133,15295
14406,cr1_1801p_00007.cbf,483,602,240,368,119,128,15232
14407,cr1_1801p_00008.cbf,483,601,238,372,118,134,15812
14408,cr1_1802p_00001.cbf,481,600,237,373,119,136,16184
14409,cr1_1802p_00002.cbf,482,601,241,373,119,132,15708
14410,cr1_1802p_00003.cbf,483,599,240,371,116,131,15196
14411,cr1_1802p_00004.cbf,482,600,237,370,118,133,15694
14412,cr1_1802p_00005.cbf,482,602,240,370,120,130,15600
14413,cr1_1802p_00006.cbf,483,600,239,370,117,131,15327
14414,cr1_1802p_00007.cbf,485,600,238,369,115,131,15065
14415,cr1_1802p_00008.cbf,482,601,240,371,119,131,15589
14416,cr1_1803p_00001.cbf,482,599,241,372,117,131,15327
14417,cr1_1803p_00002.cbf,484,602,240,372,118,132,15576
14418,cr1_1803p_00003.cbf,485,600,239,370,115,131,15065
14419,cr1_1803p_00004.cbf,481,600,239,369,119,130,15470
14420,cr1_1803p_00005.cbf,483,600,238,370,117,132,15444
14421,cr1_1803p_00006.cbf,482,601,238,369,119,131,15589
14422,cr1_1803p_00007.cbf,484,601,238,370,117,132,15444
14423,cr1_1803p_00008.cbf,484,602,239,369,118,130,15340
14424,cr1_1804p_00001.cbf,481,603,240,372,122,132,16104
14425,cr1_1804p_00002.cbf,485,600,241,370,115,129,14835
14426,cr1_1804p_00003.cbf,472,611,233,381,139,148,20572
14427,cr1_1804p_00004.cbf,483,600,239,371,117,132,15444
14428,cr1_1804p_00005.cbf,483,600,238,370,117,132,15444
14429,cr1_1804p_00006.cbf,484,599,240,370,115,130,14950
14430,cr1_1804p_00007.cbf,483,600,239,370,117,131,15327
14431,cr1_1804p_00008.cbf,482,602,239,373,120,134,16080
14432,cr1_1805p_00001.cbf,483,600,242,369,117,127,14859
14433,cr1_1805p_00002.cbf,485,600,240,372,115,132,15180
14434,cr1_1805p_00003.cbf,481,601,241,373,120,132,15840
14435,cr1_1805p_00004.cbf,482,600,239,370,118,131,15458
14436,cr1_1805p_00005.cbf,483,598,237,368,115,131,15065
14437,cr1_1805p_00006.cbf,482,600,238,367,118,129,15222
14438,cr1_1805p_00007.cbf,485,601,239,372,116,133,15428
14439,cr1_1805p_00008.cbf,484,601,239,372,117,133,15561
14440,cr1_1806p_00001.cbf,474,609,231,379,135,148,19980
14441,cr1_1806p_00002.cbf,484,602,241,371,118,130,15340
14442,cr1_1806p_00003.cbf,483,600,241,370,117,129,15093
14443,cr1_1806p_00004.cbf,482,600,241,369,118,128,15104
14444,cr1_1806p_00005.cbf,482,600,239,369,118,130,15340
14445,cr1_1806p_00006.cbf,483,599,238,368,116,130,15080
14446,cr1_1806p_00007.cbf,484,603,240,369,119,129,15351
14447,cr1_1806p_00008.cbf,483,601,240,371,118,131,15458
14448,cr1_1807p_00001.cbf,485,601,242,370,116,128,14848
14449,cr1_1807p_00002.cbf,484,601,241,370,117,129,15093
14450,cr1_1807p_00003.cbf,481,601,239,370,120,131,15720
14451,cr1_1807p_00004.cbf,484,601,239,370,117,131,15327
14452,cr1_1807p_00005.cbf,484,604,238,369,120,131,15720
14453,cr1_1807p_00006.cbf,485,601,238,367,116,129,14964
14454,cr1_1807p_00007.cbf,485,600,239,370,115,131,15065
14455,cr1_1807p_00008.cbf,484,600,241,369,116,128,14848
14456,cr1_1808p_00001.cbf,484,600,240,370,116,130,15080
14457,cr1_1808p_00002.cbf,483,599,238,370,116,132,15312
14458,cr1_1808p_00003.cbf,482,601,240,369,119,129,15351
14459,cr1_1808p_00004.cbf,481,600,239,368,119,129,15351
14460,cr1_1808p_00005.cbf,484,600,238,371,116,133,15428
14461,cr1_1808p_00006.cbf,484,601,239,368,117,129,15093
14462,cr1_1808p_00007.cbf,486,599,238,370,113,132,14916
14463,cr1_1808p_00008.cbf,483,600,239,368,117,129,15093
14464,cr1_1809p_00001.cbf,485,601,241,368,116,127,14732
14465,cr1_1809p_00002.cbf,482,599,242,369,117,127,14859
14466,cr1_1809p_00003.cbf,483,599,241,370,116,129,14964
14467,cr1_1809p_00004.cbf,486,599,237,370,113,133,15029
14468,cr1_1809p_00005.cbf,485,598,239,370,113,131,14803
14469,cr1_1809p_00006.cbf,486,601,239,368,115,129,14835
14470,cr1_1809p_00007.cbf,481,600,240,370,119,130,15470
14471,cr1_1809p_00008.cbf,483,602,241,370,119,129,15351
14472,cr1_1810p_00001.cbf,482,601,240,370,119,130,15470
14473,cr1_1810p_00002.cbf,482,600,239,369,118,130,15340
14474,cr1_1810p_00003.cbf,485,601,240,370,116,130,15080
14475,cr1_1810p_00004.cbf,483,600,240,370,117,130,15210
14476,cr1_1810p_00005.cbf,481,598,241,368,117,127,14859
14477,cr1_1810p_00006.cbf,484,601,240,370,117,130,15210
14478,cr1_1810p_00007.cbf,468,611,233,377,143,144,20592
14479,cr1_1810p_00008.cbf,483,603,241,370,120,129,15480
14480,cr1_1811p_00001.cbf,482,600,242,369,118,127,14986
14481,cr1_1811p_00002.cbf,475,610,235,385,135,150,20250
14482,cr1_1811p_00003.cbf,484,599,241,369,115,128,14720
14483,cr1_1811p_00004.cbf,484,601,239,369,117,130,15210
14484,cr1_1811p_00005.cbf,481,600,240,372,119,132,15708
14485,cr1_1811p_00006.cbf,483,602,240,368,119,128,15232
14486,cr1_1811p_00007.cbf,482,602,238,368,120,130,15600
14487,cr1_1811p_00008.cbf,483,604,239,368,121,129,15609
14488,cr1_1812p_00001.cbf,482,603,240,368,121,128,15488
14489,cr1_1812p_00002.cbf,484,602,241,368,118,127,14986
14490,cr1_1812p_00003.cbf,482,603,240,369,121,129,15609
14491,cr1_1812p_00004.cbf,472,607,230,380,135,150,20250
14492,cr1_1812p_00005.cbf,484,599,240,371,115,131,15065
14493,cr1_1812p_00006.cbf,482,600,242,368,118,126,14868
14494,cr1_1812p_00007.cbf,484,602,240,369,118,129,15222
14495,cr1_1812p_00008.cbf,482,601,239,368,119,129,15351
14496,cr1_1813p_00001.cbf,482,605,240,369,123,129,15867
14497,cr1_1813p_00002.cbf,481,604,241,368,123,127,15621
14498,cr1_1813p_00003.cbf,483,602,238,369,119,131,15589
14499,cr1_1813p_00004.cbf,484,599,239,369,115,130,14950
14500,cr1_1813p_00005.cbf,485,600,240,370,115,130,14950
14501,cr1_1813p_00006.cbf,482,599,239,370,117,131,15327
14502,cr1_1813p_00007.cbf,482,603,239,368,121,129,15609
14503,cr1_1813p_00008.cbf,482,603,239,369,121,130,15730
14504,cr1_1814p_00001.cbf,475,610,232,379,135,147,19845
14505,cr1_1814p_00002.cbf,484,604,239,369,120,130,15600
14506,cr1_1814p_00003.cbf,483,601,239,370,118,131,15458
14507,cr1_1814p_00004.cbf,483,600,241,369,117,128,14976
14508,cr1_1814p_00005.cbf,474,612,233,376,138,143,19734
14509,cr1_1814p_00006.cbf,481,600,241,368,119,127,15113
14510,cr1_1814p_00007.cbf,484,601,239,369,117,130,15210
14511,cr1_1814p_00008.cbf,484,602,240,370,118,130,15340
14512,cr1_1815p_00001.cbf,479,605,241,368,126,127,16002
14513,cr1_1815p_00002.cbf,484,603,241,369,119,128,15232
14514,cr1_1815p_00003.cbf,474,616,233,377,142,144,20448
14515,cr1_1815p_00004.cbf,483,599,239,369,116,130,15080
14516,cr1_1815p_00005.cbf,481,602,239,366,121,127,15367
14517,cr1_1815p_00006.cbf,480,599,238,368,119,130,15470
14518,cr1_1815p_00007.cbf,486,603,241,369,117,128,14976
14519,cr1_1815p_00008.cbf,482,601,241,369,119,128,15232
14520,cr1_1816p_00001.cbf,483,602,241,368,119,127,15113
14521,cr1_1816p_00002.cbf,484,603,240,369,119,129,15351
14522,cr1_1816p_00003.cbf,482,602,239,369,120,130,15600
14523,cr1_1816p_00004.cbf,483,601,239,370,118,131,15458
14524,cr1_1816p_00005.cbf,483,600,239,367,117,128,14976
14525,cr1_1816p_00006.cbf,483,602,241,369,119,128,15232
14526,cr1_1816p_00007.cbf,484,603,240,367,119,127,15113
14527,cr1_1816p_00008.cbf,481,602,240,369,121,129,15609
14528,cr1_1817p_00001.cbf,482,605,241,368,123,127,15621
14529,cr1_1817p_00002.cbf,480,603,240,369,123,129,15867
14530,cr1_1817p_00003.cbf,482,602,240,369,120,129,15480
14531,cr1_1817p_00004.cbf,474,613,232,380,139,148,20572
14532,cr1_1817p_00005.cbf,484,599,238,367,115,129,14835
14533,cr1_1817p_00006.cbf,484,601,237,368,117,131,15327
14534,cr1_1817p_00007.cbf,476,612,230,378,136,148,20128
14535,cr1_1817p_00008.cbf,485,600,241,368,115,127,14605
14536,cr1_1818p_00001.cbf,474,609,233,379,135,146,19710
14537,cr1_1818p_00002.cbf,474,612,230,377,138,147,20286
14538,cr1_1818p_00003.cbf,473,611,232,378,138,146,20148
14539,cr1_1818p_00004.cbf,484,600,239,372,116,133,15428
14540,cr1_1818p_00005.cbf,484,599,239,367,115,128,14720
14541,cr1_1818p_00006.cbf,473,610,229,379,137,150,20550
14542,cr1_1818p_00007.cbf,483,601,240,368,118,128,15104
14543,cr1_1818p_00008.cbf,483,600,238,369,117,131,15327
14544,cr1_1819p_00001.cbf,470,611,234,376,141,142,20022
14545,cr1_1819p_00002.cbf,482,600,240,370,118,130,15340
14546,cr1_1819p_00003.cbf,471,606,232,382,135,150,20250
14547,cr1_1819p_00004.cbf,485,600,239,368,115,129,14835
14548,cr1_1819p_00005.cbf,484,599,239,368,115,129,14835
14549,cr1_1819p_00006.cbf,483,598,239,370,115,131,15065
14550,cr1_1819p_00007.cbf,484,600,239,367,116,128,14848
14551,cr1_1819p_00008.cbf,482,598,241,369,116,128,14848
14552,cr1_1820p_00001.cbf,484,600,241,371,116,130,15080
14553,cr1_1820p_00002.cbf,485,597,240,371,112,131,14672
14554,cr1_1820p_00003.cbf,474,610,233,381,136,148,20128
14555,cr1_1820p_00004.cbf,484,599,240,370,115,130,14950
14556,cr1_1820p_00005.cbf,486,600,240,369,114,129,14706
14557,cr1_1820p_00006.cbf,484,599,240,369,115,129,14835
14558,cr1_1820p_00007.cbf,484,600,241,369,116,128,14848
14559,cr1_1820p_00008.cbf,473,607,233,383,134,150,20100
14560,cr1_1821p_00001.cbf,483,600,240,370,117,130,15210
14561,cr1_1821p_00002.cbf,472,613,232,378,141,146,20586
14562,cr1_1821p_00003.cbf,472,608,234,381,136,147,19992
14563,cr1_1821p_00004.cbf,482,600,238,367,118,129,15222
14564,cr1_1821p_00005.cbf,484,599,237,367,115,130,14950
14565,cr1_1821p_00006.cbf,484,600,238,369,116,131,15196
14566,cr1_1821p_00007.cbf,484,600,240,370,116,130,15080
14567,cr1_1821p_00008.cbf,475,612,231,379,137,148,20276
14568,cr1_1822p_00001.cbf,484,600,240,370,116,130,15080
14569,cr1_1822p_00002.cbf,485,600,242,371,115,129,14835
14570,cr1_1822p_00003.cbf,472,608,232,383,136,151,20536
14571,cr1_1822p_00004.cbf,476,611,229,378,135,149,20115
14572,cr1_1822p_00005.cbf,483,598,238,369,115,131,15065
14573,cr1_1822p_00006.cbf,484,598,240,370,114,130,14820
14574,cr1_1822p_00007.cbf,486,599,239,370,113,131,14803
14575,cr1_1822p_00008.cbf,482,602,241,369,120,128,15360
14576,cr1_1823p_00001.cbf,471,609,232,381,138,149,20562
14577,cr1_1823p_00002.cbf,482,600,241,369,118,128,15104
14578,cr1_1823p_00003.cbf,485,603,240,370,118,130,15340
14579,cr1_1823p_00004.cbf,486,599,238,368,113,130,14690
14580,cr1_1823p_00005.cbf,473,608,226,378,135,152,20520
14581,cr1_1823p_00006.cbf,482,598,238,369,116,131,15196
14582,cr1_1823p_00007.cbf,485,598,240,371,113,131,14803
14583,cr1_1823p_00008.cbf,483,601,240,371,118,131,15458
14584,cr1_1824p_00001.cbf,485,599,241,372,114,131,14934
14585,cr1_1824p_00002.cbf,483,600,242,370,117,128,14976
14586,cr1_1824p_00003.cbf,484,601,240,370,117,130,15210
14587,cr1_1824p_00004.cbf,485,599,239,368,114,129,14706
14588,cr1_1824p_00005.cbf,485,599,239,367,114,128,14592
14589,cr1_1824p_00006.cbf,484,599,239,369,115,130,14950
14590,cr1_1824p_00007.cbf,473,608,231,379,135,148,19980
14591,cr1_1824p_00008.cbf,472,612,235,378,140,143,20020
14592,cr1_1825p_00001.cbf,485,601,242,368,116,126,14616
14593,cr1_1825p_00002.cbf,481,598,241,369,117,128,14976
14594,cr1_1825p_00003.cbf,484,599,241,371,115,130,14950
14595,cr1_1825p_00004.cbf,470,610,233,378,140,145,20300
14596,cr1_1825p_00005.cbf,474,609,233,376,135,143,19305
14597,cr1_1825p_00006.cbf,484,598,238,369,114,131,14934
14598,cr1_1825p_00007.cbf,485,598,240,369,113,129,14577
14599,cr1_1825p_00008.cbf,487,600,242,368,113,126,14238
14600,cr1_1826p_00001.cbf,470,609,235,380,139,145,20155
14601,cr1_1826p_00002.cbf,485,599,241,369,114,128,14592
14602,cr1_1826p_00003.cbf,469,608,231,379,139,148,20572
14603,cr1_1826p_00004.cbf,468,609,234,377,141,143,20163
14604,cr1_1826p_00005.cbf,475,613,230,379,138,149,20562
14605,cr1_1826p_00006.cbf,484,601,240,367,117,127,14859
14606,cr1_1826p_00007.cbf,475,614,231,378,139,147,20433
14607,cr1_1826p_00008.cbf,483,598,241,368,115,127,14605
14608,cr1_1827p_00001.cbf,484,601,241,371,117,130,15210
14609,cr1_1827p_00002.cbf,485,602,241,369,117,128,14976
14610,cr1_1827p_00003.cbf,485,598,241,369,113,128,14464
14611,cr1_1827p_00004.cbf,484,598,241,369,114,128,14592
14612,cr1_1827p_00005.cbf,474,611,232,378,137,146,20002
14613,cr1_1827p_00006.cbf,484,601,240,368,117,128,14976
14614,cr1_1827p_00007.cbf,471,608,233,378,137,145,19865
14615,cr1_1827p_00008.cbf,484,601,241,370,117,129,15093
14616,cr1_1828p_00001.cbf,474,611,235,383,137,148,20276
14617,cr1_1828p_00002.cbf,474,608,231,384,134,153,20502
14618,cr1_1828p_00003.cbf,476,609,234,383,133,149,19817
14619,cr1_1828p_00004.cbf,471,609,231,380,138,149,20562
14620,cr1_1828p_00005.cbf,485,599,239,366,114,127,14478
14621,cr1_1828p_00006.cbf,476,610,232,380,134,148,19832
14622,cr1_1828p_00007.cbf,485,600,241,370,115,129,14835
14623,cr1_1828p_00008.cbf,471,612,236,376,141,140,19740
14624,cr1_1829p_00001.cbf,484,599,240,371,115,131,15065
14625,cr1_1829p_00002.cbf,485,599,241,369,114,128,14592
14626,cr1_1829p_00003.cbf,484,599,239,371,115,132,15180
14627,cr1_1829p_00004.cbf,473,609,228,378,136,150,20400
14628,cr1_1829p_00005.cbf,484,599,239,367,115,128,14720
14629,cr1_1829p_00006.cbf,471,608,232,378,137,146,20002
14630,cr1_1829p_00007.cbf,485,598,240,368,113,128,14464
14631,cr1_1829p_00008.cbf,478,608,227,383,130,156,20280
14632,cr1_1830p_00001.cbf,478,611,231,380,133,149,19817
14633,cr1_1830p_00002.cbf,485,598,242,371,113,129,14577
14634,cr1_1830p_00003.cbf,482,600,239,369,118,130,15340
14635,cr1_1830p_00004.cbf,484,597,240,368,113,128,14464
14636,cr1_1830p_00005.cbf,475,611,227,377,136,150,20400
14637,cr1_1830p_00006.cbf,485,599,238,368,114,130,14820
14638,cr1_1830p_00007.cbf,483,597,241,368,114,127,14478
14639,cr1_1830p_00008.cbf,483,599,240,370,116,130,15080
14640,cr1_1831p_00001.cbf,484,600,238,372,116,134,15544
14641,cr1_1831p_00002.cbf,486,602,241,370,116,129,14964
14642,cr1_1831p_00003.cbf,482,602,241,370,120,129,15480
14643,cr1_1831p_00004.cbf,484,599,238,371,115,133,15295
14644,cr1_1831p_00005.cbf,482,600,239,367,118,128,15104
14645,cr1_1831p_00006.cbf,481,599,239,370,118,131,15458
14646,cr1_1831p_00007.cbf,482,602,237,371,120,134,16080
14647,cr1_1831p_00008.cbf,483,600,240,368,117,128,14976
14648,cr1_1832p_00001.cbf,483,601,239,373,118,134,15812
14649,cr1_1832p_00002.cbf,471,609,232,380,138,148,20424
14650,cr1_1832p_00003.cbf,484,602,239,371,118,132,15576
14651,cr1_1832p_00004.cbf,482,600,240,370,118,130,15340
14652,cr1_1832p_00005.cbf,481,602,235,369,121,134,16214
14653,cr1_1832p_00006.cbf,482,599,238,368,117,130,15210
14654,cr1_1832p_00007.cbf,484,601,240,370,117,130,15210
14655,cr1_1832p_00008.cbf,482,601,238,370,119,132,15708
14656,cr1_1833p_00001.cbf,481,601,240,372,120,132,15840
14657,cr1_1833p_00002.cbf,483,601,238,371,118,133,15694
14658,cr1_1833p_00003.cbf,482,601,239,370,119,131,15589
14659,cr1_1833p_00004.cbf,482,601,240,369,119,129,15351
14660,cr1_1833p_00005.cbf,475,613,230,379,138,149,20562
14661,cr1_1833p_00006.cbf,482,600,238,373,118,135,15930
14662,cr1_1833p_00007.cbf,482,600,240,368,118,128,15104
14663,cr1_1833p_00008.cbf,482,603,238,372,121,134,16214
14664,cr1_1834p_00001.cbf,483,600,242,371,117,129,15093
14665,cr1_1834p_00002.cbf,484,600,241,370,116,129,14964
14666,cr1_1834p_00003.cbf,481,601,240,371,120,131,15720
14667,cr1_1834p_00004.cbf,481,599,239,369,118,130,15340
14668,cr1_1834p_00005.cbf,484,600,240,370,116,130,15080
14669,cr1_1834p_00006.cbf,483,602,239,368,119,129,15351
14670,cr1_1834p_00007.cbf,484,601,239,369,117,130,15210
14671,cr1_1834p_00008.cbf,483,598,241,370,115,129,14835
14672,cr1_1835p_00001.cbf,483,601,240,371,118,131,15458
14673,cr1_1835p_00002.cbf,481,600,239,371,119,132,15708
14674,cr1_1835p_00003.cbf,484,600,240,370,116,130,15080
14675,cr1_1835p_00004.cbf,486,600,240,371,114,131,14934
14676,cr1_1835p_00005.cbf,481,601,236,369,120,133,15960
14677,cr1_1835p_00006.cbf,483,599,237,370,116,133,15428
14678,cr1_1835p_00007.cbf,482,602,241,370,120,129,15480
14679,cr1_1835p_00008.cbf,482,600,239,372,118,133,15694
14680,cr1_1836p_00001.cbf,483,600,241,371,117,130,15210
14681,cr1_1836p_00002.cbf,482,600,240,370,118,130,15340
14682,cr1_1836p_00003.cbf,483,600,239,369,117,130,15210
14683,cr1_1836p_00004.cbf,483,601,237,370,118,133,15694
14684,cr1_1836p_00005.cbf,480,600,239,369,120,130,15600
14685,cr1_1836p_00006.cbf,483,602,236,371,119,135,16065
14686,cr1_1836p_00007.cbf,485,600,240,369,115,129,14835
14687,cr1_1836p_00008.cbf,485,600,239,371,115,132,15180
14688,cr1_1837p_00001.cbf,484,601,240,371,117,131,15327
14689,cr1_1837p_00002.cbf,483,601,239,370,118,131,15458
14690,cr1_1837p_00003.cbf,482,600,241,370,118,129,15222
14691,cr1_1837p_00004.cbf,471,606,230,379,135,149,20115
14692,cr1_1837p_00005.cbf,480,600,238,371,120,133,15960
14693,cr1_1837p_00006.cbf,481,600,237,370,119,133,15827
14694,cr1_1837p_00007.cbf,483,600,239,370,117,131,15327
14695,cr1_1837p_00008.cbf,482,600,240,369,118,129,15222
14696,cr1_1838p_00001.cbf,480,600,240,370,120,130,15600
14697,cr1_1838p_00002.cbf,482,598,241,374,116,133,15428
14698,cr1_1838p_00003.cbf,482,598,239,372,116,133,15428
14699,cr1_1838p_00004.cbf,483,600,237,370,117,133,15561
14700,cr1_1838p_00005.cbf,483,600,239,370,117,131,15327
14701,cr1_1838p_00006.cbf,484,603,239,370,119,131,15589
14702,cr1_1838p_00007.cbf,475,610,231,381,135,150,20250
14703,cr1_1838p_00008.cbf,483,602,241,370,119,129,15351
14704,cr1_1839p_00001.cbf,484,599,240,373,115,133,15295
14705,cr1_1839p_00002.cbf,483,602,241,371,119,130,15470
14706,cr1_1839p_00003.cbf,482,601,240,370,119,130,15470
14707,cr1_1839p_00004.cbf,485,601,237,371,116,134,15544
14708,cr1_1839p_00005.cbf,484,599,239,369,115,130,14950
14709,cr1_1839p_00006.cbf,481,600,240,370,119,130,15470
14710,cr1_1839p_00007.cbf,484,601,239,370,117,131,15327
14711,cr1_1839p_00008.cbf,482,601,241,370,119,129,15351
14712,cr1_1840p_00001.cbf,482,600,240,370,118,130,15340
14713,cr1_1840p_00002.cbf,483,600,242,372,117,130,15210
14714,cr1_1840p_00003.cbf,483,601,239,369,118,130,15340
14715,cr1_1840p_00004.cbf,482,599,239,371,117,132,15444
14716,cr1_1840p_00005.cbf,480,600,239,368,120,129,15480
14717,cr1_1840p_00006.cbf,484,600,241,368,116,127,14732
14718,cr1_1840p_00007.cbf,483,604,239,370,121,131,15851
14719,cr1_1840p_00008.cbf,481,600,240,369,119,129,15351
14720,cr1_1841p_00001.cbf,483,601,241,370,118,129,15222
14721,cr1_1841p_00002.cbf,484,603,240,369,119,129,15351
14722,cr1_1841p_00003.cbf,484,600,241,370,116,129,14964
14723,cr1_1841p_00004.cbf,482,599,238,370,117,132,15444
14724,cr1_1841p_00005.cbf,482,600,238,369,118,131,15458
14725,cr1_1841p_00006.cbf,482,601,237,370,119,133,15827
14726,cr1_1841p_00007.cbf,485,603,240,369,118,129,15222
14727,cr1_1841p_00008.cbf,482,599,239,369,117,130,15210
14728,cr1_1842p_00001.cbf,484,600,241,369,116,128,14848
14729,cr1_1842p_00002.cbf,483,601,240,370,118,130,15340
14730,cr1_1842p_00003.cbf,473,612,232,380,139,148,20572
14731,cr1_1842p_00004.cbf,476,614,233,381,138,148,20424
14732,cr1_1842p_00005.cbf,484,601,239,369,117,130,15210
14733,cr1_1842p_00006.cbf,482,600,237,370,118,133,15694
14734,cr1_1842p_00007.cbf,481,602,241,370,121,129,15609
14735,cr1_1842p_00008.cbf,485,602,240,370,117,130,15210
14736,cr1_1843p_00001.cbf,483,601,241,372,118,131,15458
14737,cr1_1843p_00002.cbf,482,602,241,369,120,128,15360
14738,cr1_1843p_00003.cbf,484,600,240,369,116,129,14964
14739,cr1_1843p_00004.cbf,483,602,238,369,119,131,15589
14740,cr1_1843p_00005.cbf,483,601,240,369,118,129,15222
14741,cr1_1843p_00006.cbf,482,601,240,370,119,130,15470
14742,cr1_1843p_00007.cbf,485,600,240,370,115,130,14950
14743,cr1_1843p_00008.cbf,485,601,242,370,116,128,14848
14744,cr1_1844p_00001.cbf,474,611,232,380,137,148,20276
14745,cr1_1844p_00002.cbf,472,610,234,378,138,144,19872
14746,cr1_1844p_00003.cbf,484,602,239,369,118,130,15340
14747,cr1_1844p_00004.cbf,484,602,237,369,118,132,15576
14748,cr1_1844p_00005.cbf,475,607,230,379,132,149,19668
14749,cr1_1844p_00006.cbf,476,611,233,377,135,144,19440
14750,cr1_1844p_00007.cbf,485,601,239,369,116,130,15080
14751,cr1_1844p_00008.cbf,484,601,241,371,117,130,15210
14752,cr1_1845p_00001.cbf,483,601,241,371,118,130,15340
14753,cr1_1845p_00002.cbf,472,612,233,380,140,147,20580
14754,cr1_1845p_00003.cbf,483,602,240,369,119,129,15351
14755,cr1_1845p_00004.cbf,484,600,239,369,116,130,15080
14756,cr1_1845p_00005.cbf,484,601,237,369,117,132,15444
14757,cr1_1845p_00006.cbf,483,601,238,368,118,130,15340
14758,cr1_1845p_00007.cbf,482,599,240,370,117,130,15210
14759,cr1_1845p_00008.cbf,486,599,241,369,113,128,14464
14760,cr1_1846p_00001.cbf,469,610,233,379,141,146,20586
14761,cr1_1846p_00002.cbf,470,611,235,377,141,142,20022
14762,cr1_1846p_00003.cbf,484,599,238,372,115,134,15410
14763,cr1_1846p_00004.cbf,483,599,238,371,116,133,15428
14764,cr1_1846p_00005.cbf,483,599,238,370,116,132,15312
14765,cr1_1846p_00006.cbf,484,599,240,370,115,130,14950
14766,cr1_1846p_00007.cbf,484,600,240,370,116,130,15080
14767,cr1_1846p_00008.cbf,485,601,239,371,116,132,15312
14768,cr1_1847p_00001.cbf,484,600,240,369,116,129,14964
14769,cr1_1847p_00002.cbf,484,602,241,370,118,129,15222
14770,cr1_1847p_00003.cbf,473,608,232,383,135,151,20385
14771,cr1_1847p_00004.cbf,474,609,231,379,135,148,19980
14772,cr1_1847p_00005.cbf,481,599,239,368,118,129,15222
14773,cr1_1847p_00006.cbf,485,600,239,369,115,130,14950
14774,cr1_1847p_00007.cbf,476,610,235,380,134,145,19430
14775,cr1_1847p_00008.cbf,483,598,242,369,115,127,14605
14776,cr1_1848p_00001.cbf,481,601,240,369,120,129,15480
14777,cr1_1848p_00002.cbf,481,599,240,370,118,130,15340
14778,cr1_1848p_00003.cbf,484,599,241,370,115,129,14835
14779,cr1_1848p_00004.cbf,484,600,239,369,116,130,15080
14780,cr1_1848p_00005.cbf,483,599,239,369,116,130,15080
14781,cr1_1848p_00006.cbf,485,599,238,368,114,130,14820
14782,cr1_1848p_00007.cbf,485,600,241,370,115,129,14835
14783,cr1_1848p_00008.cbf,487,602,241,370,115,129,14835
14784,cr1_1849p_00001.cbf,483,600,242,370,117,128,14976
14785,cr1_1849p_00002.cbf,483,600,241,369,117,128,14976
14786,cr1_1849p_00003.cbf,474,607,232,380,133,148,19684
14787,cr1_1849p_00004.cbf,485,600,239,370,115,131,15065
14788,cr1_1849p_00005.cbf,485,600,236,370,115,134,15410
14789,cr1_1849p_00006.cbf,481,599,240,369,118,129,15222
14790,cr1_1849p_00007.cbf,484,599,240,369,115,129,14835
14791,cr1_1849p_00008.cbf,486,600,240,369,114,129,14706
14792,cr1_1850p_00001.cbf,485,600,240,371,115,131,15065
14793,cr1_1850p_00002.cbf,483,600,239,371,117,132,15444
14794,cr1_1850p_00003.cbf,474,608,231,380,134,149,19966
14795,cr1_1850p_00004.cbf,485,600,240,369,115,129,14835
14796,cr1_1850p_00005.cbf,484,599,240,369,115,129,14835
14797,cr1_1850p_00006.cbf,474,611,230,379,137,149,20413
14798,cr1_1850p_00007.cbf,483,602,239,369,119,130,15470
14799,cr1_1850p_00008.cbf,484,603,239,371,119,132,15708
14800,cr1_1851p_00001.cbf,482,601,241,368,119,127,15113
14801,cr1_1851p_00002.cbf,470,610,234,381,140,147,20580
14802,cr1_1851p_00003.cbf,484,600,240,370,116,130,15080
14803,cr1_1851p_00004.cbf,485,598,241,369,113,128,14464
14804,cr1_1851p_00005.cbf,482,599,239,367,117,128,14976
14805,cr1_1851p_00006.cbf,482,602,239,370,120,131,15720
14806,cr1_1851p_00007.cbf,484,601,241,369,117,128,14976
14807,cr1_1851p_00008.cbf,482,602,239,369,120,130,15600
14808,cr1_1852p_00001.cbf,485,601,242,371,116,129,14964
14809,cr1_1852p_00002.cbf,481,599,240,368,118,128,15104
14810,cr1_1852p_00003.cbf,482,598,240,371,116,131,15196
14811,cr1_1852p_00004.cbf,483,600,241,368,117,127,14859
14812,cr1_1852p_00005.cbf,472,607,230,379,135,149,20115
14813,cr1_1852p_00006.cbf,485,597,239,369,112,130,14560
14814,cr1_1852p_00007.cbf,483,599,241,369,116,128,14848
14815,cr1_1852p_00008.cbf,482,601,241,369,119,128,15232
14816,cr1_1853p_00001.cbf,484,601,241,368,117,127,14859
14817,cr1_1853p_00002.cbf,486,599,242,370,113,128,14464
14818,cr1_1853p_00003.cbf,473,612,235,378,139,143,19877
14819,cr1_1853p_00004.cbf,483,598,240,368,115,128,14720
14820,cr1_1853p_00005.cbf,484,597,238,368,113,130,14690
14821,cr1_1853p_00006.cbf,483,599,241,368,116,127,14732
14822,cr1_1853p_00007.cbf,473,610,232,378,137,146,20002
14823,cr1_1853p_00008.cbf,481,600,242,368,119,126,14994
14824,cr1_1854p_00001.cbf,482,600,241,370,118,129,15222
14825,cr1_1854p_00002.cbf,484,601,241,371,117,130,15210
14826,cr1_1854p_00003.cbf,474,613,232,377,139,145,20155
14827,cr1_1854p_00004.cbf,473,613,231,375,140,144,20160
14828,cr1_1854p_00005.cbf,475,608,230,380,133,150,19950
14829,cr1_1854p_00006.cbf,475,615,232,378,140,146,20440
14830,cr1_1854p_00007.cbf,470,610,230,377,140,147,20580
14831,cr1_1854p_00008.cbf,484,600,239,368,116,129,14964
14832,cr1_1855p_00001.cbf,485,600,242,370,115,128,14720
14833,cr1_1855p_00002.cbf,482,601,242,369,119,127,15113
14834,cr1_1855p_00003.cbf,483,600,241,369,117,128,14976
14835,cr1_1855p_00004.cbf,486,598,240,368,112,128,14336
14836,cr1_1855p_00005.cbf,484,599,239,369,115,130,14950
14837,cr1_1855p_00006.cbf,483,599,239,367,116,128,14848
14838,cr1_1855p_00007.cbf,482,602,238,369,120,131,15720
14839,cr1_1855p_00008.cbf,485,600,240,368,115,128,14720
14840,cr1_1856p_00001.cbf,474,613,234,380,139,146,20294
14841,cr1_1856p_00002.cbf,475,611,234,379,136,145,19720
14842,cr1_1856p_00003.cbf,485,601,240,368,116,128,14848
14843,cr1_1856p_00004.cbf,483,598,241,369,115,128,14720
14844,cr1_1856p_00005.cbf,472,609,232,379,137,147,20139
14845,cr1_1856p_00006.cbf,474,610,231,377,136,146,19856
14846,cr1_1856p_00007.cbf,475,612,230,376,137,146,20002
14847,cr1_1856p_00008.cbf,475,614,235,383,139,148,20572
14848,cr1_1857p_00001.cbf,484,602,241,369,118,128,15104
14849,cr1_1857p_00002.cbf,476,612,234,381,136,147,19992
14850,cr1_1857p_00003.cbf,482,600,242,370,118,128,15104
14851,cr1_1857p_00004.cbf,484,602,239,368,118,129,15222
14852,cr1_1857p_00005.cbf,475,610,227,376,135,149,20115
14853,cr1_1857p_00006.cbf,483,600,241,368,117,127,14859
14854,cr1_1857p_00007.cbf,485,598,239,367,113,128,14464
14855,cr1_1857p_00008.cbf,483,604,241,368,121,127,15367
14856,cr1_1858p_00001.cbf,472,615,234,377,143,143,20449
14857,cr1_1858p_00002.cbf,475,612,232,382,137,150,20550
14858,cr1_1858p_00003.cbf,484,601,240,366,117,126,14742
14859,cr1_1858p_00004.cbf,473,609,225,376,136,151,20536
14860,cr1_1858p_00005.cbf,474,608,230,382,134,152,20368
14861,cr1_1858p_00006.cbf,483,601,241,369,118,128,15104
14862,cr1_1858p_00007.cbf,472,609,232,381,137,149,20413
14863,cr1_1858p_00008.cbf,486,603,242,368,117,126,14742
14864,cr1_1859p_00001.cbf,483,602,241,368,119,127,15113
14865,cr1_1859p_00002.cbf,483,602,240,370,119,130,15470
14866,cr1_1859p_00003.cbf,481,600,241,369,119,128,15232
14867,cr1_1859p_00004.cbf,474,606,232,381,132,149,19668
14868,cr1_1859p_00005.cbf,474,609,232,379,135,147,19845
14869,cr1_1859p_00006.cbf,484,599,241,368,115,127,14605
14870,cr1_1859p_00007.cbf,485,601,239,367,116,128,14848
14871,cr1_1859p_00008.cbf,483,600,241,368,117,127,14859
14872,cr1_1860p_00001.cbf,485,602,242,368,117,126,14742
14873,cr1_1860p_00002.cbf,486,601,240,369,115,129,14835
14874,cr1_1860p_00003.cbf,468,611,233,375,143,142,20306
14875,cr1_1860p_00004.cbf,476,608,230,379,132,149,19668
14876,cr1_1860p_00005.cbf,474,608,233,379,134,146,19564
14877,cr1_1860p_00006.cbf,474,610,230,376,136,146,19856
14878,cr1_1860p_00007.cbf,483,601,240,368,118,128,15104
14879,cr1_1860p_00008.cbf,484,601,241,368,117,127,14859
14880,cr1_1861p_00001.cbf,471,610,231,377,139,146,20294
14881,cr1_1861p_00002.cbf,482,603,241,368,121,127,15367
14882,cr1_1861p_00003.cbf,485,599,241,368,114,127,14478
14883,cr1_1861p_00004.cbf,475,610,231,381,135,150,20250
14884,cr1_1861p_00005.cbf,483,598,240,368,115,128,14720
14885,cr1_1861p_00006.cbf,484,600,240,367,116,127,14732
14886,cr1_1861p_00007.cbf,484,602,241,369,118,128,15104
14887,cr1_1861p_00008.cbf,484,602,242,369,118,127,14986
14888,cr1_1862p_00001.cbf,474,613,231,377,139,146,20294
14889,cr1_1862p_00002.cbf,485,600,242,368,115,126,14490
14890,cr1_1862p_00003.cbf,482,600,239,368,118,129,15222
14891,cr1_1862p_00004.cbf,484,601,239,367,117,128,14976
14892,cr1_1862p_00005.cbf,468,608,234,380,140,146,20440
14893,cr1_1862p_00006.cbf,475,606,228,380,131,152,19912
14894,cr1_1862p_00007.cbf,472,610,233,377,138,144,19872
14895,cr1_1862p_00008.cbf,482,599,240,368,117,128,14976
14896,cr1_1863p_00001.cbf,471,611,233,380,140,147,20580
14897,cr1_1863p_00002.cbf,485,600,241,370,115,129,14835
14898,cr1_1863p_00003.cbf,482,600,241,369,118,128,15104
14899,cr1_1863p_00004.cbf,486,599,240,368,113,128,14464
14900,cr1_1863p_00005.cbf,470,606,233,378,136,145,19720
14901,cr1_1863p_00006.cbf,485,598,237,368,113,131,14803
14902,cr1_1863p_00007.cbf,485,600,239,368,115,129,14835
14903,cr1_1863p_00008.cbf,475,609,232,378,134,146,19564
14904,cr1_1864p_00001.cbf,473,615,234,378,142,144,20448
14905,cr1_1864p_00002.cbf,471,613,234,379,142,145,20590
14906,cr1_1864p_00003.cbf,483,599,240,369,116,129,14964
14907,cr1_1864p_00004.cbf,483,600,240,371,117,131,15327
14908,cr1_1864p_00005.cbf,482,599,237,369,117,132,15444
14909,cr1_1864p_00006.cbf,483,600,238,369,117,131,15327
14910,cr1_1864p_00007.cbf,480,605,239,370,125,131,16375
14911,cr1_1864p_00008.cbf,484,601,239,370,117,131,15327
14912,cr1_1865p_00001.cbf,482,604,241,371,122,130,15860
14913,cr1_1865p_00002.cbf,483,602,242,372,119,130,15470
14914,cr1_1865p_00003.cbf,481,601,241,371,120,130,15600
14915,cr1_1865p_00004.cbf,482,603,238,370,121,132,15972
14916,cr1_1865p_00005.cbf,483,599,238,369,116,131,15196
14917,cr1_1865p_00006.cbf,481,601,240,368,120,128,15360
14918,cr1_1865p_00007.cbf,482,603,239,370,121,131,15851
14919,cr1_1865p_00008.cbf,481,602,241,370,121,129,15609
14920,cr1_1866p_00001.cbf,484,603,241,371,119,130,15470
14921,cr1_1866p_00002.cbf,473,610,230,377,137,147,20139
14922,cr1_1866p_00003.cbf,481,599,239,370,118,131,15458
14923,cr1_1866p_00004.cbf,483,601,238,369,118,131,15458
14924,cr1_1866p_00005.cbf,483,600,237,369,117,132,15444
14925,cr1_1866p_00006.cbf,480,599,239,369,119,130,15470
14926,cr1_1866p_00007.cbf,482,600,238,369,118,131,15458
14927,cr1_1866p_00008.cbf,479,603,241,369,124,128,15872
14928,cr1_1867p_00001.cbf,480,601,240,370,121,130,15730
14929,cr1_1867p_00002.cbf,483,602,241,372,119,131,15589
14930,cr1_1867p_00003.cbf,481,600,238,368,119,130,15470
14931,cr1_1867p_00004.cbf,483,601,239,368,118,129,15222
14932,cr1_1867p_00005.cbf,484,598,239,370,114,131,14934
14933,cr1_1867p_00006.cbf,482,603,238,369,121,131,15851
14934,cr1_1867p_00007.cbf,485,602,239,368,117,129,15093
14935,cr1_1867p_00008.cbf,483,603,239,368,120,129,15480
14936,cr1_1868p_00001.cbf,482,604,239,369,122,130,15860
14937,cr1_1868p_00002.cbf,481,603,239,368,122,129,15738
14938,cr1_1868p_00003.cbf,481,603,240,372,122,132,16104
14939,cr1_1868p_00004.cbf,484,600,236,370,116,134,15544
14940,cr1_1868p_00005.cbf,482,600,237,369,118,132,15576
14941,cr1_1868p_00006.cbf,482,601,238,368,119,130,15470
14942,cr1_1868p_00007.cbf,473,611,230,378,138,148,20424
14943,cr1_1868p_00008.cbf,484,603,241,369,119,128,15232
14944,cr1_1869p_00001.cbf,484,603,239,370,119,131,15589
14945,cr1_1869p_00002.cbf,481,603,240,370,122,130,15860
14946,cr1_1869p_00003.cbf,484,600,239,369,116,130,15080
14947,cr1_1869p_00004.cbf,482,600,235,370,118,135,15930
14948,cr1_1869p_00005.cbf,484,600,237,368,116,131,15196
14949,cr1_1869p_00006.cbf,481,602,238,368,121,130,15730
14950,cr1_1869p_00007.cbf,484,602,238,369,118,131,15458
14951,cr1_1869p_00008.cbf,482,601,240,369,119,129,15351
14952,cr1_1870p_00001.cbf,484,601,239,369,117,130,15210
14953,cr1_1870p_00002.cbf,480,600,240,370,120,130,15600
14954,cr1_1870p_00003.cbf,480,600,241,370,120,129,15480
14955,cr1_1870p_00004.cbf,484,601,237,368,117,131,15327
14956,cr1_1870p_00005.cbf,475,610,230,379,135,149,20115
14957,cr1_1870p_00006.cbf,483,601,236,368,118,132,15576
14958,cr1_1870p_00007.cbf,483,601,239,369,118,130,15340
14959,cr1_1870p_00008.cbf,483,602,239,369,119,130,15470
14960,cr1_1871p_00001.cbf,480,600,240,371,120,131,15720
14961,cr1_1871p_00002.cbf,482,601,239,372,119,133,15827
14962,cr1_1871p_00003.cbf,483,602,241,370,119,129,15351
14963,cr1_1871p_00004.cbf,473,608,230,381,135,151,20385
14964,cr1_1871p_00005.cbf,483,600,237,367,117,130,15210
14965,cr1_1871p_00006.cbf,481,599,238,369,118,131,15458
14966,cr1_1871p_00007.cbf,482,603,238,369,121,131,15851
14967,cr1_1871p_00008.cbf,481,601,238,370,120,132,15840
14968,cr1_1872p_00001.cbf,483,601,238,373,118,135,15930
14969,cr1_1872p_00002.cbf,484,603,241,370,119,129,15351
14970,cr1_1872p_00003.cbf,484,602,240,369,118,129,15222
14971,cr1_1872p_00004.cbf,485,602,241,371,117,130,15210
14972,cr1_1872p_00005.cbf,482,599,238,369,117,131,15327
14973,cr1_1872p_00006.cbf,484,601,237,369,117,132,15444
14974,cr1_1872p_00007.cbf,486,601,241,371,115,130,14950
14975,cr1_1872p_00008.cbf,482,600,241,372,118,131,15458
14976,cr1_1873p_00001.cbf,472,611,233,379,139,146,20294
14977,cr1_1873p_00002.cbf,483,601,240,370,118,130,15340
14978,cr1_1873p_00003.cbf,482,602,240,371,120,131,15720
14979,cr1_1873p_00004.cbf,484,599,239,369,115,130,14950
14980,cr1_1873p_00005.cbf,475,610,230,380,135,150,20250
14981,cr1_1873p_00006.cbf,484,600,239,369,116,130,15080
14982,cr1_1873p_00007.cbf,483,599,239,370,116,131,15196
14983,cr1_1873p_00008.cbf,472,609,233,382,137,149,20413
14984,cr1_1874p_00001.cbf,482,601,241,371,119,130,15470
14985,cr1_1874p_00002.cbf,476,611,234,384,135,150,20250
14986,cr1_1874p_00003.cbf,483,598,239,370,115,131,15065
14987,cr1_1874p_00004.cbf,482,601,239,369,119,130,15470
14988,cr1_1874p_00005.cbf,481,599,237,371,118,134,15812
14989,cr1_1874p_00006.cbf,486,599,240,369,113,129,14577
14990,cr1_1874p_00007.cbf,485,601,239,370,116,131,15196
14991,cr1_1874p_00008.cbf,485,600,238,371,115,133,15295
14992,cr1_1875p_00001.cbf,482,599,241,372,117,131,15327
14993,cr1_1875p_00002.cbf,484,600,240,370,116,130,15080
14994,cr1_1875p_00003.cbf,483,601,239,369,118,130,15340
14995,cr1_1875p_00004.cbf,485,601,238,369,116,131,15196
14996,cr1_1875p_00005.cbf,484,599,239,368,115,129,14835
14997,cr1_1875p_00006.cbf,482,601,238,369,119,131,15589
14998,cr1_1875p_00007.cbf,484,600,242,369,116,127,14732
14999,cr1_1875p_00008.cbf,484,601,238,372,117,134,15678
15000,cr1_1876p_00001.cbf,479,600,240,372,121,132,15972
15001,cr1_1876p_00002.cbf,481,602,240,370,121,130,15730
15002,cr1_1876p_00003.cbf,482,600,241,370,118,129,15222
15003,cr1_1876p_00004.cbf,482,599,240,369,117,129,15093
15004,cr1_1876p_00005.cbf,483,599,237,369,116,132,15312
15005,cr1_1876p_00006.cbf,482,599,238,368,117,130,15210
15006,cr1_1876p_00007.cbf,482,601,238,370,119,132,15708
15007,cr1_1876p_00008.cbf,483,598,240,372,115,132,15180
15008,cr1_1877p_00001.cbf,484,602,241,372,118,131,15458
15009,cr1_1877p_00002.cbf,483,602,241,372,119,131,15589
15010,cr1_1877p_00003.cbf,483,601,237,373,118,136,16048
15011,cr1_1877p_00004.cbf,483,599,241,370,116,129,14964
15012,cr1_1877p_00005.cbf,486,599,234,369,113,135,15255
15013,cr1_1877p_00006.cbf,481,603,238,368,122,130,15860
15014,cr1_1877p_00007.cbf,484,599,239,371,115,132,15180
15015,cr1_1877p_00008.cbf,485,601,241,370,116,129,14964
15016,cr1_1878p_00001.cbf,483,601,238,371,118,133,15694
15017,cr1_1878p_00002.cbf,476,611,231,383,135,152,20520
15018,cr1_1878p_00003.cbf,484,600,241,371,116,130,15080
15019,cr1_1878p_00004.cbf,482,600,239,370,118,131,15458
15020,cr1_1878p_00005.cbf,482,600,239,369,118,130,15340
15021,cr1_1878p_00006.cbf,485,604,239,371,119,132,15708
15022,cr1_1878p_00007.cbf,474,608,230,381,134,151,20234
15023,cr1_1878p_00008.cbf,482,600,241,370,118,129,15222
15024,cr1_1879p_00001.cbf,483,599,239,370,116,131,15196
15025,cr1_1879p_00002.cbf,483,599,241,370,116,129,14964
15026,cr1_1879p_00003.cbf,485,599,242,372,114,130,14820
15027,cr1_1879p_00004.cbf,483,602,238,371,119,133,15827
15028,cr1_1879p_00005.cbf,482,601,237,369,119,132,15708
15029,cr1_1879p_00006.cbf,483,601,239,370,118,131,15458
15030,cr1_1879p_00007.cbf,482,598,239,370,116,131,15196
15031,cr1_1879p_00008.cbf,483,600,240,369,117,129,15093
15032,cr1_1880p_00001.cbf,483,602,240,370,119,130,15470
15033,cr1_1880p_00002.cbf,481,600,240,370,119,130,15470
15034,cr1_1880p_00003.cbf,483,598,239,369,115,130,14950
15035,cr1_1880p_00004.cbf,485,599,238,368,114,130,14820
15036,cr1_1880p_00005.cbf,470,610,232,377,140,145,20300
15037,cr1_1880p_00006.cbf,484,600,238,370,116,132,15312
15038,cr1_1880p_00007.cbf,486,598,237,370,112,133,14896
15039,cr1_1880p_00008.cbf,483,601,240,370,118,130,15340
15040,cr1_1881p_00001.cbf,481,601,240,370,120,130,15600
15041,cr1_1881p_00002.cbf,482,601,241,369,119,128,15232
15042,cr1_1881p_00003.cbf,484,599,241,370,115,129,14835
15043,cr1_1881p_00004.cbf,482,601,240,371,119,131,15589
15044,cr1_1881p_00005.cbf,484,599,238,369,115,131,15065
15045,cr1_1881p_00006.cbf,484,601,238,369,117,131,15327
15046,cr1_1881p_00007.cbf,485,599,241,371,114,130,14820
15047,cr1_1881p_00008.cbf,484,597,239,371,113,132,14916
15048,cr1_1882p_00001.cbf,483,600,242,371,117,129,15093
15049,cr1_1882p_00002.cbf,483,600,242,369,117,127,14859
15050,cr1_1882p_00003.cbf,484,598,241,370,114,129,14706
15051,cr1_1882p_00004.cbf,474,611,229,379,137,150,20550
15052,cr1_1882p_00005.cbf,482,600,240,370,118,130,15340
15053,cr1_1882p_00006.cbf,483,598,239,371,115,132,15180
15054,cr1_1882p_00007.cbf,483,600,238,370,117,132,15444
15055,cr1_1882p_00008.cbf,483,599,242,369,116,127,14732
15056,cr1_1883p_00001.cbf,484,600,242,369,116,127,14732
15057,cr1_1883p_00002.cbf,486,599,241,371,113,130,14690
15058,cr1_1883p_00003.cbf,483,600,242,370,117,128,14976
15059,cr1_1883p_00004.cbf,483,600,240,369,117,129,15093
15060,cr1_1883p_00005.cbf,483,600,237,370,117,133,15561
15061,cr1_1883p_00006.cbf,485,599,240,370,114,130,14820
15062,cr1_1883p_00007.cbf,481,600,239,369,119,130,15470
15063,cr1_1883p_00008.cbf,472,607,232,379,135,147,19845
15064,cr1_1884p_00001.cbf,471,610,234,379,139,145,20155
15065,cr1_1884p_00002.cbf,485,600,242,370,115,128,14720
15066,cr1_1884p_00003.cbf,482,600,240,370,118,130,15340
15067,cr1_1884p_00004.cbf,484,599,239,367,115,128,14720
15068,cr1_1884p_00005.cbf,483,599,237,372,116,135,15660
15069,cr1_1884p_00006.cbf,474,611,233,378,137,145,19865
15070,cr1_1884p_00007.cbf,484,599,240,369,115,129,14835
15071,cr1_1884p_00008.cbf,484,601,242,369,117,127,14859
15072,cr1_1885p_00001.cbf,486,599,241,371,113,130,14690
15073,cr1_1885p_00002.cbf,485,602,240,371,117,131,15327
15074,cr1_1885p_00003.cbf,475,609,228,380,134,152,20368
15075,cr1_1885p_00004.cbf,472,607,230,377,135,147,19845
15076,cr1_1885p_00005.cbf,485,598,239,370,113,131,14803
15077,cr1_1885p_00006.cbf,470,610,234,378,140,144,20160
15078,cr1_1885p_00007.cbf,482,602,241,369,120,128,15360
15079,cr1_1885p_00008.cbf,484,602,240,370,118,130,15340
15080,cr1_1886p_00001.cbf,473,610,235,384,137,149,20413
15081,cr1_1886p_00002.cbf,486,599,240,370,113,130,14690
15082,cr1_1886p_00003.cbf,483,599,240,372,116,132,15312
15083,cr1_1886p_00004.cbf,483,597,241,368,114,127,14478
15084,cr1_1886p_00005.cbf,486,599,240,369,113,129,14577
15085,cr1_1886p_00006.cbf,470,612,235,378,142,143,20306
15086,cr1_1886p_00007.cbf,483,603,241,370,120,129,15480
15087,cr1_1886p_00008.cbf,471,609,231,378,138,147,20286
15088,cr1_1887p_00001.cbf,484,604,240,369,120,129,15480
15089,cr1_1887p_00002.cbf,485,602,241,370,117,129,15093
15090,cr1_1887p_00003.cbf,483,600,242,368,117,126,14742
15091,cr1_1887p_00004.cbf,486,598,240,369,112,129,14448
15092,cr1_1887p_00005.cbf,485,600,238,369,115,131,15065
15093,cr1_1887p_00006.cbf,483,601,239,367,118,128,15104
15094,cr1_1887p_00007.cbf,482,599,241,370,117,129,15093
15095,cr1_1887p_00008.cbf,485,601,238,368,116,130,15080
15096,cr1_1888p_00001.cbf,482,600,241,369,118,128,15104
15097,cr1_1888p_00002.cbf,483,600,242,372,117,130,15210
15098,cr1_1888p_00003.cbf,483,600,240,369,117,129,15093
15099,cr1_1888p_00004.cbf,482,598,240,367,116,127,14732
15100,cr1_1888p_00005.cbf,483,600,240,368,117,128,14976
15101,cr1_1888p_00006.cbf,484,599,239,369,115,130,14950
15102,cr1_1888p_00007.cbf,476,614,231,377,138,146,20148
15103,cr1_1888p_00008.cbf,483,604,241,370,121,129,15609
15104,cr1_1889p_00001.cbf,485,600,242,370,115,128,14720
15105,cr1_1889p_00002.cbf,474,610,233,380,136,147,19992
15106,cr1_1889p_00003.cbf,483,599,241,368,116,127,14732
15107,cr1_1889p_00004.cbf,471,608,234,378,137,144,19728
15108,cr1_1889p_00005.cbf,484,599,239,368,115,129,14835
15109,cr1_1889p_00006.cbf,471,608,232,377,137,145,19865
15110,cr1_1889p_00007.cbf,486,600,242,371,114,129,14706
15111,cr1_1889p_00008.cbf,477,613,233,382,136,149,20264
15112,cr1_1890p_00001.cbf,473,610,232,381,137,149,20413
15113,cr1_1890p_00002.cbf,485,597,242,369,112,127,14224
15114,cr1_1890p_00003.cbf,476,611,233,376,135,143,19305
15115,cr1_1890p_00004.cbf,481,598,241,368,117,127,14859
15116,cr1_1890p_00005.cbf,483,598,239,368,115,129,14835
15117,cr1_1890p_00006.cbf,484,599,240,368,115,128,14720
15118,cr1_1890p_00007.cbf,485,600,240,369,115,129,14835
15119,cr1_1890p_00008.cbf,484,601,241,369,117,128,14976
15120,cr1_1891p_00001.cbf,476,612,232,382,136,150,20400
15121,cr1_1891p_00002.cbf,483,599,241,368,116,127,14732
15122,cr1_1891p_00003.cbf,473,609,231,380,136,149,20264
15123,cr1_1891p_00004.cbf,484,596,241,369,112,128,14336
15124,cr1_1891p_00005.cbf,475,611,230,380,136,150,20400
15125,cr1_1891p_00006.cbf,470,610,230,376,140,146,20440
15126,cr1_1891p_00007.cbf,485,599,239,368,114,129,14706
15127,cr1_1891p_00008.cbf,474,612,235,380,138,145,20010
15128,cr1_1892p_00001.cbf,472,609,234,377,137,143,19591
15129,cr1_1892p_00002.cbf,485,600,242,369,115,127,14605
15130,cr1_1892p_00003.cbf,474,610,227,378,136,151,20536
15131,cr1_1892p_00004.cbf,471,609,230,379,138,149,20562
15132,cr1_1892p_00005.cbf,473,607,225,377,134,152,20368
15133,cr1_1892p_00006.cbf,472,609,231,380,137,149,20413
15134,cr1_1892p_00007.cbf,484,605,241,369,121,128,15488
15135,cr1_1892p_00008.cbf,474,607,233,378,133,145,19285
15136,cr1_1893p_00001.cbf,475,612,233,377,137,144,19728
15137,cr1_1893p_00002.cbf,475,611,230,380,136,150,20400
15138,cr1_1893p_00003.cbf,472,609,234,382,137,148,20276
15139,cr1_1893p_00004.cbf,473,608,230,379,135,149,20115
15140,cr1_1893p_00005.cbf,483,599,241,368,116,127,14732
15141,cr1_1893p_00006.cbf,480,599,239,369,119,130,15470
15142,cr1_1893p_00007.cbf,486,599,241,368,113,127,14351
15143,cr1_1893p_00008.cbf,483,601,242,371,118,129,15222
15144,cr1_1894p_00001.cbf,482,601,243,369,119,126,14994
15145,cr1_1894p_00002.cbf,475,614,235,381,139,146,20294
15146,cr1_1894p_00003.cbf,473,609,233,382,136,149,20264
15147,cr1_1894p_00004.cbf,484,599,241,370,115,129,14835
15148,cr1_1894p_00005.cbf,468,606,233,378,138,145,20010
15149,cr1_1894p_00006.cbf,486,600,239,367,114,128,14592
15150,cr1_1894p_00007.cbf,476,610,232,380,134,148,19832
15151,cr1_1894p_00008.cbf,484,599,240,367,115,127,14605
15152,cr1_1895p_00001.cbf,482,599,241,369,117,128,14976
15153,cr1_1895p_00002.cbf,474,609,232,380,135,148,19980
15154,cr1_1895p_00003.cbf,466,607,232,378,141,146,20586
15155,cr1_1895p_00004.cbf,471,608,232,379,137,147,20139
15156,cr1_1895p_00005.cbf,485,599,238,367,114,129,14706
15157,cr1_1895p_00006.cbf,485,600,240,368,115,128,14720
15158,cr1_1895p_00007.cbf,484,599,239,371,115,132,15180
15159,cr1_1895p_00008.cbf,477,613,237,380,136,143,19448
15160,cr1_1896p_00001.cbf,475,608,233,380,133,147,19551
15161,cr1_1896p_00002.cbf,484,599,242,370,115,128,14720
15162,cr1_1896p_00003.cbf,485,599,239,370,114,131,14934
15163,cr1_1896p_00004.cbf,471,606,230,380,135,150,20250
15164,cr1_1896p_00005.cbf,483,598,240,368,115,128,14720
15165,cr1_1896p_00006.cbf,475,612,231,381,137,150,20550
15166,cr1_1896p_00007.cbf,483,603,241,369,120,128,15360
15167,cr1_1896p_00008.cbf,485,600,242,369,115,127,14605
15168,cr1_1897p_00001.cbf,483,601,241,369,118,128,15104
15169,cr1_1897p_00002.cbf,483,599,240,369,116,129,14964
15170,cr1_1897p_00003.cbf,485,599,242,370,114,128,14592
15171,cr1_1897p_00004.cbf,482,603,240,368,121,128,15488
15172,cr1_1897p_00005.cbf,484,599,237,371,115,134,15410
15173,cr1_1897p_00006.cbf,482,599,239,370,117,131,15327
15174,cr1_1897p_00007.cbf,483,603,239,370,120,131,15720
15175,cr1_1897p_00008.cbf,483,599,239,370,116,131,15196
15176,cr1_1898p_00001.cbf,483,602,240,372,119,132,15708
15177,cr1_1898p_00002.cbf,479,602,241,374,123,133,16359
15178,cr1_1898p_00003.cbf,482,601,240,371,119,131,15589
15179,cr1_1898p_00004.cbf,483,601,239,370,118,131,15458
15180,cr1_1898p_00005.cbf,483,602,237,368,119,131,15589
15181,cr1_1898p_00006.cbf,483,600,238,370,117,132,15444
15182,cr1_1898p_00007.cbf,474,610,231,382,136,151,20536
15183,cr1_1898p_00008.cbf,484,600,240,371,116,131,15196
15184,cr1_1899p_00001.cbf,483,601,240,372,118,132,15576
15185,cr1_1899p_00002.cbf,484,601,239,370,117,131,15327
15186,cr1_1899p_00003.cbf,481,601,239,370,120,131,15720
15187,cr1_1899p_00004.cbf,484,601,239,371,117,132,15444
15188,cr1_1899p_00005.cbf,482,601,238,370,119,132,15708
15189,cr1_1899p_00006.cbf,481,600,238,369,119,131,15589
15190,cr1_1899p_00007.cbf,482,601,239,371,119,132,15708
15191,cr1_1899p_00008.cbf,483,602,241,370,119,129,15351
15192,cr1_1900p_00001.cbf,483,602,241,373,119,132,15708
15193,cr1_1900p_00002.cbf,482,598,238,372,116,134,15544
15194,cr1_1900p_00003.cbf,482,599,239,369,117,130,15210
15195,cr1_1900p_00004.cbf,482,599,239,370,117,131,15327
15196,cr1_1900p_00005.cbf,483,602,238,369,119,131,15589
15197,cr1_1900p_00006.cbf,484,601,238,369,117,131,15327
15198,cr1_1900p_00007.cbf,482,600,240,369,118,129,15222
15199,cr1_1900p_00008.cbf,484,602,241,372,118,131,15458
15200,cr1_1901p_00001.cbf,484,599,240,369,115,129,14835
15201,cr1_1901p_00002.cbf,483,602,240,370,119,130,15470
15202,cr1_1901p_00003.cbf,484,600,240,372,116,132,15312
15203,cr1_1901p_00004.cbf,483,602,238,370,119,132,15708
15204,cr1_1901p_00005.cbf,482,600,239,369,118,130,15340
15205,cr1_1901p_00006.cbf,481,600,239,370,119,131,15589
15206,cr1_1901p_00007.cbf,483,602,240,369,119,129,15351
15207,cr1_1901p_00008.cbf,481,599,241,369,118,128,15104
15208,cr1_1902p_00001.cbf,483,601,241,371,118,130,15340
15209,cr1_1902p_00002.cbf,482,601,241,371,119,130,15470
15210,cr1_1902p_00003.cbf,481,601,241,371,120,130,15600
15211,cr1_1902p_00004.cbf,483,599,239,371,116,132,15312
15212,cr1_1902p_00005.cbf,485,597,239,371,112,132,14784
15213,cr1_1902p_00006.cbf,481,604,240,368,123,128,15744
15214,cr1_1902p_00007.cbf,482,604,241,368,122,127,15494
15215,cr1_1902p_00008.cbf,481,605,240,368,124,128,15872
15216,cr1_1903p_00001.cbf,482,602,237,367,120,130,15600
15217,cr1_1903p_00002.cbf,485,604,244,370,119,126,14994
15218,cr1_1903p_00003.cbf,481,606,241,371,125,130,16250
15219,cr1_1903p_00004.cbf,483,604,239,371,121,132,15972
15220,cr1_1903p_00005.cbf,483,601,240,370,118,130,15340
15221,cr1_1903p_00006.cbf,481,604,238,367,123,129,15867
15222,cr1_1903p_00007.cbf,484,604,240,369,120,129,15480
15223,cr1_1903p_00008.cbf,475,614,233,381,139,148,20572
15224,cr1_1904p_00001.cbf,482,603,240,369,121,129,15609
15225,cr1_1904p_00002.cbf,483,602,240,370,119,130,15470
15226,cr1_1904p_00003.cbf,484,602,241,371,118,130,15340
15227,cr1_1904p_00004.cbf,481,603,240,368,122,128,15616
15228,cr1_1904p_00005.cbf,483,602,239,369,119,130,15470
15229,cr1_1904p_00006.cbf,476,612,228,378,136,150,20400
15230,cr1_1904p_00007.cbf,484,599,239,368,115,129,14835
15231,cr1_1904p_00008.cbf,483,601,241,369,118,128,15104
15232,cr1_1905p_00001.cbf,481,601,241,369,120,128,15360
15233,cr1_1905p_00002.cbf,483,602,241,373,119,132,15708
15234,cr1_1905p_00003.cbf,471,611,233,380,140,147,20580
15235,cr1_1905p_00004.cbf,483,600,240,371,117,131,15327
15236,cr1_1905p_00005.cbf,484,599,238,370,115,132,15180
15237,cr1_1905p_00006.cbf,483,601,239,369,118,130,15340
15238,cr1_1905p_00007.cbf,482,602,240,369,120,129,15480
15239,cr1_1905p_00008.cbf,483,602,241,369,119,128,15232
15240,cr1_1906p_00001.cbf,476,611,228,380,135,152,20520
15241,cr1_1906p_00002.cbf,484,602,241,371,118,130,15340
15242,cr1_1906p_00003.cbf,481,601,239,370,120,131,15720
15243,cr1_1906p_00004.cbf,486,598,240,373,112,133,14896
15244,cr1_1906p_00005.cbf,483,601,240,369,118,129,15222
15245,cr1_1906p_00006.cbf,483,600,241,369,117,128,14976
15246,cr1_1906p_00007.cbf,484,603,238,369,119,131,15589
15247,cr1_1906p_00008.cbf,482,604,241,369,122,128,15616
15248,cr1_1907p_00001.cbf,483,603,239,369,120,130,15600
15249,cr1_1907p_00002.cbf,481,602,240,369,121,129,15609
15250,cr1_1907p_00003.cbf,484,600,239,370,116,131,15196
15251,cr1_1907p_00004.cbf,482,600,238,369,118,131,15458
15252,cr1_1907p_00005.cbf,480,599,239,368,119,129,15351
15253,cr1_1907p_00006.cbf,481,601,239,367,120,128,15360
15254,cr1_1907p_00007.cbf,481,602,238,371,121,133,16093
15255,cr1_1907p_00008.cbf,484,602,242,369,118,127,14986
15256,cr1_1908p_00001.cbf,484,601,238,368,117,130,15210
15257,cr1_1908p_00002.cbf,484,602,240,369,118,129,15222
15258,cr1_1908p_00003.cbf,484,602,241,371,118,130,15340
15259,cr1_1908p_00004.cbf,483,601,239,369,118,130,15340
15260,cr1_1908p_00005.cbf,474,608,232,382,134,150,20100
15261,cr1_1908p_00006.cbf,483,600,240,370,117,130,15210
15262,cr1_1908p_00007.cbf,483,601,239,370,118,131,15458
15263,cr1_1908p_00008.cbf,482,600,241,369,118,128,15104
15264,cr1_1909p_00001.cbf,483,600,240,370,117,130,15210
15265,cr1_1909p_00002.cbf,481,600,242,371,119,129,15351
15266,cr1_1909p_00003.cbf,480,601,240,368,121,128,15488
15267,cr1_1909p_00004.cbf,483,600,238,370,117,132,15444
15268,cr1_1909p_00005.cbf,483,599,239,369,116,130,15080
15269,cr1_1909p_00006.cbf,484,602,240,369,118,129,15222
15270,cr1_1909p_00007.cbf,483,601,239,370,118,131,15458
15271,cr1_1909p_00008.cbf,483,602,237,370,119,133,15827
15272,cr1_1910p_00001.cbf,483,601,240,368,118,128,15104
15273,cr1_1910p_00002.cbf,473,612,232,378,139,146,20294
15274,cr1_1910p_00003.cbf,485,603,242,371,118,129,15222
15275,cr1_1910p_00004.cbf,485,599,239,370,114,131,14934
15276,cr1_1910p_00005.cbf,482,598,238,370,116,132,15312
15277,cr1_1910p_00006.cbf,485,598,237,368,113,131,14803
15278,cr1_1910p_00007.cbf,484,603,240,369,119,129,15351
15279,cr1_1910p_00008.cbf,480,603,241,370,123,129,15867
15280,cr1_1911p_00001.cbf,483,600,240,371,117,131,15327
15281,cr1_1911p_00002.cbf,483,602,241,368,119,127,15113
15282,cr1_1911p_00003.cbf,482,601,241,369,119,128,15232
15283,cr1_1911p_00004.cbf,482,601,240,370,119,130,15470
15284,cr1_1911p_00005.cbf,482,599,238,370,117,132,15444
15285,cr1_1911p_00006.cbf,481,601,240,368,120,128,15360
15286,cr1_1911p_00007.cbf,483,602,239,368,119,129,15351
15287,cr1_1911p_00008.cbf,482,603,240,369,121,129,15609
15288,cr1_1912p_00001.cbf,484,604,241,369,120,128,15360
15289,cr1_1912p_00002.cbf,482,604,241,368,122,127,15494
15290,cr1_1912p_00003.cbf,470,609,234,380,139,146,20294
15291,cr1_1912p_00004.cbf,484,602,239,370,118,131,15458
15292,cr1_1912p_00005.cbf,476,609,230,382,133,152,20216
15293,cr1_1912p_00006.cbf,481,600,239,369,119,130,15470
15294,cr1_1912p_00007.cbf,485,603,240,368,118,128,15104
15295,cr1_1912p_00008.cbf,482,602,241,369,120,128,15360
15296,cr1_1913p_00001.cbf,482,602,242,370,120,128,15360
15297,cr1_1913p_00002.cbf,481,602,240,368,121,128,15488
15298,cr1_1913p_00003.cbf,472,613,235,381,141,146,20586
15299,cr1_1913p_00004.cbf,484,600,240,369,116,129,14964
15300,cr1_1913p_00005.cbf,481,600,240,369,119,129,15351
15301,cr1_1913p_00006.cbf,483,601,240,368,118,128,15104
15302,cr1_1913p_00007.cbf,476,611,229,379,135,150,20250
15303,cr1_1913p_00008.cbf,475,615,230,377,140,147,20580
15304,cr1_1914p_00001.cbf,484,601,240,367,117,127,14859
15305,cr1_1914p_00002.cbf,484,604,241,371,120,130,15600
15306,cr1_1914p_00003.cbf,485,602,240,369,117,129,15093
15307,cr1_1914p_00004.cbf,473,610,229,379,137,150,20550
15308,cr1_1914p_00005.cbf,475,609,228,381,134,153,20502
15309,cr1_1914p_00006.cbf,483,603,240,367,120,127,15240
15310,cr1_1914p_00007.cbf,484,601,239,368,117,129,15093
15311,cr1_1914p_00008.cbf,485,605,241,367,120,126,15120
15312,cr1_1915p_00001.cbf,483,600,239,371,117,132,15444
15313,cr1_1915p_00002.cbf,483,604,238,369,121,131,15851
15314,cr1_1915p_00003.cbf,483,601,241,369,118,128,15104
15315,cr1_1915p_00004.cbf,483,598,241,368,115,127,14605
15316,cr1_1915p_00005.cbf,484,599,238,370,115,132,15180
15317,cr1_1915p_00006.cbf,485,600,239,369,115,130,14950
15318,cr1_1915p_00007.cbf,482,598,239,369,116,130,15080
15319,cr1_1915p_00008.cbf,484,601,240,369,117,129,15093
15320,cr1_1916p_00001.cbf,473,608,231,382,135,151,20385
15321,cr1_1916p_00002.cbf,475,614,230,378,139,148,20572
15322,cr1_1916p_00003.cbf,484,601,241,370,117,129,15093
15323,cr1_1916p_00004.cbf,485,601,240,368,116,128,14848
15324,cr1_1916p_00005.cbf,483,601,240,371,118,131,15458
15325,cr1_1916p_00006.cbf,481,600,239,369,119,130,15470
15326,cr1_1916p_00007.cbf,472,608,232,380,136,148,20128
15327,cr1_1916p_00008.cbf,485,600,239,368,115,129,14835
15328,cr1_1917p_00001.cbf,482,599,242,369,117,127,14859
15329,cr1_1917p_00002.cbf,481,599,242,370,118,128,15104
15330,cr1_1917p_00003.cbf,484,600,239,371,116,132,15312
15331,cr1_1917p_00004.cbf,482,598,241,367,116,126,14616
15332,cr1_1917p_00005.cbf,484,599,239,369,115,130,14950
15333,cr1_1917p_00006.cbf,485,600,239,368,115,129,14835
15334,cr1_1917p_00007.cbf,472,609,230,377,137,147,20139
15335,cr1_1917p_00008.cbf,474,611,234,382,137,148,20276
15336,cr1_1918p_00001.cbf,483,604,242,370,121,128,15488
15337,cr1_1918p_00002.cbf,482,602,239,369,120,130,15600
15338,cr1_1918p_00003.cbf,483,600,241,369,117,128,14976
15339,cr1_1918p_00004.cbf,483,601,238,370,118,132,15576
15340,cr1_1918p_00005.cbf,474,610,227,378,136,151,20536
15341,cr1_1918p_00006.cbf,472,612,232,377,140,145,20300
15342,cr1_1918p_00007.cbf,482,601,236,369,119,133,15827
15343,cr1_1918p_00008.cbf,474,611,232,379,137,147,20139
15344,cr1_1919p_00001.cbf,485,602,242,370,117,128,14976
15345,cr1_1919p_00002.cbf,484,602,240,369,118,129,15222
15346,cr1_1919p_00003.cbf,482,604,240,369,122,129,15738
15347,cr1_1919p_00004.cbf,481,600,239,369,119,130,15470
15348,cr1_1919p_00005.cbf,481,599,240,368,118,128,15104
15349,cr1_1919p_00006.cbf,484,603,240,367,119,127,15113
15350,cr1_1919p_00007.cbf,482,602,241,368,120,127,15240
15351,cr1_1919p_00008.cbf,481,603,239,370,122,131,15982
15352,cr1_1920p_00001.cbf,474,612,235,382,138,147,20286
15353,cr1_1920p_00002.cbf,484,600,239,369,116,130,15080
15354,cr1_1920p_00003.cbf,480,602,240,370,122,130,15860
15355,cr1_1920p_00004.cbf,483,600,240,368,117,128,14976
15356,cr1_1920p_00005.cbf,484,598,240,369,114,129,14706
15357,cr1_1920p_00006.cbf,482,600,239,369,118,130,15340
15358,cr1_1920p_00007.cbf,484,599,239,367,115,128,14720
15359,cr1_1920p_00008.cbf,483,602,241,369,119,128,15232
15360,cr1_1921p_00001.cbf,473,611,234,378,138,144,19872
15361,cr1_1921p_00002.cbf,484,602,241,370,118,129,15222
15362,cr1_1921p_00003.cbf,484,598,240,370,114,130,14820
15363,cr1_1921p_00004.cbf,483,601,241,368,118,127,14986
15364,cr1_1921p_00005.cbf,473,609,231,377,136,146,19856
15365,cr1_1921p_00006.cbf,475,609,231,376,134,145,19430
15366,cr1_1921p_00007.cbf,471,611,230,377,140,147,20580
15367,cr1_1921p_00008.cbf,483,600,240,368,117,128,14976
15368,cr1_1922p_00001.cbf,473,612,235,377,139,142,19738
15369,cr1_1922p_00002.cbf,471,609,229,376,138,147,20286
15370,cr1_1922p_00003.cbf,485,600,239,372,115,133,15295
15371,cr1_1922p_00004.cbf,485,598,241,368,113,127,14351
15372,cr1_1922p_00005.cbf,475,608,235,380,133,145,19285
15373,cr1_1922p_00006.cbf,472,611,228,375,139,147,20433
15374,cr1_1922p_00007.cbf,482,605,240,367,123,127,15621
15375,cr1_1922p_00008.cbf,475,612,232,377,137,145,19865
15376,cr1_1923p_00001.cbf,483,602,241,367,119,126,14994
15377,cr1_1923p_00002.cbf,482,602,242,369,120,127,15240
15378,cr1_1923p_00003.cbf,482,600,240,368,118,128,15104
15379,cr1_1923p_00004.cbf,469,608,229,377,139,148,20572
15380,cr1_1923p_00005.cbf,484,602,240,370,118,130,15340
15381,cr1_1923p_00006.cbf,483,600,239,369,117,130,15210
15382,cr1_1923p_00007.cbf,482,601,241,367,119,126,14994
15383,cr1_1923p_00008.cbf,484,600,241,370,116,129,14964
15384,cr1_1924p_00001.cbf,477,612,236,380,135,144,19440
15385,cr1_1924p_00002.cbf,484,600,238,369,116,131,15196
15386,cr1_1924p_00003.cbf,486,602,242,370,116,128,14848
15387,cr1_1924p_00004.cbf,485,599,239,370,114,131,14934
15388,cr1_1924p_00005.cbf,484,599,239,366,115,127,14605
15389,cr1_1924p_00006.cbf,483,601,239,369,118,130,15340
15390,cr1_1924p_00007.cbf,482,600,240,368,118,128,15104
15391,cr1_1924p_00008.cbf,466,610,235,378,144,143,20592
15392,cr1_1925p_00001.cbf,484,602,242,368,118,126,14868
15393,cr1_1925p_00002.cbf,483,603,240,368,120,128,15360
15394,cr1_1925p_00003.cbf,476,612,232,377,136,145,19720
15395,cr1_1925p_00004.cbf,472,606,230,382,134,152,20368
15396,cr1_1925p_00005.cbf,482,600,241,370,118,129,15222
15397,cr1_1925p_00006.cbf,472,608,231,378,136,147,19992
15398,cr1_1925p_00007.cbf,470,608,233,378,138,145,20010
15399,cr1_1925p_00008.cbf,483,603,242,367,120,125,15000
15400,cr1_1926p_00001.cbf,482,601,241,368,119,127,15113
15401,cr1_1926p_00002.cbf,484,601,241,368,117,127,14859
15402,cr1_1926p_00003.cbf,475,612,232,379,137,147,20139
15403,cr1_1926p_00004.cbf,484,598,241,369,114,128,14592
15404,cr1_1926p_00005.cbf,483,600,240,368,117,128,14976
15405,cr1_1926p_00006.cbf,485,602,241,367,117,126,14742
15406,cr1_1926p_00007.cbf,483,600,240,367,117,127,14859
15407,cr1_1926p_00008.cbf,474,610,232,383,136,151,20536
15408,cr1_1927p_00001.cbf,483,602,241,368,119,127,15113
15409,cr1_1927p_00002.cbf,485,601,240,369,116,129,14964
15410,cr1_1927p_00003.cbf,472,613,231,377,141,146,20586
15411,cr1_1927p_00004.cbf,483,596,241,367,113,126,14238
15412,cr1_1927p_00005.cbf,483,599,240,369,116,129,14964
15413,cr1_1927p_00006.cbf,482,601,240,367,119,127,15113
15414,cr1_1927p_00007.cbf,483,600,237,367,117,130,15210
15415,cr1_1927p_00008.cbf,483,603,241,369,120,128,15360
15416,cr1_1928p_00001.cbf,485,603,241,367,118,126,14868
15417,cr1_1928p_00002.cbf,474,613,235,379,139,144,20016
15418,cr1_1928p_00003.cbf,473,609,231,376,136,145,19720
15419,cr1_1928p_00004.cbf,485,597,241,369,112,128,14336
15420,cr1_1928p_00005.cbf,473,607,233,378,134,145,19430
15421,cr1_1928p_00006.cbf,473,612,228,376,139,148,20572
15422,cr1_1928p_00007.cbf,483,602,242,368,119,126,14994
15423,cr1_1928p_00008.cbf,482,600,242,369,118,127,14986
15424,cr1_1929p_00001.cbf,473,611,235,375,138,140,19320
15425,cr1_1929p_00002.cbf,472,611,232,380,139,148,20572
15426,cr1_1929p_00003.cbf,484,601,241,367,117,126,14742
15427,cr1_1929p_00004.cbf,475,613,232,380,138,148,20424
15428,cr1_1929p_00005.cbf,482,601,239,368,119,129,15351
15429,cr1_1929p_00006.cbf,476,613,233,379,137,146,20002
15430,cr1_1929p_00007.cbf,483,601,241,368,118,127,14986
15431,cr1_1929p_00008.cbf,474,612,230,376,138,146,20148
15432,cr1_1930p_00001.cbf,483,600,241,367,117,126,14742
15433,cr1_1930p_00002.cbf,484,601,241,369,117,128,14976
15434,cr1_1930p_00003.cbf,482,600,241,368,118,127,14986
15435,cr1_1930p_00004.cbf,480,600,240,369,120,129,15480
15436,cr1_1930p_00005.cbf,472,610,232,378,138,146,20148
15437,cr1_1930p_00006.cbf,474,608,228,377,134,149,19966
15438,cr1_1930p_00007.cbf,475,610,227,377,135,150,20250
15439,cr1_1930p_00008.cbf,484,602,240,370,118,130,15340
15440,cr1_1931p_00001.cbf,482,606,239,370,124,131,16244
15441,cr1_1931p_00002.cbf,481,604,240,371,123,131,16113
15442,cr1_1931p_00003.cbf,481,602,241,371,121,130,15730
15443,cr1_1931p_00004.cbf,482,603,238,368,121,130,15730
15444,cr1_1931p_00005.cbf,482,599,235,369,117,134,15678
15445,cr1_1931p_00006.cbf,480,605,239,370,125,131,16375
15446,cr1_1931p_00007.cbf,483,601,239,369,118,130,15340
15447,cr1_1931p_00008.cbf,482,603,241,370,121,129,15609
15448,cr1_1932p_00001.cbf,484,602,237,369,118,132,15576
15449,cr1_1932p_00002.cbf,483,602,242,369,119,127,15113
15450,cr1_1932p_00003.cbf,483,602,240,370,119,130,15470
15451,cr1_1932p_00004.cbf,472,610,231,379,138,148,20424
15452,cr1_1932p_00005.cbf,481,604,240,371,123,131,16113
15453,cr1_1932p_00006.cbf,481,602,239,368,121,129,15609
15454,cr1_1932p_00007.cbf,481,607,239,369,126,130,16380
15455,cr1_1932p_00008.cbf,481,605,240,370,124,130,16120
15456,cr1_1933p_00001.cbf,479,605,240,369,126,129,16254
15457,cr1_1933p_00002.cbf,481,605,238,368,124,130,16120
15458,cr1_1933p_00003.cbf,482,604,239,369,122,130,15860
15459,cr1_1933p_00004.cbf,482,601,240,369,119,129,15351
15460,cr1_1933p_00005.cbf,481,599,239,369,118,130,15340
15461,cr1_1933p_00006.cbf,481,604,238,368,123,130,15990
15462,cr1_1933p_00007.cbf,481,602,238,368,121,130,15730
15463,cr1_1933p_00008.cbf,481,602,239,368,121,129,15609
15464,cr1_1934p_00001.cbf,481,603,239,370,122,131,15982
15465,cr1_1934p_00002.cbf,481,603,239,370,122,131,15982
15466,cr1_1934p_00003.cbf,482,603,239,370,121,131,15851
15467,cr1_1934p_00004.cbf,482,602,241,370,120,129,15480
15468,cr1_1934p_00005.cbf,482,602,241,369,120,128,15360
15469,cr1_1934p_00006.cbf,481,601,237,371,120,134,16080
15470,cr1_1934p_00007.cbf,481,606,238,370,125,132,16500
15471,cr1_1934p_00008.cbf,481,602,240,369,121,129,15609
15472,cr1_1935p_00001.cbf,485,602,241,369,117,128,14976
15473,cr1_1935p_00002.cbf,483,602,240,370,119,130,15470
15474,cr1_1935p_00003.cbf,481,600,240,369,119,129,15351
15475,cr1_1935p_00004.cbf,482,600,236,369,118,133,15694
15476,cr1_1935p_00005.cbf,472,609,232,380,137,148,20276
15477,cr1_1935p_00006.cbf,482,603,239,368,121,129,15609
15478,cr1_1935p_00007.cbf,482,603,239,369,121,130,15730
15479,cr1_1935p_00008.cbf,481,603,238,369,122,131,15982
15480,cr1_1936p_00001.cbf,482,602,241,372,120,131,15720
15481,cr1_1936p_00002.cbf,483,604,240,370,121,130,15730
15482,cr1_1936p_00003.cbf,482,602,239,371,120,132,15840
15483,cr1_1936p_00004.cbf,484,603,238,369,119,131,15589
15484,cr1_1936p_00005.cbf,481,599,240,369,118,129,15222
15485,cr1_1936p_00006.cbf,483,599,239,368,116,129,14964
15486,cr1_1936p_00007.cbf,483,600,239,369,117,130,15210
15487,cr1_1936p_00008.cbf,480,602,239,368,122,129,15738
15488,cr1_1937p_00001.cbf,484,602,241,370,118,129,15222
15489,cr1_1937p_00002.cbf,483,604,237,368,121,131,15851
15490,cr1_1937p_00003.cbf,483,604,240,369,121,129,15609
15491,cr1_1937p_00004.cbf,483,602,239,370,119,131,15589
15492,cr1_1937p_00005.cbf,480,600,239,369,120,130,15600
15493,cr1_1937p_00006.cbf,484,602,239,369,118,130,15340
15494,cr1_1937p_00007.cbf,484,602,241,368,118,127,14986
15495,cr1_1937p_00008.cbf,481,603,240,368,122,128,15616
15496,cr1_1938p_00001.cbf,472,612,232,377,140,145,20300
15497,cr1_1938p_00002.cbf,480,603,238,370,123,132,16236
15498,cr1_1938p_00003.cbf,483,601,239,369,118,130,15340
15499,cr1_1938p_00004.cbf,481,600,239,370,119,131,15589
15500,cr1_1938p_00005.cbf,483,599,238,369,116,131,15196
15501,cr1_1938p_00006.cbf,480,603,241,368,123,127,15621
15502,cr1_1938p_00007.cbf,481,603,239,368,122,129,15738
15503,cr1_1938p_00008.cbf,482,603,235,369,121,134,16214
15504,cr1_1939p_00001.cbf,483,605,240,368,122,128,15616
15505,cr1_1939p_00002.cbf,483,604,239,369,121,130,15730
15506,cr1_1939p_00003.cbf,482,603,239,369,121,130,15730
15507,cr1_1939p_00004.cbf,482,600,239,370,118,131,15458
15508,cr1_1939p_00005.cbf,482,598,242,369,116,127,14732
15509,cr1_1939p_00006.cbf,483,603,237,367,120,130,15600
15510,cr1_1939p_00007.cbf,482,603,238,369,121,131,15851
15511,cr1_1939p_00008.cbf,483,602,241,369,119,128,15232
15512,cr1_1940p_00001.cbf,482,604,240,369,122,129,15738
15513,cr1_1940p_00002.cbf,481,600,239,370,119,131,15589
15514,cr1_1940p_00003.cbf,481,605,241,370,124,129,15996
15515,cr1_1940p_00004.cbf,484,599,239,371,115,132,15180
15516,cr1_1940p_00005.cbf,483,599,239,370,116,131,15196
15517,cr1_1940p_00006.cbf,482,603,239,368,121,129,15609
15518,cr1_1940p_00007.cbf,484,604,240,368,120,128,15360
15519,cr1_1940p_00008.cbf,481,604,240,368,123,128,15744
15520,cr1_1941p_00001.cbf,483,603,240,367,120,127,15240
15521,cr1_1941p_00002.cbf,474,610,232,380,136,148,20128
15522,cr1_1941p_00003.cbf,482,604,240,372,122,132,16104
15523,cr1_1941p_00004.cbf,484,604,240,370,120,130,15600
15524,cr1_1941p_00005.cbf,482,603,240,369,121,129,15609
15525,cr1_1941p_00006.cbf,482,603,238,368,121,130,15730
15526,cr1_1941p_00007.cbf,483,601,240,370,118,130,15340
15527,cr1_1941p_00008.cbf,482,601,241,369,119,128,15232
15528,cr1_1942p_00001.cbf,482,603,241,368,121,127,15367
15529,cr1_1942p_00002.cbf,484,602,239,369,118,130,15340
15530,cr1_1942p_00003.cbf,482,600,241,370,118,129,15222
15531,cr1_1942p_00004.cbf,484,601,239,368,117,129,15093
15532,cr1_1942p_00005.cbf,482,599,237,368,117,131,15327
15533,cr1_1942p_00006.cbf,481,601,235,368,120,133,15960
15534,cr1_1942p_00007.cbf,479,602,239,369,123,130,15990
15535,cr1_1942p_00008.cbf,483,602,241,370,119,129,15351
15536,cr1_1943p_00001.cbf,483,602,240,368,119,128,15232
15537,cr1_1943p_00002.cbf,483,601,240,369,118,129,15222
15538,cr1_1943p_00003.cbf,484,600,240,370,116,130,15080
15539,cr1_1943p_00004.cbf,484,599,240,368,115,128,14720
15540,cr1_1943p_00005.cbf,484,601,241,368,117,127,14859
15541,cr1_1943p_00006.cbf,485,604,239,369,119,130,15470
15542,cr1_1943p_00007.cbf,482,600,241,369,118,128,15104
15543,cr1_1943p_00008.cbf,484,602,237,368,118,131,15458
15544,cr1_1944p_00001.cbf,481,603,237,368,122,131,15982
15545,cr1_1944p_00002.cbf,482,604,241,369,122,128,15616
15546,cr1_1944p_00003.cbf,482,605,240,368,123,128,15744
15547,cr1_1944p_00004.cbf,481,602,239,368,121,129,15609
15548,cr1_1944p_00005.cbf,483,600,239,371,117,132,15444
15549,cr1_1944p_00006.cbf,482,601,237,367,119,130,15470
15550,cr1_1944p_00007.cbf,485,602,238,368,117,130,15210
15551,cr1_1944p_00008.cbf,483,603,241,369,120,128,15360
15552,cr1_1945p_00001.cbf,484,604,241,369,120,128,15360
15553,cr1_1945p_00002.cbf,483,602,241,367,119,126,14994
15554,cr1_1945p_00003.cbf,475,612,232,381,137,149,20413
15555,cr1_1945p_00004.cbf,473,611,231,377,138,146,20148
15556,cr1_1945p_00005.cbf,482,601,239,367,119,128,15232
15557,cr1_1945p_00006.cbf,481,601,237,370,120,133,15960
15558,cr1_1945p_00007.cbf,481,600,239,368,119,129,15351
15559,cr1_1945p_00008.cbf,480,604,240,369,124,129,15996
15560,cr1_1946p_00001.cbf,484,602,241,370,118,129,15222
15561,cr1_1946p_00002.cbf,484,602,241,370,118,129,15222
15562,cr1_1946p_00003.cbf,483,602,239,369,119,130,15470
15563,cr1_1946p_00004.cbf,480,600,241,368,120,127,15240
15564,cr1_1946p_00005.cbf,472,609,228,378,137,150,20550
15565,cr1_1946p_00006.cbf,484,602,241,370,118,129,15222
15566,cr1_1946p_00007.cbf,483,605,237,367,122,130,15860
15567,cr1_1946p_00008.cbf,483,604,240,368,121,128,15488
15568,cr1_1947p_00001.cbf,483,606,241,368,123,127,15621
15569,cr1_1947p_00002.cbf,484,605,240,368,121,128,15488
15570,cr1_1947p_00003.cbf,480,601,241,370,121,129,15609
15571,cr1_1947p_00004.cbf,472,607,228,378,135,150,20250
15572,cr1_1947p_00005.cbf,484,601,238,369,117,131,15327
15573,cr1_1947p_00006.cbf,482,600,239,367,118,128,15104
15574,cr1_1947p_00007.cbf,468,611,232,375,143,143,20449
15575,cr1_1947p_00008.cbf,482,601,241,368,119,127,15113
15576,cr1_1948p_00001.cbf,482,605,242,369,123,127,15621
15577,cr1_1948p_00002.cbf,482,599,240,367,117,127,14859
15578,cr1_1948p_00003.cbf,474,613,234,381,139,147,20433
15579,cr1_1948p_00004.cbf,483,598,241,371,115,130,14950
15580,cr1_1948p_00005.cbf,483,601,241,368,118,127,14986
15581,cr1_1948p_00006.cbf,476,608,230,380,132,150,19800
15582,cr1_1948p_00007.cbf,483,604,239,369,121,130,15730
15583,cr1_1948p_00008.cbf,483,605,239,368,122,129,15738
15584,cr1_1949p_00001.cbf,483,605,242,369,122,127,15494
15585,cr1_1949p_00002.cbf,484,604,239,369,120,130,15600
15586,cr1_1949p_00003.cbf,482,604,241,370,122,129,15738
15587,cr1_1949p_00004.cbf,484,597,241,368,113,127,14351
15588,cr1_1949p_00005.cbf,483,601,238,366,118,128,15104
15589,cr1_1949p_00006.cbf,471,609,230,378,138,148,20424
15590,cr1_1949p_00007.cbf,485,602,240,368,117,128,14976
15591,cr1_1949p_00008.cbf,482,604,239,371,122,132,16104
15592,cr1_1950p_00001.cbf,482,604,241,368,122,127,15494
15593,cr1_1950p_00002.cbf,486,604,242,368,118,126,14868
15594,cr1_1950p_00003.cbf,474,608,229,382,134,153,20502
15595,cr1_1950p_00004.cbf,483,600,240,368,117,128,14976
15596,cr1_1950p_00005.cbf,482,599,240,368,117,128,14976
15597,cr1_1950p_00006.cbf,483,602,240,369,119,129,15351
15598,cr1_1950p_00007.cbf,483,600,241,369,117,128,14976
15599,cr1_1950p_00008.cbf,476,610,231,383,134,152,20368
15600,cr1_1951p_00001.cbf,482,603,241,368,121,127,15367
15601,cr1_1951p_00002.cbf,475,609,232,382,134,150,20100
15602,cr1_1951p_00003.cbf,482,600,239,370,118,131,15458
15603,cr1_1951p_00004.cbf,483,599,239,370,116,131,15196
15604,cr1_1951p_00005.cbf,470,609,226,374,139,148,20572
15605,cr1_1951p_00006.cbf,485,599,239,368,114,129,14706
15606,cr1_1951p_00007.cbf,484,602,239,369,118,130,15340
15607,cr1_1951p_00008.cbf,485,599,241,368,114,127,14478
15608,cr1_1952p_00001.cbf,483,600,241,370,117,129,15093
15609,cr1_1952p_00002.cbf,472,613,235,380,141,145,20445
15610,cr1_1952p_00003.cbf,474,612,233,381,138,148,20424
15611,cr1_1952p_00004.cbf,474,613,233,377,139,144,20016
15612,cr1_1952p_00005.cbf,484,599,239,369,115,130,14950
15613,cr1_1952p_00006.cbf,473,617,231,372,144,141,20304
15614,cr1_1952p_00007.cbf,484,602,240,369,118,129,15222
15615,cr1_1952p_00008.cbf,473,611,233,382,138,149,20562
15616,cr1_1953p_00001.cbf,482,602,242,370,120,128,15360
15617,cr1_1953p_00002.cbf,469,608,234,381,139,147,20433
15618,cr1_1953p_00003.cbf,484,600,242,369,116,127,14732
15619,cr1_1953p_00004.cbf,484,600,237,369,116,132,15312
15620,cr1_1953p_00005.cbf,483,601,238,368,118,130,15340
15621,cr1_1953p_00006.cbf,485,601,240,370,116,130,15080
15622,cr1_1953p_00007.cbf,481,600,240,369,119,129,15351
15623,cr1_1953p_00008.cbf,474,608,229,377,134,148,19832
15624,cr1_1954p_00001.cbf,483,599,241,369,116,128,14848
15625,cr1_1954p_00002.cbf,481,604,241,369,123,128,15744
15626,cr1_1954p_00003.cbf,484,601,241,371,117,130,15210
15627,cr1_1954p_00004.cbf,484,600,241,368,116,127,14732
15628,cr1_1954p_00005.cbf,484,601,238,370,117,132,15444
15629,cr1_1954p_00006.cbf,476,611,226,374,135,148,19980
15630,cr1_1954p_00007.cbf,486,603,240,369,117,129,15093
15631,cr1_1954p_00008.cbf,485,598,241,368,113,127,14351
15632,cr1_1955p_00001.cbf,486,599,241,370,113,129,14577
15633,cr1_1955p_00002.cbf,475,612,236,384,137,148,20276
15634,cr1_1955p_00003.cbf,475,609,226,379,134,153,20502
15635,cr1_1955p_00004.cbf,485,600,239,368,115,129,14835
15636,cr1_1955p_00005.cbf,474,613,229,377,139,148,20572
15637,cr1_1955p_00006.cbf,474,611,231,378,137,147,20139
15638,cr1_1955p_00007.cbf,468,607,234,379,139,145,20155
15639,cr1_1955p_00008.cbf,483,604,240,369,121,129,15609
15640,cr1_1956p_00001.cbf,470,612,235,379,142,144,20448
15641,cr1_1956p_00002.cbf,482,603,238,368,121,130,15730
15642,cr1_1956p_00003.cbf,481,601,241,367,120,126,15120
15643,cr1_1956p_00004.cbf,484,598,237,367,114,130,14820
15644,cr1_1956p_00005.cbf,473,611,235,376,138,141,19458
15645,cr1_1956p_00006.cbf,483,601,240,368,118,128,15104
15646,cr1_1956p_00007.cbf,483,603,241,368,120,127,15240
15647,cr1_1956p_00008.cbf,483,603,241,369,120,128,15360
15648,cr1_1957p_00001.cbf,477,615,232,378,138,146,20148
15649,cr1_1957p_00002.cbf,483,602,241,370,119,129,15351
15650,cr1_1957p_00003.cbf,471,610,236,380,139,144,20016
15651,cr1_1957p_00004.cbf,484,600,239,368,116,129,14964
15652,cr1_1957p_00005.cbf,485,599,240,367,114,127,14478
15653,cr1_1957p_00006.cbf,483,600,239,367,117,128,14976
15654,cr1_1957p_00007.cbf,482,601,240,367,119,127,15113
15655,cr1_1957p_00008.cbf,482,601,240,368,119,128,15232
15656,cr1_1958p_00001.cbf,474,615,232,378,141,146,20586
15657,cr1_1958p_00002.cbf,484,602,241,369,118,128,15104
15658,cr1_1958p_00003.cbf,483,600,238,369,117,131,15327
15659,cr1_1958p_00004.cbf,483,598,240,367,115,127,14605
15660,cr1_1958p_00005.cbf,472,611,231,378,139,147,20433
15661,cr1_1958p_00006.cbf,482,599,237,368,117,131,15327
15662,cr1_1958p_00007.cbf,485,603,240,369,118,129,15222
15663,cr1_1958p_00008.cbf,483,600,239,368,117,129,15093
15664,cr1_1959p_00001.cbf,473,611,234,378,138,144,19872
15665,cr1_1959p_00002.cbf,484,603,242,369,119,127,15113
15666,cr1_1959p_00003.cbf,473,610,232,378,137,146,20002
15667,cr1_1959p_00004.cbf,483,600,239,367,117,128,14976
15668,cr1_1959p_00005.cbf,485,598,239,368,113,129,14577
15669,cr1_1959p_00006.cbf,478,599,237,366,121,129,15609
15670,cr1_1959p_00007.cbf,476,613,229,378,137,149,20413
15671,cr1_1959p_00008.cbf,474,615,234,376,141,142,20022
15672,cr1_1960p_00001.cbf,483,600,241,369,117,128,14976
15673,cr1_1960p_00002.cbf,483,598,239,369,115,130,14950
15674,cr1_1960p_00003.cbf,483,598,240,368,115,128,14720
15675,cr1_1960p_00004.cbf,482,598,239,367,116,128,14848
15676,cr1_1960p_00005.cbf,484,601,237,369,117,132,15444
15677,cr1_1960p_00006.cbf,484,601,239,368,117,129,15093
15678,cr1_1960p_00007.cbf,483,600,239,369,117,130,15210
15679,cr1_1960p_00008.cbf,484,599,240,369,115,129,14835
15680,cr1_1961p_00001.cbf,471,611,230,376,140,146,20440
15681,cr1_1961p_00002.cbf,485,600,242,368,115,126,14490
15682,cr1_1961p_00003.cbf,476,607,234,385,131,151,19781
15683,cr1_1961p_00004.cbf,472,612,230,376,140,146,20440
15684,cr1_1961p_00005.cbf,482,602,240,367,120,127,15240
15685,cr1_1961p_00006.cbf,476,614,231,376,138,145,20010
15686,cr1_1961p_00007.cbf,472,608,232,376,136,144,19584
15687,cr1_1961p_00008.cbf,484,600,241,368,116,127,14732
15688,cr1_1962p_00001.cbf,483,600,240,369,117,129,15093
15689,cr1_1962p_00002.cbf,485,602,240,370,117,130,15210
15690,cr1_1962p_00003.cbf,484,601,239,367,117,128,14976
15691,cr1_1962p_00004.cbf,483,601,238,367,118,129,15222
15692,cr1_1962p_00005.cbf,485,599,239,367,114,128,14592
15693,cr1_1962p_00006.cbf,470,609,234,378,139,144,20016
15694,cr1_1962p_00007.cbf,485,600,242,367,115,125,14375
15695,cr1_1962p_00008.cbf,485,603,242,368,118,126,14868
15696,cr1_1963p_00001.cbf,484,599,242,369,115,127,14605
15697,cr1_1963p_00002.cbf,471,607,234,379,136,145,19720
15698,cr1_1963p_00003.cbf,471,609,230,378,138,148,20424
15699,cr1_1963p_00004.cbf,482,599,239,368,117,129,15093
15700,cr1_1963p_00005.cbf,474,611,231,374,137,143,19591
15701,cr1_1963p_00006.cbf,474,610,232,376,136,144,19584
15702,cr1_1963p_00007.cbf,483,601,241,368,118,127,14986
15703,cr1_1963p_00008.cbf,474,612,233,380,138,147,20286
15704,cr1_1964p_00001.cbf,471,612,234,380,141,146,20586
15705,cr1_1964p_00002.cbf,482,604,240,368,122,128,15616
15706,cr1_1964p_00003.cbf,480,601,239,371,121,132,15972
15707,cr1_1964p_00004.cbf,484,601,239,370,117,131,15327
15708,cr1_1964p_00005.cbf,483,600,236,367,117,131,15327
15709,cr1_1964p_00006.cbf,481,600,237,368,119,131,15589
15710,cr1_1964p_00007.cbf,483,601,239,369,118,130,15340
15711,cr1_1964p_00008.cbf,483,603,240,369,120,129,15480
15712,cr1_1965p_00001.cbf,483,603,241,371,120,130,15600
15713,cr1_1965p_00002.cbf,483,600,239,370,117,131,15327
15714,cr1_1965p_00003.cbf,482,603,240,368,121,128,15488
15715,cr1_1965p_00004.cbf,482,601,239,369,119,130,15470
15716,cr1_1965p_00005.cbf,482,601,235,370,119,135,16065
15717,cr1_1965p_00006.cbf,481,602,239,370,121,131,15851
15718,cr1_1965p_00007.cbf,481,601,238,369,120,131,15720
15719,cr1_1965p_00008.cbf,483,600,239,371,117,132,15444
15720,cr1_1966p_00001.cbf,482,602,241,371,120,130,15600
15721,cr1_1966p_00002.cbf,483,601,240,370,118,130,15340
15722,cr1_1966p_00003.cbf,482,600,240,374,118,134,15812
15723,cr1_1966p_00004.cbf,481,600,237,369,119,132,15708
15724,cr1_1966p_00005.cbf,481,602,236,368,121,132,15972
15725,cr1_1966p_00006.cbf,482,601,238,369,119,131,15589
15726,cr1_1966p_00007.cbf,482,604,239,370,122,131,15982
15727,cr1_1966p_00008.cbf,480,602,240,369,122,129,15738
15728,cr1_1967p_00001.cbf,482,602,241,373,120,132,15840
15729,cr1_1967p_00002.cbf,483,602,239,371,119,132,15708
15730,cr1_1967p_00003.cbf,483,604,240,370,121,130,15730
15731,cr1_1967p_00004.cbf,481,603,239,369,122,130,15860
15732,cr1_1967p_00005.cbf,483,602,240,367,119,127,15113
15733,cr1_1967p_00006.cbf,480,601,239,370,121,131,15851
15734,cr1_1967p_00007.cbf,481,602,240,370,121,130,15730
15735,cr1_1967p_00008.cbf,474,611,230,380,137,150,20550
15736,cr1_1968p_00001.cbf,481,603,240,369,122,129,15738
15737,cr1_1968p_00002.cbf,484,603,242,368,119,126,14994
15738,cr1_1968p_00003.cbf,482,602,237,369,120,132,15840
15739,cr1_1968p_00004.cbf,483,600,239,370,117,131,15327
15740,cr1_1968p_00005.cbf,482,601,238,369,119,131,15589
15741,cr1_1968p_00006.cbf,482,601,240,369,119,129,15351
15742,cr1_1968p_00007.cbf,480,602,241,371,122,130,15860
15743,cr1_1968p_00008.cbf,483,601,240,369,118,129,15222
15744,cr1_1969p_00001.cbf,484,601,239,371,117,132,15444
15745,cr1_1969p_00002.cbf,482,603,240,372,121,132,15972
15746,cr1_1969p_00003.cbf,483,601,239,369,118,130,15340
15747,cr1_1969p_00004.cbf,482,603,238,370,121,132,15972
15748,cr1_1969p_00005.cbf,482,602,239,369,120,130,15600
15749,cr1_1969p_00006.cbf,483,598,238,368,115,130,14950
15750,cr1_1969p_00007.cbf,481,600,240,370,119,130,15470
15751,cr1_1969p_00008.cbf,483,604,239,372,121,133,16093
15752,cr1_1970p_00001.cbf,482,601,239,368,119,129,15351
15753,cr1_1970p_00002.cbf,481,605,240,367,124,127,15748
15754,cr1_1970p_00003.cbf,483,602,241,368,119,127,15113
15755,cr1_1970p_00004.cbf,483,603,240,369,120,129,15480
15756,cr1_1970p_00005.cbf,483,601,240,370,118,130,15340
15757,cr1_1970p_00006.cbf,481,603,238,369,122,131,15982
15758,cr1_1970p_00007.cbf,485,603,238,370,118,132,15576
15759,cr1_1970p_00008.cbf,483,601,239,371,118,132,15576
15760,cr1_1971p_00001.cbf,482,600,240,371,118,131,15458
15761,cr1_1971p_00002.cbf,473,613,232,379,140,147,20580
15762,cr1_1971p_00003.cbf,483,603,240,370,120,130,15600
15763,cr1_1971p_00004.cbf,471,610,229,377,139,148,20572
15764,cr1_1971p_00005.cbf,483,601,239,369,118,130,15340
15765,cr1_1971p_00006.cbf,483,600,240,369,117,129,15093
15766,cr1_1971p_00007.cbf,482,603,241,367,121,126,15246
15767,cr1_1971p_00008.cbf,484,602,240,369,118,129,15222
15768,cr1_1972p_00001.cbf,483,603,241,369,120,128,15360
15769,cr1_1972p_00002.cbf,483,602,241,370,119,129,15351
15770,cr1_1972p_00003.cbf,483,602,241,370,119,129,15351
15771,cr1_1972p_00004.cbf,482,600,240,369,118,129,15222
15772,cr1_1972p_00005.cbf,482,600,239,368,118,129,15222
15773,cr1_1972p_00006.cbf,481,602,239,369,121,130,15730
15774,cr1_1972p_00007.cbf,485,601,241,369,116,128,14848
15775,cr1_1972p_00008.cbf,483,601,239,370,118,131,15458
15776,cr1_1973p_00001.cbf,483,603,242,369,120,127,15240
15777,cr1_1973p_00002.cbf,468,607,232,379,139,147,20433
15778,cr1_1973p_00003.cbf,485,603,239,369,118,130,15340
15779,cr1_1973p_00004.cbf,484,602,240,371,118,131,15458
15780,cr1_1973p_00005.cbf,473,614,234,380,141,146,20586
15781,cr1_1973p_00006.cbf,473,610,229,376,137,147,20139
15782,cr1_1973p_00007.cbf,484,601,237,370,117,133,15561
15783,cr1_1973p_00008.cbf,482,605,238,368,123,130,15990
15784,cr1_1974p_00001.cbf,480,601,242,368,121,126,15246
15785,cr1_1974p_00002.cbf,472,611,234,381,139,147,20433
15786,cr1_1974p_00003.cbf,483,602,240,368,119,128,15232
15787,cr1_1974p_00004.cbf,483,602,240,368,119,128,15232
15788,cr1_1974p_00005.cbf,482,601,239,368,119,129,15351
15789,cr1_1974p_00006.cbf,481,602,240,369,121,129,15609
15790,cr1_1974p_00007.cbf,482,600,239,367,118,128,15104
15791,cr1_1974p_00008.cbf,485,602,239,370,117,131,15327
15792,cr1_1975p_00001.cbf,484,602,240,369,118,129,15222
15793,cr1_1975p_00002.cbf,482,603,240,368,121,128,15488
15794,cr1_1975p_00003.cbf,482,599,239,370,117,131,15327
15795,cr1_1975p_00004.cbf,484,600,237,367,116,130,15080
15796,cr1_1975p_00005.cbf,481,600,239,370,119,131,15589
15797,cr1_1975p_00006.cbf,481,604,238,367,123,129,15867
15798,cr1_1975p_00007.cbf,484,602,241,368,118,127,14986
15799,cr1_1975p_00008.cbf,483,603,238,370,120,132,15840
15800,cr1_1976p_00001.cbf,481,605,240,368,124,128,15872
15801,cr1_1976p_00002.cbf,482,602,240,369,120,129,15480
15802,cr1_1976p_00003.cbf,484,601,238,369,117,131,15327
15803,cr1_1976p_00004.cbf,481,601,239,369,120,130,15600
15804,cr1_1976p_00005.cbf,483,601,241,368,118,127,14986
15805,cr1_1976p_00006.cbf,482,602,239,370,120,131,15720
15806,cr1_1976p_00007.cbf,482,602,240,368,120,128,15360
15807,cr1_1976p_00008.cbf,485,601,238,370,116,132,15312
15808,cr1_1977p_00001.cbf,474,612,228,376,138,148,20424
15809,cr1_1977p_00002.cbf,483,603,239,370,120,131,15720
15810,cr1_1977p_00003.cbf,483,603,241,370,120,129,15480
15811,cr1_1977p_00004.cbf,484,599,238,367,115,129,14835
15812,cr1_1977p_00005.cbf,483,599,238,369,116,131,15196
15813,cr1_1977p_00006.cbf,484,601,237,368,117,131,15327
15814,cr1_1977p_00007.cbf,473,612,229,376,139,147,20433
15815,cr1_1977p_00008.cbf,481,604,240,369,123,129,15867
15816,cr1_1978p_00001.cbf,481,602,239,369,121,130,15730
15817,cr1_1978p_00002.cbf,483,602,240,370,119,130,15470
15818,cr1_1978p_00003.cbf,483,602,241,370,119,129,15351
15819,cr1_1978p_00004.cbf,482,600,239,369,118,130,15340
15820,cr1_1978p_00005.cbf,481,601,240,368,120,128,15360
15821,cr1_1978p_00006.cbf,483,602,240,369,119,129,15351
15822,cr1_1978p_00007.cbf,482,601,240,367,119,127,15113
15823,cr1_1978p_00008.cbf,485,601,239,367,116,128,14848
15824,cr1_1979p_00001.cbf,484,603,242,370,119,128,15232
15825,cr1_1979p_00002.cbf,481,602,237,370,121,133,16093
15826,cr1_1979p_00003.cbf,481,603,240,367,122,127,15494
15827,cr1_1979p_00004.cbf,483,601,238,370,118,132,15576
15828,cr1_1979p_00005.cbf,481,601,240,369,120,129,15480
15829,cr1_1979p_00006.cbf,481,602,237,367,121,130,15730
15830,cr1_1979p_00007.cbf,482,602,239,368,120,129,15480
15831,cr1_1979p_00008.cbf,481,602,237,368,121,131,15851
15832,cr1_1980p_00001.cbf,482,603,240,368,121,128,15488
15833,cr1_1980p_00002.cbf,484,603,239,369,119,130,15470
15834,cr1_1980p_00003.cbf,482,601,239,368,119,129,15351
15835,cr1_1980p_00004.cbf,481,601,238,369,120,131,15720
15836,cr1_1980p_00005.cbf,483,601,239,370,118,131,15458
15837,cr1_1980p_00006.cbf,481,600,237,368,119,131,15589
15838,cr1_1980p_00007.cbf,482,601,239,368,119,129,15351
15839,cr1_1980p_00008.cbf,483,603,239,368,120,129,15480
15840,cr1_1981p_00001.cbf,483,602,241,371,119,130,15470
15841,cr1_1981p_00002.cbf,473,613,229,375,140,146,20440
15842,cr1_1981p_00003.cbf,482,601,238,368,119,130,15470
15843,cr1_1981p_00004.cbf,482,600,237,369,118,132,15576
15844,cr1_1981p_00005.cbf,473,608,227,376,135,149,20115
15845,cr1_1981p_00006.cbf,481,598,240,367,117,127,14859
15846,cr1_1981p_00007.cbf,483,600,239,369,117,130,15210
15847,cr1_1981p_00008.cbf,481,600,241,369,119,128,15232
15848,cr1_1982p_00001.cbf,482,600,240,370,118,130,15340
15849,cr1_1982p_00002.cbf,468,609,234,379,141,145,20445
15850,cr1_1982p_00003.cbf,482,601,239,369,119,130,15470
15851,cr1_1982p_00004.cbf,485,600,240,369,115,129,14835
15852,cr1_1982p_00005.cbf,474,610,231,378,136,147,19992
15853,cr1_1982p_00006.cbf,483,603,239,371,120,132,15840
15854,cr1_1982p_00007.cbf,482,605,240,366,123,126,15498
15855,cr1_1982p_00008.cbf,481,602,239,368,121,129,15609
15856,cr1_1983p_00001.cbf,484,603,240,368,119,128,15232
15857,cr1_1983p_00002.cbf,481,600,240,370,119,130,15470
15858,cr1_1983p_00003.cbf,483,603,240,370,120,130,15600
15859,cr1_1983p_00004.cbf,482,606,239,369,124,130,16120
15860,cr1_1983p_00005.cbf,484,600,237,368,116,131,15196
15861,cr1_1983p_00006.cbf,484,598,238,368,114,130,14820
15862,cr1_1983p_00007.cbf,470,609,231,376,139,145,20155
15863,cr1_1983p_00008.cbf,482,602,240,369,120,129,15480
15864,cr1_1984p_00001.cbf,484,601,241,370,117,129,15093
15865,cr1_1984p_00002.cbf,480,603,241,371,123,130,15990
15866,cr1_1984p_00003.cbf,485,602,238,369,117,131,15327
15867,cr1_1984p_00004.cbf,487,598,239,370,111,131,14541
15868,cr1_1984p_00005.cbf,482,600,239,370,118,131,15458
15869,cr1_1984p_00006.cbf,482,600,239,369,118,130,15340
15870,cr1_1984p_00007.cbf,482,600,239,368,118,129,15222
15871,cr1_1984p_00008.cbf,483,600,241,369,117,128,14976
15872,cr1_1985p_00001.cbf,473,608,232,383,135,151,20385
15873,cr1_1985p_00002.cbf,484,599,241,371,115,130,14950
15874,cr1_1985p_00003.cbf,483,599,240,369,116,129,14964
15875,cr1_1985p_00004.cbf,482,598,240,369,116,129,14964
15876,cr1_1985p_00005.cbf,483,602,239,368,119,129,15351
15877,cr1_1985p_00006.cbf,482,601,238,368,119,130,15470
15878,cr1_1985p_00007.cbf,474,614,233,379,140,146,20440
15879,cr1_1985p_00008.cbf,475,611,230,377,136,147,19992
15880,cr1_1986p_00001.cbf,482,600,241,369,118,128,15104
15881,cr1_1986p_00002.cbf,481,600,241,367,119,126,14994
15882,cr1_1986p_00003.cbf,480,601,238,368,121,130,15730
15883,cr1_1986p_00004.cbf,475,612,229,379,137,150,20550
15884,cr1_1986p_00005.cbf,481,598,239,369,117,130,15210
15885,cr1_1986p_00006.cbf,481,601,239,367,120,128,15360
15886,cr1_1986p_00007.cbf,484,600,240,370,116,130,15080
15887,cr1_1986p_00008.cbf,473,612,231,375,139,144,20016
15888,cr1_1987p_00001.cbf,476,613,231,377,137,146,20002
15889,cr1_1987p_00002.cbf,483,603,241,369,120,128,15360
15890,cr1_1987p_00003.cbf,483,605,240,371,122,131,15982
15891,cr1_1987p_00004.cbf,483,602,240,367,119,127,15113
15892,cr1_1987p_00005.cbf,484,598,240,369,114,129,14706
15893,cr1_1987p_00006.cbf,483,600,238,369,117,131,15327
15894,cr1_1987p_00007.cbf,483,603,240,370,120,130,15600
15895,cr1_1987p_00008.cbf,485,605,238,367,120,129,15480
15896,cr1_1988p_00001.cbf,484,605,239,369,121,130,15730
15897,cr1_1988p_00002.cbf,484,603,240,369,119,129,15351
15898,cr1_1988p_00003.cbf,478,602,241,369,124,128,15872
15899,cr1_1988p_00004.cbf,482,599,236,368,117,132,15444
15900,cr1_1988p_00005.cbf,484,599,241,368,115,127,14605
15901,cr1_1988p_00006.cbf,484,601,239,367,117,128,14976
15902,cr1_1988p_00007.cbf,485,600,241,367,115,126,14490
15903,cr1_1988p_00008.cbf,481,602,239,369,121,130,15730
15904,cr1_1989p_00001.cbf,480,601,241,370,121,129,15609
15905,cr1_1989p_00002.cbf,482,599,239,368,117,129,15093
15906,cr1_1989p_00003.cbf,483,600,241,368,117,127,14859
15907,cr1_1989p_00004.cbf,481,601,239,369,120,130,15600
15908,cr1_1989p_00005.cbf,483,598,239,367,115,128,14720
15909,cr1_1989p_00006.cbf,475,608,227,378,133,151,20083
15910,cr1_1989p_00007.cbf,473,608,226,378,135,152,20520
15911,cr1_1989p_00008.cbf,481,600,241,367,119,126,14994
15912,cr1_1990p_00001.cbf,484,602,242,368,118,126,14868
15913,cr1_1990p_00002.cbf,482,601,241,368,119,127,15113
15914,cr1_1990p_00003.cbf,471,611,233,379,140,146,20440
15915,cr1_1990p_00004.cbf,474,606,232,382,132,150,19800
15916,cr1_1990p_00005.cbf,483,600,241,368,117,127,14859
15917,cr1_1990p_00006.cbf,483,600,241,368,117,127,14859
15918,cr1_1990p_00007.cbf,482,600,239,368,118,129,15222
15919,cr1_1990p_00008.cbf,483,602,241,369,119,128,15232
15920,cr1_1991p_00001.cbf,482,601,240,368,119,128,15232
15921,cr1_1991p_00002.cbf,473,612,232,377,139,145,20155
15922,cr1_1991p_00003.cbf,482,600,240,370,118,130,15340
15923,cr1_1991p_00004.cbf,485,599,238,369,114,131,14934
15924,cr1_1991p_00005.cbf,483,602,238,368,119,130,15470
15925,cr1_1991p_00006.cbf,480,601,240,369,121,129,15609
15926,cr1_1991p_00007.cbf,471,611,231,378,140,147,20580
15927,cr1_1991p_00008.cbf,482,602,241,368,120,127,15240
15928,cr1_1992p_00001.cbf,481,600,241,369,119,128,15232
15929,cr1_1992p_00002.cbf,484,602,241,368,118,127,14986
15930,cr1_1992p_00003.cbf,484,602,241,368,118,127,14986
15931,cr1_1992p_00004.cbf,483,597,239,369,114,130,14820
15932,cr1_1992p_00005.cbf,472,609,229,378,137,149,20413
15933,cr1_1992p_00006.cbf,482,601,240,368,119,128,15232
15934,cr1_1992p_00007.cbf,473,608,232,376,135,144,19440
15935,cr1_1992p_00008.cbf,483,602,240,370,119,130,15470
15936,cr1_1993p_00001.cbf,485,601,241,368,116,127,14732
15937,cr1_1993p_00002.cbf,483,602,240,370,119,130,15470
15938,cr1_1993p_00003.cbf,483,600,241,370,117,129,15093
15939,cr1_1993p_00004.cbf,474,610,226,376,136,150,20400
15940,cr1_1993p_00005.cbf,484,600,239,367,116,128,14848
15941,cr1_1993p_00006.cbf,486,601,240,367,115,127,14605
15942,cr1_1993p_00007.cbf,483,602,240,368,119,128,15232
15943,cr1_1993p_00008.cbf,484,601,239,367,117,128,14976
15944,cr1_1994p_00001.cbf,484,602,240,370,118,130,15340
15945,cr1_1994p_00002.cbf,483,602,238,368,119,130,15470
15946,cr1_1994p_00003.cbf,483,601,240,370,118,130,15340
15947,cr1_1994p_00004.cbf,483,601,239,367,118,128,15104
15948,cr1_1994p_00005.cbf,470,607,228,376,137,148,20276
15949,cr1_1994p_00006.cbf,483,601,239,369,118,130,15340
15950,cr1_1994p_00007.cbf,484,602,241,368,118,127,14986
15951,cr1_1994p_00008.cbf,483,600,239,367,117,128,14976
15952,cr1_1995p_00001.cbf,483,603,240,367,120,127,15240
15953,cr1_1995p_00002.cbf,474,608,235,380,134,145,19430
15954,cr1_1995p_00003.cbf,470,611,231,377,141,146,20586
15955,cr1_1995p_00004.cbf,473,610,231,376,137,145,19865
15956,cr1_1995p_00005.cbf,483,597,240,367,114,127,14478
15957,cr1_1995p_00006.cbf,483,602,240,367,119,127,15113
15958,cr1_1995p_00007.cbf,473,607,232,377,134,145,19430
15959,cr1_1995p_00008.cbf,485,600,240,367,115,127,14605
15960,cr1_1996p_00001.cbf,484,601,241,369,117,128,14976
15961,cr1_1996p_00002.cbf,471,611,235,382,140,147,20580
15962,cr1_1996p_00003.cbf,473,611,231,378,138,147,20286
15963,cr1_1996p_00004.cbf,483,599,240,369,116,129,14964
15964,cr1_1996p_00005.cbf,470,608,229,378,138,149,20562
15965,cr1_1996p_00006.cbf,477,609,228,380,132,152,20064
15966,cr1_1996p_00007.cbf,476,608,230,375,132,145,19140
15967,cr1_1996p_00008.cbf,484,602,240,368,118,128,15104
15968,cr1_1997p_00001.cbf,477,612,232,378,135,146,19710
15969,cr1_1997p_00002.cbf,472,612,234,377,140,143,20020
15970,cr1_1997p_00003.cbf,482,601,240,369,119,129,15351
15971,cr1_1997p_00004.cbf,481,601,239,369,120,130,15600
15972,cr1_1997p_00005.cbf,482,600,239,369,118,130,15340
15973,cr1_1997p_00006.cbf,480,601,238,369,121,131,15851
15974,cr1_1997p_00007.cbf,481,606,239,369,125,130,16250
15975,cr1_1997p_00008.cbf,480,604,240,370,124,130,16120
15976,cr1_1998p_00001.cbf,483,603,238,371,120,133,15960
15977,cr1_1998p_00002.cbf,481,604,238,370,123,132,16236
15978,cr1_1998p_00003.cbf,481,605,239,369,124,130,16120
15979,cr1_1998p_00004.cbf,479,604,238,367,125,129,16125
15980,cr1_1998p_00005.cbf,481,600,240,369,119,129,15351
15981,cr1_1998p_00006.cbf,482,602,237,368,120,131,15720
15982,cr1_1998p_00007.cbf,478,604,238,368,126,130,16380
15983,cr1_1998p_00008.cbf,482,603,236,370,121,134,16214
15984,cr1_1999p_00001.cbf,481,602,239,369,121,130,15730
15985,cr1_1999p_00002.cbf,484,603,239,370,119,131,15589
15986,cr1_1999p_00003.cbf,482,604,239,370,122,131,15982
15987,cr1_1999p_00004.cbf,479,604,239,370,125,131,16375
15988,cr1_1999p_00005.cbf,485,602,239,369,117,130,15210
15989,cr1_1999p_00006.cbf,480,601,237,369,121,132,15972
15990,cr1_1999p_00007.cbf,482,599,239,369,117,130,15210
15991,cr1_1999p_00008.cbf,482,602,241,371,120,130,15600
15992,cr1_2000p_00001.cbf,480,606,238,369,126,131,16506
15993,cr1_2000p_00002.cbf,478,604,238,370,126,132,16632
15994,cr1_2000p_00003.cbf,481,602,240,371,121,131,15851
15995,cr1_2000p_00004.cbf,480,601,238,370,121,132,15972
15996,cr1_2000p_00005.cbf,483,603,241,369,120,128,15360
15997,cr1_2000p_00006.cbf,482,604,237,369,122,132,16104
15998,cr1_2000p_00007.cbf,482,605,239,371,123,132,16236
15999,cr1_2000p_00008.cbf,481,604,240,369,123,129,15867
16000,cr1_2001p_00001.cbf,483,606,238,369,123,131,16113
16001,cr1_2001p_00002.cbf,481,605,240,369,124,129,15996
16002,cr1_2001p_00003.cbf,482,602,241,369,120,128,15360
16003,cr1_2001p_00004.cbf,481,601,237,370,120,133,15960
16004,cr1_2001p_00005.cbf,482,604,236,368,122,132,16104
16005,cr1_2001p_00006.cbf,480,601,238,367,121,129,15609
16006,cr1_2001p_00007.cbf,482,602,240,370,120,130,15600
16007,cr1_2001p_00008.cbf,485,602,240,372,117,132,15444
16008,cr1_2002p_00001.cbf,472,611,236,383,139,147,20433
16009,cr1_2002p_00002.cbf,483,602,240,370,119,130,15470
16010,cr1_2002p_00003.cbf,475,612,228,378,137,150,20550
16011,cr1_2002p_00004.cbf,483,601,237,369,118,132,15576
16012,cr1_2002p_00005.cbf,481,603,237,370,122,133,16226
16013,cr1_2002p_00006.cbf,483,603,238,369,120,131,15720
16014,cr1_2002p_00007.cbf,482,606,240,369,124,129,15996
16015,cr1_2002p_00008.cbf,485,605,240,370,120,130,15600
16016,cr1_2003p_00001.cbf,480,605,241,370,125,129,16125
16017,cr1_2003p_00002.cbf,479,604,239,369,125,130,16250
16018,cr1_2003p_00003.cbf,480,602,240,370,122,130,15860
16019,cr1_2003p_00004.cbf,478,604,240,370,126,130,16380
16020,cr1_2003p_00005.cbf,482,601,242,369,119,127,15113
16021,cr1_2003p_00006.cbf,480,603,236,370,123,134,16482
16022,cr1_2003p_00007.cbf,483,602,240,367,119,127,15113
16023,cr1_2003p_00008.cbf,483,604,239,367,121,128,15488
16024,cr1_2004p_00001.cbf,481,604,239,370,123,131,16113
16025,cr1_2004p_00002.cbf,478,604,239,368,126,129,16254
16026,cr1_2004p_00003.cbf,481,601,240,370,120,130,15600
16027,cr1_2004p_00004.cbf,482,599,239,370,117,131,15327
16028,cr1_2004p_00005.cbf,481,601,238,368,120,130,15600
16029,cr1_2004p_00006.cbf,480,605,237,368,125,131,16375
16030,cr1_2004p_00007.cbf,484,601,238,369,117,131,15327
16031,cr1_2004p_00008.cbf,480,601,239,369,121,130,15730
16032,cr1_2005p_00001.cbf,483,603,241,370,120,129,15480
16033,cr1_2005p_00002.cbf,483,603,240,368,120,128,15360
16034,cr1_2005p_00003.cbf,479,603,237,371,124,134,16616
16035,cr1_2005p_00004.cbf,482,601,238,369,119,131,15589
16036,cr1_2005p_00005.cbf,483,602,238,368,119,130,15470
16037,cr1_2005p_00006.cbf,481,602,238,367,121,129,15609
16038,cr1_2005p_00007.cbf,482,601,238,370,119,132,15708
16039,cr1_2005p_00008.cbf,480,604,239,369,124,130,16120
16040,cr1_2006p_00001.cbf,483,601,239,369,118,130,15340
16041,cr1_2006p_00002.cbf,481,603,238,371,122,133,16226
16042,cr1_2006p_00003.cbf,483,603,240,369,120,129,15480
16043,cr1_2006p_00004.cbf,483,603,238,369,120,131,15720
16044,cr1_2006p_00005.cbf,483,600,239,368,117,129,15093
16045,cr1_2006p_00006.cbf,480,601,239,367,121,128,15488
16046,cr1_2006p_00007.cbf,482,603,237,369,121,132,15972
16047,cr1_2006p_00008.cbf,482,601,238,368,119,130,15470
16048,cr1_2007p_00001.cbf,482,603,239,370,121,131,15851
16049,cr1_2007p_00002.cbf,480,603,241,368,123,127,15621
16050,cr1_2007p_00003.cbf,483,602,238,368,119,130,15470
16051,cr1_2007p_00004.cbf,483,602,239,368,119,129,15351
16052,cr1_2007p_00005.cbf,483,603,238,367,120,129,15480
16053,cr1_2007p_00006.cbf,481,600,238,369,119,131,15589
16054,cr1_2007p_00007.cbf,481,605,240,367,124,127,15748
16055,cr1_2007p_00008.cbf,482,603,240,369,121,129,15609
16056,cr1_2008p_00001.cbf,481,606,240,372,125,132,16500
16057,cr1_2008p_00002.cbf,482,602,239,369,120,130,15600
16058,cr1_2008p_00003.cbf,483,602,237,367,119,130,15470
16059,cr1_2008p_00004.cbf,483,602,239,368,119,129,15351
16060,cr1_2008p_00005.cbf,481,601,239,368,120,129,15480
16061,cr1_2008p_00006.cbf,481,602,239,368,121,129,15609
16062,cr1_2008p_00007.cbf,480,606,238,369,126,131,16506
16063,cr1_2008p_00008.cbf,482,604,240,369,122,129,15738
16064,cr1_2009p_00001.cbf,482,603,239,368,121,129,15609
16065,cr1_2009p_00002.cbf,482,604,239,370,122,131,15982
16066,cr1_2009p_00003.cbf,484,600,239,369,116,130,15080
16067,cr1_2009p_00004.cbf,484,601,238,369,117,131,15327
16068,cr1_2009p_00005.cbf,481,603,239,367,122,128,15616
16069,cr1_2009p_00006.cbf,482,602,239,368,120,129,15480
16070,cr1_2009p_00007.cbf,482,600,240,368,118,128,15104
16071,cr1_2009p_00008.cbf,482,604,240,368,122,128,15616
16072,cr1_2010p_00001.cbf,481,604,239,367,123,128,15744
16073,cr1_2010p_00002.cbf,480,603,240,368,123,128,15744
16074,cr1_2010p_00003.cbf,482,602,240,368,120,128,15360
16075,cr1_2010p_00004.cbf,483,600,239,368,117,129,15093
16076,cr1_2010p_00005.cbf,482,601,237,368,119,131,15589
16077,cr1_2010p_00006.cbf,480,602,239,368,122,129,15738
16078,cr1_2010p_00007.cbf,482,602,237,368,120,131,15720
16079,cr1_2010p_00008.cbf,482,603,239,367,121,128,15488
16080,cr1_2011p_00001.cbf,482,604,240,369,122,129,15738
16081,cr1_2011p_00002.cbf,482,605,238,370,123,132,16236
16082,cr1_2011p_00003.cbf,482,602,237,370,120,133,15960
16083,cr1_2011p_00004.cbf,481,599,239,369,118,130,15340
16084,cr1_2011p_00005.cbf,482,600,238,369,118,131,15458
16085,cr1_2011p_00006.cbf,481,602,238,368,121,130,15730
16086,cr1_2011p_00007.cbf,479,601,240,368,122,128,15616
16087,cr1_2011p_00008.cbf,474,615,233,377,141,144,20304
16088,cr1_2012p_00001.cbf,482,603,238,370,121,132,15972
16089,cr1_2012p_00002.cbf,480,604,239,370,124,131,16244
16090,cr1_2012p_00003.cbf,481,601,240,369,120,129,15480
16091,cr1_2012p_00004.cbf,483,602,240,369,119,129,15351
16092,cr1_2012p_00005.cbf,481,599,237,369,118,132,15576
16093,cr1_2012p_00006.cbf,480,601,238,367,121,129,15609
16094,cr1_2012p_00007.cbf,479,600,239,367,121,128,15488
16095,cr1_2012p_00008.cbf,483,603,240,368,120,128,15360
16096,cr1_2013p_00001.cbf,483,603,239,368,120,129,15480
16097,cr1_2013p_00002.cbf,470,610,231,376,140,145,20300
16098,cr1_2013p_00003.cbf,480,602,240,368,122,128,15616
16099,cr1_2013p_00004.cbf,482,599,241,369,117,128,14976
16100,cr1_2013p_00005.cbf,483,600,239,370,117,131,15327
16101,cr1_2013p_00006.cbf,483,603,239,367,120,128,15360
16102,cr1_2013p_00007.cbf,484,604,239,368,120,129,15480
16103,cr1_2013p_00008.cbf,479,602,240,367,123,127,15621
16104,cr1_2014p_00001.cbf,481,603,237,367,122,130,15860
16105,cr1_2014p_00002.cbf,484,600,241,369,116,128,14848
16106,cr1_2014p_00003.cbf,480,602,240,369,122,129,15738
16107,cr1_2014p_00004.cbf,480,601,241,367,121,126,15246
16108,cr1_2014p_00005.cbf,485,600,238,368,115,130,14950
16109,cr1_2014p_00006.cbf,482,602,239,367,120,128,15360
16110,cr1_2014p_00007.cbf,483,602,240,368,119,128,15232
16111,cr1_2014p_00008.cbf,473,613,232,379,140,147,20580
16112,cr1_2015p_00001.cbf,483,602,240,369,119,129,15351
16113,cr1_2015p_00002.cbf,484,604,239,369,120,130,15600
16114,cr1_2015p_00003.cbf,481,600,240,367,119,127,15113
16115,cr1_2015p_00004.cbf,482,601,239,368,119,129,15351
16116,cr1_2015p_00005.cbf,482,602,237,367,120,130,15600
16117,cr1_2015p_00006.cbf,482,602,239,369,120,130,15600
16118,cr1_2015p_00007.cbf,482,602,239,367,120,128,15360
16119,cr1_2015p_00008.cbf,482,605,240,367,123,127,15621
16120,cr1_2016p_00001.cbf,483,601,239,369,118,130,15340
16121,cr1_2016p_00002.cbf,484,603,240,370,119,130,15470
16122,cr1_2016p_00003.cbf,482,603,241,367,121,126,15246
16123,cr1_2016p_00004.cbf,483,601,238,369,118,131,15458
16124,cr1_2016p_00005.cbf,481,600,238,369,119,131,15589
16125,cr1_2016p_00006.cbf,482,601,240,367,119,127,15113
16126,cr1_2016p_00007.cbf,481,602,240,367,121,127,15367
16127,cr1_2016p_00008.cbf,474,613,233,379,139,146,20294
16128,cr1_2017p_00001.cbf,481,603,241,369,122,128,15616
16129,cr1_2017p_00002.cbf,484,601,241,368,117,127,14859
16130,cr1_2017p_00003.cbf,481,601,239,368,120,129,15480
16131,cr1_2017p_00004.cbf,484,602,238,368,118,130,15340
16132,cr1_2017p_00005.cbf,485,602,240,369,117,129,15093
16133,cr1_2017p_00006.cbf,483,602,239,367,119,128,15232
16134,cr1_2017p_00007.cbf,483,601,239,370,118,131,15458
16135,cr1_2017p_00008.cbf,471,607,232,378,136,146,19856
16136,cr1_2018p_00001.cbf,481,602,241,368,121,127,15367
16137,cr1_2018p_00002.cbf,484,601,240,368,117,128,14976
16138,cr1_2018p_00003.cbf,481,601,241,370,120,129,15480
16139,cr1_2018p_00004.cbf,474,609,230,377,135,147,19845
16140,cr1_2018p_00005.cbf,483,600,239,370,117,131,15327
16141,cr1_2018p_00006.cbf,483,602,239,368,119,129,15351
16142,cr1_2018p_00007.cbf,484,601,240,369,117,129,15093
16143,cr1_2018p_00008.cbf,483,601,240,369,118,129,15222
16144,cr1_2019p_00001.cbf,484,602,239,368,118,129,15222
16145,cr1_2019p_00002.cbf,483,602,241,372,119,131,15589
16146,cr1_2019p_00003.cbf,484,603,241,368,119,127,15113
16147,cr1_2019p_00004.cbf,485,600,239,370,115,131,15065
16148,cr1_2019p_00005.cbf,483,601,238,369,118,131,15458
16149,cr1_2019p_00006.cbf,481,603,239,368,122,129,15738
16150,cr1_2019p_00007.cbf,483,601,240,369,118,129,15222
16151,cr1_2019p_00008.cbf,483,603,241,369,120,128,15360
16152,cr1_2020p_00001.cbf,482,602,241,370,120,129,15480
16153,cr1_2020p_00002.cbf,483,600,240,371,117,131,15327
16154,cr1_2020p_00003.cbf,482,603,241,372,121,131,15851
16155,cr1_2020p_00004.cbf,481,602,241,368,121,127,15367
16156,cr1_2020p_00005.cbf,481,600,237,368,119,131,15589
16157,cr1_2020p_00006.cbf,472,611,231,379,139,148,20572
16158,cr1_2020p_00007.cbf,482,601,238,368,119,130,15470
16159,cr1_2020p_00008.cbf,475,611,233,379,136,146,19856
16160,cr1_2021p_00001.cbf,486,601,242,369,115,127,14605
16161,cr1_2021p_00002.cbf,482,601,240,368,119,128,15232
16162,cr1_2021p_00003.cbf,483,600,240,369,117,129,15093
16163,cr1_2021p_00004.cbf,485,599,241,369,114,128,14592
16164,cr1_2021p_00005.cbf,482,600,238,367,118,129,15222
16165,cr1_2021p_00006.cbf,481,601,237,367,120,130,15600
16166,cr1_2021p_00007.cbf,483,601,240,369,118,129,15222
16167,cr1_2021p_00008.cbf,482,604,241,369,122,128,15616
16168,cr1_2022p_00001.cbf,484,601,240,370,117,130,15210
16169,cr1_2022p_00002.cbf,483,600,242,368,117,126,14742
16170,cr1_2022p_00003.cbf,481,599,238,369,118,131,15458
16171,cr1_2022p_00004.cbf,483,599,240,370,116,130,15080
16172,cr1_2022p_00005.cbf,484,602,237,367,118,130,15340
16173,cr1_2022p_00006.cbf,481,599,241,370,118,129,15222
16174,cr1_2022p_00007.cbf,483,601,241,370,118,129,15222
16175,cr1_2022p_00008.cbf,484,602,241,370,118,129,15222
16176,cr1_2023p_00001.cbf,486,601,242,371,115,129,14835
16177,cr1_2023p_00002.cbf,482,601,241,372,119,131,15589
16178,cr1_2023p_00003.cbf,483,601,242,369,118,127,14986
16179,cr1_2023p_00004.cbf,480,603,240,369,123,129,15867
16180,cr1_2023p_00005.cbf,484,598,240,369,114,129,14706
16181,cr1_2023p_00006.cbf,482,599,239,371,117,132,15444
16182,cr1_2023p_00007.cbf,484,600,241,368,116,127,14732
16183,cr1_2023p_00008.cbf,485,601,241,370,116,129,14964
16184,cr1_2024p_00001.cbf,483,602,242,371,119,129,15351
16185,cr1_2024p_00002.cbf,481,602,242,369,121,127,15367
16186,cr1_2024p_00003.cbf,473,609,230,377,136,147,19992
16187,cr1_2024p_00004.cbf,473,610,231,379,137,148,20276
16188,cr1_2024p_00005.cbf,483,602,238,368,119,130,15470
16189,cr1_2024p_00006.cbf,483,600,238,368,117,130,15210
16190,cr1_2024p_00007.cbf,483,600,241,371,117,130,15210
16191,cr1_2024p_00008.cbf,482,601,241,371,119,130,15470
16192,cr1_2025p_00001.cbf,474,609,231,383,135,152,20520
16193,cr1_2025p_00002.cbf,485,603,241,368,118,127,14986
16194,cr1_2025p_00003.cbf,485,600,241,369,115,128,14720
16195,cr1_2025p_00004.cbf,484,601,241,367,117,126,14742
16196,cr1_2025p_00005.cbf,475,611,229,379,136,150,20400
16197,cr1_2025p_00006.cbf,483,601,238,367,118,129,15222
16198,cr1_2025p_00007.cbf,481,601,240,370,120,130,15600
16199,cr1_2025p_00008.cbf,482,600,241,369,118,128,15104
16200,cr1_2026p_00001.cbf,483,603,242,371,120,129,15480
16201,cr1_2026p_00002.cbf,472,610,234,381,138,147,20286
16202,cr1_2026p_00003.cbf,482,603,240,369,121,129,15609
16203,cr1_2026p_00004.cbf,483,600,236,369,117,133,15561
16204,cr1_2026p_00005.cbf,474,609,230,380,135,150,20250
16205,cr1_2026p_00006.cbf,475,609,226,377,134,151,20234
16206,cr1_2026p_00007.cbf,476,612,232,381,136,149,20264
16207,cr1_2026p_00008.cbf,482,601,241,369,119,128,15232
16208,cr1_2027p_00001.cbf,484,600,242,369,116,127,14732
16209,cr1_2027p_00002.cbf,472,612,235,378,140,143,20020
16210,cr1_2027p_00003.cbf,483,600,241,369,117,128,14976
16211,cr1_2027p_00004.cbf,472,610,231,380,138,149,20562
16212,cr1_2027p_00005.cbf,483,598,241,367,115,126,14490
16213,cr1_2027p_00006.cbf,480,602,239,367,122,128,15616
16214,cr1_2027p_00007.cbf,482,601,239,368,119,129,15351
16215,cr1_2027p_00008.cbf,473,611,230,373,138,143,19734
16216,cr1_2028p_00001.cbf,480,604,240,369,124,129,15996
16217,cr1_2028p_00002.cbf,482,607,242,369,125,127,15875
16218,cr1_2028p_00003.cbf,474,613,233,378,139,145,20155
16219,cr1_2028p_00004.cbf,484,605,241,368,121,127,15367
16220,cr1_2028p_00005.cbf,485,601,242,369,116,127,14732
16221,cr1_2028p_00006.cbf,481,600,239,366,119,127,15113
16222,cr1_2028p_00007.cbf,474,611,233,378,137,145,19865
16223,cr1_2028p_00008.cbf,485,603,241,369,118,128,15104
16224,cr1_2029p_00001.cbf,483,603,242,368,120,126,15120
16225,cr1_2029p_00002.cbf,482,604,241,367,122,126,15372
16226,cr1_2029p_00003.cbf,481,604,241,369,123,128,15744
16227,cr1_2029p_00004.cbf,486,600,240,368,114,128,14592
16228,cr1_2029p_00005.cbf,483,598,237,367,115,130,14950
16229,cr1_2029p_00006.cbf,482,600,239,371,118,132,15576
16230,cr1_2029p_00007.cbf,473,611,231,377,138,146,20148
16231,cr1_2029p_00008.cbf,483,600,242,368,117,126,14742
16232,cr1_2030p_00001.cbf,471,612,235,380,141,145,20445
16233,cr1_2030p_00002.cbf,483,600,241,369,117,128,14976
16234,cr1_2030p_00003.cbf,481,600,240,368,119,128,15232
16235,cr1_2030p_00004.cbf,484,601,239,367,117,128,14976
16236,cr1_2030p_00005.cbf,482,602,241,367,120,126,15120
16237,cr1_2030p_00006.cbf,482,601,238,369,119,131,15589
16238,cr1_2030p_00007.cbf,480,602,241,368,122,127,15494
16239,cr1_2030p_00008.cbf,482,601,240,368,119,128,15232
16240,cr1_2031p_00001.cbf,483,603,240,370,120,130,15600
16241,cr1_2031p_00002.cbf,481,602,241,372,121,131,15851
16242,cr1_2031p_00003.cbf,479,601,240,369,122,129,15738
16243,cr1_2031p_00004.cbf,482,602,241,369,120,128,15360
16244,cr1_2031p_00005.cbf,483,602,237,370,119,133,15827
16245,cr1_2031p_00006.cbf,480,601,239,370,121,131,15851
16246,cr1_2031p_00007.cbf,483,601,240,372,118,132,15576
16247,cr1_2031p_00008.cbf,483,602,240,370,119,130,15470
16248,cr1_2032p_00001.cbf,480,603,241,370,123,129,15867
16249,cr1_2032p_00002.cbf,482,601,238,372,119,134,15946
16250,cr1_2032p_00003.cbf,482,602,240,373,120,133,15960
16251,cr1_2032p_00004.cbf,483,600,241,370,117,129,15093
16252,cr1_2032p_00005.cbf,481,600,240,371,119,131,15589
16253,cr1_2032p_00006.cbf,481,601,238,369,120,131,15720
16254,cr1_2032p_00007.cbf,480,602,240,369,122,129,15738
16255,cr1_2032p_00008.cbf,480,603,241,370,123,129,15867
16256,cr1_2033p_00001.cbf,482,602,240,369,120,129,15480
16257,cr1_2033p_00002.cbf,479,604,242,370,125,128,16000
16258,cr1_2033p_00003.cbf,481,603,241,371,122,130,15860
16259,cr1_2033p_00004.cbf,481,605,238,370,124,132,16368
16260,cr1_2033p_00005.cbf,482,600,237,369,118,132,15576
16261,cr1_2033p_00006.cbf,479,603,239,369,124,130,16120
16262,cr1_2033p_00007.cbf,484,606,240,369,122,129,15738
16263,cr1_2033p_00008.cbf,481,602,239,370,121,131,15851
16264,cr1_2034p_00001.cbf,482,604,241,367,122,126,15372
16265,cr1_2034p_00002.cbf,482,606,240,369,124,129,15996
16266,cr1_2034p_00003.cbf,480,601,241,371,121,130,15730
16267,cr1_2034p_00004.cbf,483,602,237,371,119,134,15946
16268,cr1_2034p_00005.cbf,482,603,238,367,121,129,15609
16269,cr1_2034p_00006.cbf,483,603,239,368,120,129,15480
16270,cr1_2034p_00007.cbf,481,605,240,369,124,129,15996
16271,cr1_2034p_00008.cbf,480,603,241,369,123,128,15744
16272,cr1_2035p_00001.cbf,483,604,241,369,121,128,15488
16273,cr1_2035p_00002.cbf,481,605,241,370,124,129,15996
16274,cr1_2035p_00003.cbf,484,602,239,369,118,130,15340
16275,cr1_2035p_00004.cbf,482,601,239,369,119,130,15470
16276,cr1_2035p_00005.cbf,481,600,238,367,119,129,15351
16277,cr1_2035p_00006.cbf,481,601,237,367,120,130,15600
16278,cr1_2035p_00007.cbf,482,603,239,368,121,129,15609
16279,cr1_2035p_00008.cbf,481,603,238,369,122,131,15982
16280,cr1_2036p_00001.cbf,481,604,241,369,123,128,15744
16281,cr1_2036p_00002.cbf,482,606,239,369,124,130,16120
16282,cr1_2036p_00003.cbf,482,605,239,371,123,132,16236
16283,cr1_2036p_00004.cbf,479,606,238,371,127,133,16891
16284,cr1_2036p_00005.cbf,481,602,237,369,121,132,15972
16285,cr1_2036p_00006.cbf,482,601,240,369,119,129,15351
16286,cr1_2036p_00007.cbf,482,600,239,369,118,130,15340
16287,cr1_2036p_00008.cbf,483,603,239,371,120,132,15840
16288,cr1_2037p_00001.cbf,482,601,241,371,119,130,15470
16289,cr1_2037p_00002.cbf,480,602,239,369,122,130,15860
16290,cr1_2037p_00003.cbf,482,599,240,370,117,130,15210
16291,cr1_2037p_00004.cbf,482,600,239,370,118,131,15458
16292,cr1_2037p_00005.cbf,483,600,238,369,117,131,15327
16293,cr1_2037p_00006.cbf,484,601,239,369,117,130,15210
16294,cr1_2037p_00007.cbf,482,601,240,370,119,130,15470
16295,cr1_2037p_00008.cbf,481,602,241,369,121,128,15488
16296,cr1_2038p_00001.cbf,482,602,241,370,120,129,15480
16297,cr1_2038p_00002.cbf,471,613,235,380,142,145,20590
16298,cr1_2038p_00003.cbf,483,603,241,370,120,129,15480
16299,cr1_2038p_00004.cbf,483,600,240,370,117,130,15210
16300,cr1_2038p_00005.cbf,481,602,239,369,121,130,15730
16301,cr1_2038p_00006.cbf,481,601,239,370,120,131,15720
16302,cr1_2038p_00007.cbf,481,603,238,368,122,130,15860
16303,cr1_2038p_00008.cbf,479,604,241,369,125,128,16000
16304,cr1_2039p_00001.cbf,481,604,239,370,123,131,16113
16305,cr1_2039p_00002.cbf,480,603,240,371,123,131,16113
16306,cr1_2039p_00003.cbf,482,602,240,371,120,131,15720
16307,cr1_2039p_00004.cbf,483,602,240,369,119,129,15351
16308,cr1_2039p_00005.cbf,480,602,241,369,122,128,15616
16309,cr1_2039p_00006.cbf,483,603,238,367,120,129,15480
16310,cr1_2039p_00007.cbf,482,601,239,369,119,130,15470
16311,cr1_2039p_00008.cbf,482,605,241,368,123,127,15621
16312,cr1_2040p_00001.cbf,481,603,241,368,122,127,15494
16313,cr1_2040p_00002.cbf,482,603,240,367,121,127,15367
16314,cr1_2040p_00003.cbf,482,602,241,371,120,130,15600
16315,cr1_2040p_00004.cbf,482,601,239,369,119,130,15470
16316,cr1_2040p_00005.cbf,482,601,238,368,119,130,15470
16317,cr1_2040p_00006.cbf,482,601,240,368,119,128,15232
16318,cr1_2040p_00007.cbf,481,607,240,368,126,128,16128
16319,cr1_2040p_00008.cbf,482,601,239,370,119,131,15589
16320,cr1_2041p_00001.cbf,481,603,241,368,122,127,15494
16321,cr1_2041p_00002.cbf,482,604,241,370,122,129,15738
16322,cr1_2041p_00003.cbf,482,605,241,368,123,127,15621
16323,cr1_2041p_00004.cbf,482,601,239,368,119,129,15351
16324,cr1_2041p_00005.cbf,483,601,239,368,118,129,15222
16325,cr1_2041p_00006.cbf,483,601,238,368,118,130,15340
16326,cr1_2041p_00007.cbf,479,603,239,371,124,132,16368
16327,cr1_2041p_00008.cbf,481,604,238,369,123,131,16113
16328,cr1_2042p_00001.cbf,482,602,238,371,120,133,15960
16329,cr1_2042p_00002.cbf,482,602,241,370,120,129,15480
16330,cr1_2042p_00003.cbf,480,604,241,368,124,127,15748
16331,cr1_2042p_00004.cbf,482,601,238,369,119,131,15589
16332,cr1_2042p_00005.cbf,481,602,239,369,121,130,15730
16333,cr1_2042p_00006.cbf,481,602,240,369,121,129,15609
16334,cr1_2042p_00007.cbf,486,601,239,367,115,128,14720
16335,cr1_2042p_00008.cbf,483,600,241,367,117,126,14742
16336,cr1_2043p_00001.cbf,482,603,242,370,121,128,15488
16337,cr1_2043p_00002.cbf,483,600,241,369,117,128,14976
16338,cr1_2043p_00003.cbf,474,610,230,379,136,149,20264
16339,cr1_2043p_00004.cbf,480,604,237,368,124,131,16244
16340,cr1_2043p_00005.cbf,472,609,231,380,137,149,20413
16341,cr1_2043p_00006.cbf,484,601,238,368,117,130,15210
16342,cr1_2043p_00007.cbf,481,602,238,369,121,131,15851
16343,cr1_2043p_00008.cbf,478,601,238,369,123,131,16113
16344,cr1_2044p_00001.cbf,482,602,241,369,120,128,15360
16345,cr1_2044p_00002.cbf,483,603,240,369,120,129,15480
16346,cr1_2044p_00003.cbf,482,605,242,370,123,128,15744
16347,cr1_2044p_00004.cbf,482,601,241,369,119,128,15232
16348,cr1_2044p_00005.cbf,480,602,239,367,122,128,15616
16349,cr1_2044p_00006.cbf,484,605,238,371,121,133,16093
16350,cr1_2044p_00007.cbf,481,603,238,368,122,130,15860
16351,cr1_2044p_00008.cbf,480,606,241,369,126,128,16128
16352,cr1_2045p_00001.cbf,481,604,239,367,123,128,15744
16353,cr1_2045p_00002.cbf,483,602,242,369,119,127,15113
16354,cr1_2045p_00003.cbf,484,604,239,367,120,128,15360
16355,cr1_2045p_00004.cbf,482,602,239,367,120,128,15360
16356,cr1_2045p_00005.cbf,484,600,236,367,116,131,15196
16357,cr1_2045p_00006.cbf,482,601,239,367,119,128,15232
16358,cr1_2045p_00007.cbf,483,600,240,369,117,129,15093
16359,cr1_2045p_00008.cbf,483,602,241,369,119,128,15232
16360,cr1_2046p_00001.cbf,483,602,243,367,119,124,14756
16361,cr1_2046p_00002.cbf,482,604,240,369,122,129,15738
16362,cr1_2046p_00003.cbf,483,602,241,370,119,129,15351
16363,cr1_2046p_00004.cbf,483,603,239,369,120,130,15600
16364,cr1_2046p_00005.cbf,484,602,239,369,118,130,15340
16365,cr1_2046p_00006.cbf,483,602,240,368,119,128,15232
16366,cr1_2046p_00007.cbf,475,610,229,381,135,152,20520
16367,cr1_2046p_00008.cbf,484,601,239,372,117,133,15561
16368,cr1_2047p_00001.cbf,484,602,239,370,118,131,15458
16369,cr1_2047p_00002.cbf,483,600,241,369,117,128,14976
16370,cr1_2047p_00003.cbf,481,602,241,368,121,127,15367
16371,cr1_2047p_00004.cbf,482,599,238,368,117,130,15210
16372,cr1_2047p_00005.cbf,481,602,237,368,121,131,15851
16373,cr1_2047p_00006.cbf,483,604,238,367,121,129,15609
16374,cr1_2047p_00007.cbf,479,602,239,370,123,131,16113
16375,cr1_2047p_00008.cbf,484,600,241,371,116,130,15080
16376,cr1_2048p_00001.cbf,479,600,241,369,121,128,15488
16377,cr1_2048p_00002.cbf,483,601,240,370,118,130,15340
16378,cr1_2048p_00003.cbf,483,601,239,370,118,131,15458
16379,cr1_2048p_00004.cbf,484,601,237,369,117,132,15444
16380,cr1_2048p_00005.cbf,483,602,238,368,119,130,15470
16381,cr1_2048p_00006.cbf,472,609,228,378,137,150,20550
16382,cr1_2048p_00007.cbf,480,602,239,369,122,130,15860
16383,cr1_2048p_00008.cbf,482,603,241,370,121,129,15609
16384,cr1_2049p_00001.cbf,484,603,239,369,119,130,15470
16385,cr1_2049p_00002.cbf,484,600,241,373,116,132,15312
16386,cr1_2049p_00003.cbf,473,614,232,378,141,146,20586
16387,cr1_2049p_00004.cbf,482,602,239,368,120,129,15480
16388,cr1_2049p_00005.cbf,479,601,239,369,122,130,15860
16389,cr1_2049p_00006.cbf,483,599,240,369,116,129,14964
16390,cr1_2049p_00007.cbf,473,610,230,379,137,149,20413
16391,cr1_2049p_00008.cbf,483,600,241,368,117,127,14859
16392,cr1_2050p_00001.cbf,474,611,232,380,137,148,20276
16393,cr1_2050p_00002.cbf,483,603,240,370,120,130,15600
16394,cr1_2050p_00003.cbf,481,600,241,371,119,130,15470
16395,cr1_2050p_00004.cbf,484,601,240,370,117,130,15210
16396,cr1_2050p_00005.cbf,483,604,240,368,121,128,15488
16397,cr1_2050p_00006.cbf,472,610,231,380,138,149,20562
16398,cr1_2050p_00007.cbf,484,606,240,369,122,129,15738
16399,cr1_2050p_00008.cbf,483,604,240,367,121,127,15367
16400,cr1_2051p_00001.cbf,483,605,239,368,122,129,15738
16401,cr1_2051p_00002.cbf,482,604,242,369,122,127,15494
16402,cr1_2051p_00003.cbf,474,617,232,376,143,144,20592
16403,cr1_2051p_00004.cbf,482,601,241,372,119,131,15589
16404,cr1_2051p_00005.cbf,483,603,240,368,120,128,15360
16405,cr1_2051p_00006.cbf,481,602,238,368,121,130,15730
16406,cr1_2051p_00007.cbf,482,605,241,370,123,129,15867
16407,cr1_2051p_00008.cbf,482,602,241,368,120,127,15240
16408,cr1_2052p_00001.cbf,485,603,241,369,118,128,15104
16409,cr1_2052p_00002.cbf,483,606,240,369,123,129,15867
16410,cr1_2052p_00003.cbf,482,602,240,369,120,129,15480
16411,cr1_2052p_00004.cbf,482,602,236,370,120,134,16080
16412,cr1_2052p_00005.cbf,472,610,231,374,138,143,19734
16413,cr1_2052p_00006.cbf,483,601,240,371,118,131,15458
16414,cr1_2052p_00007.cbf,477,609,229,381,132,152,20064
16415,cr1_2052p_00008.cbf,485,603,241,369,118,128,15104
16416,cr1_2053p_00001.cbf,482,602,241,368,120,127,15240
16417,cr1_2053p_00002.cbf,473,612,232,377,139,145,20155
16418,cr1_2053p_00003.cbf,483,601,240,368,118,128,15104
16419,cr1_2053p_00004.cbf,483,601,241,369,118,128,15104
16420,cr1_2053p_00005.cbf,483,602,239,367,119,128,15232
16421,cr1_2053p_00006.cbf,483,601,239,368,118,129,15222
16422,cr1_2053p_00007.cbf,470,609,232,379,139,147,20433
16423,cr1_2053p_00008.cbf,482,602,241,369,120,128,15360
16424,cr1_2054p_00001.cbf,484,602,241,370,118,129,15222
16425,cr1_2054p_00002.cbf,482,602,242,371,120,129,15480
16426,cr1_2054p_00003.cbf,483,599,241,370,116,129,14964
16427,cr1_2054p_00004.cbf,486,602,237,370,116,133,15428
16428,cr1_2054p_00005.cbf,484,601,238,368,117,130,15210
16429,cr1_2054p_00006.cbf,481,600,238,367,119,129,15351
16430,cr1_2054p_00007.cbf,482,599,241,368,117,127,14859
16431,cr1_2054p_00008.cbf,475,615,231,377,140,146,20440
16432,cr1_2055p_00001.cbf,482,603,242,370,121,128,15488
16433,cr1_2055p_00002.cbf,483,598,241,367,115,126,14490
16434,cr1_2055p_00003.cbf,484,601,241,371,117,130,15210
16435,cr1_2055p_00004.cbf,471,607,229,377,136,148,20128
16436,cr1_2055p_00005.cbf,483,599,238,368,116,130,15080
16437,cr1_2055p_00006.cbf,482,599,239,367,117,128,14976
16438,cr1_2055p_00007.cbf,485,600,241,368,115,127,14605
16439,cr1_2055p_00008.cbf,485,600,241,368,115,127,14605
16440,cr1_2056p_00001.cbf,472,611,233,377,139,144,20016
16441,cr1_2056p_00002.cbf,472,611,235,382,139,147,20433
16442,cr1_2056p_00003.cbf,474,611,230,380,137,150,20550
16443,cr1_2056p_00004.cbf,483,602,241,368,119,127,15113
16444,cr1_2056p_00005.cbf,473,607,227,378,134,151,20234
16445,cr1_2056p_00006.cbf,475,609,225,378,134,153,20502
16446,cr1_2056p_00007.cbf,482,601,239,370,119,131,15589
16447,cr1_2056p_00008.cbf,485,602,240,372,117,132,15444
16448,cr1_2057p_00001.cbf,473,612,233,381,139,148,20572
16449,cr1_2057p_00002.cbf,482,600,241,369,118,128,15104
16450,cr1_2057p_00003.cbf,484,603,239,368,119,129,15351
16451,cr1_2057p_00004.cbf,482,600,240,369,118,129,15222
16452,cr1_2057p_00005.cbf,474,609,230,381,135,151,20385
16453,cr1_2057p_00006.cbf,483,600,239,369,117,130,15210
16454,cr1_2057p_00007.cbf,473,610,231,376,137,145,19865
16455,cr1_2057p_00008.cbf,473,608,233,379,135,146,19710
16456,cr1_2058p_00001.cbf,483,600,241,368,117,127,14859
16457,cr1_2058p_00002.cbf,475,609,233,382,134,149,19966
16458,cr1_2058p_00003.cbf,478,611,229,378,133,149,19817
16459,cr1_2058p_00004.cbf,476,612,227,378,136,151,20536
16460,cr1_2058p_00005.cbf,484,601,240,368,117,128,14976
16461,cr1_2058p_00006.cbf,483,601,238,367,118,129,15222
16462,cr1_2058p_00007.cbf,485,599,241,368,114,127,14478
16463,cr1_2058p_00008.cbf,485,602,241,368,117,127,14859
16464,cr1_2059p_00001.cbf,471,613,238,377,142,139,19738
16465,cr1_2059p_00002.cbf,484,601,243,372,117,129,15093
16466,cr1_2059p_00003.cbf,470,606,230,379,136,149,20264
16467,cr1_2059p_00004.cbf,484,601,240,368,117,128,14976
16468,cr1_2059p_00005.cbf,477,606,231,382,129,151,19479
16469,cr1_2059p_00006.cbf,484,602,239,368,118,129,15222
16470,cr1_2059p_00007.cbf,481,602,240,367,121,127,15367
16471,cr1_2059p_00008.cbf,484,603,241,368,119,127,15113
16472,cr1_2060p_00001.cbf,484,601,242,370,117,128,14976
16473,cr1_2060p_00002.cbf,483,603,241,368,120,127,15240
16474,cr1_2060p_00003.cbf,484,603,242,366,119,124,14756
16475,cr1_2060p_00004.cbf,483,602,241,371,119,130,15470
16476,cr1_2060p_00005.cbf,483,604,241,368,121,127,15367
16477,cr1_2060p_00006.cbf,471,610,232,377,139,145,20155
16478,cr1_2060p_00007.cbf,484,601,241,367,117,126,14742
16479,cr1_2060p_00008.cbf,483,600,241,368,117,127,14859
16480,cr1_2061p_00001.cbf,481,601,241,370,120,129,15480
16481,cr1_2061p_00002.cbf,483,600,241,369,117,128,14976
16482,cr1_2061p_00003.cbf,472,610,228,375,138,147,20286
16483,cr1_2061p_00004.cbf,474,611,231,378,137,147,20139
16484,cr1_2061p_00005.cbf,485,599,239,367,114,128,14592
16485,cr1_2061p_00006.cbf,485,602,240,366,117,126,14742
16486,cr1_2061p_00007.cbf,483,600,241,367,117,126,14742
16487,cr1_2061p_00008.cbf,483,603,240,370,120,130,15600
16488,cr1_2062p_00001.cbf,482,602,241,368,120,127,15240
16489,cr1_2062p_00002.cbf,483,600,240,368,117,128,14976
16490,cr1_2062p_00003.cbf,482,600,241,369,118,128,15104
16491,cr1_2062p_00004.cbf,474,611,233,379,137,146,20002
16492,cr1_2062p_00005.cbf,482,599,238,369,117,131,15327
16493,cr1_2062p_00006.cbf,484,601,241,367,117,126,14742
16494,cr1_2062p_00007.cbf,484,600,239,369,116,130,15080
16495,cr1_2062p_00008.cbf,486,602,241,368,116,127,14732
16496,cr1_2063p_00001.cbf,483,601,241,369,118,128,15104
16497,cr1_2063p_00002.cbf,472,610,234,380,138,146,20148
16498,cr1_2063p_00003.cbf,476,610,232,377,134,145,19430
16499,cr1_2063p_00004.cbf,475,610,231,378,135,147,19845
16500,cr1_2063p_00005.cbf,486,601,240,367,115,127,14605
16501,cr1_2063p_00006.cbf,473,608,233,376,135,143,19305
